stop_id,walk_node_id,snap_distance_m
8220000002,10019329001,19.798383467467705
8220000003,9595190244,14.373574872130005
8220000005,5861624347,15.907884064230265
8220000150,1396444892,4.650633298707539
8220000357,11894211183,7.972230482077547
8220000372,12649669,4.135745092550081
8220000386,32335034,11.950120170799952
8220000413,5301526062,13.548393362429119
8220000414,5300228158,17.69820061673634
8220000415,8390553347,12.699344971855922
8220000416,4906770127,5.180483596572811
8220000417,4906770127,1.638737126526538
8220000418,8747226766,1.6441042345678063
8220000419,8742528522,5.296589988173442
8220000420,8742528522,2.0662531065315046
8220000421,8747226766,2.612656377846396
8220000441,12371366430,9.598191103130459
822008203,1386756048,1.306653249749452
822008204,919757395,54.14901108511371
822008205,2942884691,2.511798270835231
822008206,462642677,28.276852268517832
822008208,9014833475,34.884101810437194
822008209,2942884692,14.524318396116962
822008210,919757395,53.54085632238934
82202B008257,4891651436,4.9811604681404305
8220B007612,6007547536,2.597545615762605
8220B008367,13246528125,5.257848523909303
8220B1000401,10959450624,6.384202245338735
8220B100111,5931535860,4.235682548172961
8220B100461,4894612773,9.433249432185878
8220B1009001,12222261839,4.061430943135646
8220B1011301,7622990087,27.308432400495384
8220B1011501,644723543,21.469970080840444
8220B1021101,12309784916,7.538166982368663
8220B1046101,1423586900,7.61794762470594
8220B106421,11033074318,2.1674658030636853
8220B10995,5597069858,6.852461766942808
8220B111761,5931570708,1.5217149824072245
8220B111771,6339965587,9.709436822984069
8220B134961,7058480436,3.7435216718159747
8220B135001,2580628825,19.14451531982166
8220B1350301,8131338735,9.254762951621693
8220B1351001,5597069859,6.646311521296192
8220B1351101,12237092370,4.24852378780902
8220B1351201,5333828667,1.313770715744758
8220B1351401,840158664,10.08379708178282
8220B1352701,6547511364,31.005110418752015
8220B1353101,8140608768,13.7723027739247
8220B1353301,5112286585,5.839593463431377
8220B1353501,6352547531,11.590662369241368
8220B1354001,26913620,5.016438865037818
8220B135411,8140608768,18.54750714822439
8220B1354201,8092238267,2.8149657994329473
8220B211521,6007820019,8.63181510829631
8220B3551501,8740343014,6.74445538012635
8220CO10995,5597069857,8.111134482442681
8220CO10996,8972265739,7.044798248319923
8220DB000002,7024612300,20.344854563770692
8220DB000003,13398439538,11.93749823093067
8220DB000005,13398439547,3.0767003298948934
8220DB000006,13398439537,2.523684621002408
8220DB000007,13398439557,5.639877395043984
8220DB000008,13398439536,2.472093703970851
8220DB000010,13398439571,5.671505984383066
8220DB000011,6223634358,6.939182598351186
8220DB000012,31054739,19.595479733081657
8220DB000014,527734953,9.233694142265199
8220DB000015,6935167523,1.5024371662565705
8220DB000016,260349420,11.56934004094742
8220DB000017,8968296101,2.7146586170582148
8220DB000018,6370510026,32.631306850727334
8220DB000019,5400286259,10.363392107566279
8220DB000021,13180599087,13.52684351313432
8220DB000022,4854442257,9.783110791069822
8220DB000023,11540397632,10.943369025314803
8220DB000024,6314126483,10.968776320780618
8220DB000025,4854442254,2.78560530295471
8220DB000027,6380978394,9.377711923779543
8220DB000028,3821453932,8.060796687311464
8220DB000029,6380813973,5.37428803170031
8220DB000030,11867095800,31.996973812685308
8220DB000031,6380813969,10.996427909283627
8220DB000032,6370132102,4.062967066199998
8220DB000033,6396094244,3.2947198485787013
8220DB000035,4854442306,5.456939580972964
8220DB000036,4854442305,9.407909696541205
8220DB000037,3821453904,5.78059725646047
8220DB000038,6380813970,6.275085597183486
8220DB000039,6380813971,6.04131401220495
8220DB000040,4854442302,8.196564210564068
8220DB000041,4854442301,6.410133347974673
8220DB000042,4854442300,8.536081272490456
8220DB000043,4854442299,3.1032796363023394
8220DB000044,6378829510,9.277452579132337
8220DB000045,6376314362,26.723836582955336
8220DB000046,6378526019,6.5077206468158675
8220DB000047,6378526007,24.267222124251084
8220DB000048,12686926132,14.814443703042281
8220DB000049,6935165756,4.181571302665736
8220DB000051,6977182252,11.934870402042064
8220DB000052,938924426,8.878231277104732
8220DB000053,4794383324,13.619001285367936
8220DB000054,3425017128,8.744543158524602
8220DB000055,3425018977,26.950018231865187
8220DB000056,5300220647,28.253185075645984
8220DB000057,6976797705,23.85332214021094
8220DB000058,5298760827,32.722335191112144
8220DB000059,938737839,14.87926733104398
8220DB000060,938737835,13.025981006111532
8220DB000063,472223541,6.997849818923851
8220DB000064,264586646,31.699990863856268
8220DB000065,13232989395,3.363740239511303
8220DB000066,2369219526,36.85323645814762
8220DB000068,2369219638,27.334741833923598
8220DB000069,14653140,14.816067453991487
8220DB000071,11867095800,22.607856422033233
8220DB000072,2369219638,37.819832900228135
8220DB000073,2369219526,35.87580118074636
8220DB000074,3780281820,23.70656001647217
8220DB000075,3780394065,6.817874983964031
8220DB000077,982644005,13.834673987517382
8220DB000078,972157942,8.722210738720573
8220DB000079,5298760827,4.680254943882873
8220DB000080,5300220647,15.218607278807085
8220DB000081,6935167508,7.694064789167285
8220DB000082,6205826744,11.964437315821343
8220DB000083,6935167515,5.268757884909285
8220DB000084,6935167517,10.670291170721253
8220DB000085,6385968521,12.418599540566065
8220DB000086,6238430246,4.838973900557906
8220DB000087,1456702055,27.872668658611364
8220DB000088,6385642345,3.0515323689955696
8220DB000090,6400793016,8.675850538274906
8220DB000091,5337558070,7.494758017259971
8220DB000092,6400793017,5.337900211900989
8220DB000093,6400793018,5.64476202671343
8220DB000094,6255764634,17.767070841017393
8220DB000102,6219781009,6.958540664091119
8220DB000104,6219861437,4.58544179981801
8220DB000105,8490509047,4.65839999856609
8220DB000107,6221895595,16.655620048786425
8220DB000110,6219781012,16.260752104905755
8220DB000112,3873038268,20.217842546436913
8220DB000113,6396943893,8.15757121387145
8220DB000114,3873038220,6.002303444847654
8220DB000115,6396943895,9.987170301545632
8220DB000116,6385642343,14.57319006600144
8220DB000117,6385642346,11.607432631611733
8220DB000118,6385642347,11.203164441261338
8220DB000119,2375590916,9.038077192993143
8220DB000126,6400793020,5.3180050297688455
8220DB000127,3883139281,5.252767083348898
8220DB000128,2374902979,14.174630236621171
8220DB000129,5591395070,2.640060023808601
8220DB000130,846308371,5.308382786528853
8220DB000131,2374902990,8.300902268240195
8220DB000132,12283746,14.174780162617333
8220DB000134,1529844226,6.670491632502592
8220DB000136,5414223027,17.6708044611509
8220DB000137,16711966,30.811663968355163
8220DB000138,2720094807,8.736975756475212
8220DB000139,5587393306,18.577755456177698
8220DB000140,12283746,6.633940284875194
8220DB000141,6370288232,4.5597904508060445
8220DB000142,6370288236,5.964834731186026
8220DB000143,6316352227,26.24017579945955
8220DB000146,6381346429,23.404068070733057
8220DB000147,6303251111,0.7363581854718704
8220DB000148,6385642310,7.702097817441776
8220DB000149,6381346431,12.878485136734962
8220DB000150,6381346430,6.680774724879048
8220DB000151,6367887406,1.3923344808540485
8220DB000153,6406287001,5.215995030579662
8220DB000154,6367887433,16.561618503344594
8220DB000155,12108766535,15.535687414852609
8220DB000156,2374907941,5.787026004071896
8220DB000157,2375574741,26.0202509721568
8220DB000158,266993418,14.746554407880193
8220DB000159,2375515798,7.455099911409021
8220DB000163,13745903835,4.223594754622221
8220DB000170,12620502629,7.950422023622216
8220DB000173,5571095350,11.103602783323815
8220DB000174,2374907954,10.349187199158576
8220DB000175,12108766536,8.055777806711642
8220DB000176,12108766535,6.537329807951938
8220DB000177,6308174894,14.276466678986843
8220DB000178,1484714011,5.387263976310024
8220DB000179,6308174893,1.815864979000252
8220DB000180,6310866898,17.542041655013325
8220DB000181,12108766534,13.716287555612594
8220DB000182,6406287000,7.641014249297509
8220DB000183,6367811304,6.6057284505215215
8220DB000184,6367887219,1.701605748605276
8220DB000185,6367811989,7.102543877897307
8220DB000186,6370511311,4.115627826154806
8220DB000187,6935167386,23.07517288852081
8220DB000188,13904119108,6.2693225667271975
8220DB000189,13904119093,10.196128607113284
8220DB000190,13904119083,0.4681022747949175
8220DB000191,13875860239,6.48513077279905
8220DB000192,510613442,12.179460584926945
8220DB000193,3065884374,4.811470284732759
8220DB000194,6385642342,10.109766444356364
8220DB000195,990277830,4.2154249850844945
8220DB000196,13112399759,4.733878258040586
8220DB000197,3002767033,11.210187303118275
8220DB000198,6976797695,8.901647983176439
8220DB000199,6976776034,16.899861474248073
8220DB000200,6935167422,3.5626666360553907
8220DB000201,13767118411,3.9632980776657574
8220DB000202,6367887247,11.567558051766063
8220DB000203,6370093441,11.085118935532607
8220DB000204,6370094085,16.248394235002245
8220DB000205,6370093958,5.710874515054826
8220DB000206,3821313555,28.030999923974502
8220DB000207,4384727719,2.0493391710191795
8220DB000208,298536593,26.173058390802158
8220DB000209,3889456436,17.823609612008543
8220DB000210,3889456443,24.399663237532373
8220DB000211,3821313554,45.227165795294
8220DB000212,6378950051,42.55263312751131
8220DB000213,6370093978,10.402479247392884
8220DB000214,2519340912,17.01631787288061
8220DB000215,6370094114,34.169696140896555
8220DB000216,2375593260,48.835697946890406
8220DB000217,1401680630,8.090400619628609
8220DB000218,4697250430,11.20272092054516
8220DB000220,3889456424,3.269329684026345
8220DB000228,3882445428,1.6922324561341686
8220DB000233,1747857468,11.63919875662607
8220DB000234,2375591051,13.291397617842438
8220DB000235,2375593268,7.919903729273542
8220DB000236,11178355780,40.75325366171406
8220DB000237,6370093967,11.2613610054325
8220DB000242,2375591087,14.812441461862543
8220DB000243,12046719240,28.28945782237596
8220DB000244,5421630326,22.667808094830754
8220DB000245,248574549,21.639030856436136
8220DB000246,7623668955,3.5148211107507588
8220DB000247,1432597562,18.881733937282696
8220DB000248,13716721054,23.538762104555712
8220DB000249,7623668956,6.155992708911269
8220DB000250,248574549,23.732281515775227
8220DB000251,5421630326,5.116209054109454
8220DB000252,941365763,9.617831759457026
8220DB000253,240432005,3.207839102331145
8220DB000254,240432000,11.737327220579473
8220DB000255,2375591087,18.829076684875062
8220DB000259,2375590900,25.32028660657745
8220DB000260,540403071,16.97199425854291
8220DB000261,6347881257,20.80611233827031
8220DB000262,6347881257,31.281565072557044
8220DB000263,6977210533,9.329704568142496
8220DB000264,6977221086,13.55165168603442
8220DB000265,5301585469,8.97387050988284
8220DB000270,5300228162,22.937856670853645
8220DB000271,4043195862,9.609619262300004
8220DB000272,5300228158,15.670525178179469
8220DB000273,7180674177,14.394903875740816
8220DB000274,5300250111,22.91594028682822
8220DB000276,3943761083,2.749932275465601
8220DB000277,5266964623,45.29264282387714
8220DB000278,5301526062,30.74997533954465
8220DB000279,5300250111,31.41947005610404
8220DB000281,13281258777,14.087307464753517
8220DB000284,14070124573,19.297844445768618
8220DB000286,3586041907,8.05733956090533
8220DB000288,6339965587,10.963502484667444
8220DB000289,6654055515,2.0828000273562126
8220DB000292,6339965588,2.7179625666678326
8220DB000297,8946736157,21.757213912909975
8220DB000298,6352547534,36.00913795911589
8220DB000299,6352547534,18.351499804192724
8220DB000300,6352547534,7.529458258177976
8220DB000301,2905686869,8.795570851538983
8220DB000302,2905686869,27.76291071047942
8220DB000303,336173798,22.989924603561857
8220DB000307,5571829014,16.864446228661627
8220DB000308,13014573785,7.475708875331118
8220DB000309,2742541319,10.912942676299581
8220DB000312,9635494412,13.4667640566973
8220DB000315,3125558042,4.462723381784628
8220DB000316,12309784916,11.552104486209677
8220DB000317,5281437647,19.940187600111937
8220DB000319,5281437648,21.12912260159253
8220DB000320,5591654764,10.945824935521705
8220DB000325,2760746591,9.61643271009521
8220DB000328,3125558036,21.633683877710023
8220DB000329,3125558036,7.178834786836187
8220DB000330,577470687,13.374263383015213
8220DB000333,6937341120,11.537225768134112
8220DB000334,6937341120,7.674180789372131
8220DB000335,6937341120,38.24288849686503
8220DB000336,13694153112,27.61296309780139
8220DB000339,9492422768,1.9421546579601758
8220DB000340,4921817197,2.818951940312744
8220DB000341,634881507,3.703989746345097
8220DB000345,1431043286,14.404088618816479
8220DB000350,13718185418,3.8421228432089114
8220DB000351,10117131448,25.145309693899534
8220DB000352,6396507873,10.571598368429397
8220DB000353,6396507874,9.121154487587402
8220DB000354,6396507875,10.443736303780696
8220DB000355,6396507876,9.863325951359192
8220DB000356,10129000435,2.65292736937022
8220DB000357,10099305992,2.324315348655866
8220DB000358,12170103510,7.553172135913087
8220DB000369,13248695307,9.112999576766295
8220DB000371,6396765991,5.0325855093198815
8220DB000372,6396628611,5.931684781685901
8220DB000373,6396628612,7.083810633668197
8220DB000374,658567,6.928263401972217
8220DB000375,8942644920,3.762705858799318
8220DB000381,97229998,4.127943402296369
8220DB000385,6396765987,6.2418089751208425
8220DB000387,6396765988,11.824423401559445
8220DB000388,6396765989,6.39476305312964
8220DB000389,658595,9.928039921489976
8220DB000390,12095134855,10.932232064071334
8220DB000391,4951609808,7.118410563321335
8220DB000392,10128992951,2.4262974464396163
8220DB000393,6396765990,10.03371876835899
8220DB000395,622397203,7.603398559283148
8220DB000396,6396507874,9.529283322920914
8220DB000397,6396765996,6.993092486067384
8220DB000398,10117131448,20.328021057894976
8220DB000399,13945093906,14.87098606044136
8220DB000400,2369862774,6.486767983940204
8220DB000403,6381077695,4.4553822686321976
8220DB000404,1589739787,1.1968895960229002
8220DB000405,5105918333,4.31621391259163
8220DB000406,5984549998,8.824473284558648
8220DB000407,6547511364,19.1898140897194
8220DB000408,6007138932,17.485282918969236
8220DB000409,6007551011,9.194916655908132
8220DB000410,6009523209,10.531938079652896
8220DB000411,6009523203,4.119602371031987
8220DB000412,646572043,13.826037937857578
8220DB000413,8658936608,6.526683975738278
8220DB000414,13270734696,13.282991717577437
8220DB000415,1472077020,22.200231076865858
8220DB000416,1623826590,10.4431892811801
8220DB000417,32335098,10.932554193147265
8220DB000418,32335106,10.45769443305391
8220DB000419,944017678,11.186312370119472
8220DB000420,646572031,6.244308952126684
8220DB000421,175107985,10.767283002697608
8220DB000422,9051819731,10.471952291114029
8220DB000423,984378574,10.381232444423496
8220DB000424,6400410023,12.602614613389688
8220DB000476,8286992027,5.430560392944065
8220DB000477,8340180031,2.881307766891388
8220DB000478,5779797618,8.915809481207866
8220DB000479,8493010870,3.49866475982372
8220DB000480,944017673,7.953139781650126
8220DB000481,945955976,8.34785020671602
8220DB000482,1697661153,9.929042205847292
8220DB000483,6400700942,8.020982136792309
8220DB000485,1393771489,5.750804258722047
8220DB000486,6400700944,11.65259272504049
8220DB000487,13189794542,23.19215663803459
8220DB000488,289889581,6.717890294552621
8220DB000489,945928457,7.513998417096648
8220DB000490,32335035,7.61354112160032
8220DB000491,6009523194,3.391763696505552
8220DB000492,11907283534,11.419423233850232
8220DB000493,130927566,17.955762542497055
8220DB000494,10959450624,8.366826278526114
8220DB000495,5931535863,1.492509159246496
8220DB000496,5333860407,10.238060487687877
8220DB000497,5430194663,4.437106752547863
8220DB000499,4969375892,9.702516594216972
8220DB000500,4969375894,8.64001781531674
8220DB000501,4969375896,10.200754832828425
8220DB000509,1705023388,7.376147857083499
8220DB000510,4969375895,6.775775309624855
8220DB000511,4969375893,5.416990966017525
8220DB000513,4377367617,44.54698604879897
8220DB000515,12008521478,9.390673940454384
8220DB000516,3362510967,14.81844183130323
8220DB000518,12383491157,8.989521343754326
8220DB000519,431402983,12.682831932897125
8220DB000521,4684511769,9.38673124070268
8220DB000522,9592768111,5.449188715635079
8220DB000523,3199963742,18.5768608738587
8220DB000525,4795929953,7.403432101049959
8220DB000526,4795929951,11.784753962802034
8220DB000527,4795929949,7.949285702192032
8220DB000528,4795929948,9.469411337431497
8220DB000529,686936710,8.4898599244844
8220DB000530,4795929945,6.964809437464468
8220DB000531,4795929943,7.372999000807848
8220DB000532,11200531683,10.284055828543773
8220DB000533,11200531682,8.80687964673561
8220DB000534,11200531681,7.943745250949977
8220DB000535,4795929938,10.441203408902236
8220DB000536,2423069812,5.2002161653485075
8220DB000537,11200531680,8.086074083676394
8220DB000538,4796542450,7.411830922488305
8220DB000539,11200531678,6.763227802054717
8220DB000540,4796542446,7.874246420698189
8220DB000541,4796542445,7.136512301518225
8220DB000542,4796542442,9.321936702206905
8220DB000591,4796542441,4.4553290417999944
8220DB000592,4796542443,5.848123678959838
8220DB000593,4893901337,5.253217041872918
8220DB000594,4796542447,2.819399042088494
8220DB000595,11200586050,3.7494243090939965
8220DB000596,4796542449,5.372434846871139
8220DB000597,4796542451,5.862404199488875
8220DB000598,7659453166,4.313706960533783
8220DB000599,4795929936,8.42109715691915
8220DB000600,4795929937,7.963180195675472
8220DB000601,1427047549,8.358462962134004
8220DB000602,11665382461,5.287457983794937
8220DB000603,3650028069,7.466227290358237
8220DB000604,2401778444,5.360203709227458
8220DB000605,11200531683,5.478753764852104
8220DB000606,4795929942,2.4841089900760673
8220DB000607,4795929944,8.702432093252717
8220DB000608,4795929946,6.44866265939266
8220DB000609,11010230313,7.1447330857733355
8220DB000610,1422244194,4.927379211327784
8220DB000611,4795929950,7.833126230234425
8220DB000612,4795929952,6.002204493033931
8220DB000613,4839291792,6.12120412052903
8220DB000614,11828426091,8.017539819557062
8220DB000616,10926019945,11.540294485679453
8220DB000617,11509997756,7.012041656533964
8220DB000618,4684511772,9.267125591663818
8220DB000619,4684511730,8.216476841214874
8220DB000620,836410547,6.969368642801311
8220DB000621,6339965608,14.988599298836426
8220DB000624,2446765104,10.229460176147311
8220DB000625,2446833009,26.504956360824423
8220DB000626,301803951,9.09002493224678
8220DB000627,3639372795,23.43159486221513
8220DB000628,301804326,31.35402094128634
8220DB000629,301804106,23.647317689961366
8220DB000630,11975298356,33.403059397135706
8220DB000633,1432780869,21.62891311239077
8220DB000634,1432780886,38.93386395674328
8220DB000635,3636871324,4.339434601731755
8220DB000636,1432780829,22.85345974348796
8220DB000637,5248383594,8.053220149844936
8220DB000638,11975298355,17.110073486375953
8220DB000639,301804106,32.166038985722295
8220DB000640,301804326,71.04899134093492
8220DB000641,301804325,28.905576028787497
8220DB000642,301803953,11.607231131129861
8220DB000643,4833154970,20.430943514588037
8220DB000644,3469266581,2.8927587187309363
8220DB000645,2446765106,9.268524751738797
8220DB000649,1427047480,9.466530689865717
8220DB000650,4839292223,17.019556969373756
8220DB000651,32434982,8.729984126422826
8220DB000653,4839291820,9.074921816693575
8220DB000654,4839291798,3.4953853015489833
8220DB000655,4839291797,7.511489530729803
8220DB000656,4839291796,4.684173738452211
8220DB000657,32434985,10.064891523045693
8220DB000658,3474027026,8.65096403919109
8220DB000659,4839291794,8.573195823892677
8220DB000662,13228210,21.324299938840777
8220DB000664,31936591,6.975312450050448
8220DB000665,163131995,6.43588152372891
8220DB000666,163131998,7.371742865772797
8220DB000667,3646189678,3.746405828388205
8220DB000668,1699431386,12.132489679850542
8220DB000669,4842760285,5.079301580738453
8220DB000670,4842760284,16.011363422072225
8220DB000671,4842760283,4.475805364545135
8220DB000672,247959055,10.575463448068614
8220DB000674,241003240,19.912532351612473
8220DB000709,686901059,11.88108359434177
8220DB000722,4839291819,14.003481864884309
8220DB000723,4839291818,6.765561409700856
8220DB000724,49393470,12.52898874662954
8220DB000725,4839291816,10.182312819665016
8220DB000726,4839291815,4.641259005123815
8220DB000727,12280638,10.629611636918627
8220DB000728,4725056853,8.741961033452842
8220DB000729,4839291814,8.702496190450688
8220DB000730,187761401,8.432427101635588
8220DB000738,4839291801,9.667202173827926
8220DB000739,12280633,5.740948812620561
8220DB000740,295515004,5.777924810901947
8220DB000741,301829039,11.240363040672031
8220DB000742,4839291800,2.531153764877075
8220DB000743,4839291799,3.969304280122015
8220DB000744,5591294307,6.852414496444291
8220DB000745,7503037502,7.035232791366048
8220DB000746,132560496,5.4731198019214125
8220DB000747,2395632233,15.401010847964343
8220DB000748,6007764235,12.611213845496923
8220DB000749,993666857,12.281969585827808
8220DB000750,6654135120,6.534036491784466
8220DB000751,13752733741,3.530883827622758
8220DB000752,13189821535,12.081503412400805
8220DB000753,13199990625,15.267523193899633
8220DB000754,8665899670,9.324959872949476
8220DB000755,5872386745,11.611663147161446
8220DB000756,13199983755,13.917436580511463
8220DB000757,14027423274,5.995893626788062
8220DB000758,14006110175,18.306129279262795
8220DB000759,5167945467,16.013090253138184
8220DB000760,6669799642,3.1115114503863337
8220DB000761,6669799640,1.0687386900301499
8220DB000762,5596800433,8.31822634396555
8220DB000763,8730922918,6.09350903385283
8220DB000769,7296437231,8.914571675095157
8220DB000770,660235874,6.108532002513855
8220DB000771,7296437197,2.274885831499647
8220DB000772,6175474869,24.99222905185408
8220DB000773,1281368073,13.44674981714471
8220DB000774,11771283070,7.397495188725422
8220DB000775,8291817812,7.306320100822916
8220DB000776,660698696,7.541008923306655
8220DB000777,8291817811,9.239725061432907
8220DB000779,5872386744,6.563083970609679
8220DB000780,5872386755,1.8573826579401216
8220DB000781,4715611040,7.257945658585702
8220DB000782,4715611035,4.156335788677047
8220DB000783,6007687196,1.2614001562342987
8220DB000784,1589678727,8.413469949133349
8220DB000785,1589674802,5.795996181937478
8220DB000786,2614998029,3.4204794279464843
8220DB000790,11886591502,0.5674261199075732
8220DB000791,10538297314,1.404365111456545
8220DB000792,3796717608,8.77520307385978
8220DB000793,5112286581,11.638434912176733
8220DB000795,11923050229,20.605910349949625
8220DB000796,938736016,11.815993497438132
8220DB000797,13112399771,12.850549281347023
8220DB000798,3003697181,10.824379983307526
8220DB000799,15413104,10.013409495990091
8220DB000800,11909730405,5.444283467284072
8220DB000801,4634896184,18.445285113957862
8220DB000802,657345,7.641634691952511
8220DB000803,16157063,37.28321431599233
8220DB000804,972197996,18.839215443096066
8220DB000807,462642731,11.25807137685267
8220DB000808,4971395669,5.332042639221974
8220DB000809,4971395670,8.201792951964883
8220DB000810,18378342,21.998318003072804
8220DB000811,5312983589,12.064251857940745
8220DB000812,11909730406,15.918973917104081
8220DB000813,657351,22.482469622821682
8220DB000814,5300220648,10.901735954166025
8220DB000817,982644013,16.753784345173983
8220DB000818,2990902704,8.719233299496427
8220DB000819,6223603968,13.759952931585229
8220DB000820,6180578476,7.1121419902075225
8220DB000821,13128636,43.937870176995624
8220DB000822,2369219511,17.56340108930044
8220DB000823,2369219550,6.115529727746213
8220DB000824,2369219658,30.51028296730436
8220DB000825,13128610,20.383412450208457
8220DB000826,14653129,5.449076733860079
8220DB000827,2369219712,10.893605231645402
8220DB000828,9033494313,32.144617381466816
8220DB000829,2369219681,23.489482400634426
8220DB000830,2369219657,7.116159905623419
8220DB000831,13128629,36.38294757890565
8220DB000832,2369219374,6.09458840749821
8220DB000833,2113613583,6.323921745122867
8220DB000834,6935167531,4.03690540529125
8220DB000835,12074302309,22.942872612981546
8220DB000836,6370511338,16.337147329881574
8220DB000837,6370511331,14.71900808199766
8220DB000838,1432306096,8.302574082991484
8220DB000839,6370511332,35.39365931028606
8220DB000840,2952286486,26.10264330035349
8220DB000841,6935167531,25.18433646089401
8220DB000842,12216131862,10.858461049768085
8220DB000843,6007746154,1.516831906210853
8220DB000844,880513871,19.375763741651205
8220DB000845,1998326377,12.255247087986078
8220DB000846,5755270853,3.9054926049318133
8220DB000847,4971395668,15.396599885011927
8220DB000848,5859744465,2.3846494643658356
8220DB000849,565578637,6.889007741835449
8220DB000850,4557245727,5.636075866129283
8220DB000851,6394058388,6.564351958817221
8220DB000852,12871547918,3.289284302700254
8220DB000853,8376389423,2.6804316051495207
8220DB000854,13705118001,1.979573831100989
8220DB000855,12871500621,10.057834904077065
8220DB000856,6394058392,5.367847621640554
8220DB000857,6394058393,9.063871261212611
8220DB000858,4854442282,10.446254785170783
8220DB000881,790132273,6.594631992132844
8220DB000882,6395926031,9.123558954855296
8220DB000883,6394058392,10.093670638130376
8220DB000884,8384777246,2.1916320337264983
8220DB000885,8384774814,8.225966174230033
8220DB000886,6395926034,6.481516027328325
8220DB000887,6395926035,5.24379353736258
8220DB00089,6385642344,14.109480717751957
8220DB000893,4211592587,5.070041637007887
8220DB000894,11599466548,14.302341881225878
8220DB000895,65078356,25.210996549312064
8220DB000896,5164166440,20.481404130766116
8220DB000897,8612387400,18.570389984032065
8220DB000903,6395926036,9.26313061157955
8220DB000904,565578635,10.441923794663289
8220DB000906,6372471679,7.7805676503343815
8220DB000907,686611632,6.500701127601747
8220DB000908,6395926038,8.240200983588597
8220DB000909,10445521230,10.249792547009815
8220DB000956,8439719018,7.311581086261253
8220DB000958,5566746372,9.638695895525908
8220DB000959,2943284988,6.709248328304266
8220DB000960,2438127990,17.369104498192048
8220DB000961,4935194545,37.660225980739874
8220DB000962,4838696785,2.4745408790039445
8220DB000963,4838696573,7.356730571448701
8220DB000964,2423072851,5.1734840115182505
8220DB000965,2423069888,7.672173805229015
8220DB000966,2481408959,17.676077960787264
8220DB000967,2423092447,14.123486853182671
8220DB000968,859099085,18.912012862748657
8220DB000969,5597750298,19.697465102076755
8220DB000972,6833804161,8.44047091557075
8220DB000979,13180691886,7.749044247126402
8220DB000980,5581566352,3.476137537408003
8220DB000981,2999417310,12.615945425887983
8220DB000983,14023600124,15.928258350556984
8220DB000984,2999417310,12.459801405962498
8220DB000985,5581566346,13.349643789891639
8220DB000987,11205964325,8.90351261627975
8220DB000988,4209736609,4.705306174164758
8220DB000993,5121047932,10.580773523886965
8220DB000997,2481430859,4.06496826808359
8220DB000998,243640502,9.087049053806979
8220DB000999,2423092447,13.919066509457103
8220DB001000,2423092438,7.8156088441065235
8220DB001001,1521661141,9.37531589501123
8220DB001002,9957736167,11.115254502285724
8220DB001003,4838752692,4.3253206786643625
8220DB001004,4838696577,7.942329841997712
8220DB001005,4838696771,5.642714900363554
8220DB001006,4935194545,10.38431296060103
8220DB001007,4935194543,14.87287528873001
8220DB001008,2943284990,1.561843731476392
8220DB001009,2943284987,7.565095048377303
8220DB001012,8439718919,6.920914977192234
8220DB001013,6091591048,18.382773550504687
8220DB001014,13965018593,12.56723506507272
8220DB001015,9101163,10.212937016382716
8220DB001016,4897326206,8.95348923198149
8220DB001017,4884427365,20.142889081974662
8220DB001018,2425181630,4.9671786793353885
8220DB001019,4897386671,14.161607691989227
8220DB001020,4897386675,5.638462904770994
8220DB001021,67378038,7.998477395395744
8220DB001022,564574276,9.359762483400015
8220DB001023,564931601,4.281411475022606
8220DB001024,8657171067,6.8951286519126445
8220DB001025,258075747,20.24329490776568
8220DB001026,2380638517,12.765154243674463
8220DB001027,666682,10.046145563109606
8220DB001028,13277616528,15.440717513425296
8220DB001062,13277616529,12.225798707600735
8220DB001063,2380638541,10.57500367301511
8220DB001064,2789918950,6.0363514661949385
8220DB001065,258075747,12.347767334217329
8220DB001066,65078356,8.506888592673644
8220DB001067,564931601,18.83287603448447
8220DB001068,559828162,21.1378687599826
8220DB001069,12554764172,3.7772548421361174
8220DB001070,4897922816,0.4609275804654615
8220DB001071,4897386666,19.526440158296012
8220DB001072,389677,10.009010106937033
8220DB001074,3589985219,20.28088350714632
8220DB001076,12108766520,3.178994343559871
8220DB001077,12108766519,6.249988985130813
8220DB001078,8638741843,39.07126160541722
8220DB001079,11906503026,49.17613688720137
8220DB001080,251007619,19.84463164329976
8220DB001081,3037415091,8.977063504603873
8220DB001082,29400047,6.693580049356889
8220DB001083,3113246802,15.252554854596399
8220DB001085,3104909326,13.270468466926447
8220DB001086,1320523609,8.332829135291902
8220DB001087,8999577447,5.628525106734775
8220DB001088,1802246086,3.739272909844405
8220DB001089,9569904087,8.76116218309867
8220DB001090,5605907504,7.1206981037843935
8220DB001091,55457231,20.574240160473334
8220DB001117,9569904088,5.0007101463268615
8220DB001118,1320523593,23.962551573189785
8220DB001119,1320523608,17.63363387858859
8220DB001120,3563871824,9.966275311803269
8220DB001121,8998333218,4.2702198593547385
8220DB001122,255315684,40.482119866410784
8220DB001123,12287015774,16.069321808621865
8220DB001124,12287015777,36.5974318992057
8220DB001159,29400050,23.83010191824788
8220DB001160,5661575138,26.99873759183855
8220DB001161,8508387645,28.268555730809826
8220DB001162,2385744255,10.79541079280288
8220DB001163,8917818338,14.016740228383437
8220DB001164,67079262,9.124336375745282
8220DB001165,2396618506,17.809125281838362
8220DB001166,251007634,33.12176874096162
8220DB001167,5541381296,5.297800935398114
8220DB001168,12051608182,4.331848370733237
8220DB001169,564540054,7.838546021176543
8220DB001170,4531988063,6.252736954756743
8220DB001171,6339965607,21.055439953946102
8220DB001172,6937110740,28.525156181777795
8220DB001173,3575151647,31.95091658055338
8220DB001174,8487468847,14.734089654412406
8220DB001175,6977183095,1.951224405396897
8220DB001176,5532294575,26.73643005372818
8220DB001177,305254534,7.712140986523507
8220DB001178,5534088239,19.832528164100857
8220DB001179,10875658028,6.277647633748591
8220DB001184,6937110758,13.155145948423153
8220DB001185,4892641406,11.028004257208664
8220DB001186,855629814,5.820938665022569
8220DB001187,6045125913,15.913020768714956
8220DB001188,5421554897,29.833510741800914
8220DB001190,5421554897,11.215432468282286
8220DB001191,855629816,9.070423348601414
8220DB001192,389427,8.917804991874894
8220DB001193,9595988769,10.887433091792921
8220DB001194,163131981,11.34437426911065
8220DB001195,4892641406,7.49270619663504
8220DB001196,4842760280,7.636212588920845
8220DB001197,4842760279,9.753805142678152
8220DB001198,4842760278,7.74953853580908
8220DB001199,4842760277,5.513856236466788
8220DB001200,2423191711,4.922620381649175
8220DB001201,4842760275,8.63585088078807
8220DB001202,4842760272,10.343647932752585
8220DB001203,12194402862,2.4150643958947224
8220DB001205,4842760269,5.5178775705782765
8220DB001218,12594997598,8.948333556083748
8220DB001219,4842759668,12.422769850319883
8220DB001220,3009443590,3.702873986609749
8220DB001221,31936601,8.535348267806764
8220DB001222,1432597359,31.396206177041847
8220DB001223,5549521946,19.617558643958308
8220DB001224,5167182746,12.172767946644035
8220DB001225,1432597570,14.16663030585649
8220DB001226,5564874669,5.2357200221586355
8220DB001227,1432597816,13.863523205829654
8220DB001228,1432597836,13.681348306334769
8220DB001229,1432597868,19.32637579071284
8220DB001231,2423092539,9.305294311022516
8220DB001232,242726695,8.507730787798037
8220DB001233,16712010,25.78156980357353
8220DB001234,122500894,28.960492284810012
8220DB001235,5564721010,19.781027022904986
8220DB001237,1432597838,16.579989495343337
8220DB001238,5564874685,8.93698341634417
8220DB001239,1432597706,18.543657207429202
8220DB001240,26389284,5.746381639204867
8220DB001241,6162111885,18.008315474359794
8220DB001242,5549521945,15.503498427472312
8220DB001243,5532291501,4.990460356614171
8220DB001244,1432597853,3.194706168680941
8220DB001245,4057378954,17.644187630262202
8220DB001246,2423092472,13.047989853422457
8220DB001247,5532291501,15.869424852886013
8220DB001248,291661690,45.55663803005757
8220DB001249,623810089,12.953591665847485
8220DB001250,13357515324,6.85299758802707
8220DB001251,13228195,22.413765447475306
8220DB001252,305405928,26.352842358276778
8220DB001253,2423092489,48.4052737312665
8220DB001254,305240561,4.929640248231803
8220DB001255,305238497,19.4398236435344
8220DB001256,305240765,5.2328215712168324
8220DB001258,4943658059,5.058529493878468
8220DB001259,2401021653,10.992357101327396
8220DB001260,291661575,17.685346682081885
8220DB001262,291661566,2.4464511635205297
8220DB001265,4943658059,4.652455496971493
8220DB001266,6218716206,6.735520294068146
8220DB001267,6218527646,1.5334515801132897
8220DB001268,6218818358,2.6627415491561184
8220DB001269,291661593,6.750423209268789
8220DB001270,4842759676,4.56304064327564
8220DB001272,4842759674,6.4670098136449194
8220DB001273,3065277145,2.1605928351888193
8220DB001274,4842759672,4.967061571856174
8220DB001275,4842759670,6.471159116347782
8220DB001276,2423191668,4.388250839264392
8220DB001277,1426962306,4.467265439442665
8220DB001278,11035486738,3.476499380360796
8220DB001279,12108766529,4.762982877985755
8220DB001280,3655219836,5.5835876745581885
8220DB001282,2363474215,4.853395903188194
8220DB001283,12108766528,17.35337897200495
8220DB001284,9661270532,11.957165768110574
8220DB001285,8391887333,7.30565453695129
8220DB001286,8391868058,6.922307345002862
8220DB001287,8391868058,19.253873766179847
8220DB001288,4849701499,22.900185171767713
8220DB001289,307542624,7.251926009151597
8220DB001290,665035425,10.503639267514812
8220DB001291,4897928223,6.606068057853968
8220DB001292,4884429469,7.290722057761001
8220DB001293,5550156511,17.59128314427362
8220DB001294,5058868977,7.853336527365195
8220DB001295,96842199,6.762019672144293
8220DB001296,19223898,7.530038506181381
8220DB001297,12103471474,22.3973886943609
8220DB001298,4207773878,8.838492853579233
8220DB001299,46561025,5.180395858282381
8220DB001300,46561184,45.67466867440628
8220DB001335,3893589354,12.39548344384032
8220DB001336,3104850193,11.077248797302754
8220DB001337,1499519379,9.502224033203726
8220DB001338,12103471474,22.62969003067862
8220DB001339,19223899,11.010628202800962
8220DB001340,9161004722,3.8555016218241907
8220DB001341,10075583761,9.134704589833287
8220DB001342,5058990362,16.658512186137862
8220DB001343,5058990361,11.21036958625576
8220DB001344,672904460,7.63697465366142
8220DB001345,706001398,13.681544138480213
8220DB001347,4364453361,6.439815983180848
8220DB001348,5114071661,13.517947883463796
8220DB001349,2421668730,7.684114189854786
8220DB001350,4899955272,15.025746671836423
8220DB001352,8391887333,23.87637132882537
8220DB001353,2998757815,14.205333308983374
8220DB001354,135109574,14.468568032581487
8220DB001355,6217157351,9.853458479708202
8220DB001357,305304042,10.018256941785639
8220DB001358,3660239674,17.806506409732098
8220DB001359,6339965654,10.309342262092265
8220DB001360,5433932412,12.70452697278062
8220DB001362,5502069550,22.85930771358303
8220DB001363,32475556,17.422125090655562
8220DB001364,2434008188,4.967285405904801
8220DB001365,307480452,9.169475482307458
8220DB001366,3133124786,12.321995546870141
8220DB001367,8398674617,6.498115212048875
8220DB001369,339016295,28.78065554296917
8220DB001370,4426530710,14.5577554672873
8220DB001371,517901341,1.9379553864069066
8220DB001372,13809213901,17.738133606445388
8220DB001373,335519527,18.319475826919934
8220DB001374,13809295637,26.050544328022323
8220DB001375,2968714401,6.555847689874758
8220DB001376,2968714400,12.307956090291789
8220DB001377,3069307512,10.42042061466557
8220DB001378,339016294,24.61841142268366
8220DB001379,2374666531,9.520334894668062
8220DB001380,8398674717,5.668256088207697
8220DB001381,2363180948,6.080742446372516
8220DB001382,13813700637,12.581865914878504
8220DB001383,307480456,13.650287012767524
8220DB001384,4375856666,6.30189477767115
8220DB001385,2477945935,11.68699920365326
8220DB001386,54850092,8.374534746879602
8220DB001387,54850102,14.098908819990791
8220DB001388,2771150082,21.820577958808585
8220DB001389,2780675029,21.06109380739026
8220DB001391,4896229804,10.702653262047976
8220DB001392,670987,4.224113054624267
8220DB001394,4904109860,15.810413894533797
8220DB001395,1410013907,16.249269141572626
8220DB001396,2370760046,18.044400680273807
8220DB001397,2370760013,23.43564254107424
8220DB001398,26414338,21.404657730704642
8220DB001399,2370760060,22.33528138927665
8220DB001400,670977,7.963641264846014
8220DB001401,1410013974,10.86340169173959
8220DB001402,4022265032,11.824934941109072
8220DB001403,4022335473,7.97457953060725
8220DB001404,54850102,6.506061375740491
8220DB001405,4903175756,5.626757344612353
8220DB001406,4376605554,4.757390365239582
8220DB001407,6654135103,10.133885401727236
8220DB001409,2389808000,9.982439727191906
8220DB001410,13854379026,5.2356349317475575
8220DB001411,4748008339,14.373405974128625
8220DB001412,321836765,5.834303730543109
8220DB001413,252319747,8.82555538145816
8220DB001414,252319676,10.89304353565912
8220DB001415,252319637,1.617255089405666
8220DB001417,2993974843,27.020297559426318
8220DB001418,2993973423,19.257711459475164
8220DB001419,361218732,41.177125295015756
8220DB001421,13921282107,20.388802898545695
8220DB001423,2101496350,11.03849322891619
8220DB001424,13719844078,9.151246255005825
8220DB001425,359962234,10.178276053470755
8220DB001426,13850814499,38.079461224738004
8220DB001427,252322925,25.09610383053062
8220DB001428,7966214224,26.659587716851163
8220DB001429,252319638,16.010733749750454
8220DB001430,13835874788,8.954377761949933
8220DB001432,252319747,18.130175685664753
8220DB001433,321836765,9.427344780036908
8220DB001434,13866721017,16.153155258935325
8220DB001435,4759080487,8.752423312778568
8220DB001436,2389808004,9.983375126482896
8220DB001438,1426048798,21.031703357336838
8220DB001439,280588732,16.147494701433434
8220DB001440,68422415,10.128477061608764
8220DB001441,4210251298,34.546053701957426
8220DB001442,4210251299,14.86507776394032
8220DB001443,549665006,18.247425380258832
8220DB001444,13912463788,17.893400479137203
8220DB001445,8879859907,47.29218977423966
8220DB001447,13031236036,6.21694470816082
8220DB001449,8396970593,26.04143951420606
8220DB001450,5566759683,10.694540149362735
8220DB001451,4510305964,15.562608775140895
8220DB001452,13954205627,8.223577489031545
8220DB001453,4210278018,15.288784934752142
8220DB001455,13818563404,2.093421955472295
8220DB001456,2993997789,25.312287645291132
8220DB001457,2373223871,6.655919794026684
8220DB001458,4210277996,9.931190104876316
8220DB001459,5543875346,13.14626271827143
8220DB001460,321836999,4.6188354204701465
8220DB001462,13854745657,33.70080173263026
8220DB001463,2993973431,36.825600337987765
8220DB001464,13356326719,19.064265971158093
8220DB001465,2993997789,5.233247202355498
8220DB001466,5296578553,19.200236499171755
8220DB001467,5296578536,13.170174189672476
8220DB001468,4426415868,1.6415912855797108
8220DB001469,13355117841,4.8390421256042595
8220DB001471,13954205628,11.278287598079507
8220DB001472,672296,11.963957284524893
8220DB001473,5286148742,15.443409056296833
8220DB001474,3649211532,10.797930013569932
8220DB001476,8397032885,9.603598368825905
8220DB001478,2369340279,4.772139303893726
8220DB001479,12108766531,4.92089480793263
8220DB001480,13912556798,5.836656688711451
8220DB001481,4969375889,3.4470653232603197
8220DB001482,4969375885,9.349932439797753
8220DB001484,6378979199,4.063726304526127
8220DB001485,247649453,6.289333901238944
8220DB001486,4969375887,4.836519347122841
8220DB001487,4969375886,7.786077703035964
8220DB001488,4969375883,8.195045349125772
8220DB001489,1701664611,10.293612209685332
8220DB001490,3645724757,8.253257867662017
8220DB001491,3646191142,18.1492768894132
8220DB001492,4969375882,4.345118980170935
8220DB001494,4969375879,9.204032979871716
8220DB001495,4969375878,5.524584963257286
8220DB001496,31094447,6.652053315057094
8220DB001499,4969375877,3.2087336834772673
8220DB001500,10289058629,1.4960940449174729
8220DB001502,11894211182,4.475684751151545
8220DB001506,6935167404,7.7075805942932725
8220DB001507,2400990842,6.376330511723665
8220DB001508,266998234,22.31114736936394
8220DB001509,12240161641,9.332876673758193
8220DB001510,18161342,2.6334064068184624
8220DB001511,249188571,3.50419769589603
8220DB001512,13197935526,7.113723160335104
8220DB001513,2932867082,9.43498242722261
8220DB001514,19080523,5.005443650814567
8220DB001515,31094441,2.546987626009906
8220DB001518,2686899145,8.418973869839341
8220DB001519,2686899224,17.459211048926832
8220DB001520,59467032,13.97803425010791
8220DB001521,12692159431,6.145515289691153
8220DB001523,2686868953,27.159216849810104
8220DB001524,2495602495,16.42553593354301
8220DB001525,18896210,26.66837773980264
8220DB001526,2686899224,4.0052104910000565
8220DB001528,2399584180,9.457301004837419
8220DB001529,5555534017,4.227683716202976
8220DB001530,5543758002,5.9432365467717165
8220DB001531,9923394813,17.05293171196833
8220DB001532,249193358,8.042286508821698
8220DB001533,18161340,18.066054879702033
8220DB001534,2479396443,7.21556424552947
8220DB001535,3652904714,3.635363195639303
8220DB001536,12180230987,2.4330257780812725
8220DB001537,6935167432,3.2875178120596606
8220DB001538,9923426828,21.114906340485266
8220DB001539,1529874126,7.578296808684738
8220DB001540,4800065576,11.978858780016822
8220DB001547,5558688409,8.07294193673581
8220DB001548,4697245419,16.414815866155624
8220DB001549,2686868943,6.007501319309052
8220DB001558,248931558,9.518007821869942
8220DB001559,2686868943,14.194233024289465
8220DB001560,295213908,6.818047785480327
8220DB001566,12108766541,6.438069974245578
8220DB001567,4802701879,5.001106047084016
8220DB001573,3738306555,8.540189719161171
8220DB001574,4794416011,9.432337023290538
8220DB001575,3730758554,8.85191760289419
8220DB001576,528733665,4.35658965813317
8220DB001577,2375495300,16.748820932944707
8220DB001578,528733583,4.204883037858293
8220DB001579,2572910147,5.512177423168965
8220DB001582,2572910154,7.864715445919252
8220DB001584,2686926374,10.088145858885992
8220DB001585,3726747532,18.260863755636777
8220DB001586,3796280182,14.475545328530513
8220DB001587,3733711014,13.041444218172158
8220DB001592,4031227594,5.261857543763451
8220DB001593,2372746752,7.045548591573884
8220DB001595,5681277328,20.75623462675727
8220DB001596,5681211998,9.504058915764451
8220DB001597,1276542238,12.909119157602593
8220DB001598,1276542205,4.643840216571343
8220DB001599,5555502401,4.720487088257462
8220DB001600,3733711018,4.262016913306359
8220DB001601,12762474283,3.875037148303268
8220DB001602,333099196,4.356337244838337
8220DB001603,3732193551,10.245194161139311
8220DB001604,12762474274,29.061869521914392
8220DB001605,3821313543,4.984930311000192
8220DB001606,5555537517,5.018944806345359
8220DB001607,11843779059,5.9822102538064
8220DB001608,249244979,5.5713435195841035
8220DB001609,8917658288,23.380402546112144
8220DB001610,12106728334,13.735761723878078
8220DB001614,5597784474,8.031210998178121
8220DB001615,3823355875,9.351405684353448
8220DB001616,2711634180,7.6003770544404405
8220DB001617,621545478,16.775008806690053
8220DB001618,10307664091,7.696009118916883
8220DB001619,12117931,8.15410316395716
8220DB001620,6378950133,13.537780088935142
8220DB001641,6396507863,7.594722686283993
8220DB001642,12140665713,9.85797569035571
8220DB001643,3821313549,4.511407765658196
8220DB001644,9953849075,7.784131548662379
8220DB001646,12219860924,30.263766979032347
8220DB001647,344558577,8.829086307971188
8220DB001648,2399638664,8.701935299648245
8220DB001649,2399617504,8.204048927851852
8220DB001650,26413603,23.202445034929415
8220DB001651,5428516518,11.826626208740999
8220DB001652,241043297,13.763070114442462
8220DB001654,2399584180,11.55514059722148
8220DB001655,5555120625,33.85572745714758
8220DB001656,2392040798,33.8043605897795
8220DB001657,2392040733,9.895198956957026
8220DB001658,2366342851,8.286239893433835
8220DB001659,2399607691,19.608140779423813
8220DB001660,878125416,10.333009450844163
8220DB001661,440849796,7.565778471563228
8220DB001662,842461761,6.4855094082519225
8220DB001664,878128030,9.0050512666634
8220DB001665,878130891,5.4233302626260365
8220DB001666,6303815,9.917124183994265
8220DB001667,11862307939,14.152594568573193
8220DB001668,4756668279,18.64838474822482
8220DB001694,4756668278,16.679571783675446
8220DB001695,286308289,7.44120612297065
8220DB001696,842428217,10.561712402559817
8220DB001697,842459612,9.707043814802581
8220DB001698,878128030,12.081112552998228
8220DB001699,842459610,11.101152288319039
8220DB001700,842461761,8.646921934807997
8220DB001701,3033304374,5.48706513150502
8220DB001702,842467535,7.829143171505868
8220DB001703,10845708502,5.139527213946435
8220DB001704,15871578,30.03913270387584
8220DB001705,15482557,34.90491012399515
8220DB001706,11886585109,9.749257967067102
8220DB001707,2399905905,28.208210213189133
8220DB001708,2392040798,44.33012703723068
8220DB001709,2468753346,45.863879797612874
8220DB001710,3130235696,18.48926621123278
8220DB001711,5565643884,12.64667094425675
8220DB001712,2399617524,4.233840006467896
8220DB001713,11940779042,2.0289804530546727
8220DB001714,1396434749,6.6559247596526525
8220DB001715,3451159904,22.906229161137023
8220DB001724,598232095,6.093956296602049
8220DB001725,11518167067,5.492711727405856
8220DB001726,661333,6.409809349168702
8220DB001727,4684511740,8.139641750176187
8220DB001728,4684511739,6.789213031440038
8220DB001729,5430005229,7.723085225403759
8220DB001730,1426960843,4.665503788169419
8220DB001731,661493,8.138122691710137
8220DB001732,13399639272,6.511223486101833
8220DB001733,13399639252,7.84840986321209
8220DB001734,13399639237,3.6732017189765176
8220DB001735,13399639222,2.3611891844986594
8220DB001736,9364137389,5.128187849951156
8220DB001737,12843052186,7.316105716502543
8220DB001738,2767796000,4.395085647513626
8220DB001740,12993250659,17.14048567656505
8220DB001741,11828211657,4.579568203504768
8220DB001742,9364137390,10.151526103991403
8220DB001743,5108045984,10.00264244892954
8220DB001744,5429865617,5.49196765664657
8220DB001745,13399639258,18.20238234208649
8220DB001746,4684511765,10.556423822079104
8220DB001747,4684511764,9.703802493250752
8220DB001748,241790122,8.791437672242
8220DB001749,241790126,9.219892384090002
8220DB001750,2416583098,7.49747218782803
8220DB001751,661499,10.423616405512835
8220DB001752,12842205200,5.98690105586799
8220DB001753,11514001168,11.526950886848754
8220DB001754,4684511760,9.046280811287572
8220DB001755,4684511745,12.889239600161412
8220DB001756,7659287656,5.495901521748904
8220DB001757,4684511743,11.141019982406219
8220DB001758,4684511759,1.6664388128087475
8220DB001759,598232095,35.222185928834726
8220DB001760,4684511755,5.416646726759638
8220DB001761,2416518721,3.914467173118926
8220DB001762,4684511753,4.431889770018577
8220DB001763,5648142005,9.176678723416932
8220DB001764,4684511750,9.08631711688815
8220DB001765,4684511748,2.7545721224048143
8220DB001766,603880729,9.52028387993039
8220DB001767,7058550279,1.3141286622756663
8220DB001769,4684511758,5.900598308135996
8220DB001770,7659287658,4.7723091159666735
8220DB001771,4684511756,10.935972530082458
8220DB001772,1912624543,9.35172351503999
8220DB001773,4684511747,7.237976163023385
8220DB001774,4684511749,4.682528728034143
8220DB001775,5648142005,9.312138444045809
8220DB001776,2416518729,9.432199526892717
8220DB001777,2416575570,5.692062492390871
8220DB001778,4684511746,11.126892161247705
8220DB001782,5564721016,20.581838488280045
8220DB001783,1432597360,7.228776932800966
8220DB001784,301810020,9.550417087850438
8220DB001785,26384664,30.990057771614712
8220DB001786,2446833006,14.464059822216973
8220DB001788,5565502710,16.02328668629731
8220DB001789,4840573079,6.7880666423649
8220DB001791,374551459,1.4842927722386547
8220DB001792,2438128051,27.535703647056735
8220DB001793,5565502710,22.941216893348685
8220DB001794,4684511742,12.741978995900963
8220DB001795,938737831,6.52645600136567
8220DB001796,2446833008,45.5720317075947
8220DB001797,5555397013,25.913405903851878
8220DB001798,3009470208,5.403508241014665
8220DB001799,6239058862,9.513367925849394
8220DB001800,12140823027,7.947578795013072
8220DB001801,1432597278,31.745839700307176
8220DB001802,938737829,6.117624206367438
8220DB001803,9034398459,8.936974436154669
8220DB001804,982644031,8.291149196295805
8220DB001805,2363501460,15.038979717806297
8220DB001806,878122191,12.777324480036754
8220DB001807,10080736701,39.719339237762945
8220DB001847,13481017105,17.18083292852927
8220DB001905,842470357,17.495736698057538
8220DB001906,2363501457,17.973972694639897
8220DB001907,11675218,5.7314246182303545
8220DB001908,4935950147,13.30112642686253
8220DB001909,5312983574,10.610210889442504
8220DB001911,3130235751,8.00132862294317
8220DB001913,18378302,9.204862630622452
8220DB001914,2399584271,11.342811479698232
8220DB001934,6258707086,21.692078458485295
8220DB001935,6214288549,12.229751929913567
8220DB001937,3660383726,22.10313736436684
8220DB001938,3125025415,12.660340008673648
8220DB001939,298693143,13.883609803695219
8220DB001940,9984256997,4.707223420729145
8220DB001941,11289729957,2.6732152358898005
8220DB001942,10713273353,13.88776560964713
8220DB001943,666344,16.430513240330168
8220DB001944,2411542097,3.605748864221919
8220DB001945,2373223731,3.836829136513784
8220DB001946,6192788833,8.981386277779773
8220DB001947,14020971695,13.516722638733642
8220DB001948,667281709,2.587576404539987
8220DB001949,5562390040,4.989211410142239
8220DB001950,5562390041,8.042597298190296
8220DB001951,13356490105,9.908604995317834
8220DB001952,252322987,8.232449183047603
8220DB001953,1396531957,4.983952800084038
8220DB001954,7380371924,5.036332664519622
8220DB001955,7307120112,22.13258705956906
8220DB001956,666317,27.828750855363317
8220DB001981,13342281128,1.7141700848951218
8220DB001982,13356441163,7.003176140849119
8220DB001984,13356474715,5.747283525515934
8220DB001985,1396027299,2.894564754115318
8220DB001986,667281707,5.5020897554616806
8220DB001987,667281708,5.482779609162437
8220DB001988,7072121649,2.6993109458539997
8220DB001989,335717620,9.956911393023516
8220DB001990,2495534202,14.896641288313214
8220DB001992,224035849,13.970015278611573
8220DB001993,224035877,5.860550078695959
8220DB001994,6199662188,10.165980904097218
8220DB001995,4043185787,13.234535831889586
8220DB001996,224035897,9.44864054157159
8220DB001997,2372266910,11.375434703382576
8220DB001998,298693143,20.34735735225155
8220DB001999,13727283432,12.594220635780658
8220DB002001,13133070531,8.687447849584194
8220DB002002,3675616797,16.7932715718578
8220DB002003,577470659,13.548780723972675
8220DB002085,2455590535,5.590288459787208
8220DB002086,9049154802,1.4282710066190507
8220DB002087,8286126137,3.7041829192830944
8220DB002088,8740343014,5.376482106524298
8220DB002089,8739357095,11.478908610927611
8220DB002094,4279696975,12.599060921643085
8220DB002095,4370317157,13.457564925274662
8220DB002096,2991613184,32.25719033801737
8220DB002097,12215999342,36.511071413843794
8220DB002099,13719844078,8.385801726591161
8220DB002101,4913827190,7.345681812970117
8220DB002102,11841561678,14.592593150297684
8220DB002103,2810980153,19.11651984914174
8220DB002105,1649461989,6.1113486759461635
8220DB002181,1649462011,7.843560645498602
8220DB002182,4596871914,11.003349485240038
8220DB002183,13418753145,26.70535002857047
8220DB002184,13420590845,5.665064005235374
8220DB002185,4586517754,0.9507349736718789
8220DB002186,364875190,27.198421210716432
8220DB002187,2373662601,5.677515215525931
8220DB002188,1430847098,14.972729104275363
8220DB002189,4895260356,17.6802222089502
8220DB002190,307480507,22.283570303726112
8220DB002191,2399559005,10.449543382278438
8220DB002192,12246611284,1.9735451359999767
8220DB002193,2956979924,7.4175913286888076
8220DB002194,2956979911,12.92055559732705
8220DB002195,2391623537,13.522583337357728
8220DB002196,5752542203,10.522664454300882
8220DB002197,6363552511,6.796403218740922
8220DB002198,6363552533,2.619895268978363
8220DB002199,6363690097,13.281284313975213
8220DB002200,6363552543,7.996847098784262
8220DB002243,6363690096,4.359346968995765
8220DB002244,6363569330,1.1467444492957197
8220DB002245,6363552491,1.942140843867857
8220DB002246,325721649,8.36396618170661
8220DB002247,12246600993,11.66166889314311
8220DB002248,4161443401,5.032358790440013
8220DB002249,901508,10.99908928335142
8220DB002250,12246611282,11.158861638912246
8220DB002251,2399558988,10.993423162966439
8220DB002255,12383526111,0.7360786361162434
8220DB002256,4773311563,12.238456735318383
8220DB002257,2381205012,13.833643838829264
8220DB002258,330940538,20.514170379668528
8220DB002259,4773311559,10.913087436487375
8220DB002260,336167533,9.627847200394083
8220DB002262,4773311566,4.445478830873809
8220DB002270,247691603,5.699547010544382
8220DB002274,7196761883,26.48082715590503
8220DB002278,267594380,24.27200870849853
8220DB002279,4773311556,6.207815670253424
8220DB002280,330940442,5.279083381414706
8220DB002281,4773311559,4.1241758216189925
8220DB002282,4773311561,2.6612108107649997
8220DB002283,4773311563,8.62441972138338
8220DB002310,9842761492,11.381427595982139
8220DB002311,12018628714,3.402352211622078
8220DB002312,12300229397,3.3805153949425413
8220DB002313,8761965980,14.219804445936278
8220DB002314,14024927032,9.681819320771822
8220DB002315,444691106,7.238348806452835
8220DB002317,2373794125,7.05666598271205
8220DB002318,1690590744,6.029939777850691
8220DB002319,2624676756,27.71617151805814
8220DB002327,364874767,7.003311177062273
8220DB002328,2624676756,17.953528176889577
8220DB002329,1577109527,4.884243242860221
8220DB002330,4379776684,9.577547461687844
8220DB002331,1577153404,8.055018056850594
8220DB002332,4895559247,6.895732552428521
8220DB002333,6875537079,2.689307401603058
8220DB002378,11666266380,8.006232001949542
8220DB002379,4415579848,9.309492961541409
8220DB002380,14024927033,2.1746968387272103
8220DB002382,8761965977,15.285261477593632
8220DB002383,389303,11.678895149067287
8220DB002385,2385329698,9.902891222016457
8220DB002386,2374841994,6.051050354885369
8220DB002387,2374842034,17.68728180119401
8220DB002388,4852849845,5.684408143021041
8220DB002389,3471191872,7.673062809534703
8220DB002390,2499322357,10.691037641327826
8220DB002391,14957903,14.039801129379027
8220DB002392,14957893,5.1421628018060055
8220DB002393,2373794579,12.91691775473598
8220DB002394,9569904304,16.675288976818614
8220DB002395,3817784654,17.55984770250714
8220DB002396,4860953020,5.236663362442461
8220DB002397,8651350448,10.371926985217213
8220DB002398,8660643711,6.026701088745949
8220DB002409,8651350548,10.531242081570708
8220DB002410,12106657878,9.958655802627117
8220DB002411,8660643731,12.160700459206275
8220DB002412,8599862104,4.967857936852583
8220DB002413,671014,10.61432446465907
8220DB002414,8629575789,5.630262854961505
8220DB002415,8629575804,67.56239962377718
8220DB002416,2370760041,5.978955108310446
8220DB002417,8702026477,6.422367742552005
8220DB002418,364874773,11.194295593965103
8220DB002419,8701385811,4.437154625019964
8220DB002431,8701396201,12.784669292982596
8220DB002432,8702065235,11.8017597400445
8220DB002433,14957928,27.85720713202323
8220DB002434,10650045627,17.213644780909412
8220DB002435,671004,25.281196134566915
8220DB002436,671011,11.75546295826049
8220DB002437,5531030927,15.574235930124024
8220DB002438,14957897,19.05319459282832
8220DB002439,10753785972,7.505471596967673
8220DB002440,12212641670,14.931680217236066
8220DB002441,14957892,8.975094452279034
8220DB002442,12989129199,4.866476201703627
8220DB002443,583373259,5.906818618215965
8220DB002444,917142850,17.425375030327544
8220DB002448,2373794036,5.491569309349901
8220DB002449,13018228279,26.732195695973004
8220DB002450,12108766507,5.714361185291757
8220DB002451,2995285102,13.734748337650773
8220DB002452,25780674,10.048790136025262
8220DB002453,8657299818,6.196642357167701
8220DB002462,5629164761,7.393642369681527
8220DB002463,25780675,7.004800280165146
8220DB002464,26414226,18.646666962205575
8220DB002465,3563501806,11.99177181520898
8220DB002466,2992556888,10.941601650639926
8220DB002467,2373794036,12.891847458673208
8220DB002471,12108766513,11.456048451761166
8220DB002472,7501820578,8.124777752183837
8220DB002473,10823843148,11.807699564221423
8220DB002474,2987644663,23.790395068005992
8220DB002475,7501820576,21.88413101018904
8220DB002476,4544314004,9.983872301512125
8220DB002477,12108766517,15.5522143300292
8220DB002478,1596426120,6.3559930711749075
8220DB002479,12108766518,12.946856618297865
8220DB002480,12108766517,1.8139554307323302
8220DB002481,12108766516,8.748611409080217
8220DB002482,12108766515,5.930395828044338
8220DB002483,3521921414,6.976143446714189
8220DB002484,12108766513,5.862578768712551
8220DB002485,4591688191,9.72553154606937
8220DB002486,12108766512,4.930042012905099
8220DB002487,12108766511,3.374152342061266
8220DB002488,12108766510,5.256684989976414
8220DB002489,12108766509,2.9068425742612636
8220DB002494,1410012407,4.618186121368718
8220DB002495,1410012791,6.3521849729488284
8220DB002496,4214979837,25.69626121252516
8220DB002497,2789264778,9.36459504040684
8220DB002498,10005308012,21.366348871463774
8220DB002499,11987608777,11.30847793783079
8220DB002500,5354273842,17.638221345352026
8220DB002501,10131224225,26.621578440827356
8220DB002502,12753003422,16.623561628389268
8220DB002507,598098344,5.864472817297987
8220DB002508,4773311565,10.570754223834493
8220DB002634,2421668749,13.435716102323394
8220DB002635,10609112845,6.204913511425321
8220DB002636,583254507,7.860438199140263
8220DB002637,2380652721,7.239385111590548
8220DB002640,7015777189,7.2163453479020525
8220DB002641,7015777204,8.534340351078903
8220DB002642,2379086834,13.379064046037211
8220DB002643,7395922708,5.609252498713369
8220DB002644,2562059368,23.840744290690324
8220DB002645,2951477089,15.195530012814498
8220DB002646,196218674,24.124083687649577
8220DB002647,196244589,19.99981525746301
8220DB002648,196244396,31.723622980056298
8220DB002649,196244560,12.47402224654931
8220DB002650,196222363,25.97114699976431
8220DB002652,1579653064,7.011113110613748
8220DB002653,2955929608,8.326625073496693
8220DB002654,1579653057,11.282124793045403
8220DB002655,1579653027,5.164301736140208
8220DB002656,1579652989,2.3942013695477296
8220DB002657,147071661,30.429755377511714
8220DB002658,196349107,8.101598137816582
8220DB002659,2775857759,4.583117291551732
8220DB002660,2775857723,17.41764651174331
8220DB002661,2613706069,3.3321797369726096
8220DB002662,3421375355,10.683135712120691
8220DB002663,3421375355,11.882092109599881
8220DB002664,13340065506,0.9203854698405028
8220DB002665,2775857723,4.123347676368743
8220DB002666,4938221140,18.46640611008967
8220DB002667,2626146504,9.659692273748785
8220DB002668,1579653006,4.761328880881536
8220DB002670,320023025,7.1486348523158885
8220DB002672,1579653008,7.358667541186926
8220DB002688,1580984969,2.3188970792412253
8220DB002689,1580984954,4.398112223710584
8220DB002696,1580984946,4.880306992735937
8220DB002697,1580984975,8.357997330767628
8220DB002700,1579653057,8.090608320064158
8220DB002701,2955929607,10.967928604145959
8220DB002702,5170614823,7.4208329695482655
8220DB002703,196244431,12.813103071237801
8220DB002704,2951477054,8.970667868392042
8220DB002706,5757421403,11.8884061771355
8220DB002708,196218700,8.887696995117894
8220DB002709,2575199807,11.138346656713292
8220DB002710,2792941255,11.439923537460288
8220DB002711,13930597952,6.132415384355905
8220DB002712,2575199787,3.3954797660637945
8220DB002713,2575199786,18.600493018612262
8220DB002714,2575199766,9.83031507797195
8220DB002715,147075612,8.590120111061239
8220DB002716,2575199798,10.480651676910869
8220DB002717,4773311562,7.481724111415546
8220DB002718,267888818,21.87285556540871
8220DB002719,4238366,8.897021709199407
8220DB002720,336167581,7.434288670249566
8220DB002721,8666222959,8.223269289536692
8220DB002722,8666222958,8.341261911368823
8220DB002726,4586517759,7.5931573368711645
8220DB002727,4596871925,3.8886555544753967
8220DB002728,1396001410,6.106071628182275
8220DB002729,6205661627,18.268776757591475
8220DB002730,8699294047,12.071530542905947
8220DB002774,6205661631,14.872006042562532
8220DB002775,15852473,14.506655685113621
8220DB002777,6205661628,10.729753234514055
8220DB002778,4596871910,1.8221472105739955
8220DB002780,1649462066,8.331255906893125
8220DB002781,7393411504,4.369796876549321
8220DB002782,1577153332,11.726626163818327
8220DB002783,1579653048,6.649827549097293
8220DB002784,7393411582,3.303652408203378
8220DB002785,7393378661,5.9899368628360925
8220DB002786,7393411499,8.46690575404491
8220DB002787,1649462061,6.780614390746959
8220DB002788,932266186,4.283389005216892
8220DB002789,1575698494,7.692756814580979
8220DB002790,563987502,7.874329112478319
8220DB002791,8390553319,6.8075137260266665
8220DB002793,1638709158,4.216573255579227
8220DB002794,1638709161,4.917506695048957
8220DB002795,9732495513,7.699142440233145
8220DB002796,13189821541,5.258575937447936
8220DB002797,13189821543,3.4166068006879082
8220DB002798,13189821564,4.686182296367218
8220DB002799,13189821547,2.3127539400482844
8220DB002800,1623826539,4.124630021971479
8220DB002801,9672768239,7.075445491471498
8220DB002806,654042888,5.282738823120685
8220DB002807,6587084386,6.624613199242583
8220DB002808,1623826524,8.092791407467756
8220DB002809,5931570713,0.45600129042604104
8220DB002810,6007141346,6.836091056859943
8220DB002811,6031092733,12.221361207235583
8220DB002812,132140315,6.850959387772284
8220DB002813,11645407288,11.613559982626986
8220DB002814,564118850,9.038347887904076
8220DB002815,665784,7.719139709871192
8220DB002816,259151611,7.729287827540331
8220DB002817,258075635,15.855588798196882
8220DB002898,13355862682,7.104335936768871
8220DB002899,2496300150,5.486225721929748
8220DB002900,564118850,10.365228577993985
8220DB002901,8392313721,0.7210407348612131
8220DB002902,8392313717,6.32797662071861
8220DB002903,29400035,12.295967712959344
8220DB002905,6007582701,4.010310033758114
8220DB002906,6988403065,11.837413007684617
8220DB002907,3371948776,3.231321736685074
8220DB002909,11826480459,13.166901400023322
8220DB002910,9420303531,18.822780751480447
8220DB002911,4825289483,5.739114781608638
8220DB002912,13923359670,5.9373206420969975
8220DB002914,6407035852,6.055079042888545
8220DB002915,11904226670,1.9385605532469998
8220DB002916,2479264910,18.396592922072532
8220DB002917,1891160329,3.0268956143797703
8220DB002918,2479264904,1.4422645726819914
8220DB002957,5619650347,9.337986322137722
8220DB002958,5619650321,18.019725899291767
8220DB002985,2479264898,11.055709390045656
8220DB002986,2479264922,12.96852718988842
8220DB002988,67079577,5.746541685969855
8220DB002989,6401461050,13.448734391502077
8220DB002990,2458574318,9.32534591813657
8220DB002999,255425584,8.164151916264833
8220DB003000,6401461051,14.030770940878428
8220DB003001,12118928252,11.326817454354227
8220DB003353,3592760636,8.060158650374802
8220DB003354,1410014087,52.86951501410504
8220DB003355,1272386831,8.193967565242
8220DB003356,4200256899,17.947442328512434
8220DB003357,4898433782,8.408672037305882
8220DB003358,4898433780,8.531748820936071
8220DB003360,11841365465,12.092102650647478
8220DB003361,11841447176,51.02390588134716
8220DB003362,1410014145,11.343352702491602
8220DB003562,259151621,10.46676489237754
8220DB003952,4309046686,12.556351736357044
8220DB004319,26914119,5.251596098914274
8220DB004320,26914120,2.000416557064647
8220DB004322,13128599,5.369054567680923
8220DB004363,3781479457,5.6198553117999674
8220DB004364,2572910109,13.121514694462599
8220DB004365,11205964333,2.682842455987933
8220DB004366,12640082,3.853413274262904
8220DB004367,12199203663,1.5924254577218575
8220DB004368,2433060453,9.46732963710489
8220DB004369,12108766548,34.80152732290217
8220DB004371,2369219489,5.151353948734379
8220DB004372,12108766539,13.898695682439053
8220DB004375,12640062,27.150224804121393
8220DB004376,16711966,28.207314034701565
8220DB004377,5414223027,23.570735600781433
8220DB004378,606377550,21.56314078213593
8220DB004380,5585368930,4.967147296331394
8220DB004382,3496419178,7.890486646049763
8220DB004383,295516524,8.131579854158828
8220DB004384,4684511771,9.311019379541332
8220DB004385,4842760273,10.080510600704349
8220DB004386,241135382,7.305829418067693
8220DB004388,5532291460,21.18747264781563
8220DB004389,855629803,6.1490618296075
8220DB004390,3824285271,8.995763828123152
8220DB004399,321836999,14.571239395987554
8220DB004400,2993997785,5.927066320558945
8220DB004406,13356441172,2.2439068697828493
8220DB004407,666370,8.589581433371386
8220DB004408,321851692,9.06303481590895
8220DB004413,8092238267,7.207765102680552
8220DB004414,181475573,9.020385917733321
8220DB004425,2372632412,4.280943595939676
8220DB004432,6370094203,13.083643182036097
8220DB004434,359097706,13.638275022201704
8220DB004455,8742231106,11.47124729716654
8220DB004456,2996413694,4.646161199741365
8220DB004458,11886585108,11.095194451696564
8220DB004466,1432780804,11.313028603379065
8220DB004468,2381205067,9.6236852664908
8220DB004469,5602544839,18.383037306798432
8220DB004472,4839292222,11.741152518805706
8220DB004473,240397470,5.2199324377426395
8220DB004474,13716593193,12.662766487055626
8220DB004479,3065884374,15.050456430505676
8220DB004481,2400869832,5.328617038549428
8220DB004485,12985378945,5.246308486420564
8220DB004494,4024303348,8.180111448686576
8220DB004495,6937341113,8.31732519469908
8220DB004498,4622083616,21.36150832008091
8220DB004499,1743071898,13.473673058379909
8220DB004500,2363483286,11.125592206540766
8220DB004501,2400869836,9.041751087730965
8220DB004502,12428292,13.36343743222907
8220DB004504,3663571151,9.33204120066685
8220DB004508,11422931822,2.4924404173018586
8220DB004509,4969375891,12.851466325762344
8220DB004513,3978871174,9.111570251438538
8220DB004514,13706032367,4.520496806010058
8220DB004515,3268163958,4.1106699771345205
8220DB004516,13706032327,3.797954807143726
8220DB004518,4969375897,3.214118404038467
8220DB004521,559288531,14.821413559006814
8220DB004522,13669879724,6.304274947885712
8220DB004523,453184195,12.270570385718646
8220DB004524,377113874,31.755445957502218
8220DB004525,5661765814,8.468938766165483
8220DB004526,377113874,26.48784450419583
8220DB004527,5885041288,5.859691017799536
8220DB004528,5582332280,4.505856178730312
8220DB004530,6007558531,5.117200715288025
8220DB004538,4365305496,10.48677985882773
8220DB004539,3781340147,10.723833803064863
8220DB004542,2932867082,14.795073518929897
8220DB004543,2375495159,16.4273412812545
8220DB004546,2686868961,4.966350831634337
8220DB004548,2932867086,13.237559713357026
8220DB004563,4943733532,1.9963892378912347
8220DB004583,3726747532,13.666437866604129
8220DB004592,2999433139,13.206759246050863
8220DB004593,8908361238,29.07583595385024
8220DB004594,3141582214,13.096984870675367
8220DB004595,4893008129,20.71125331053998
8220DB004596,4943733524,8.682465870703268
8220DB004597,240431999,9.500381963079501
8220DB004680,12187305225,7.467722888738492
8220DB004681,11384483171,3.1134751194849417
8220DB004683,6219917350,2.519926843008366
8220DB004684,6007138930,11.289980664324519
8220DB004692,291661558,6.872235485046971
8220DB004693,295516515,20.631088964660993
8220DB004694,2423092470,25.778386079697885
8220DB004695,291661704,40.44343103298919
8220DB004696,2423092488,7.404243928855175
8220DB004697,1521666256,9.497591804203537
8220DB004698,4939797789,4.949457923980359
8220DB004699,295516515,19.234494948834698
8220DB004700,291661558,8.267650604436486
8220DB004720,3125558040,7.448083166566848
8220DB004725,12020904939,5.5748693524232715
8220DB004726,6347881275,19.14640230430737
8220DB004781,12199203658,6.304659230940581
8220DB004782,11675787,21.644880425424592
8220DB004784,13457208419,4.404315130612954
8220DB004785,411062612,13.050319729353559
8220DB004788,12108766548,8.38750913333023
8220DB004790,248569413,16.52425505851004
8220DB004791,3239628163,8.5635497706692
8220DB004792,241003256,12.110835120455231
8220DB004793,2572910099,11.424556116675705
8220DB004794,12215122138,6.364536680389495
8220DB004804,12106703286,6.9687086899183575
8220DB004806,19223263,20.693589596684614
8220DB004854,4848591922,4.678877515192541
8220DB004855,5571829012,23.424130035500845
8220DB004856,5351714051,14.74020310356545
8220DB004857,68422425,18.47065552061506
8220DB004890,2682639450,3.0714890677504414
8220DB004934,4889015620,7.664513504100075
8220DB004935,2363483286,16.15779075145863
8220DB004936,1743071898,10.822360643969672
8220DB004937,2494907018,7.320261466113958
8220DB004938,2494906954,7.994624196334655
8220DB004962,2989516065,23.827905991613274
8220DB004967,548028903,6.346491297673589
8220DB004985,12471650224,18.089219375946506
8220DB005006,483714857,25.346480668906988
8220DB005007,13259926,7.231142253669831
8220DB005009,483714857,14.170759246429437
8220DB005025,4877131812,7.71196273947385
8220DB005026,12108766508,8.5533685948905
8220DB005060,2423092570,10.750604463065565
8220DB005061,2423092545,7.987418943093995
8220DB005097,4464622448,16.627011429789352
8220DB005099,8761965975,1.6960400992084306
8220DB005134,2681801744,14.239532176348767
8220DB005140,111887247,8.527807594814572
8220DB005141,3583156038,3.167906623998982
8220DB005144,2369219749,7.2858134802652
8220DB005145,11289779551,17.008601802933924
8220DB005147,6303885,13.682928434094292
8220DB005148,4200256899,7.937694277818692
8220DB005149,2864127429,67.75686858142703
8220DB005154,840182695,6.318591994803902
8220DB005155,2941539686,26.8028229106966
8220DB005157,4839291803,24.44886072313673
8220DB005160,598497337,10.693784988219551
8220DB005174,2423092545,8.11732642140588
8220DB005192,5304019906,5.320384329346853
8220DB006004,5301585479,22.61539247809942
8220DB006016,54851165,6.645037252796262
8220DB006017,6221272844,3.1000965617746
8220DB006020,2685695255,6.568888742473411
8220DB006021,3421375370,7.06778590821762
8220DB006023,1421947505,8.067255740171527
8220DB006024,5854209143,6.694665440709177
8220DB006025,696250272,6.646079126300963
8220DB006026,2775883087,21.732221394263544
8220DB006027,11610763423,4.287403900593316
8220DB006028,11610763416,2.7524848453803523
8220DB006029,6417025600,11.941430393092137
8220DB006030,10795878820,8.329611429200117
8220DB006032,6339965631,11.327289715681742
8220DB006042,54829952,18.656937584700806
8220DB006056,13244001738,10.12938417269134
8220DB006057,13244001739,8.397728471575743
8220DB006059,5300228164,14.311391344216736
8220DB006068,528733655,15.668107510331762
8220DB006070,196244421,30.658782989998148
8220DB006071,5301585479,10.781934571180576
8220DB006074,11419124973,16.96262169376544
8220DB006078,2423092570,8.04823480754423
8220DB006079,13573005692,5.366664774432562
8220DB006080,2375495320,20.51134051835187
8220DB006092,7501376213,18.40953952540194
8220DB006093,7501376213,17.7680319787557
8220DB006094,1410014011,4.162049727227039
8220DB006115,4842760270,10.60960478501433
8220DB006122,846321470,5.739922201100274
8220DB006125,12117596,11.072887212642975
8220DB006130,2401021681,18.01111515339622
8220DB006140,8770031607,9.850715672750741
8220DB006142,8770031606,16.066846715535636
8220DB006182,6400793021,3.8774717108694774
8220DB006238,6221819248,19.638391945548822
8220DB006239,6219781019,2.340925887863373
8220DB006241,3136705507,12.557728900660972
8220DB006251,386921362,17.03421506804323
8220DB006252,11987608776,10.393483580013244
8220DB006253,12201247153,0.4827117397184683
8220DB006273,12108766547,6.95435163363405
8220DB006276,2406494752,10.081470664090556
8220DB006315,4964961016,9.654878458546404
8220DB006316,4964961017,4.447317410393308
8220DB006317,5140985730,7.755253202732606
8220DB006318,5170408173,4.024086660640507
8220DB006319,598103287,34.27077195941248
8220DB006320,4964961016,12.329936716127673
8220DB006361,3135862458,2.782728953595552
8220DB006362,12117609,4.29446452967905
8220DB006363,12117610,12.54462177642716
8220DB006367,12471650226,8.792950063514724
8220DB007000,11055375688,4.506029139187088
8220DB007009,6794990987,15.876922257615535
8220DB007010,3733711008,2.0417269777824374
8220DB007012,8666222957,14.741301904173188
8220DB007027,249199840,6.4278727764339685
8220DB007028,249199845,10.841159146497953
8220DB007043,671010,14.523641476312676
8220DB007044,6833804159,7.088946683855113
8220DB007053,9049154794,10.528894164835206
8220DB007078,8396970534,8.218545185277524
8220DB007092,6219797939,13.54551673828822
8220DB007112,5121047932,21.928022306442525
8220DB007113,3883139676,5.0328891776984594
8220DB007129,1426961443,32.02799681582729
8220DB007130,9949400450,14.935654158129719
8220DB007153,2668962090,9.487428958626946
8220DB007154,364874938,1.8954375413474813
8220DB007191,3421984517,5.073098941350694
8220DB007192,6221968328,24.849722798658796
8220DB007199,187780959,5.01310347642853
8220DB007213,472489137,7.145896844828466
8220DB007216,3671430524,25.706963629230493
8220DB007220,5456971944,1.7449691933974327
8220DB007236,2940703828,4.5810913171269805
8220DB007245,597823702,15.283566902726777
8220DB007246,4964961014,3.9571308527862854
8220DB007274,11278170667,25.935817859479325
8220DB007275,11278170667,31.541219829738594
8220DB007276,5278263700,29.801130274416476
8220DB007277,9055922000,7.009892397267673
8220DB007293,46561184,50.86573779392804
8220DB007320,4969375888,8.270474531266398
8220DB007333,6089140916,2.997335590873728
8220DB007339,6424366449,7.987458006176536
8220DB007340,935524859,19.024667973481353
8220DB007358,25966432,7.87311539500343
8220DB007359,8946736159,19.335405522046305
8220DB007370,5872386765,2.109491147693366
8220DB007387,3642429837,8.226729744959018
8220DB007391,6007138918,2.8653643520056518
8220DB007392,3125558037,2.8869281348931004
8220DB007396,11836767655,4.039669972916362
8220DB007397,3671430524,8.29771584026858
8220DB007398,10138087010,19.62713337315107
8220DB007399,10131510388,17.159808969195627
8220DB007402,6937110774,4.160508783105834
8220DB007412,14041432477,14.892099118738319
8220DB007413,10649675963,9.605596549591485
8220DB007414,4210251300,6.207723077256284
8220DB007423,12108766542,6.2127438951358585
8220DB007424,12108766543,8.876733109022243
8220DB007425,12108766544,8.471657609267439
8220DB007426,12108766542,23.63823951343521
8220DB007427,9798873407,3.9269654659403823
8220DB007428,2375515910,4.4701590222969285
8220DB007435,8666222956,18.259625344326512
8220DB007438,14957880,5.184065158658294
8220DB007439,4759080469,6.643332807220844
8220DB007453,10937078672,8.063406064451435
8220DB007454,3133124785,14.929772262778137
8220DB007455,342090100,24.16653753820205
8220DB007458,12108766545,10.316800535840175
8220DB007469,241064946,16.7599220567954
8220DB007471,2372746759,9.677166072780668
8220DB007507,11826480393,10.64052118699003
8220DB007512,12731881033,5.403318268938927
8220DB007513,11920296778,5.29550948202915
8220DB007514,4773311555,11.454851877877775
8220DB007516,6164203248,6.066200752538723
8220DB007557,1165325183,13.720565603343818
8220DB007558,12862437988,45.65936271674794
8220DB007564,4790205755,5.387884142140856
8220DB007569,6937110728,14.37479967178706
8220DB007571,5401827047,8.287268163421572
8220DB007577,7191284739,6.4196880517499
8220DB007578,2558913529,5.522951980129382
8220DB007579,9661270540,8.883228359321583
8220DB007581,26911837,5.743275036664137
8220DB007582,6339965657,2.1445322827693474
8220DB007585,1430847307,10.278131582222803
8220DB007586,11984231587,2.0563696227297963
8220DB007587,10117317062,6.661556146377442
8220DB007588,13188793038,8.915163435223937
8220DB007591,6339965180,7.920259027329585
8220DB007599,658590,5.159352197720045
8220DB007601,9942846433,17.36576655990913
8220DB007602,6378829361,20.629624195463705
8220DB007603,5413200423,16.354369629987577
8220DB007607,3012552342,21.789279996831993
8220DB007611,10131224225,18.148026559701623
8220DB007622,9773888371,7.0178741070038155
8220DB007623,11033074316,1.3067837971571137
8220DB007661,2495602492,11.764283146013671
8220DB007665,4921817200,16.661040662764773
8220DB007668,1638709174,2.660245927765121
8220DB007671,131031655,11.661642587922575
8220DB007672,13246528126,5.308977193069919
8220DB007686,6792384329,4.4189984091025165
8220DB007698,13290074626,7.231192650900769
8220DB007701,12762474286,2.056715276368567
8220DB007702,249199857,6.695557343737472
8220DB007703,249199857,9.390834392438766
8220DB007727,5860698968,23.552580285640524
8220DB007729,1762973961,24.93312833539813
8220DB007731,11987289580,17.57198918919172
8220DB007732,11611585313,15.309633743388455
8220DB007733,5095987488,12.54779878244538
8220DB007738,3227846790,7.828711126738714
8220DB007739,2781321330,5.107109841019346
8220DB007740,10807208655,6.011098297803678
8220DB007741,3227846791,5.449486428260116
8220DB007827,13922936256,28.645179979941226
8220DB007828,6219760564,11.223862162060842
8220DB007830,205172484,14.892610241084068
8220DB007831,6370094119,18.545940758967774
8220DB007832,5587393303,11.68142589193828
8220DB007833,12117678181,26.973675823579487
8220DB007834,2704894707,15.970641245600426
8220DB007836,2754063856,4.144817781507464
8220DB007838,2827770673,7.424622825639496
8220DB007840,240396897,6.345669084002155
8220DB007842,7176619925,21.832596029529014
8220DB007843,6032948894,7.813075340858813
8220DB007844,9934048801,3.8940356806563496
8220DB007845,2494906939,6.069753302188084
8220DB007851,6378950008,6.016347499724235
8220DB007852,12117678135,40.407306937851715
8220DB007854,10937078671,10.099371625921513
8220DB007855,12902254204,38.17407161889433
8220DB007856,389270,14.55665372236596
8220DB007857,13912463790,8.917549259823707
8220DB007859,13188793038,7.8109983759641795
8220DB007861,132671293,5.472205750917791
8220DB007863,12215127583,7.611987445294503
8220DB007865,132578414,10.058811036798952
8220DB007867,5799785229,8.886606956513731
8220DB007868,9995857085,4.879361460053682
8220DB007869,2775959359,24.694318262448803
8220DB007870,2775959359,20.040055374063517
8220DB007871,4632114692,27.373097611649364
8220DB007872,4835708133,11.398300577769012
8220DB007873,25757776,10.079583922949027
8220DB007874,25757776,2.238477837152801
8220DB007876,10152854902,8.23502285472175
8220DB007877,2392040783,6.940597333020261
8220DB007883,9773888370,4.182155472131629
8220DB007885,11052652846,3.812748383986336
8220DB007888,6240707937,17.551910447892972
8220DB007889,6937341107,18.157180566120086
8220DB007890,10544263386,1.9437725672101014
8220DB007891,9635494412,37.6044542563336
8220DB007904,4208691049,8.096333519898339
8220DB007905,2788348255,15.30628877812758
8220DB007906,282593276,7.997428172893072
8220DB007907,9007677170,14.800812806484425
8220DB007910,1410014260,5.315298962118325
8220DB007911,4211441282,12.236347090584857
8220DB007912,4205831389,9.949108332608633
8220DB007913,3108856819,11.358780912890284
8220DB007914,2462189615,7.720874207109626
8220DB007926,2990830162,7.375396158445189
8220DB007928,12530202297,4.9487532498203395
8220DB007929,6587084340,5.4447342735439355
8220DB007930,658563,6.160213251155253
8220DB007931,3744180433,13.707070764152963
8220DB007932,3744180436,5.37840767718057
8220DB007933,9249404575,2.7554671249388827
8220DB007934,4541456491,9.298433823961712
8220DB007937,4544312883,8.466925678597692
8220DB007938,2389808002,10.747562361493024
8220DB007939,3653407132,5.569213233084671
8220DB007941,7643890570,6.754797863307259
8220DB007942,1577109527,13.816974933941578
8220DB007943,3113082618,14.384440456682565
8220DB007945,6412537144,3.7960455188450504
8220DB007946,13277616515,12.051380580480187
8220DB007947,13278730958,0.8212997472114927
8220DB007948,13361569758,2.844121455335695
8220DB007952,13277616511,6.280761553235867
8220DB007953,41169062,5.803816189897799
8220DB007954,6412537183,6.823319942537194
8220DB007957,3113042609,6.012134730822484
8220DB007958,671009,17.39538327909162
8220DB007993,938924426,20.5843594575406
8220DB007995,10253939544,2.926121851445714
8220DB007996,12338160264,12.692923049079553
8220DB007998,2421668739,12.072650187946316
8220DB007999,10283070263,4.823601128041318
8220DB008002,7573501724,24.1659926184089
8220DB008020,11212134179,23.041284921940605
8220DB008032,137885039,7.137943128926161
8220DB008033,137885039,9.348365116764153
8220DB008034,11675527,6.53382089191378
8220DB008037,19080519,0.6203349263221511
8220DB008038,11675509,4.004797315265599
8220DB008040,12897738,20.176610629607364
8220DB008041,2686958457,6.831570870400608
8220DB008042,2998841763,18.917289066974107
8220DB008044,9661270531,8.101620857851698
8220DB008138,26765459,25.401643543348776
8220DB008151,3744180441,14.546081604142554
8220DB008171,249199777,10.487653211308817
8220DB008198,6570387463,12.646218027419796
8220DB008240,2371420252,15.125696447217265
8220DB008242,6381567490,6.15602998654619
8220DB008244,2494582426,5.627765093606052
8220DB008245,12115851,6.85658465406476
8220DB008246,3821313708,11.45884076377643
8220DB008254,3072545420,12.756166069695514
8220DB008255,13740166747,20.71813818027917
8220DB008256,2374902987,8.383029405135355
8220DB008258,4891651435,11.627385711190287
8220DB008259,13735076902,11.100004185252322
8220DB008296,2366342861,3.855350570808934
8220DB008297,2399601747,18.615346745380833
8220DB008299,9044851563,8.705278764422193
8220DB008300,12639652,19.57501675955953
8220DB008301,527824819,12.95635121353875
8220DB008302,11675244,6.358913229975274
8220DB008303,12867378,7.743290183756062
8220DB008304,26765491,14.548169780455437
8220DB008305,2375590897,16.428494478099648
8220DB008306,4356756445,6.78315581663753
8220DB008307,6295689675,17.165106406208913
8220DB008308,12867378,9.71843133834115
8220DB008309,2375574694,8.65232079711143
8220DB008310,12757344373,20.35245257419486
8220DB008311,12639652,20.008923195724503
8220DB008312,11997632600,14.744547437783629
8220DB008314,2399601747,20.129025023296347
8220DB008315,11675735,7.185197354825371
8220DB008345,9351058209,8.292949726506317
8220DB008346,6340099649,10.408247375009083
8220DB008357,10786348837,5.669770150803698
8220DB008358,9595604042,10.93774469712466
8220DB008359,10130055465,8.662860782728545
8220DB008360,7196776578,43.97723890796703
8220DB008411,3575151647,50.62141057000642
8220DB008415,2369219667,6.706029271834504
8220DB008513,5931535860,4.235682548172961
8220DB008522,3197438630,7.985132765501747
8220DB008523,3197438630,3.6081566399148333
8220DB008529,31094870,4.4986100713674775
8220DB010997,4397272899,24.125191482095016
8220DB8211,1386756068,3.0584636972176673
8220GA00031,5113800660,21.741222779531213
8220GA00034,6339965176,10.55579745834222
8220GA00035,5294820363,2.4320200084067727
8220GA00058,2776291455,14.889039692548357
8220GA00059,2776291454,13.09092253489447
8220GA00062,3778437550,5.283732595941482
8220GA00070,3454640422,0.6709556389528124
8220GA00071,2874426116,2.0154180049583887
8220GA00074,2836570902,2.4975341557117066
8220GA00075,2825808692,5.463089894502828
8220GA00083,2827789339,16.049823790652116
8220GA00084,4010014230,17.037427009259417
8220GA00275,8702831024,14.22230907499836
8220GA00276,8702831024,5.667247058379804
8220GA00278,2827789319,0.8432339390412025
8220GA00279,2827789334,1.6465429807433514
8220GA00356,5368665622,24.82459366189165
8220GA00357,5368665622,12.150748706108686
8220GA00360,557212287,5.762483499509388
8220GA00361,13356474715,10.81991194254601
8220GA00363,4426389564,5.202370583467848
8220GA00364,3268154667,16.167770602006705
8220GA00366,3268156584,19.66530801770929
8220GA00367,3268156583,19.14919759297687
8220GA00369,3268156587,7.859524555683858
8220GA00370,3268156589,8.266120074320261
8220GA00372,9966420866,9.812112925083088
8220GA00373,9966420866,14.874252326547442
8220GA00375,170761405,5.677487588926529
8220GA00376,2370348795,10.69732575848031
8220GA00378,2370349041,12.076598902927959
8220GA00379,10887771378,8.127491771177217
8220GA00381,12540891592,7.704709852348122
8220GA00382,12540891592,2.321780913587656
8220GA00386,117731754,19.407596936355766
8220GA00387,8397032858,6.733812740489279
8220GA00389,10224690246,12.32050405387048
8220GA00390,2832200738,10.527108494992197
8220GA00398,2832200733,3.978483303575939
8220GA00399,2832200732,0.23435693946214287
8220GA00401,4043187375,12.956657513219172
8220GA00402,2832200726,10.82019125180786
8220GA00404,4043190920,14.046217237226212
8220GA00405,2831312884,13.539351984059884
8220GA00408,2831285448,6.084651153423001
8220GA00409,2831285446,5.590543890965083
8220GA00420,7058480435,20.05196107360242
8220GA00421,4219094895,14.870966799159987
8220GA00423,2801660630,2.0756265100089584
8220GA00424,4219093588,2.308188767118459
8220GA00427,5375760844,16.130069964393154
8220GA00428,5375760845,15.544412162359938
8220GA00430,3671689554,15.07650849553559
8220GA00431,3671689554,15.187978763080546
8220GA00433,10019398053,16.04232172369805
8220GA00434,10019398053,20.760460823664317
8220GA00436,6207439320,16.042444674581827
8220GA00437,10131510396,16.79234562050022
8220GA00440,2776327467,6.684749435536695
8220GA00441,5113800660,19.4193149318359
8220GA00443,5281437648,27.232256384951285
8220GA00444,10754809541,20.79198212748121
8220GA00452,5239019556,33.67735707504805
8220GA00455,4889016056,11.990326444375187
8220GA00456,4889016052,14.551951933682812
8220GA00459,5300294496,5.731663013914451
8220GA00460,6652047514,3.39328017572721
8220GA00467,5154415469,16.934272355110018
8220GA00468,8848278465,6.3669168021726845
8220GA00469,5300294454,2.427482982659218
8220GA00470,5301526062,29.105137632737154
8220GA00471,6977210543,13.850184587910547
8220GA00478,5154415476,11.893622851681886
8220GA00479,5239019553,25.89057745550099
8220GA00480,5300294454,8.429860341722069
8220GA00481,8848278465,11.320558730477616
8220GD007829,6248593839,6.540940715902976
8220GD007837,2026211110,27.590141770702296
8220GD007841,2481408980,6.510738436499078
8220GD8340,12423555614,10.205890172511955
8220GD8341,6792384312,8.957165690747207
8220IR0007,2801693249,3.4273091326045053
8220IR0013,3208337325,3.857296486561549
8220IR0014,8754462547,14.832531534406046
8220IR0025,9258145841,8.285988361206902
8220IR0026,9037445409,9.807715620951921
8220IR0027,11153594249,4.0044220063651546
8220IR0028,3233256571,6.016417274167286
8220IR0032,1509769871,1.5990035135766236
8220IR0034,5422743349,2.9409638473397797
8220IR0035,9252834046,1.0044611157031784
8220IR0129,8726834529,1.5679047070110734
8220IR0131,13192512775,1.1525029681606294
8220IR0132,3265302121,21.952599439179995
8220IR0133,4430058559,2.559842940056576
8220IR0134,4046919817,14.689233748099536
8220IR0135,904504714,2.5396176451593933
8220IR0137,3634969400,11.222889298419107
8220IR0139,9238369344,3.4938722029516533
8220IR0141,4696976260,2.5383019595939618
8220IR3881,3580508919,2.165006792635126
8220KISHO,4610434868,9.813020928374216
8220PB11631,11909772214,9.440981362851359
8220PB12904,6164200820,4.919247359031804
8220WBROK,13424231164,14.575742749252036
823000001,6325388949,5.14834520911329
823000002,1678196153,8.729398964302376
8230B1025101,942548203,4.653194064340022
8230B1034401,8195183366,7.996361663373696
8230B1034501,255017452,1.978098006090889
8230B105121,386566,20.500814323660123
8230B105661,5258256218,12.478915787481533
8230B1056701,2865290081,13.687762070187055
8230B1339501,280828676,16.376779625017672
8230B1343601,10890373966,1.564707830399515
8230B134461,8195183373,6.875119319226454
8230B1360501,839192655,38.3313424836766
8230B5992601,13469038414,4.512472000742471
8230CO11056,10970128994,8.624898958371146
8230CO11057,10095692424,14.196717761734226
8230CO11058,10970128994,4.350591177248045
8230CO11059,11394806268,4.698960720172779
8230DB000100,4792092490,18.89212368813953
8230DB000946,12621028267,5.878109326437025
8230DB001092,8618143205,19.076363351312587
8230DB001093,55457252,9.760073737701155
8230DB001094,8618143124,17.6506877409031
8230DB001095,8607900674,9.31038010613645
8230DB001096,5562346966,5.558969790388236
8230DB001097,8627335615,17.450666496051
8230DB001099,4792092491,11.104761600223222
8230DB001100,4792092491,4.342468417408863
8230DB001101,8622642568,15.210973776613022
8230DB001102,8633054756,15.764420343779928
8230DB001103,8482531050,6.7381561211698076
8230DB001104,8622642603,16.895804602067045
8230DB001105,1424006590,6.1355784469486645
8230DB001107,8622642588,11.613999645692447
8230DB001108,8633054780,3.864965849797266
8230DB001109,8633054755,11.215172247025398
8230DB001110,54859732,14.712260252292724
8230DB001111,5558286978,5.510387450741819
8230DB001112,55457264,9.75210390248431
8230DB001113,82668139,15.850680292300254
8230DB001114,8590261356,24.85919136577658
8230DB001115,55457241,18.76363218014367
8230DB001125,2767923390,14.078265163039468
8230DB001127,12174954945,6.342641439039671
8230DB001130,8253243718,4.929717957379579
8230DB001131,8246229904,11.792391051397278
8230DB001132,13245030147,7.953469435731127
8230DB001133,8246229912,6.090033658951438
8230DB001134,1589593468,6.857434716738771
8230DB001135,7813688942,5.90339367765238
8230DB001137,7818295325,13.427349450082326
8230DB001138,1284630485,5.859405733625245
8230DB001139,1284630542,8.391888953859931
8230DB001140,8238728351,1.3501077086313549
8230DB001141,13685735395,2.2626142014775774
8230DB001142,196025169,6.6476269992916555
8230DB001143,7857319555,25.31311460835126
8230DB001144,6058643434,4.665666841533187
8230DB001145,47116329,13.544467609988699
8230DB001146,12228323681,18.36045338036776
8230DB001149,8358912221,22.625310679835913
8230DB001150,47116329,7.069157776615084
8230DB001151,13195440603,11.301339242834313
8230DB001152,7857319539,9.903200899802753
8230DB001153,322006368,32.25733813694455
8230DB001154,7814238643,10.56362182037434
8230DB001155,27688297,10.237477967051388
8230DB001157,12170906280,7.270266928800763
8230DB001158,5661575131,32.42214349664619
8230DB001301,6309376589,6.548160116078354
8230DB001302,11552933552,17.251705994178227
8230DB001303,6309372474,3.0782902835316315
8230DB001304,6309372471,10.695675106351946
8230DB001305,7696095799,13.53530708105043
8230DB001320,10985117456,6.065639400122758
8230DB001321,12200319557,5.284374634648488
8230DB001322,12200319544,2.7011138063479523
8230DB001323,254345392,6.596314873021711
8230DB001324,49979174,4.719802155820144
8230DB001325,7773562344,4.004805215057421
8230DB001326,12200319538,13.475210028434354
8230DB001328,12200336509,7.964282496074727
8230DB001329,10985117462,2.6905027674050843
8230DB001330,30846811,4.650619814839936
8230DB001331,46561520,7.874999791564804
8230DB001332,7010035158,9.019868497896194
8230DB001333,46561327,8.992642167596397
8230DB001334,291406417,6.696687362665431
8230DB001957,445004732,15.950390761982488
8230DB001958,3325475468,11.786101229221646
8230DB001959,7792297523,6.501083567263794
8230DB001960,2785804714,27.97555624635219
8230DB001963,8944759829,15.55159573069007
8230DB001964,2981056078,7.643709649831327
8230DB001965,8946868084,8.606099724069823
8230DB001966,8946868272,6.380451400186168
8230DB001968,8961155665,5.055624892599037
8230DB001969,8961155662,5.880613113949398
8230DB001970,13448858382,9.035286371682519
8230DB001971,1269046509,5.431737336425983
8230DB001972,1269046592,7.923639688790689
8230DB001973,1269046216,10.830113749145646
8230DB001974,1269046571,12.263057253569386
8230DB001975,10579673489,7.162287195200803
8230DB001977,7252820040,19.092305988252807
8230DB001978,7252820041,25.61817659713007
8230DB001980,3325475468,31.163996497294875
8230DB002109,2657401377,17.10164660560686
8230DB002110,192304810,9.01535671421459
8230DB002111,8978171228,22.31543273405917
8230DB002112,11287380984,10.825088021610744
8230DB002114,8990538999,8.068602163611159
8230DB002115,4869924624,4.153051471198051
8230DB002116,8899467130,15.569294187337931
8230DB002117,11258345565,5.073910426728991
8230DB002118,11606543913,5.690263673589717
8230DB002119,436623032,18.57128742732418
8230DB002120,25796339,9.793501280254226
8230DB002121,4459125853,11.326736835732989
8230DB002123,25796418,10.797804784473756
8230DB002124,12158666660,3.888461270347751
8230DB002125,10980903689,20.25685410490886
8230DB002126,25796387,13.579109406731803
8230DB002127,8689231336,24.57136340246207
8230DB002128,8674508158,4.672666271636074
8230DB002129,8718709638,7.760058665071998
8230DB002130,4324887432,8.755948794388535
8230DB002133,1981127559,19.132875805231446
8230DB002134,283096645,21.19152018613135
8230DB002135,11805300896,5.557211159021124
8230DB002136,437559782,8.90127249308335
8230DB002137,8881360258,14.299265539982791
8230DB002138,437559764,11.213846271969704
8230DB002139,8870445671,5.763429991926764
8230DB002140,8866581177,6.406273404273319
8230DB002141,8866581163,2.43735435118622
8230DB002142,5602394712,4.69988870437049
8230DB002143,12013275847,7.67937110991882
8230DB002145,437559795,2.4033812036220557
8230DB002146,8857669719,2.9408151031363845
8230DB002147,437559750,20.279550350768037
8230DB002148,8856919620,16.017358659954162
8230DB002149,8866581179,15.708860154671145
8230DB002150,8873650768,22.62649877859297
8230DB002151,8875791851,17.864467039973857
8230DB002152,8931107542,12.199170405974831
8230DB002153,437559782,3.483734690237014
8230DB002154,437559788,10.30466577379163
8230DB002156,5655581818,8.517021097586012
8230DB002158,9008783349,13.362513275966679
8230DB002159,13448858359,3.7865967439979173
8230DB002160,8978171243,3.336271606223626
8230DB002161,3076811637,3.322535538966069
8230DB002162,3826839597,6.182823050389239
8230DB002163,3197072646,4.656533846128844
8230DB002164,11804831454,5.992960268234941
8230DB002165,6917202628,20.77758071111444
8230DB002166,12986730311,23.700749251716818
8230DB002167,2618449680,5.187474016707639
8230DB002168,9554742900,11.179868902454636
8230DB002169,9866457833,22.885545826116005
8230DB002170,9865855499,15.409399584970304
8230DB002172,26374643,8.170298668798278
8230DB002173,192304796,2.8648499746165816
8230DB002174,8978171195,7.99359470386468
8230DB002176,839192655,35.1458195727319
8230DB002177,2972107551,14.613669384471695
8230DB002178,313408216,20.534852622484927
8230DB002201,10297622130,20.40248287537915
8230DB002202,11104865283,4.099013172856539
8230DB002203,107636046,18.786531547388243
8230DB002204,1580985003,5.845883178965666
8230DB002205,4825289432,8.961173668334935
8230DB002206,13168267095,12.670213813398304
8230DB002207,1579653042,3.8806156549617494
8230DB002208,926537401,6.117134384799693
8230DB002210,4687321272,2.4688473044637522
8230DB002211,4687321255,8.791993961293295
8230DB002212,325762093,6.079358446181513
8230DB002213,6570259138,3.710153378151533
8230DB002214,8658407343,10.009460645634086
8230DB002215,12528283,14.095254769785637
8230DB002216,12528289,9.859862119764271
8230DB002217,8828537925,7.183045369514856
8230DB002218,10260892978,7.848974362552742
8230DB002219,8828538649,7.792532566399691
8230DB002223,3018339520,8.649431593731881
8230DB002224,12528350,3.4419652324894203
8230DB002225,11572054967,11.184671879306194
8230DB002226,13260007,8.973783732757743
8230DB002227,11572054965,11.669028302051837
8230DB002228,2699029972,8.857197876721463
8230DB002229,3018339520,6.562691142981516
8230DB002232,10280896350,11.161660717077176
8230DB002233,13100367779,19.882868393878937
8230DB002234,10295144837,12.137049733690375
8230DB002236,13100364823,2.82608245871732
8230DB002239,5612310268,1.4264751829457025
8230DB002241,271181077,0.943740028770582
8230DB002242,2627507485,4.822221860850875
8230DB002320,56556870,5.51738379995324
8230DB002321,56556885,7.656639184755968
8230DB002322,8630510052,11.361836405612763
8230DB002323,8657266262,9.525442470704077
8230DB002324,10600132214,0.6461832627650826
8230DB002325,10596875501,18.878441442960003
8230DB002326,4204788997,12.158574317732512
8230DB002334,19223883,8.796612561171903
8230DB002335,243891461,11.925784393875924
8230DB002336,10780347302,6.975453600920958
8230DB002337,10780347260,5.585231097162689
8230DB002339,10780347243,5.300593395989434
8230DB002340,5602983014,2.6841527093592954
8230DB002345,13344392873,23.286986363708206
8230DB002346,6434006876,17.211991635393662
8230DB002349,6286881001,7.458071603900962
8230DB002351,5614757659,10.812260593207407
8230DB002352,10062650415,4.6828786220631375
8230DB002353,5285265226,12.79242352888412
8230DB002355,4456006266,5.493446805501431
8230DB002357,10062653859,5.992804824461128
8230DB002358,206982862,26.164892232724547
8230DB002359,4222285,11.717871637894165
8230DB002360,4238243,7.948933273658167
8230DB002363,6431935662,5.259374367619024
8230DB002364,12092420669,18.656376838797588
8230DB002369,5614651468,2.862397328544817
8230DB002370,5614651507,4.002194233229989
8230DB002371,5587391510,4.283315709342104
8230DB002372,10780347291,10.570181470769928
8230DB002373,243891468,5.457503780539755
8230DB002374,10114600468,4.2608875213853015
8230DB002377,76007012,7.768843794378248
8230DB002399,2484031270,14.565966882563085
8230DB002400,8669987895,2.767119448124114
8230DB002401,8660626109,16.088773775692808
8230DB002406,8660643533,3.008040529163255
8230DB002408,8651350543,12.717852315845157
8230DB002420,7397866902,11.676066304212815
8230DB002421,7397866930,26.487953386500426
8230DB002423,60960486,11.214008184255723
8230DB002424,2671282542,2.7818377773090686
8230DB002425,8514897069,8.020724278233843
8230DB002426,12889257167,4.771042931332202
8230DB002427,6978528939,5.629596482526571
8230DB002428,6205661855,10.331612929538837
8230DB002429,7397866930,18.06953360378663
8230DB002430,440119124,13.762901793010736
8230DB002445,8622642621,4.410768469010043
8230DB002446,8622642661,4.404258135367365
8230DB002447,7397866960,8.326221762365847
8230DB002454,4829380177,7.711919393802163
8230DB002455,8622642638,11.175582250828988
8230DB002456,8622642632,12.259041944776977
8230DB002457,6388173759,13.267715752617518
8230DB002458,8622642618,11.737215719037444
8230DB002459,1424006678,6.730494123474644
8230DB002460,8633054606,35.080544603894
8230DB002461,8657299833,6.319399253308706
8230DB002515,8243088928,9.1553806528673
8230DB002516,8232465637,2.2718228973734127
8230DB002517,13996075125,7.912062564082431
8230DB002518,8075869169,6.610476650633936
8230DB002520,29396398,6.871897908929853
8230DB002521,5610476244,8.714091026363105
8230DB002522,662301992,12.687262899433827
8230DB002523,4238254,13.226997837656478
8230DB002524,10736082152,10.121782589486328
8230DB002531,247123984,11.096724748951127
8230DB002532,4906511253,2.3381537244422868
8230DB002533,103116442,6.8735147969484744
8230DB002534,4906511315,11.09660381311152
8230DB002535,11141972114,13.837277767040483
8230DB002536,4929293759,5.225175369408101
8230DB002538,4932687838,13.900844508939837
8230DB002539,11660236128,6.999393147055696
8230DB002540,9968545415,5.935930981495641
8230DB002542,247123668,13.322721696073875
8230DB002544,5610476244,8.619767278032603
8230DB002545,8298548861,2.4706644420672434
8230DB002547,29396408,12.522032512203664
8230DB002548,2582287223,5.08077099876448
8230DB002550,2478847251,11.049044135393737
8230DB002551,10585943546,2.904899618111744
8230DB002553,6188054956,3.2125307395517164
8230DB002554,7523796917,8.477770591997979
8230DB002555,8367810053,2.8639999376694045
8230DB002556,6188054898,8.67807115693768
8230DB002557,9604271461,3.994993394591062
8230DB002558,1108842451,5.213750165933736
8230DB002559,4873117232,7.662443304589186
8230DB002560,11787154474,3.5176636230242586
8230DB002561,11051624124,2.821460659886746
8230DB002562,2600507725,10.222755497054765
8230DB002564,312561691,6.050319116543428
8230DB002566,13282175927,5.926019798568217
8230DB002567,273230692,5.473819329644801
8230DB002568,440149169,19.931713200256244
8230DB002569,443325051,15.555112364071649
8230DB002570,9624549622,3.6505996135581635
8230DB002571,9596090722,6.98116835986446
8230DB002573,1962471690,9.559044822523493
8230DB002574,11048105728,16.584804569924913
8230DB002575,314501326,16.792888700359835
8230DB002577,2600538480,23.082401732851032
8230DB002578,4452638273,21.0302551012537
8230DB002579,206982688,4.787873974175758
8230DB002583,3859476826,9.90108109304188
8230DB002584,5612191441,5.145967782331644
8230DB002585,4222358,8.7097385029415
8230DB002586,206982688,4.615528612570734
8230DB002587,2598491525,15.237533351854522
8230DB002588,273226286,23.92532739477697
8230DB002589,314501321,15.88628801210645
8230DB002590,4485656010,10.808318725530867
8230DB002591,4452678765,2.9656298173370086
8230DB002592,9595688477,13.497279657155971
8230DB002594,9892478478,6.652525206107587
8230DB002595,6339626510,3.1921379689593787
8230DB002596,8367793590,1.5903235994715197
8230DB002597,6188054798,5.532731519679481
8230DB002599,8256265219,9.568494195293237
8230DB002600,8612706604,7.958530770684922
8230DB002601,4558271522,4.106413412835426
8230DB002602,13722848016,0.14411111548009103
8230DB002603,4926664961,3.585126021548908
8230DB002604,4906672022,3.6598191858493228
8230DB002605,4880252531,5.852095363308086
8230DB002606,4553409386,9.76782028920727
8230DB002607,981805327,12.67549919113059
8230DB002608,4069394230,2.9077504247213124
8230DB002609,4929293367,14.82891055542755
8230DB002610,5393556979,3.0953625501770263
8230DB002611,9658374826,1.5003913726439018
8230DB002613,4366426116,3.19565685527632
8230DB002614,10555236826,5.171848319940367
8230DB002615,4906509311,19.84232055338948
8230DB002616,4906672226,9.570705828657259
8230DB002617,9161145697,8.511856574228545
8230DB002618,9849093243,8.715879695320544
8230DB002619,4874640695,9.938009700592257
8230DB002620,8570226464,3.2733496635278154
8230DB002621,9577651072,15.96527952037818
8230DB002622,279572494,10.180013533361675
8230DB002623,443325578,4.038521261613655
8230DB002624,279572501,1.3482209064965838
8230DB002626,443403016,2.67080010634519
8230DB002628,4511458604,6.202347700412803
8230DB002629,6269478224,2.1159784337849925
8230DB002631,5285264480,7.638734921508507
8230DB002632,4926664969,3.7692250953662962
8230DB002633,12228422792,6.301995923726405
8230DB002669,4511436969,3.9257545476484714
8230DB002673,1579653022,7.230069711381602
8230DB002674,848789424,16.099099942551106
8230DB002675,8703317077,9.280092455739931
8230DB002676,10169468270,4.128962780458301
8230DB002678,5629249896,4.893138131565716
8230DB002679,8686036390,2.0477144948303936
8230DB002680,11610983972,11.300206455081804
8230DB002681,14301592,17.05849366898256
8230DB002682,13167808693,26.332006187433983
8230DB002685,8721636684,3.2924773374058462
8230DB002686,2791193811,15.393819122247622
8230DB002687,13173901026,0.3047068073367388
8230DB002725,15852548,15.916125279631839
8230DB002733,5624579187,21.945499351117263
8230DB002734,15852528,7.7987621724407274
8230DB002735,2671170234,10.443238308375898
8230DB002736,2092044965,12.772081229543664
8230DB002737,674511160,2.7197270338759814
8230DB002738,243885540,5.595539753562567
8230DB002739,243885544,5.391977977026192
8230DB002740,4874093717,13.773406483700095
8230DB002741,4874041278,15.742906377055972
8230DB002742,8569706947,10.498488708211926
8230DB002743,689596444,4.887871607088476
8230DB002745,6673487481,10.457873445786914
8230DB002746,6235129507,9.690466632297182
8230DB002747,6231340249,17.48492978990643
8230DB002748,6225655518,5.88230392796943
8230DB002750,6253740452,3.6706125164529397
8230DB002751,6231340247,14.733842208572177
8230DB002752,6255769337,8.032914778124201
8230DB002754,5043202577,17.347262021503507
8230DB002755,2939934336,11.64353253819149
8230DB002756,8567750159,12.570671296400414
8230DB002762,10890373914,29.07157678114422
8230DB002763,2939934383,4.7270310131242255
8230DB002764,4874093717,24.533616727081792
8230DB002765,243885542,7.950931730157332
8230DB002766,243885532,4.852828234775004
8230DB002767,2677020859,11.918080789296798
8230DB002768,13236817554,25.34313205255351
8230DB002769,15852537,5.377269309655928
8230DB002770,952295070,10.135167428046655
8230DB002771,5624579206,24.279635255939542
8230DB002772,2092044965,22.867496231378887
8230DB002773,4895384984,2.8096802942314856
8230DB002919,6299665835,1.0677710692420224
8230DB002920,5633808625,11.72650338887265
8230DB002921,1615682024,9.109111441979284
8230DB002922,7799535557,9.234507397454182
8230DB002923,7773647741,5.38932639317141
8230DB002924,46562678,3.440816473091385
8230DB002925,7802032279,3.4755638331687067
8230DB002927,43548074,13.724729101858975
8230DB002929,43547951,5.026043731400213
8230DB002930,13201579660,2.489230550864836
8230DB002933,11224940784,19.36906969320743
8230DB002934,11224940782,4.406975391710608
8230DB002935,13503825067,2.98456086356848
8230DB002936,87169835,14.884153955543779
8230DB002937,2380112284,10.074700346446976
8230DB002938,43547951,16.861045525919412
8230DB002940,7797633698,5.223977500459486
8230DB002941,46563336,11.990553889135949
8230DB002942,7802032282,2.361590416782947
8230DB002943,7799535561,7.055867769440483
8230DB002944,7799535553,17.13272783076793
8230DB002945,1284630784,12.98619789610926
8230DB002946,1284630563,5.973497489665208
8230DB002947,6304682729,2.1891209400812524
8230DB002948,5630829437,4.30239369442094
8230DB002949,30847189,15.199622687590702
8230DB002950,6296310236,7.228259534654106
8230DB002954,1252331393,1.093262023334011
8230DB002955,7797205953,2.2540407268723954
8230DB002956,7797205947,3.7318486863354376
8230DB002965,2380215489,5.322726841043806
8230DB002966,6336025637,3.596787856442713
8230DB002967,2459783905,10.029858203751724
8230DB002968,6336025652,9.652882880703208
8230DB002980,6343530952,6.141433163570037
8230DB002981,6335496575,4.816132428183266
8230DB002983,6296310212,9.209934926655363
8230DB002984,6296310221,4.820736772393382
8230DB002991,325135564,7.359427292623215
8230DB002992,325135555,5.935800923067951
8230DB003003,4238261,13.362409473092367
8230DB003006,11055268394,4.805369765152223
8230DB003007,292354827,11.022886821715446
8230DB003365,8828538655,5.28859231000414
8230DB003366,10279124078,12.55283368946146
8230DB003367,10278415537,13.121289719921949
8230DB003368,13007276342,6.239192637509211
8230DB003370,8796701676,6.072115052179305
8230DB003372,10279124070,6.7510437595220925
8230DB003373,8828538663,24.182540467811332
8230DB003374,10279124085,4.337432699530815
8230DB003376,360950898,14.166479126904525
8230DB003377,8923630712,3.1834197777334055
8230DB003378,360950971,11.10533205857408
8230DB003379,11803460993,10.382084779406979
8230DB003383,2618449682,21.77406324621989
8230DB003384,2668656783,5.125274726186492
8230DB003385,6960858973,7.837868828610742
8230DB003386,2668656777,6.387238187260806
8230DB003387,2668656741,9.888993342063715
8230DB003389,12019372949,4.178413472888357
8230DB003390,11929163557,25.659430167150926
8230DB003392,11929244566,46.195737864855786
8230DB003393,11929212578,15.95692022209433
8230DB003394,6023097903,10.804998343785721
8230DB003396,11898375060,13.78213934572883
8230DB003397,5999073104,0.9711288341345633
8230DB003398,11930352434,6.081572208761637
8230DB003399,5999072562,6.500009452871935
8230DB003400,6264463848,1.386804027808557
8230DB003401,11930352438,15.09784431038428
8230DB003402,11933762727,2.052007559632575
8230DB003403,11933906166,3.1123284297269556
8230DB003404,11910330553,14.2349609014137
8230DB003405,6024575980,16.038986500696243
8230DB003406,11929163525,18.24082589107767
8230DB003407,11929163541,8.743118675619446
8230DB003408,11929163543,23.473253628596694
8230DB003409,12014381728,10.62015787362651
8230DB003410,11929163527,5.836992991617074
8230DB003411,5648603401,6.278200483780994
8230DB003412,12531889,10.750424981029317
8230DB003413,12014435766,14.968202207668162
8230DB003414,25472280,6.3786734244386105
8230DB003415,11421060538,5.939197771236446
8230DB003416,25472285,13.10366204231549
8230DB003417,2618449680,23.61311704496646
8230DB003418,12986730309,3.2198793528230016
8230DB003419,6917202628,19.353783976436983
8230DB003420,8934282607,5.70466573336924
8230DB003421,360950971,10.151709880974714
8230DB003422,360950911,8.64198789604587
8230DB003423,11808213010,8.507739948921618
8230DB003425,12707827186,5.973718655770733
8230DB003426,9917717095,1.2326644029762475
8230DB003427,10890373966,7.046330970529505
8230DB003432,3279082504,33.64909366419033
8230DB003434,2689679496,20.648321527538616
8230DB003436,5825721835,9.512906292235678
8230DB003437,11167898828,4.2773474844479855
8230DB003438,3279082506,28.25532750511876
8230DB003439,5930309260,13.440602476540668
8230DB003440,10725359743,13.14681492609317
8230DB003441,5912701587,7.241338234880375
8230DB003443,5931734747,3.327691792213622
8230DB003444,5912701260,8.663287392238667
8230DB003445,5912701596,6.652629348131549
8230DB003446,5907199198,9.336793720593072
8230DB003447,5907123265,7.550418013442641
8230DB003448,5947995531,1.1829818475430394
8230DB003449,6012543422,3.789555170244228
8230DB003453,5825721835,10.295240145134846
8230DB003454,205490242,11.854933630248567
8230DB003455,2689679496,15.461092083509602
8230DB003456,9917717092,8.10740437247428
8230DB003457,2689679526,6.893793808659329
8230DB003461,9555196155,4.93454750552392
8230DB003465,3197072765,7.475682839307058
8230DB003886,10258189545,2.660299933110593
8230DB003887,10287837412,21.0180925027065
8230DB003888,10287837427,12.799140788850945
8230DB003890,1263757930,6.126109361221117
8230DB003891,1503206696,9.24569700254373
8230DB003892,10286267571,6.212232366551225
8230DB003893,26448038,14.736765740773647
8230DB003896,1655342401,64.03191498864946
8230DB003943,1655342401,34.579355531421946
8230DB003945,10289895856,33.75488934685973
8230DB003946,4221990,3.786813631394121
8230DB003947,26933317,2.8250662229491286
8230DB003949,10287837418,13.310625913412842
8230DB003950,10258189583,5.456556565324887
8230DB004001,9463408023,20.108906703538832
8230DB004004,2598491482,24.691198937956194
8230DB004005,2598491515,5.816895295584994
8230DB004006,4222350,4.879190248562834
8230DB004007,3421965266,3.6691689686491564
8230DB004008,273220270,15.832723730310791
8230DB004009,2618385629,10.734514522798074
8230DB004010,3145935404,13.306076024163314
8230DB004069,291658306,5.202607355839837
8230DB004070,10130658734,17.539458734087514
8230DB004071,205488432,15.847897967537511
8230DB004072,2598491586,10.0927596838214
8230DB004073,5351024126,25.479018404058245
8230DB004327,8783896830,4.496620825634097
8230DB004340,6298242343,15.756624008690364
8230DB004342,6025988604,6.355399939686703
8230DB004344,679529425,8.486682514112648
8230DB004347,103116760,6.56746412628869
8230DB004348,12128754011,2.1574845872997668
8230DB004357,1580795442,3.220036077034043
8230DB004359,10965589922,18.443000447511583
8230DB004360,10969508735,10.373848401906024
8230DB004361,10302446948,27.360597186624254
8230DB004379,313408214,5.318614947906314
8230DB004392,6388173706,1.4497143552395406
8230DB004401,10311553433,1.3836870565403494
8230DB004409,192299384,6.745226715826475
8230DB004410,436623175,10.81936580466095
8230DB004411,8721636719,6.315978992754453
8230DB004435,6309075443,15.991075173371089
8230DB004436,6425528935,10.9141563302826
8230DB004438,11172992641,2.896184346741067
8230DB004440,4511458578,7.545274030499951
8230DB004441,4511483843,9.321916501361407
8230DB004445,1108842571,4.561607047675274
8230DB004446,12228449424,1.4695565365393395
8230DB004532,9555196265,1.495650283120036
8230DB004534,1979315052,6.474798602156068
8230DB004535,3197072545,15.418481920089823
8230DB004536,3197071427,7.5647235857448205
8230DB004537,8988554565,3.454701133046766
8230DB004545,2865275217,37.73872365924155
8230DB004549,1269046143,13.925266005155027
8230DB004550,1269046406,6.545349576100131
8230DB004551,1269046564,7.161903420351015
8230DB004552,4360833173,48.24087387114809
8230DB004554,1143003403,35.08063450277379
8230DB004555,2893541145,56.16872830719922
8230DB004557,5907123253,5.173320161968024
8230DB004558,794531384,29.774403238290322
8230DB004559,794531384,10.878300572359297
8230DB004560,6635950798,2.7159662673103897
8230DB004561,440071767,7.994973266226757
8230DB004562,8766446589,10.70521303544141
8230DB004564,5916112944,18.59899918147785
8230DB004576,11999552849,31.191811319859895
8230DB004577,25808764,9.092830751372118
8230DB004578,8618099181,6.911527573870861
8230DB004599,8666222969,6.282265092022845
8230DB004601,254774790,5.890912519687036
8230DB004602,259442764,6.669866859965844
8230DB004603,8729501526,3.4437742242632017
8230DB004604,1264036724,5.113623553962503
8230DB004605,1264036615,15.140262000091903
8230DB004606,10896986881,10.588259079605974
8230DB004607,3004744884,4.219198981563415
8230DB004608,1263627465,8.461404116065038
8230DB004609,1263627489,9.239674188293575
8230DB004610,4489565133,5.612667602894396
8230DB004611,295897239,1.4026275336762772
8230DB004612,6894385014,1.616977056756295
8230DB004613,9015365452,6.005412143037916
8230DB004616,1754404577,13.643681433995742
8230DB004617,13243938795,36.97846677791605
8230DB004619,10896986881,22.173985293421097
8230DB004620,8796702994,5.184594691510689
8230DB004623,953127931,19.17256404391938
8230DB004624,1263627515,15.352958582077875
8230DB004625,1263627481,7.964642758241125
8230DB004626,4222174,7.267205253242199
8230DB004627,21484803,6.046067076286176
8230DB004628,1263627554,4.363457666839119
8230DB004629,11874521271,13.510762943485904
8230DB004630,8729501737,6.052947216443625
8230DB004631,232425630,3.6763206237964736
8230DB004632,259442764,23.261257640160906
8230DB004633,6470825523,6.297226220181305
8230DB004640,6359624061,3.2359280930083805
8230DB004641,4511370098,7.482427284496955
8230DB004642,4511415275,4.490185786880374
8230DB004643,5699053390,4.862261989534097
8230DB004644,4230236670,3.4623723881963517
8230DB004645,9498837091,6.570282918071995
8230DB004646,6565050034,21.48873552543112
8230DB004647,6431395487,28.598021331943865
8230DB004662,10594963820,22.71289819433534
8230DB004663,1269046240,6.010302401270619
8230DB004664,8951456741,9.762719134028824
8230DB004665,8978171277,8.86372287415267
8230DB004666,8984152301,0.780197273343591
8230DB004667,360955160,7.081007273965334
8230DB004668,2991133238,14.324178973888662
8230DB004669,4311466043,6.706072993089664
8230DB004670,8908473457,10.850002669802958
8230DB004671,14298615,10.159385704172408
8230DB004672,360955160,10.10671272304763
8230DB004673,8978171078,5.866297741224116
8230DB004674,12677979618,4.255790779292208
8230DB004677,8926532408,6.472477185748209
8230DB004688,8075009401,5.346422997435834
8230DB004689,8723162795,3.8819635099801464
8230DB004690,14301577,11.211229265093019
8230DB004691,5629249896,21.714549528250465
8230DB004713,3279084073,9.14114794578109
8230DB004714,3279084100,3.862969950714381
8230DB004715,107635962,13.720849089668633
8230DB004749,444612761,2.7830358633467496
8230DB004750,10712792391,3.201493861014836
8230DB004751,244065850,5.193127338579992
8230DB004754,244065839,1.6979769683089683
8230DB004755,4238264,7.206178185903656
8230DB004757,244065840,11.427426853642732
8230DB004758,12285149192,6.519668062685285
8230DB004759,13971415791,9.289881814825202
8230DB004760,444612761,7.8259225801632
8230DB004762,11802560587,15.699960769296554
8230DB004763,8857701456,11.555769316727996
8230DB004796,14301585,10.601131991119889
8230DB004797,4222219,15.426480572390153
8230DB004798,320036687,2.6046451057132707
8230DB004799,13168267084,3.6856052916080793
8230DB004861,8639056646,21.70534938912733
8230DB004862,8612706686,5.578231159032891
8230DB004863,8612706727,5.533790544949475
8230DB004864,8639056630,3.9057440134694064
8230DB004865,4804465517,13.64880455648664
8230DB004869,26932098,10.947251005941645
8230DB004870,4457341450,10.284343910380251
8230DB004871,11099847071,16.52797089989319
8230DB004872,9459303349,8.880280662105783
8230DB004873,30847320,2.324523263001244
8230DB004874,4457341425,6.9162345188380945
8230DB004877,6052992737,5.971243912036717
8230DB004878,4932695286,2.644511207896809
8230DB004880,6053015452,0.3653858451290983
8230DB004882,30847323,13.879650622176142
8230DB004883,30847320,13.522924925086663
8230DB004884,9459303347,4.806922191228097
8230DB004885,8197647710,8.624281890678558
8230DB004886,4457341450,13.50498863555275
8230DB004887,26932101,13.57989642002913
8230DB004888,10380936483,8.31882932308948
8230DB004927,9643173055,2.604711314276711
8230DB004928,11385212510,8.679400903161245
8230DB004929,3235293068,16.766601269972472
8230DB004930,6505886939,2.7113834054787307
8230DB004931,3279082480,5.811686611677315
8230DB004932,10702160573,0.908146365933345
8230DB004933,2710101081,13.560134181012387
8230DB004960,6750946903,10.389766228592084
8230DB005008,103116928,6.4905852278276495
8230DB005011,8567750101,21.1599879930241
8230DB005022,4842032621,1.7482516492783977
8230DB005023,312540246,10.514455648402416
8230DB005024,6611826496,3.9268105868906833
8230DB005056,902373,9.543396933892316
8230DB005058,7266264053,3.1953437675710625
8230DB005119,9688403896,5.065135318665496
8230DB005120,9690366889,5.091070286949585
8230DB005121,314453791,39.57361379555029
8230DB005122,3196700942,6.291070493219487
8230DB005123,314453797,3.384228818876746
8230DB005124,672982166,14.067258151765607
8230DB005125,9688420614,5.459502924798319
8230DB005126,5916112944,16.245666112286525
8230DB005129,6175814791,4.454673407712121
8230DB005130,1284630716,7.429093938289758
8230DB005131,14020210980,5.756527223074439
8230DB005132,1284630696,8.851127101601614
8230DB005133,7523796905,4.0084361004852616
8230DB005138,2677020985,11.422148658402309
8230DB005150,4913827500,2.1318338999062907
8230DB005161,312544535,13.752376579088324
8230DB005162,11051624136,3.3651964637562917
8230DB005164,14019232862,21.6453552898613
8230DB005169,2609552156,6.08622180925817
8230DB006001,10564871153,2.023426285338752
8230DB006002,3790084448,2.25100243046014
8230DB006003,314453821,8.5405457642571
8230DB006011,8990538989,2.461610989633955
8230DB006013,1981127512,5.849318993705659
8230DB006014,8899467122,3.350101518871419
8230DB006022,3790084447,2.589062428464151
8230DB006075,5285264488,13.849492704913814
8230DB006083,1412615676,7.15085234269929
8230DB006095,8522696943,18.90632048202204
8230DB006119,11929163541,25.65572909037541
8230DB006124,1003880427,3.3747279797745255
8230DB006128,293533955,15.777092490889745
8230DB006132,25808764,16.103551459912183
8230DB006133,137831976,7.333601809363534
8230DB006134,3018342874,8.5802030807818
8230DB006141,4464456553,28.17588557944083
8230DB006143,9008691898,26.787660683178316
8230DB006144,9359473647,14.00175296643756
8230DB006145,4043111525,5.63089790711275
8230DB006146,6493706763,10.581425105826414
8230DB006147,13568486209,36.817161551361174
8230DB006149,2606262567,20.600666243213247
8230DB006150,5613956155,6.602993039514467
8230DB006152,11258198080,10.00048964151188
8230DB006153,7256524688,31.78649274255028
8230DB006154,6493706763,18.71058221790876
8230DB006155,15853048,10.309783847004528
8230DB006163,8657255508,8.601582056655332
8230DB006170,4873122335,22.411215494048275
8230DB006184,6268145457,5.312886676070923
8230DB006185,4457254135,6.8118512856166005
8230DB006186,6261421777,16.66728373235126
8230DB006187,5999072548,5.600837544911955
8230DB006188,6267770002,9.897315196884835
8230DB006215,6269044023,14.2465045419293
8230DB006216,6279623834,5.001836099410391
8230DB006242,4215724568,42.09373548092442
8230DB006243,13236817838,30.301315790325166
8230DB006244,283096637,10.948695069311702
8230DB006245,283096637,9.894971732733698
8230DB006247,1981127564,10.016495045916795
8230DB006277,2399874044,2.19466056465999
8230DB006278,87170581,2.584449462823095
8230DB006279,8519040717,9.30367903543363
8230DB006280,8382265817,5.149453646774205
8230DB006282,57579514,6.992969840206256
8230DB006283,725584507,7.346392607768787
8230DB006285,8382265717,5.342991464956642
8230DB006286,8519040723,3.434166642277387
8230DB006287,8519040775,1.6808880072342516
8230DB006288,8519040870,3.4620450801083416
8230DB006289,11670590553,22.451857652136063
8230DB006290,11401483480,36.185136503823614
8230DB006298,13611480157,10.159828310522528
8230DB006324,5515730547,1.9235769143244104
8230DB006325,1827914513,20.184860822698976
8230DB006326,9440386051,10.771059716068777
8230DB006335,11073669602,6.515180620743403
8230DB006336,5515562591,9.422059356757728
8230DB006339,12285070627,1.1224692220932082
8230DB006341,8519040883,16.63732505707155
8230DB006342,8519040884,19.977513955790503
8230DB006343,11099847037,8.637942195581735
8230DB007015,32563240,7.4179204000985655
8230DB007016,26636292,11.31767765855502
8230DB007049,3018339498,18.585318290935614
8230DB007050,1702490243,8.130780304513875
8230DB007062,6226092793,13.723641778803435
8230DB007063,13452200379,3.4870144579971964
8230DB007064,13452200369,18.76503550622152
8230DB007065,7813629094,15.070784648030898
8230DB007066,7802087447,25.51709570149203
8230DB007067,11077228053,20.640087870265774
8230DB007068,49979151,4.130235942639263
8230DB007069,8505263718,2.172640608332477
8230DB007070,47116138,3.183294013058663
8230DB007117,12168865289,3.190842949535556
8230DB007118,1263865325,5.121894461178533
8230DB007119,1263865397,5.3872412589714
8230DB007120,12168865232,11.746472840470691
8230DB007121,6603857409,15.268753222311233
8230DB007122,6603857391,11.319176840595855
8230DB007123,4888948838,9.13423775266877
8230DB007127,4413878504,13.3323489623301
8230DB007128,4413878503,7.689641224887794
8230DB007137,264141663,9.748447648871611
8230DB007138,264141662,6.523524869427228
8230DB007139,3497766757,5.184431252334462
8230DB007140,8849429427,2.8559797921241903
8230DB007141,301684004,14.744913125722602
8230DB007142,3004744870,13.529233724295825
8230DB007143,11225405879,7.925576571000376
8230DB007165,10969508734,21.714728449989583
8230DB007168,9012680739,7.747663479486843
8230DB007177,4874886005,7.0296677930103435
8230DB007178,8561485059,5.46824534098223
8230DB007180,9624569536,3.121481863432123
8230DB007181,5060293914,8.49872543415415
8230DB007183,6053210798,2.145841494346675
8230DB007184,11758646867,8.091384053430303
8230DB007185,12156866704,31.35349533934765
8230DB007186,8195183373,1.2082367070032625
8230DB007187,10286267332,8.6795939307472
8230DB007193,8195183366,2.3407165775265684
8230DB007201,8875734259,9.535845331660344
8230DB007222,9624549635,12.548148651595104
8230DB007229,5222529996,6.2984116134965005
8230DB007230,5222530091,15.108257223216224
8230DB007231,4413878515,5.55790607301082
8230DB007239,2696307337,9.014288374829682
8230DB007331,4873117240,8.546370819893882
8230DB007354,4869873218,23.42173111445831
8230DB007386,7266239680,2.8331511644921097
8230DB007395,2880198681,16.329542970374973
8230DB007432,11650930695,1.6758288939946115
8230DB007440,1221182157,5.561151577970849
8230DB007441,87169798,4.199369048564229
8230DB007442,7732518806,10.300891805237054
8230DB007443,7732511176,6.431086018747711
8230DB007444,286033596,23.47730408452575
8230DB007445,47116094,8.57173370139114
8230DB007446,8215550071,13.283308348333943
8230DB007447,30847260,10.456819760754355
8230DB007448,6309376667,8.244222891322966
8230DB007449,5614527385,12.877756840932998
8230DB007459,3279082499,6.5582432933153285
8230DB007460,5368684239,14.200065797844907
8230DB007473,8686012451,2.582851425605369
8230DB007510,4222231,10.830456691357382
8230DB007550,8522352950,4.374833950314998
8230DB007563,12526421,25.82018908274552
8230DB007714,12018700434,63.00691376127342
8230DB007748,1263613845,5.8674063265772824
8230DB007749,8830550593,4.867769963122292
8230DB007750,1981127569,9.965190221862596
8230DB007751,21486648,7.142012125039016
8230DB007752,4474451121,5.674461694046127
8230DB007754,3742433088,10.92506345863444
8230DB007756,3522677335,5.370429390299886
8230DB007757,9840000538,12.555593482531458
8230DB007760,7266263973,10.656293909347086
8230DB007761,7266263971,0.5957159391943526
8230DB007762,301715086,18.9804618225143
8230DB007763,254006927,14.954672974216779
8230DB007768,1263704059,9.322159168106884
8230DB007769,1263703802,5.87995592591069
8230DB007772,1264145622,6.087725979785199
8230DB007773,1264145622,9.082299792137018
8230DB007774,10258189578,6.399502860803692
8230DB007775,10258189561,0.3764160156882868
8230DB007776,10753814462,0.3437989535124447
8230DB007780,1263613845,5.648376513627774
8230DB007781,7613037048,28.5814432918233
8230DB007782,4881329086,4.746525928117246
8230DB007783,11611649529,15.041728323198136
8230DB007784,13173432436,7.308038083289897
8230DB007791,5299903536,7.776503029871649
8230DB007792,8770451759,8.373497337576508
8230DB007793,11611649477,12.731688052536475
8230DB007796,1262242502,5.612820433322559
8230DB007797,9889750509,2.954414447725776
8230DB007800,11711863723,7.76903181542043
8230DB007801,9006889419,8.960009136520654
8230DB007803,1263613838,7.072134335024303
8230DB007806,6470825529,6.001133078050326
8230DB007807,11373338920,5.6518524164243
8230DB007808,1263703911,8.721511223603118
8230DB007809,8779291076,8.947500493351576
8230DB007810,26446671,11.142537336680329
8230DB007875,13236817946,4.1442595327932805
8230DB007878,11258329402,9.437865757560683
8230DB007879,10822352578,1.8984517151074363
8230DB007880,8978171185,13.9398837485366
8230DB007881,13160687665,4.045449505905596
8230DB007884,10678902929,2.0661287156781505
8230DB007886,11439044887,5.460538392097049
8230DB007887,2769955840,7.026035897695114
8230DB007892,2647889912,27.97034102400218
8230DB007893,10231426402,6.93829831596362
8230DB007894,9286416925,11.88149653229072
8230DB007895,5574342313,24.12109558614303
8230DB007896,11711870264,8.115465413807351
8230DB007897,1263757913,6.308439096527327
8230DB007898,12166874904,3.6427368274022283
8230DB007899,6548088661,9.11022158589386
8230DB007900,5574345485,6.131475965666886
8230DB007909,287088624,23.094179298185832
8230DB007940,9371315138,20.68583672573032
8230DB007955,11711911670,5.98351004587939
8230DB007960,8075227679,29.4727124033132
8230DB007961,6313137188,15.876348212688072
8230DB007966,1589593468,5.528272500541308
8230DB007967,11276146288,17.598798314390933
8230DB007968,30847109,10.251584474976761
8230DB007974,30847109,9.880365801457518
8230DB007976,107665420,3.1802711622642272
8230DB007979,10890373958,3.202952890134316
8230DB007986,11711863674,6.387510606578277
8230DB007987,7949060621,6.760100459450771
8230DB007988,11711863709,10.102959291599255
8230DB007989,11711863710,4.48564164841829
8230DB007990,6548218403,21.968267755790016
8230DB008016,13439750455,8.108195117320681
8230DB008017,5611664206,7.952494832882016
8230DB008018,8612706494,16.915651976946286
8230DB008019,30847379,5.440560019360287
8230DB008021,8660626115,7.9040739390428065
8230DB008022,81612802,26.622689862200083
8230DB008023,13735914788,27.320017479266923
8230DB008024,282906346,6.977029820846515
8230DB008025,244065812,4.90387239976811
8230DB008026,2562913949,6.7132210828921055
8230DB008029,10678902947,3.47332010914174
8230DB008030,11388269541,9.34822844116591
8230DB008031,11388269542,8.412026816247355
8230DB008059,10678902925,3.2033077264162615
8230DB008060,10678902939,4.0560004688189935
8230DB008061,10678902925,2.9961859411499594
8230DB008062,10678902921,0.1257803271410881
8230DB008063,11388269543,7.306958779849213
8230DB008064,3267495316,2.5910405260288036
8230DB008065,10564871164,4.779315049322442
8230DB008066,26636165,12.353773280190541
8230DB008067,2668656635,13.731810842543153
8230DB008068,440189094,19.429413470982745
8230DB008070,2103212412,19.985832961712546
8230DB008071,12200417408,1.8830691176962986
8230DB008072,4610434860,12.713057265491042
8230DB008074,11421060489,13.674619684130434
8230DB008075,2668656639,9.878989276436547
8230DB008076,26636177,9.274812329299001
8230DB008077,1420948039,14.51654524693613
8230DB008086,6264331956,8.97542706343006
8230DB008087,11656960910,4.532274500949471
8230DB008088,11899349828,6.932111768557035
8230DB008090,5998298568,21.7201480746901
8230DB008091,11867191383,0.38994740149403223
8230DB008338,11709113059,14.375526155797324
8230DB008339,11672932721,8.665132163757583
8230DB008512,7266263981,4.944506645531917
8230DB07755,1657442962,11.210337242731512
8230GA00338,12553464932,3.951496732112762
8230GA00339,3921034296,6.961865618966427
8230GA00341,12128747099,1.9865347982172596
8230GA00342,12128747095,3.6714890660340034
8230GA00344,12128754012,4.799988531428727
8230GA00345,12584527758,5.726516872278349
8230GA00347,4136419698,3.3652397987903675
8230GA00348,3265722909,8.334807607236105
8230GA00350,3268134413,10.93174694490466
8230GA00351,3268134411,11.058660603203986
8230GA00353,9656302814,18.993836568704292
8230GA00354,3268143863,18.965033511398975
8230GA00392,3267520264,2.685273507341009
8230GA00393,3267520262,2.088862096893083
8230GA00395,3267495313,4.519083690382884
8230GA00396,3267495310,5.98516372389877
8230GA00412,13346701957,16.222906291806307
8230GA00413,3260792577,16.630893517849824
8230GA00415,3267470976,7.046528404121023
8230GA00416,12716893457,7.054465979220488
8230GA00418,11167749955,5.228312229757116
8230GA00419,11167749955,14.667629207707915
8230GD10105,7732405952,4.537962174389788
8230GD10109,4511458562,13.117368979187363
8230GD10110,7005257601,5.215659140121573
8230GD10150,25780310,10.009075240970105
8230GD10151,4511458563,2.8472878582032584
8230GD10154,8082581603,0.6362877064361105
8230GD10335,3018343088,6.2909572879714695
8230GD10385,322702840,8.002850667324429
8230IR0036,9243178918,2.7474970911807968
8230IR0128,9831660655,13.784340001316052
8230LL12038,2816760905,9.758185247912287
8230LL12039,5124614631,0.7158901110919762
8230LL12040,282558195,0.662045340407338
8230LL12042,273253095,7.668182164965575
8230LL12043,3247529685,2.5907459124321095
8230LL12044,724508685,3.0380258832598157
8230LL12045,282557881,14.053814132061436
8230LL12046,247123902,13.30447845206249
8230LL12047,2507103536,11.076705831692157
8230LL12048,247123931,5.958932236986748
8230LL12049,5317226696,7.0638570526397375
8230LL12069,3925285255,1.1751329444451846
8230LL12098,29402456,4.464149444372178
8230LL12099,7682808762,6.104149702756629
8230LL12100,5065155542,3.337266621956002
8230LL12101,2379346869,5.0378339544151
8230LL12102,316519134,5.6871192509443755
8230LL12103,313910800,3.451487734882345
8230LL12104,247121852,14.982523923390527
8230PB14556,6325388949,14.731969543422531
82400000035,2424876197,12.345186852323549
8240000005,840455687,12.977189648379186
8240000014,255866167,12.207309434484937
8240000015,2372446137,6.8275634539138
8240000022,4751341474,0.2002560250657684
8240000023,1142159208,8.16171836275555
8240000025,13915035451,5.114022629703883
8240000026,11343873515,4.235740653486045
8240000027,3422741634,6.537861908020948
8240000034,26727255,16.285187139051992
8240000286,2984196414,3.69167746733215
8240000352,840176498,5.340590008385754
8240000393,13382525790,32.41076537665603
8240000546,7173877943,7.769939879801029
8240000548,6960471830,13.926502614915371
8240000549,675370549,14.168605687621886
8240000550,12353233398,25.279495264105588
8240000551,8300694851,12.601324059775585
8240000552,12725060716,2.395488415936307
8240000553,12725060716,8.06653682710082
8240000556,264793397,3.5225944040397335
8240000559,8203443764,6.825849770301642
8240000563,10735033564,8.02111089869997
8240000564,3715778307,9.808191379045883
8240000567,12703587740,10.100143847396968
8240000568,4738755112,10.199518652074632
8240000570,9767650349,20.926313272234815
8240000571,9767650349,10.776239475160505
8240000572,13387643520,4.633121260301992
8240000573,255865664,15.600207888116255
8240B100121,38463702,11.438983532901517
8240B100141,38463718,8.976721216202217
8240B100151,38463727,15.18348981854759
8240B100161,38463726,12.845684593777644
8240B100181,12575130610,6.077560626426401
8240B100191,12565196884,5.197100826324097
8240B1002101,4517917428,44.27323853123797
8240B1002201,3722740101,11.153665639307027
8240B1002301,10677160580,5.735046408003763
8240B1002401,255464267,7.804442717476694
8240B1002501,391037197,18.337318656284914
8240B1002601,2440413450,11.180517961900051
8240B1002701,5856646785,17.984052733709035
8240B1002901,10920239237,35.55590226316186
8240B1003001,4858583067,34.980099739226056
8240B1003101,38463897,3.7275427087901396
8240B100411,38563005,20.745108955338583
8240B100421,8180673979,20.478963511366768
8240B1007101,10920239236,6.3046522722693465
8240B1007201,2383216733,7.9290101196677325
8240B1007301,2440413440,9.766978119776418
8240B1007401,10674387317,12.235937043440234
8240B1007501,38463793,5.3970909486772305
8240B1007601,10677160581,16.43671413099522
8240B1007701,10677160508,5.446730946707192
8240B1007801,10745479637,7.361998591699636
8240B1009301,11778460294,25.644771766398126
8240B1010901,11778460294,7.853679749426719
8240B1011001,2570919275,19.233257014167457
8240B1011101,5300066588,12.007329757274025
8240B1011201,11303471762,26.226468585857223
8240B101281,848146520,1.3119492903355257
8240B1043201,10677110747,8.77878791292313
8240B1045601,12876013115,8.947912054488706
8240B1050501,38463887,8.344620203096593
8240B1056201,11366560951,8.161611786519828
8240B109261,2366243098,2.4402688326476034
8240B109271,2366243173,2.6794959660828366
8240B109281,2383208281,34.934196588611954
8240B109291,3390826994,3.652895179063911
8240B109301,10918072390,5.242488452057962
8240B109311,479844410,23.2951542891644
8240B109321,4380965907,15.18652775545571
8240B111911,12986769288,3.269459823549865
8240B111921,13703645274,7.270347264677246
8240B111931,13995553298,6.747238037459154
8240B111941,8169339555,5.51510400312763
8240B112001,7644855272,8.535606413832493
8240B112021,6960471830,17.7734646052713
8240B112111,7184386817,12.134259070735405
8240B1308801,6960471832,6.9912595771995925
8240B1309001,1863698618,8.297516638940373
8240B133101,4491177762,8.643375578920578
8240B1332001,10916674141,23.847326049512084
8240B1333201,9859359267,3.490313623762311
8240B1342501,5913913,20.816503675520565
8240B1343201,11366560951,11.073536075313918
8240B1344501,5341216518,13.00778487257324
8240B1347401,2384143615,20.080025954863135
8240B1347601,2366243003,10.77895954656378
8240B1347701,2366243047,8.880102704460066
8240B1348101,3280527371,5.609223566961616
8240B1348501,560619011,26.15318443926018
8240B1348601,10918105220,2.5564093867824775
8240B1348602,10918105221,3.123411549988912
8240B136121,687635964,13.883514577596769
8240B136971,10916674141,3.1015958733598787
8240B1371301,10942032270,8.793079937020627
8240DB000124,1529891677,4.885299893267785
8240DB000219,1401702239,10.729767343231261
8240DB000221,2774838598,2.305169048900058
8240DB000222,6396507859,9.774099652470591
8240DB000223,6396843154,4.593468284847614
8240DB000224,3882444714,4.026321101671486
8240DB000225,6396843156,4.710136722454643
8240DB000226,3882445055,1.8830847219411682
8240DB000227,6396507858,4.818210767663663
8240DB000229,6396507857,4.777686267050061
8240DB000230,6396507859,8.428968251905879
8240DB000231,6396507861,5.3842928676527615
8240DB000232,298910610,5.449058904677579
8240DB000323,6400793024,9.019880272864253
8240DB000324,6396943887,3.6094517518616636
8240DB000327,6396943889,6.174544434079833
8240DB000332,6400793025,3.2375771929954307
8240DB000543,4796542440,7.536151432241981
8240DB000544,4796542439,7.404981284016156
8240DB000545,5685892814,5.163318422366562
8240DB000546,4799552038,5.54552353572376
8240DB000547,7655877872,4.761000143673704
8240DB000548,4799552034,10.876622724599681
8240DB000549,4799552033,7.77503305053845
8240DB000550,4799552031,4.8856210298027
8240DB000551,681768153,7.634072577154185
8240DB000552,6670680031,12.942355965928085
8240DB000553,6725247644,7.170086403542427
8240DB000554,6725247646,6.1274181856237435
8240DB000555,4770391121,7.718653076977094
8240DB000557,9252728856,5.805065560407202
8240DB000558,6660312783,2.8621751442413297
8240DB000559,6680343433,4.366464858439595
8240DB000560,4770391123,6.665268040145323
8240DB000562,4770391124,5.011803411534257
8240DB000563,4770391125,4.297419583712994
8240DB000564,4770391126,5.352929651874984
8240DB000565,6725247655,6.9819505940539095
8240DB000566,222391132,4.90567353160134
8240DB000567,31937706,5.983509527410303
8240DB000568,3009484951,7.786299906344858
8240DB000569,4231058468,8.352594389687573
8240DB000570,4231041958,2.934405592101311
8240DB000571,6725247652,2.9129046915660375
8240DB000572,661302,3.991430683354801
8240DB000573,6725247650,5.183870740909663
8240DB000574,4799552028,6.4888976018281666
8240DB000575,5575224807,9.751941236372192
8240DB000576,6721748149,3.0325021943346675
8240DB000577,6660312767,8.22133431449611
8240DB000579,5587209154,2.1454840746919137
8240DB000580,12193663382,4.3400862772321975
8240DB000581,4799552029,3.0276608496146666
8240DB000582,6725247645,5.7876136536261615
8240DB000583,6670680039,7.677353174323899
8240DB000584,6670680010,22.122453053600722
8240DB000585,4799552032,4.26593521387373
8240DB000586,659048,4.956798935590355
8240DB000587,4799552036,5.424578390666144
8240DB000588,4799552037,2.939688854207795
8240DB000589,4799552040,12.803165005453309
8240DB000590,4799552041,3.210456516786283
8240DB000661,12305482776,3.9412281151118735
8240DB000677,6649584855,8.717315460487287
8240DB000678,6725247680,6.514830032555777
8240DB000679,3642841648,5.5087706801194845
8240DB000680,6725247683,4.976571818293985
8240DB000681,665118359,3.339094789548454
8240DB000682,6725253388,4.121682612046331
8240DB000683,6725253389,9.30931389059639
8240DB000684,6725253390,7.7057926275905375
8240DB000685,6725253391,2.6406478153498067
8240DB000686,6725253392,5.213200140801632
8240DB000688,5688557951,1.8127807944741863
8240DB000689,658873,1.6246125233356514
8240DB000690,6725253394,5.8342644349094295
8240DB000691,6725253385,2.8594054990005415
8240DB000692,6725247683,5.269371502908964
8240DB000693,6725247679,10.227300139231676
8240DB000694,2380397915,10.444402472846004
8240DB000695,5585094873,7.874742109392983
8240DB000696,6725247673,6.202151243728732
8240DB000697,658883,4.568692404961033
8240DB000698,6645111190,4.249206431054177
8240DB000699,6725247669,5.21432181955994
8240DB000700,6725247668,5.476826046622313
8240DB000701,665384456,8.622112411713399
8240DB000702,6725247666,11.17688438185406
8240DB000703,6725247664,5.983743658291494
8240DB000704,6725247662,10.964317345676678
8240DB000705,2380397937,6.068400571290707
8240DB000706,6725247659,2.0148420781739675
8240DB000707,6725247657,4.456908951683714
8240DB000710,6725247661,2.119793555254523
8240DB000711,6641909832,4.985512589007776
8240DB000712,6641909841,4.2825138963238825
8240DB000713,6725247665,4.231424885194001
8240DB000714,6645068976,1.8509504036987823
8240DB000715,5585094915,3.6855321104189365
8240DB000716,2516965741,8.12431297362048
8240DB000717,6645111266,4.156023195864616
8240DB000718,6645158331,2.0720186876710156
8240DB000719,6725247672,6.75366141199949
8240DB000720,6725247674,2.6799952250749275
8240DB000733,12737572885,1.605208175638703
8240DB000736,2601217538,7.960799062912454
8240DB000788,10076202942,1.8289207898171271
8240DB000815,7647648903,23.10818765198921
8240DB000905,4842759705,1.6599037436658923
8240DB000910,6652463463,5.636794047039115
8240DB000911,257289393,3.9008865991888855
8240DB000912,5686704426,14.48074200827875
8240DB000913,12193718065,14.80380946625597
8240DB000914,302333150,12.876729458087958
8240DB000915,4839291806,2.466990799144085
8240DB000916,4839291805,6.114270675289834
8240DB000917,4839291810,5.5697894368072
8240DB000918,187689538,9.16392209891387
8240DB000919,19223268,6.454385837678847
8240DB000924,4839291811,8.282695882733165
8240DB000925,4839291810,7.431696599537382
8240DB000927,4839291809,2.454811054079388
8240DB000928,11676057,5.9593955573653
8240DB000929,12193718063,9.923302067419229
8240DB000930,12193718061,6.17023068984625
8240DB000931,6692085761,4.015376227435864
8240DB000935,302333159,23.67338548713306
8240DB000936,255330065,3.270016717094141
8240DB000937,2601217540,12.366012394592268
8240DB000938,4839291808,3.8866908148861348
8240DB000940,6657397779,13.845115178970476
8240DB000941,255329557,4.462830427124127
8240DB000942,5587124934,4.670443005456592
8240DB000943,11675999,5.664905667001265
8240DB000944,13373073246,5.473075820495245
8240DB000945,11676010,17.59672873146434
8240DB000947,6657397764,6.303685788857032
8240DB000948,6657397782,6.185000512272706
8240DB000949,255329566,4.28913132561628
8240DB000950,6657428427,3.7179086095796197
8240DB000951,255330059,30.856076049234144
8240DB000952,302333158,8.551254604294744
8240DB000953,302333159,43.86805916930467
8240DB000957,32525707,15.662219471190609
8240DB000973,10279880854,23.710490739287728
8240DB000974,3883139479,13.839010614260724
8240DB000975,3883139472,10.129919359658398
8240DB000976,10059624941,8.673601105199026
8240DB000989,3883139303,13.877743488124409
8240DB000990,3883139475,3.685263219656627
8240DB000992,2734621641,1.6883775311673617
8240DB001010,5054355320,0.12118734292382273
8240DB001039,13730856661,6.473280984641292
8240DB001040,10754643553,6.154039850764152
8240DB001041,12714179293,2.4721461045450344
8240DB001050,9120391593,13.741108273974477
8240DB001073,3537964557,6.103165625259571
8240DB001181,6329819173,2.4307644870030196
8240DB001182,6329809473,6.051851703208965
8240DB001206,7949144572,7.147655226890838
8240DB001207,5536326449,8.831769465957146
8240DB001208,11675308,11.723484418119437
8240DB001209,4842760264,6.858880309767475
8240DB001210,4842760263,8.711945267599901
8240DB001211,4842760262,9.874795540912746
8240DB001212,5536359215,14.6261693407925
8240DB001213,5536397419,7.623573892321797
8240DB001214,4842759683,13.33155152833456
8240DB001215,4842759682,13.682210815277852
8240DB001216,4842759680,5.866575845807454
8240DB001217,4842760268,6.127183716108733
8240DB001517,12639607,10.049555714431724
8240DB001545,10278102907,1.650113153836192
8240DB001546,6760393984,9.15465567985314
8240DB001550,10889689144,13.963177162045241
8240DB001551,6329874096,33.35355150340253
8240DB001552,6330437637,4.3858398869188155
8240DB001553,9964659359,16.776849468345574
8240DB001554,12117506,11.029172104571842
8240DB001555,6330470188,3.1250949678187587
8240DB001556,6329874104,7.829806779262998
8240DB001557,12108766553,4.22366032080647
8240DB001580,382460302,4.412173917108815
8240DB001581,382460301,10.625877564836866
8240DB001622,3889456399,10.062695666103938
8240DB001623,12284043,5.332767676993167
8240DB001624,6050242259,20.829911353196223
8240DB001625,3495905246,5.464304905442687
8240DB001626,3819463758,8.736174649030245
8240DB001627,1417045299,9.633076962295466
8240DB001628,3843732480,22.64861637945523
8240DB001629,5731497872,6.297839437106744
8240DB001630,2663809941,12.05169138654429
8240DB001631,12284123,14.91130644267694
8240DB001633,2443612727,13.988794181796997
8240DB001634,12284094,9.557560826598657
8240DB001635,122806394,6.351167879820671
8240DB001636,1417045299,12.15539148820815
8240DB001637,12284069,19.245627335908637
8240DB001638,12284064,9.566980151172213
8240DB001639,12233671284,4.537716034433216
8240DB001640,8984494525,13.34547155986387
8240DB001645,4368929543,1.7449853144391478
8240DB001669,286308317,21.5979091241722
8240DB001670,2782180308,6.164968233755633
8240DB001671,12794099980,3.4271709996557096
8240DB001672,12794876573,5.388812450720526
8240DB001673,6152089756,5.313690117063651
8240DB001674,2719776398,11.105291213668758
8240DB001675,12986456891,12.703887649699942
8240DB001676,12987713148,9.969743946458983
8240DB001678,12992007603,4.667336721646026
8240DB001679,12973450725,5.310302656676499
8240DB001680,12966418671,3.893884046752291
8240DB001681,12969179565,4.033519188246037
8240DB001682,6213399441,2.3366085209432113
8240DB001683,12770590212,2.6424248349525734
8240DB001684,12770409492,5.493162576525025
8240DB001685,12987526605,3.0219063924759855
8240DB001686,6198991082,6.326236784169588
8240DB001687,721746782,7.507702447996456
8240DB001688,12797512573,1.9362222004988676
8240DB001689,2964381886,8.426319065610908
8240DB001690,12791932201,5.377113826021671
8240DB001691,7512391004,4.344061200014276
8240DB001692,2719526385,34.30223316636557
8240DB001693,255963058,22.906655223242947
8240DB001719,12703237206,7.161107888502788
8240DB001808,1589712829,5.15886747614117
8240DB001813,12996279950,9.231528765382873
8240DB001814,12823831217,3.790080230863842
8240DB001816,12776752209,12.347524067337726
8240DB001817,3865872605,6.579589012474567
8240DB001818,2688777050,4.580404179547725
8240DB001819,5628062216,2.771106013035931
8240DB001820,12804142503,0.8103447140958349
8240DB001822,12752001141,11.218040256154572
8240DB001824,3865872625,4.9737690551934435
8240DB001825,3865872621,5.924025033760343
8240DB001826,12749863353,5.1997557914173544
8240DB001827,3865872614,4.625878868313131
8240DB001828,5056966214,1.3641885062642936
8240DB001829,10663871513,3.6428059262227976
8240DB001830,3865872622,6.567747991714929
8240DB001831,3865872624,2.598300880075115
8240DB001833,12752387094,5.881041718504904
8240DB001834,12752001137,5.918020130432227
8240DB001835,12809977257,4.129926662463606
8240DB001836,3865872610,7.041057775651588
8240DB001837,3865872604,3.992517568025696
8240DB001838,2562193536,7.067684392434669
8240DB001840,983637997,5.527782024619254
8240DB001841,12996260379,4.025935301201108
8240DB001842,12279041282,4.285779119344887
8240DB001844,12979927891,1.9232914681920745
8240DB001845,13481012659,0.7564256236163055
8240DB001849,12802011077,4.390359332665627
8240DB001850,2086301148,5.639311092648109
8240DB001851,3942523023,10.302183619647984
8240DB001852,13094424138,4.542119880820264
8240DB001853,13096389700,3.9673626983514727
8240DB001854,5703486428,1.8449984388784233
8240DB001856,12906349016,14.800015568352864
8240DB001857,5276550584,7.495657995329786
8240DB001858,5276547300,17.951443317584072
8240DB001859,12925756667,3.1714373886955425
8240DB001860,2703263844,7.853240055703556
8240DB001861,12952316157,6.262701995147749
8240DB001862,12749590519,7.222519441784383
8240DB001863,2703264077,2.5272674922331504
8240DB001864,12892308606,2.413524285854292
8240DB001865,10565864115,6.044271604636551
8240DB001866,1137632886,15.240677038769185
8240DB001867,6347853399,5.649722836216015
8240DB001869,12876228970,3.563337956633831
8240DB001870,10577199488,6.256295195969205
8240DB001871,6905114630,3.7306329722957843
8240DB001872,10740017589,4.318094254967611
8240DB001873,12894285282,7.567737882627882
8240DB001874,13076277107,4.210547520475586
8240DB001875,9797540054,4.5577248115710765
8240DB001876,1137596755,7.900621259817358
8240DB001877,2703263844,14.474303414903797
8240DB001878,12718642484,2.1168841725850576
8240DB001879,12903120062,17.078356594394783
8240DB001880,11675065,15.546853475925463
8240DB001881,12906315507,7.238025695393016
8240DB001882,988751282,13.076605866965487
8240DB001883,2384275,8.001905542572262
8240DB001884,770005162,9.853439109608741
8240DB001887,920037188,14.373594436630462
8240DB001888,11067268405,7.047744714614471
8240DB001889,3654701362,16.74832382934516
8240DB001890,1279387380,12.995709487730373
8240DB001891,2699068718,11.209957102341138
8240DB001893,2699068720,7.480738702663611
8240DB001894,6146283,11.316411120682746
8240DB001895,25961992,18.657862865503848
8240DB001896,12921075776,19.228475732885
8240DB001897,4569624374,9.84982206742894
8240DB001898,5560708253,10.4504400670727
8240DB001899,11675093,11.217646443965938
8240DB001902,13077997886,8.302746490421534
8240DB001903,13084775686,2.279505643682628
8240DB001904,12823788763,4.955638489765908
8240DB001912,5207853125,6.793922920456551
8240DB002171,11740595,6.984218527111356
8240DB002289,3861687513,5.994503995265596
8240DB002290,9162496524,2.0254073256675835
8240DB002294,247486104,6.243050918084691
8240DB002338,2968093117,4.068186849827981
8240DB002468,2601217542,7.472192782457624
8240DB002510,6301017,26.99530580938549
8240DB002959,3865872640,9.32593461263863
8240DB002960,3865872601,7.651197763531824
8240DB002961,13698728675,6.168094649365517
8240DB003078,12648972,6.085239931693068
8240DB003087,12648978,5.752127195093279
8240DB003088,5641967448,12.055418401893935
8240DB003089,12774565017,7.58112842839999
8240DB003090,5581584716,9.342514135003052
8240DB003340,2384507,20.29490042748646
8240DB003565,8529267758,7.9511154163569735
8240DB003566,477557548,16.475283613627163
8240DB003567,5297547610,7.54652344597289
8240DB003569,12642556267,4.323340565830085
8240DB003571,477557548,7.336888496194924
8240DB003572,1142124166,6.323863274857146
8240DB003573,13764880717,27.573332471876977
8240DB003574,4842760250,10.879647000218034
8240DB003575,4842760261,8.286911442123039
8240DB003576,240407654,8.017423459312692
8240DB003577,240407658,5.6613964480582695
8240DB003578,9577856929,48.87458034441565
8240DB003579,3331851917,9.128190659521163
8240DB003580,386268,14.968657459755287
8240DB003583,4595383488,10.577983731428347
8240DB003584,11825007869,12.355690683284458
8240DB003585,3517544681,6.627433318164499
8240DB003586,3517640554,12.803092520890127
8240DB003587,13687797570,14.37200030944391
8240DB003588,4121652062,6.1092085851131275
8240DB003589,5662230910,3.474574346914604
8240DB003590,13677985689,5.830356044368447
8240DB003591,301661378,2.258386456368876
8240DB003592,301661302,2.9490766975635707
8240DB003593,12736732094,12.257751003696857
8240DB003594,5673709335,18.65257822946627
8240DB003595,9121350658,9.99486768908807
8240DB003596,11676020,6.71283465793953
8240DB003597,5258404431,10.17326740966675
8240DB003598,652738985,11.800381404781264
8240DB003599,13744663935,7.768261017567073
8240DB003600,5247059858,17.114301010344796
8240DB003601,11676020,26.656263403320306
8240DB003602,8025745382,9.794681634929807
8240DB003604,253508609,15.09622848962486
8240DB003605,4842760225,2.504444667628801
8240DB003606,4842760223,4.621800941053396
8240DB003607,3648110624,1.8675581383131532
8240DB003608,457093059,13.153711311321604
8240DB003609,5610592811,2.9864439810130965
8240DB003610,5668020250,4.522279777169728
8240DB003611,12057234858,8.13527943878165
8240DB003612,13722261242,7.284862191177573
8240DB003613,4842760231,8.116485519449705
8240DB003615,4842760229,3.481845091034002
8240DB003616,4842760227,5.62157537094033
8240DB003618,5662238652,10.669491476314851
8240DB003619,253513023,4.777111512754408
8240DB003620,253513035,7.917775764418041
8240DB003621,5662230875,9.816871406190671
8240DB003622,5686888571,6.792382345403662
8240DB003623,13665464392,4.174229262405813
8240DB003624,11264645512,8.099466719272993
8240DB003625,4842760239,10.064431264532171
8240DB003626,4842760237,6.0134107970140045
8240DB003627,4842760236,8.96754052948848
8240DB003628,8081745288,10.30613262062656
8240DB003629,12588640343,6.7117872473045175
8240DB003630,11171963066,17.220785140415604
8240DB003631,4842760236,9.431938279741232
8240DB003632,9120563366,5.831213860256168
8240DB003633,253317760,7.503748981287623
8240DB003634,3517544668,6.923314245797861
8240DB003635,11825007872,5.163931522050005
8240DB003636,5290182833,7.238716950248493
8240DB003639,4104341594,6.553682265336433
8240DB003640,4842760251,7.954771371287445
8240DB003641,3804004273,8.013756515547387
8240DB003642,4842760248,6.197443225106749
8240DB003643,4842760246,6.48093283257847
8240DB003644,386268,15.190676810996655
8240DB003645,4842759693,1.5980245282316587
8240DB003646,4842759691,9.679852936272418
8240DB003647,240407661,1.7210631661590947
8240DB003648,6103379147,4.593411468662504
8240DB003649,687603939,7.5230308356302515
8240DB003650,298919827,16.55816936063005
8240DB003651,6049526685,8.802154735902652
8240DB003652,10734817522,4.35360024878117
8240DB003653,11372488483,24.255755806884384
8240DB003654,12127971920,4.912605605677745
8240DB003655,12713842980,6.468817428431453
8240DB003656,11675669,16.442228351751726
8240DB003657,10734817513,8.370866793899646
8240DB003658,6049526685,13.89678771507354
8240DB003659,298919827,5.731899180562868
8240DB003660,11675354,16.662677669106557
8240DB003661,4842760259,8.161195992979804
8240DB003662,687591704,8.470173663698588
8240DB003663,452727288,10.62195329747373
8240DB003664,6335106251,5.475416546081481
8240DB003665,12353233320,3.180123917438916
8240DB003669,12986769255,4.490243203845421
8240DB003670,2663809958,13.086338488490311
8240DB003671,784667816,15.861978745514294
8240DB003672,2776222200,18.064438629723742
8240DB003674,629196742,18.603324893741938
8240DB003675,3680700176,5.830227790439814
8240DB003676,3698357519,11.074677531562866
8240DB003677,661191048,20.648129976642586
8240DB003678,8931423849,7.940959229405239
8240DB003679,13713290867,11.63494305769337
8240DB003682,12708634264,4.003829275116965
8240DB003686,364799487,15.148681829003749
8240DB003689,2727413151,6.025147575365616
8240DB003690,12731421617,11.59462940983151
8240DB003691,12677611975,4.564519836264774
8240DB003692,1362033695,8.061060641067627
8240DB003694,843358061,17.74936263527743
8240DB003695,469756329,10.68114246869654
8240DB003696,7395113231,9.443346996466014
8240DB003697,3984950512,58.33362496777223
8240DB003698,5755470617,28.931830353842045
8240DB003699,5755470614,22.413858304785663
8240DB003701,12648860,6.581737124946703
8240DB003702,13015893173,5.702964847338138
8240DB003704,6817242069,7.179693280303601
8240DB003705,10840293720,2.5622684662611115
8240DB003706,10748910836,9.066145923622676
8240DB003707,13722261240,8.49149870377105
8240DB003708,12648886,10.920500720224076
8240DB003709,2987438342,8.611476906594188
8240DB003710,2987339732,8.774718916108792
8240DB003711,687635438,8.093281358222438
8240DB003712,11364593467,11.983831329143776
8240DB003713,13713896984,12.921480958928157
8240DB003714,791838436,17.19702340159142
8240DB003715,13458823981,4.839868115420538
8240DB003718,11430005682,8.02650531186534
8240DB003719,5673227860,21.929316741860283
8240DB003720,9383018970,7.452295938661523
8240DB003721,253339380,21.072378544284486
8240DB003722,253338051,11.851487236492579
8240DB003723,253337841,11.541378395227865
8240DB003724,7258926996,33.22220872488099
8240DB003725,13541086996,26.4475946855323
8240DB003726,253979346,3.609161917255274
8240DB003728,253981952,4.579945731180145
8240DB003729,12415332953,9.757200522321574
8240DB003730,12293590449,2.9873193207496365
8240DB003732,253980592,6.60054595768636
8240DB003733,7639986375,10.301798894101006
8240DB003734,12411687643,4.226709257823574
8240DB003735,253981952,9.885870663697316
8240DB003736,257641126,17.32412937591312
8240DB003738,5914607,9.405975660847215
8240DB003739,253982443,10.868981864114295
8240DB003740,12409472677,5.286430305416294
8240DB003741,12409434735,5.106230518017604
8240DB003744,9383018970,9.129474365927885
8240DB003745,11623193126,12.158950645942175
8240DB003746,6276274490,13.36320459473259
8240DB003748,2412461511,8.630451144253943
8240DB003749,434956109,21.00592697876413
8240DB003750,12385457677,29.57288954176193
8240DB003751,4438474173,5.037477848752517
8240DB003752,12752001361,10.40349760581606
8240DB003755,633568564,15.7550344285065
8240DB003756,635400918,31.13131505378158
8240DB003757,5198824926,10.290775751570393
8240DB003758,5198824922,7.485547554772462
8240DB003759,13228277,1.8359075384227277
8240DB003760,12591012186,10.733531665035162
8240DB003761,10594676943,18.28259912081114
8240DB003762,380891866,12.451487958573926
8240DB003763,5825389316,7.72752289218676
8240DB003764,2310110497,5.882325598923507
8240DB003765,12613152166,3.9836807115636983
8240DB003766,12570810328,33.279871025979055
8240DB003767,253478647,7.9275131342659115
8240DB003768,13477609241,9.141336929493377
8240DB003769,13436363980,6.1365654871458055
8240DB003770,13436363955,6.090265300983287
8240DB003771,13228594,18.769538131274732
8240DB003772,2964368657,9.48066752845184
8240DB003773,253477692,16.99174274053513
8240DB003774,2964368648,8.419945127118304
8240DB003775,2783327809,17.22134862411566
8240DB003777,2783327843,5.795172349959581
8240DB003778,248093153,7.894045202982666
8240DB003780,253335709,7.4095832241934865
8240DB003781,9671722791,24.318501881843076
8240DB003782,11541140537,15.68257608248537
8240DB003783,12488058680,4.93392098844396
8240DB003784,12556375471,14.762147145172953
8240DB003785,844116031,15.961901935351177
8240DB003786,12556023219,8.65331485141437
8240DB003787,13228562,9.76130985144478
8240DB003788,2787013900,17.31468908990394
8240DB003789,6333761963,2.2111233038040243
8240DB003790,5666994577,18.843704097421192
8240DB003791,9113038475,11.809839592656557
8240DB003792,8529267756,9.01354283935537
8240DB003793,8529290095,8.10222922122953
8240DB003794,5058354630,18.123258374554254
8240DB003795,392610093,21.128609596740457
8240DB003797,13817657680,15.734809702061714
8240DB003798,13710036684,8.550099734433992
8240DB003799,12638383883,7.618785862853842
8240DB003801,253393584,13.516191097329184
8240DB003802,12635594669,4.7812167463643735
8240DB003805,2412613655,10.296949046070534
8240DB003806,6335106218,16.333238324057817
8240DB003807,10678795985,14.367111769785131
8240DB003808,10921469968,4.9071209936138
8240DB003809,12106318640,8.222194761490979
8240DB003811,10921949739,1.9164682293918962
8240DB003812,8188878113,9.675162414170488
8240DB003813,6334910978,1.2884970862008835
8240DB003814,6334895575,13.522583290898071
8240DB003815,8945020119,13.470712097808681
8240DB003816,253393584,7.92651575461053
8240DB003818,4163494057,6.282624123397255
8240DB003819,13817657676,8.630125477032065
8240DB003820,13817657683,9.197911510677898
8240DB003822,2412531618,10.49235553625402
8240DB003823,6281316519,17.54845187873367
8240DB003824,13228527,4.529656364853708
8240DB003825,541012556,26.368158473858685
8240DB003826,5666994577,4.175210285836058
8240DB003827,838093204,5.055892602985291
8240DB003828,12527937490,20.741458178076968
8240DB003829,12609790687,9.73237843961058
8240DB003831,12556023219,12.204521284480483
8240DB003832,844116031,17.338797642019234
8240DB003833,844115919,8.217737727050912
8240DB003834,12496646053,0.510008184914411
8240DB003835,3685593852,12.591088600458585
8240DB003836,9671722790,19.17580065236902
8240DB003837,12518744006,7.64290638877067
8240DB003838,12556023291,4.171708836827283
8240DB003840,12495778304,8.659647095332959
8240DB003842,12555890096,10.093474679925569
8240DB003843,12495682122,13.320698666618076
8240DB003844,2964368648,15.9953928604521
8240DB003845,9113344282,10.98505264743616
8240DB003846,802607913,7.299136724801967
8240DB003848,3685593610,14.652130993432383
8240DB003849,10589093594,4.809817119509639
8240DB003850,10589093563,9.016792616832845
8240DB003851,3667356431,3.731008896655115
8240DB003852,12570810340,9.871878723259316
8240DB003853,10599902824,13.995332547653748
8240DB003854,366646849,3.8045768832774076
8240DB003855,10598974304,9.330814323690431
8240DB003856,10689722809,19.494489359244515
8240DB003857,13228291,9.846586381804046
8240DB003858,13228282,12.581335586062698
8240DB003859,13228277,12.979260543579
8240DB003860,253326314,17.44740116202299
8240DB003861,2470172268,6.4142493220688035
8240DB003862,5198778832,3.90913359685602
8240DB003863,1222389911,13.660888931383642
8240DB003864,12710001988,5.923825561160939
8240DB003865,5755765473,4.967405890096707
8240DB003867,793082945,29.39819881267333
8240DB003874,6339175152,3.015487062472779
8240DB003881,9120391577,16.45351894972308
8240DB003884,3773298945,6.237135467777201
8240DB003885,790282743,10.459361189499264
8240DB004314,843949053,2.6845947785325777
8240DB004315,13246528122,9.181616996320306
8240DB004316,6323421160,2.7045520672284167
8240DB004317,6323630187,17.29801157146803
8240DB004321,193063789,24.47597735877495
8240DB004323,2601217536,6.057334263424216
8240DB004324,1115815276,7.432323918084531
8240DB004325,2384507,16.333339313210423
8240DB004330,386025,6.208815071291496
8240DB004331,4842759703,3.5223109195914173
8240DB004339,4842760249,1.004303094971751
8240DB004362,879377067,9.084418815303366
8240DB004381,6720006614,0.9564563832941052
8240DB004387,253248053,2.66949621841297
8240DB004433,12284889,23.113864575837038
8240DB004464,244531415,6.1973316509971275
8240DB004465,13722930732,4.113155201485754
8240DB004489,244531418,4.7097957570291635
8240DB004492,12925298890,3.548547623764655
8240DB004493,13638545896,6.268155774263748
8240DB004503,8679858241,11.634513612647746
8240DB004520,12966498989,7.457392556228013
8240DB004573,2752816263,3.6509874593954184
8240DB004574,12828409869,3.8436917753821676
8240DB004575,12829725506,5.922402806999491
8240DB004686,4692390824,3.444699844047166
8240DB004687,1529891677,10.493952918400678
8240DB004742,3016450472,6.645103059877431
8240DB004743,13254320922,30.534414879105015
8240DB004744,310524526,11.486393110827933
8240DB004745,1635148990,27.05829498295932
8240DB004746,7542360957,4.2274336947194975
8240DB004747,2601217533,7.733500308054567
8240DB004765,10683531293,5.803758766108522
8240DB004766,6562683766,17.182600842070592
8240DB004767,345570370,4.1087566056501466
8240DB004768,12783593848,4.753554259758823
8240DB004769,345570370,7.610587834317074
8240DB004770,345575298,7.047512656644152
8240DB004800,4839291804,3.3199770533426602
8240DB004820,385242157,6.1143710895644015
8240DB004825,12960052015,7.606438555901765
8240DB004826,385242157,13.151552078613225
8240DB004843,10745247536,8.24246545230118
8240DB004893,956568980,5.90844849033094
8240DB004894,956568888,5.534434009607542
8240DB004895,956568831,7.5949373846543295
8240DB004897,5705148412,5.061908014683758
8240DB004898,956568980,7.772211770072493
8240DB004899,4748625475,18.663612399786327
8240DB004900,3920781157,6.882460007341616
8240DB004901,7515898919,15.74169994875754
8240DB004902,12698464686,26.091063275900666
8240DB004903,5703485526,24.511228356373714
8240DB004905,10832766109,6.233455286493367
8240DB004906,26472343,24.805705662986334
8240DB004907,4616185389,11.180689157674617
8240DB004908,6817299647,6.970774822920519
8240DB004909,6817299652,5.9545863403400725
8240DB004910,296473712,9.617089841942674
8240DB004911,19081822,7.6692287129099
8240DB004912,26472690,12.996664928895191
8240DB004913,4616185387,21.98036424040368
8240DB004914,4077576592,29.122910388932706
8240DB004915,10745247482,5.003354108430044
8240DB004916,13797956684,15.043806599094328
8240DB004917,4771500275,12.03027402759421
8240DB004918,14185481,2.8628653842764953
8240DB004919,638380990,8.01450865545309
8240DB004920,14185468,11.192386116961732
8240DB004921,14185468,27.406256636629724
8240DB004922,638380989,16.606413034646366
8240DB004923,2365662663,10.789840181667714
8240DB004924,296511580,13.405301643564162
8240DB004925,1142135438,8.411159978937327
8240DB004926,53470629,9.636757846423583
8240DB004957,940287698,13.091668149139593
8240DB004958,13797956684,2.4417019559173463
8240DB004974,615214347,12.889872788230141
8240DB004975,123779272,6.2065299930255335
8240DB004976,5083532871,14.027812041843754
8240DB004978,3861687507,8.200296622480252
8240DB004979,3861687505,10.023935418759716
8240DB004980,3861687509,2.550994843508806
8240DB004989,1882501099,15.897182956835545
8240DB004990,13254320921,15.478169923697857
8240DB004991,3016450472,8.500726089057833
8240DB004992,13075600544,9.66630059839208
8240DB004994,12871450175,3.8160075253321435
8240DB004995,249734152,9.270719468561586
8240DB004996,12837625185,5.47478810227531
8240DB004997,3014728902,10.670489304411207
8240DB004998,12840337477,2.581511008374692
8240DB004999,12878781233,4.047747581686867
8240DB005028,12648952,16.818503240132475
8240DB005029,11357199480,8.852186323850699
8240DB005030,253183093,12.178067472708586
8240DB005031,1142159062,7.70231548306514
8240DB005038,11681001,11.30499010251214
8240DB005044,655217067,34.84317860441045
8240DB005053,2443612732,16.134388926737703
8240DB005055,4371617339,6.912408526439059
8240DB005064,10681246552,2.6477615373698167
8240DB005069,12404514993,1.7174298173009952
8240DB005071,4433529427,13.756052331669942
8240DB005072,3861687508,2.1247543587393527
8240DB005073,10737841593,12.281762842233492
8240DB005074,10604141096,8.020281210518359
8240DB005075,12707523827,5.398668968358199
8240DB005076,6039151958,13.227571623940342
8240DB005077,12669103160,13.260795276961712
8240DB005078,1599904221,7.385916626024003
8240DB005079,10604147309,3.1134011036016163
8240DB005081,4842759699,4.296823552079636
8240DB005082,4842759697,6.222912743810377
8240DB005084,12713779973,1.3074876191771798
8240DB005086,5614256493,5.078976857652484
8240DB005096,1198672009,45.734414203135344
8240DB005156,663648143,13.24488633788013
8240DB005165,5671006323,6.686299215263441
8240DB005175,12473033284,11.025131794832829
8240DB005176,12491980520,12.481127052568775
8240DB006005,3861624683,8.385027377813179
8240DB006009,3932672958,13.853233307000831
8240DB006010,254611100,30.715216617912468
8240DB006015,12648921,3.6864943997158792
8240DB006033,2987411250,7.31619357750366
8240DB006039,3845944639,7.108440287678751
8240DB006048,38463858,17.77887632053232
8240DB006050,12404817616,24.786081205496366
8240DB006051,4842759720,3.8222838384121367
8240DB006052,5589105140,5.012183606076969
8240DB006053,1537319031,10.781258121657789
8240DB006054,13722261239,8.047288306203118
8240DB006055,254611121,24.933797728297606
8240DB006076,10586459798,13.094875056019527
8240DB006077,5297547612,6.484423862535706
8240DB006088,12923381197,7.081704058886845
8240DB006107,12917082971,13.428742256605021
8240DB006108,8279305898,9.741064774058513
8240DB006109,12787815871,17.06649742640269
8240DB006110,12787815867,7.072446925025908
8240DB006111,824527943,6.2954050208463785
8240DB006112,2706006102,13.023139991317995
8240DB006113,2699075645,14.040060189456252
8240DB006117,13722261239,10.420755729626354
8240DB006126,254954367,3.6894072642455233
8240DB006127,254954367,12.966348586371506
8240DB006135,12057367877,14.126310017445782
8240DB006162,6328492352,2.839215139651799
8240DB006171,2562193536,15.382927514642319
8240DB006172,5703485525,22.271408505289994
8240DB006179,3847456135,8.342400921040037
8240DB006219,1496737418,5.9905339423164135
8240DB006228,12108766549,5.985687081020623
8240DB006229,2682633154,4.3060829799150575
8240DB006230,6837237369,6.032665755248315
8240DB006234,10568483557,35.664110641257594
8240DB006274,2688777051,4.659242058585844
8240DB006310,10733230601,5.766100060747027
8240DB006311,248181906,9.569317320520549
8240DB006312,12691162118,4.654756563535204
8240DB006348,6329819184,3.8878171665912493
8240DB006359,1142095876,26.41361705819729
8240DB006364,3136124153,10.928610391025368
8240DB006365,292067244,9.5331950695975
8240DB006366,54850971,25.05127342063366
8240DB007002,10735841719,1.5325385803098404
8240DB007011,1114983278,10.29699778194448
8240DB007013,12282595,37.890461694502086
8240DB007014,12282595,28.022456811533555
8240DB007017,12779750843,7.247815655718839
8240DB007018,11854356,5.951425479629267
8240DB007020,1091921778,8.566376511449143
8240DB007021,1091921778,6.294552777843173
8240DB007022,6328467163,0.8698613550661612
8240DB007023,13915035452,5.557059925298829
8240DB007025,11038084734,9.021992328631413
8240DB007026,3865872638,8.880462492795404
8240DB007029,1091921744,4.073434208765775
8240DB007030,4225525023,4.205530377499615
8240DB007031,12837081940,2.857639585824852
8240DB007038,4345794445,4.791890203968887
8240DB007039,314504149,21.679864703818087
8240DB007040,3698563955,19.950667278905158
8240DB007041,5673227834,5.455559577243903
8240DB007047,12674291288,4.7010564826456
8240DB007048,169327294,5.404073434790657
8240DB007072,666085549,15.425284083473283
8240DB007073,138096283,20.4097454985901
8240DB007097,3861624685,5.050189122695264
8240DB007098,3861624689,4.567118808214478
8240DB007099,3861624693,6.466401738538814
8240DB007100,3861624697,2.2121950040051463
8240DB007101,3861624700,5.6417191379571205
8240DB007102,3861624702,5.330724579655634
8240DB007103,3861624698,3.1218639398234194
8240DB007104,3861624695,4.061164159126899
8240DB007105,3861624691,8.10745788509825
8240DB007106,3861624687,2.516146482388632
8240DB007107,3861624704,3.3085273152634387
8240DB007111,11204480081,9.173021147037558
8240DB007115,10740150291,1.5313301303811795
8240DB007116,687635962,13.306057543544206
8240DB007124,11987386282,11.965330600024979
8240DB007125,2688720851,23.743484180319765
8240DB007126,12179879163,19.76261909031371
8240DB007132,11079590572,2.726344774379044
8240DB007133,687644101,10.44942257752005
8240DB007134,1198672015,29.330303740280275
8240DB007135,11366893638,22.89988457350359
8240DB007136,11366858403,8.945288408077312
8240DB007144,12289438,11.039844802966707
8240DB007145,1198672015,7.122014308263256
8240DB007156,5064257610,5.896408155023218
8240DB007158,11740170,10.570158951979627
8240DB007159,169327281,9.917380312965191
8240DB007160,160377600,11.581192840923562
8240DB007161,12717016797,13.584568772597661
8240DB007162,1358194704,1.8183697614383247
8240DB007163,5064257611,18.906866425614396
8240DB007166,2780549904,9.455459697633344
8240DB007167,12270001934,3.934265112441172
8240DB007169,3699697927,12.778551015993695
8240DB007170,715129034,13.727915663892283
8240DB007172,12554013660,13.173059179714553
8240DB007173,12106318640,14.078143952792495
8240DB007174,12106318636,20.71561483430728
8240DB007175,6334895776,3.4816275912909465
8240DB007189,655217067,16.793767141607717
8240DB007194,12691998293,6.291755541951108
8240DB007195,5533492492,13.743668058041736
8240DB007196,1163435293,7.652268091326391
8240DB007197,5533492544,2.4585725717080793
8240DB007204,5558454819,6.6351482475609735
8240DB007210,10735797803,6.274687166390061
8240DB007217,12978300538,5.2610430814711995
8240DB007218,104682741,5.4457483440644525
8240DB007219,955172064,7.907723611715658
8240DB007224,6300929,13.606142831748796
8240DB007227,14827540,34.6566164217964
8240DB007233,2752739543,8.92350020317108
8240DB007237,382460311,12.54439808124008
8240DB007238,472383920,9.063457168981763
8240DB007240,12905143875,9.01954793751163
8240DB007241,472383927,13.003569914841185
8240DB007242,472383932,17.337296232767002
8240DB007243,869465091,7.130171336061179
8240DB007247,472383935,5.708527652303687
8240DB007292,10586459798,11.115095357780225
8240DB007297,3845888036,4.734795290141648
8240DB007298,13065249154,3.391076475193561
8240DB007318,1074229365,6.257720830947248
8240DB007319,2601217545,4.691244158537054
8240DB007327,2562895200,18.10629897847434
8240DB007328,298919829,8.594346737518634
8240DB007329,298919829,16.863928575797242
8240DB007334,13042791381,16.963419042730877
8240DB007342,13245901373,14.904365377537236
8240DB007343,4894046190,3.4930328566796964
8240DB007344,11372363818,8.823092301799617
8240DB007347,246639172,7.625126357478268
8240DB007348,13718886513,7.720829991991495
8240DB007349,10921165084,18.38226833333537
8240DB007350,6329819180,3.0462370101657408
8240DB007374,12279041271,3.3180885870103483
8240DB007379,13638545894,15.284402883438247
8240DB007380,6198972539,6.124490410984682
8240DB007381,13075600547,14.058945637459043
8240DB007382,12703237204,8.880206499819048
8240DB007383,12752419313,5.723242847282341
8240DB007384,12877753420,7.374135375669713
8240DB007388,11740595,3.4173839883770856
8240DB007389,5628029462,1.4743842456130323
8240DB007475,2562165604,10.658179532678119
8240DB007484,631975845,18.38033831433501
8240DB007505,3861687501,3.978958727099174
8240DB007551,2422091697,1.4288939962376
8240DB007552,4839291812,6.524791622925069
8240DB007559,10281892677,1.7826169763898445
8240DB007560,8595852569,20.567397896928394
8240DB007570,13246103423,5.98863634715174
8240DB007575,13246103423,7.8720656832823295
8240DB007616,4842759700,10.750308504395987
8240DB007654,296425228,10.045322355396527
8240DB007673,6818346907,37.33140079261532
8240DB007675,12115564,38.07094569119296
8240DB007676,12307034268,15.344031226443002
8240DB007677,539137691,13.240862200455775
8240DB007678,10281894514,10.164936021945875
8240DB007679,797782478,13.525056404024957
8240DB007680,2568341877,13.517188036419451
8240DB007681,12115564,9.254251133047507
8240DB007683,382460285,21.189071917308524
8240DB007690,12527591945,8.537751691201573
8240DB007691,5614174426,8.896801092204452
8240DB007692,4121695605,14.737306791746773
8240DB007699,12674231008,2.3037293368330123
8240DB007700,12674230979,7.49848534372596
8240DB007721,12404615896,4.646716220684275
8240DB007722,12438296896,14.942666180978572
8240DB007723,11623215671,16.739969957192354
8240DB007724,11623215671,17.283334486453455
8240DB007725,6657428416,5.724561901558249
8240DB007849,2619194794,5.335839027087318
8240DB007850,945906391,6.73560342448184
8240DB007866,10281894518,12.057748133036958
8240DB007982,5667959484,17.046243815518356
8240DB008027,6321985728,23.51229029647304
8240DB008028,6321985728,18.357561724555616
8240DB008146,5370449664,8.612686991659706
8240DB008147,5370449663,19.030343134387973
8240DB008243,2767497304,21.36309256667392
8240DB008269,11892409039,3.1972621657707054
8240DB008275,2663809919,17.151406319749174
8240DB008364,6960471830,7.986104102818271
8240DB008368,12547111899,8.492363504764487
8240DB008494,12617089302,9.456953633913889
8240DB008495,12617089302,10.450220229419218
8240DB010377,12146885599,8.16044975355022
8240DB010378,290856815,3.3321255245747645
8240DB010379,6339175062,4.448126750378823
8240DB010380,6328205330,13.216139471932282
8240DB010381,687644101,6.717891784360007
8240DB08150,945890120,9.089581252554892
8240DB08343,13300573971,4.703713455899302
8240GD007847,9915927789,11.731011290741495
8240GD007848,5121021322,10.68891343791462
8240GD10336,3018342912,6.120246469266774
8240IR0015,2780548810,19.867238308179274
8240IR0016,13441843880,13.52710452065447
8240IR0017,3780726872,2.382590391681651
8240IR0018,4018232907,6.778038722571536
8240IR0020,3812548814,0.6445412528236714
8240IR0023,253396725,4.433614396969429
8240IR0024,6712333015,4.669932042558905
8240IR0025,5054358259,0.852963768803401
8240IR0030,2366116885,9.53731440139875
8240IR0031,906783073,4.188734481819795
8240IR0040,4069782559,4.734551776447001
8240IR0041,1946799361,5.424114170960918
8240IR0130,10589093584,6.865521781122267
8240IR0138,3812614050,4.8217257014142625
8240IR0140,9252681852,3.670954972834891
8240LL10464,12496074037,2.141387358093235
8240LL10471,1191315515,4.737926636479218
8240LL11599,2977083434,6.963319003052518
8240LL11600,2977083446,9.513460580817762
8240LL11601,4847673934,13.767715179928361
8240LL11602,12714316986,28.738725351751665
8240LL11603,2299520477,13.903842377872746
8240LL11604,12496087975,0.7195101888519955
8240LL11605,12496834453,4.248086484834962
8240LL11606,2299519969,6.792179056235061
8240LL11607,38463991,12.93217371738599
8240LL11609,38463991,14.477640756103003
8240LL11610,10677217226,27.404500104405436
8240LL11611,2299520057,12.83489492476351
8240LL11612,12291053,14.40991436366927
8240LL11613,12713044678,27.05330138853896
8240LL11614,843493036,12.200510664387673
8240LL11615,2977083446,13.707398429995214
8240LL11616,12046760883,18.506362748482154
8240LL12054,290856571,5.1506473721155235
8240LL14183,8155258205,8.927256551036342
8240LL14184,8155258206,16.098505883907176
825000062,2368203295,6.824023007187347
8250B1022401,4868724313,10.051003979246552
8250B1350601,4032041388,3.5932596373393233
8250DB000425,8286992033,15.95426905464421
8250DB000426,11200968066,4.114594055869331
8250DB000427,10909150385,11.102089431318808
8250DB000428,646572019,6.472330208538853
8250DB000429,6400410027,6.664264511794081
8250DB000430,1708888636,17.873785038089817
8250DB000431,5373294001,5.035946183521565
8250DB000432,5615047515,37.122850957435126
8250DB000433,8376882451,17.940538606661672
8250DB000434,12066991782,31.436589855137296
8250DB000435,5284875149,2.8109670725061067
8250DB000437,8125164489,17.85199665615846
8250DB000441,8125164439,31.82446170095096
8250DB000442,8125164438,8.617798872271939
8250DB000443,8125164434,7.508229440774863
8250DB000444,6394058407,7.261871606710232
8250DB000445,12871319328,7.910878645494123
8250DB000447,944008429,10.962378113634035
8250DB000448,6031771351,10.24315139612442
8250DB000449,6395732825,10.320619066664241
8250DB000450,6395732826,5.563193074425922
8250DB000451,1056711339,6.071876583565783
8250DB000453,944008452,6.626138382331832
8250DB000454,8130710456,9.982865937879817
8250DB000459,50607760,12.984167002518692
8250DB000460,11360939476,20.638862440864482
8250DB000461,47154510,29.25247181795257
8250DB000462,31906589,11.31694575455368
8250DB000464,1708336388,8.72255505817391
8250DB000465,5281875758,19.837852414159006
8250DB000466,5284249557,3.6255905564971855
8250DB000467,157012638,19.071030982616207
8250DB000468,12998050521,10.548746489645033
8250DB000469,12998891907,4.878809524617831
8250DB000470,6400700936,14.51411399733725
8250DB000471,6400700937,9.555750512054061
8250DB000472,6400410025,9.629528197796075
8250DB000473,2516994776,12.56859452106169
8250DB000475,4835190266,5.294007325372801
8250DB000764,12089690071,0.894683682165982
8250DB000765,2376022117,2.8013363793625774
8250DB000767,4032041388,2.7523594766325092
8250DB000768,4032044891,1.9409268485615307
8250DB000859,2468781000,11.571056713616587
8250DB000860,12182713612,5.304338078314643
8250DB000861,38980642,9.527597965492916
8250DB000862,6394058396,4.139112397618166
8250DB000867,8120614182,2.28939345537173
8250DB000875,257929393,13.950483105479197
8250DB000876,6395825349,6.188263811107121
8250DB000878,12182713612,7.002268862224746
8250DB000879,6395926028,15.80452199715416
8250DB000880,4854442267,8.237102142702058
8250DB001035,7659037098,12.370714697269857
8250DB001036,11034513432,6.749015582831483
8250DB001037,11034513595,15.163841089065263
8250DB001038,11034513573,13.891139453609982
8250DB001042,50865863,1.2979784873448645
8250DB001043,11034513575,24.18830356937026
8250DB001044,2465502669,40.81554949730943
8250DB001045,11034513515,3.407831157156427
8250DB001046,8615514594,10.156257139088588
8250DB001047,8615593472,11.682374882426627
8250DB001048,9537829048,27.796407582050104
8250DB001049,9535298450,11.628251477083
8250DB001051,9535298468,25.527157891971772
8250DB001052,11078441072,18.583771089221894
8250DB001053,247414986,9.651938184632204
8250DB001054,8615593424,24.080119967108875
8250DB001055,7659037101,6.259979328983304
8250DB001281,9122745584,7.864910538041488
8250DB001306,6305724059,14.079844985638061
8250DB001307,9122745558,10.359149951376644
8250DB001308,11902024568,5.232387439660462
8250DB001309,2629008060,8.479192602439136
8250DB001310,12915696731,5.435375523102745
8250DB001311,7729298848,27.840740540362653
8250DB001312,7729298871,11.936644754352464
8250DB001313,8615551719,16.899202087968728
8250DB001314,30846835,5.4556480135247005
8250DB001315,7729298848,7.402376112456357
8250DB001316,7729298870,11.637153639882435
8250DB001317,7696095830,13.867371008687426
8250DB001318,30846822,11.158225656477802
8250DB001319,5297447658,8.32484343739243
8250DB002007,255018764,8.065916891570078
8250DB002008,5170256324,3.493773956550473
8250DB002009,12986622449,4.16999303190423
8250DB002010,945981320,4.957223891204152
8250DB002011,11510527872,31.024424802231508
8250DB002012,10942875843,6.4733626973672305
8250DB002013,9678432167,11.395578905031073
8250DB002014,4755152426,13.11856241327871
8250DB002015,417676152,26.95845192866959
8250DB002016,47204624,9.526340172213095
8250DB002017,686576555,6.675303021340224
8250DB002018,1512997376,18.42747249213907
8250DB002019,3270741812,19.915341518078687
8250DB002020,49778828,13.822721357406637
8250DB002021,2400163725,7.26146961627438
8250DB002022,12230741500,1.9117233292834501
8250DB002023,2333061815,12.59019237001643
8250DB002024,26797663,15.0161741141244
8250DB002025,644625728,8.669201565860488
8250DB002026,667334749,10.178532725613328
8250DB002027,66829223,5.469591893353983
8250DB002028,10838051976,6.121399202013417
8250DB002029,5599452243,5.776200516875243
8250DB002030,4960362359,4.4133023618603575
8250DB002031,11929624835,11.004357788059183
8250DB002032,3488478028,9.806843030650306
8250DB002033,679684415,16.210859334620356
8250DB002034,1424141391,19.735433972458612
8250DB002035,49783916,3.5048476006299953
8250DB002036,8449935699,13.008911079539674
8250DB002037,4051598566,2.465787520589416
8250DB002039,4722717058,5.786726072691168
8250DB002040,6415002801,12.965781714016426
8250DB002041,11626493029,10.326956521055735
8250DB002042,598194912,9.631227895247598
8250DB002043,1424141380,7.734818465586942
8250DB002044,10740137656,8.679545882666558
8250DB002045,3488478025,13.17799633943832
8250DB002046,2407233478,13.809148990936206
8250DB002047,6113727783,5.054200923498777
8250DB002048,2407233476,10.321220207251192
8250DB002049,4960382660,5.615652459279032
8250DB002050,66829223,7.797335280211641
8250DB002051,6400478289,5.4866418633873115
8250DB002052,8511267777,12.982349587798103
8250DB002053,644625728,14.56005319178183
8250DB002054,66876437,14.495371440750533
8250DB002055,644625720,18.975138666796546
8250DB002056,1514322096,14.788308478658346
8250DB002057,5606062841,22.450033448950773
8250DB002058,3451870545,6.93534422932577
8250DB002059,247968639,33.73893444204353
8250DB002060,47204538,6.6802802098958916
8250DB002061,47204641,33.92192062941362
8250DB002062,2333122251,24.671649847806012
8250DB002063,1708336387,7.783649499726069
8250DB002064,11231015525,2.1321007705218764
8250DB002065,6262592474,8.413106932054875
8250DB002066,9400522058,1.96312743306679
8250DB002067,11510525051,6.692630994100671
8250DB002068,12181266700,6.714151990608916
8250DB002069,12986622406,8.527544784733754
8250DB002070,1693619390,4.458842555552942
8250DB002071,1346785433,22.5758507344403
8250DB002072,8281518928,26.275724953698106
8250DB002073,8120610171,21.46967011609661
8250DB002074,8214129307,5.705515965052795
8250DB002075,559829687,9.238610541925405
8250DB002076,8130710341,29.04747837000874
8250DB002080,8118824626,7.472124275008081
8250DB002081,8120610171,17.22565705850754
8250DB002082,8281518932,17.32773584187173
8250DB002083,9389596315,7.889832704001906
8250DB002084,12077495414,1.4487372602642845
8250DB002818,258069202,6.516386914766242
8250DB002819,2375605975,18.507051621608994
8250DB002820,13439517393,6.047686335334662
8250DB002822,260657493,9.591562845646852
8250DB002823,41169013,9.772950843223397
8250DB002824,260657535,7.314151885611727
8250DB002825,945917498,5.626488971732317
8250DB002829,11251927245,10.230797194875137
8250DB002830,11251890573,6.284872242150612
8250DB002831,38914290,20.522884268409673
8250DB002832,8013525111,3.4776730841278396
8250DB002833,3419388847,13.286603598824716
8250DB002835,247803307,6.33694018246541
8250DB002836,1345323398,3.8029437873026426
8250DB002837,6864063131,8.850704774212787
8250DB002838,9693140667,6.1091620662450525
8250DB002839,11251927240,9.27409389051633
8250DB002840,38916280,12.110551624634516
8250DB002841,11508091551,16.677704823788766
8250DB002842,46659750,6.256664029069462
8250DB002843,13477910131,1.42918871858479
8250DB002844,7522667957,3.1585102765772732
8250DB002845,38980519,10.646599539899096
8250DB002846,9543652579,13.961959211375737
8250DB002847,2956454291,3.717684221576346
8250DB002848,12308282014,4.89286549030437
8250DB002849,7788435813,31.64963158314264
8250DB002850,12308282025,7.73121010288332
8250DB002851,8245686086,6.038163915013733
8250DB002852,12308282030,5.364644276743116
8250DB002853,12308282030,25.160490739167773
8250DB002854,8245686072,4.080647543117957
8250DB002855,12308282023,3.522950533148635
8250DB002856,7788435785,15.917437535834859
8250DB002857,5628990324,7.089474839454298
8250DB002858,10008872925,15.60974727257669
8250DB002859,2956486715,14.590051814074444
8250DB002860,2371385418,7.078069130280564
8250DB002861,8382165815,2.9822027877468895
8250DB002862,789500737,21.59600728991435
8250DB002863,9538747332,5.204982073340754
8250DB002864,2394292037,8.4631700565905
8250DB002865,256112228,9.237316663126132
8250DB002866,10670265730,4.5184355773156195
8250DB002867,2380633769,12.388717773139337
8250DB002868,12497840506,9.518609492740662
8250DB002872,1419944769,8.841637910013254
8250DB002873,81552914,59.45560582586282
8250DB002874,248209785,15.408376432371716
8250DB002877,1519164947,8.955391618654849
8250DB002878,1419944614,33.109969181613025
8250DB002879,41163178,11.392046666253503
8250DB002880,5615058347,48.305573980222604
8250DB002882,11877669446,4.5038849255254645
8250DB002883,1519165069,13.3732532707217
8250DB002885,41163242,20.449306961855
8250DB002886,81552909,50.26356131652145
8250DB002887,1419944769,3.1684696679754776
8250DB002892,13391528061,2.3607425695351907
8250DB002893,258069238,11.39138285643648
8250DB002894,260657493,14.505526346201707
8250DB002895,11332092613,8.003857112882143
8250DB002896,259150925,11.746279518751466
8250DB002897,257928318,6.082436109714585
8250DB002969,1196734025,20.39882742417423
8250DB002970,13113105520,6.885097338934589
8250DB002971,7792736190,12.385047052091338
8250DB002975,248082298,12.30845667096813
8250DB002976,30847240,5.395541652461622
8250DB002977,2626569069,16.069482124703736
8250DB002978,7616911617,3.258445525007733
8250DB002979,10958557067,15.79333555968994
8250DB002995,664127852,14.021782794950722
8250DB002996,11863183525,13.01879456309561
8250DB002998,140405804,11.052723136804293
8250DB003011,43296496,14.406088608993267
8250DB003012,43296496,12.913306830038476
8250DB003014,6394058397,11.818903468853085
8250DB003015,6394058398,8.959744951857552
8250DB003016,2461880177,6.263651397384159
8250DB003017,6394058400,9.262691092020116
8250DB003018,256112275,5.987738725662801
8250DB003019,6394058402,4.517615181514958
8250DB003020,12496934008,0.8902365082475019
8250DB003021,4854442273,11.292235124849947
8250DB003022,12496934036,16.661514393302113
8250DB003023,5643770770,23.054380868520212
8250DB003024,12496934077,1.593240543428695
8250DB003025,12177685318,5.5787326811679465
8250DB003026,1283082629,5.272241971781753
8250DB003027,11329546113,5.40873826799324
8250DB003028,2385319342,3.581258840837516
8250DB003029,6394058399,7.821954825572866
8250DB003030,6395825348,5.747548239240365
8250DB003031,4854442268,7.133882810539631
8250DB003032,2435658387,11.944787033219626
8250DB003033,646572210,3.8015506529986247
8250DB003034,6044772180,8.925318998407562
8250DB003036,6096685601,10.86921789886356
8250DB003037,5640867948,28.28821585604658
8250DB003038,107804217,19.967542419837578
8250DB003039,13009235880,18.446195971517483
8250DB003040,593856503,5.6420915412045165
8250DB003041,643812603,10.395856074682849
8250DB003042,1424141420,9.389443689243373
8250DB003046,657873210,14.415559152623885
8250DB003047,82647878,16.990433031069482
8250DB003048,419267580,7.214594617051648
8250DB003049,2571324936,5.487614296695414
8250DB003050,12892576612,8.176702829747674
8250DB003051,5641777516,9.220845987348607
8250DB003052,2444632210,32.84615377065344
8250DB003053,31907469,8.857311777696447
8250DB003054,60001548,22.217630909902923
8250DB003055,2692468543,13.276736363337893
8250DB003056,480187660,17.39516097930291
8250DB003057,14041451790,6.45303674994154
8250DB003058,14041472201,7.698206821645471
8250DB003059,11065538857,9.955485552055118
8250DB003060,2692468543,22.067483372885302
8250DB003061,19224001,21.807290425724325
8250DB003062,1305578745,16.025212593718827
8250DB003063,1305578861,12.062812366812457
8250DB003064,3645724773,12.409751103747851
8250DB003065,4204657745,3.712402807826946
8250DB003066,9851077168,2.9958211199022404
8250DB003067,12191904109,15.876718893620701
8250DB003068,6013943581,9.693739580196084
8250DB003069,300839469,8.587119962886803
8250DB003070,207069190,19.518065485403106
8250DB003071,1424141415,11.027784248903712
8250DB003072,646524540,6.430456510123742
8250DB003073,742608965,5.273314946507526
8250DB003074,13004502257,26.240035417914896
8250DB003075,12869268621,6.947776887673808
8250DB003076,5613362714,14.837778019050408
8250DB003077,13383538472,18.730777520170985
8250DB003079,2376005390,6.884276811411028
8250DB003080,1536603886,7.476749340864885
8250DB003081,4138930479,9.678777870608373
8250DB003082,6372745510,12.984711884260081
8250DB003084,10866219458,3.138299630463346
8250DB003085,634261972,11.742190743502565
8250DB003091,2607788729,23.303810202560932
8250DB003092,82642049,16.63601106297699
8250DB003093,82642040,3.4730448920279975
8250DB003094,252396446,26.048248715086686
8250DB003095,12724873240,5.509352425032866
8250DB003096,6697267032,14.266576735762005
8250DB003097,6697267031,12.423744523171862
8250DB003098,241984037,10.686271647481853
8250DB003099,656345443,9.007702353366868
8250DB003100,241984040,7.462216967244948
8250DB003101,11175927908,20.80025557671817
8250DB003102,480079673,2.9730373221980364
8250DB003103,13342178917,11.086205984108211
8250DB003105,82642045,13.111662161849619
8250DB003106,3731951521,23.04863663805193
8250DB003107,82642055,11.625184194700784
8250DB003108,82642060,24.2580148703979
8250DB003111,213754005,9.83559340119637
8250DB003114,6400410032,6.0002660439340305
8250DB003115,6400410033,7.5898892256154395
8250DB003116,6400410035,6.102631390236333
8250DB003117,5642732430,11.30121992622846
8250DB003118,11866976545,7.951250514678561
8250DB003119,5642732435,6.983513614137244
8250DB003120,5624464826,8.851070279645013
8250DB003122,696587053,5.305359237536007
8250DB003123,664127841,2.749609420611172
8250DB003124,696587039,5.611960309320316
8250DB003125,32341728,10.6269220556131
8250DB003126,14052504576,2.947276336329961
8250DB003127,1281697392,7.876194883218922
8250DB003128,12850348086,9.076738891755491
8250DB003129,4868724313,11.078374963361732
8250DB003130,2396069088,7.614203012006425
8250DB003131,9364659323,13.191956297291089
8250DB003132,13479551601,16.4717202264859
8250DB003133,2396069023,5.2186479849398015
8250DB003134,262983048,14.406982824104775
8250DB003135,27435887,20.92018117221897
8250DB003136,89052360,6.3834256525546085
8250DB003138,11815510701,5.686195432774796
8250DB003139,13735951151,14.673215500757445
8250DB003140,8433115062,5.750032688555795
8250DB003141,11815510693,8.258681964319976
8250DB003142,481151578,6.710298202046061
8250DB003143,27435887,10.882863002320468
8250DB003144,27436434,7.939317962128712
8250DB003145,12497534422,1.8639312316408478
8250DB003146,701966729,5.08980045263986
8250DB003147,11862311608,5.299766541617183
8250DB003148,9446105376,24.99985186388156
8250DB003149,5643256286,10.353594032509454
8250DB003150,950015786,6.332702205251881
8250DB003151,52570577,7.232316766666607
8250DB003152,5621729170,6.9123880220244285
8250DB003153,14052504605,9.422650114419753
8250DB003154,664127841,30.593949777107305
8250DB003155,696587066,38.058605848742225
8250DB003156,8089505570,11.50028395928679
8250DB003158,11868072338,7.728758093778952
8250DB003159,11866848164,1.7568502473452794
8250DB003160,11866905317,2.0233676170551362
8250DB003161,32341692,3.3796704242884674
8250DB003162,32341679,7.193581728597327
8250DB003163,3339508978,8.788382284955393
8250DB003164,12865661746,5.7035017343148775
8250DB003165,47154367,10.008922297676515
8250DB003166,2295318071,25.48233494979603
8250DB003167,47154314,25.54588838441339
8250DB003168,47154272,26.466174061553644
8250DB003169,6807423054,5.99970070063073
8250DB003171,720802271,9.738524612854956
8250DB003173,1514322879,2.8674691536738646
8250DB003174,419711945,11.036219492576533
8250DB003175,8606840475,4.499191346936344
8250DB003176,2333122245,23.77318029735375
8250DB003177,11510308316,19.105012006308595
8250DB003178,13521313136,21.949170098186926
8250DB003179,11925469662,8.249123350870008
8250DB003181,630493243,6.8055552947113895
8250DB003182,9711723375,6.7009449892666275
8250DB003183,6395732825,7.081940182559048
8250DB003184,12292809483,3.9417304898637866
8250DB003187,4017876610,9.487816669383223
8250DB003188,5527965263,15.235125427079772
8250DB003189,5527965268,4.795106743530568
8250DB003190,475579318,16.54953195606434
8250DB003191,31903937,15.02451321474609
8250DB003192,614656305,17.505420556036487
8250DB003193,8606840476,22.50650325735931
8250DB003194,66829377,13.281647831023296
8250DB003195,13906619182,11.36389109219258
8250DB003196,60791694,6.695759512446451
8250DB003198,180134031,9.234327183356013
8250DB003199,47154281,30.157485741198084
8250DB003200,3745515181,12.276478512205724
8250DB003201,47154371,9.939857798197052
8250DB003202,300839487,4.444109442976865
8250DB003203,3841542868,13.62916874475133
8250DB003204,2504314791,7.59185069206678
8250DB003205,480013894,5.728580001227363
8250DB003206,480013938,4.7530572158063
8250DB003207,8807299238,12.086128811575872
8250DB003208,480100437,23.350451238956666
8250DB003209,480100390,13.423015073906303
8250DB003210,480100441,5.175403965224668
8250DB003211,8807733061,39.865087514432865
8250DB003212,7781746428,19.630975842993436
8250DB003213,5652324509,9.800946740379553
8250DB003214,7682703146,16.237366123245575
8250DB003215,5628162031,21.185808145470308
8250DB003216,252414585,13.439827887016092
8250DB003217,13522498004,8.412049596843454
8250DB003218,13363020713,5.489680791388668
8250DB003219,12181907508,0.7285508069451372
8250DB003220,13512131178,6.707151954797273
8250DB003221,14020332864,15.082634626962143
8250DB003222,13520392532,1.7740171466314947
8250DB003223,13520307261,7.097977894056
8250DB003224,11870105754,5.084838633973599
8250DB003225,13478242008,5.5076401706254146
8250DB003226,958739040,6.817041426742861
8250DB003227,5628162031,7.8517159396792655
8250DB003228,2436329407,21.051740582315254
8250DB003229,13298349402,43.328854715619435
8250DB003230,11998083624,13.026532657053263
8250DB003231,4092592797,15.761599849606347
8250DB003232,480100502,8.415580431229627
8250DB003233,480100388,56.8228306307524
8250DB003234,480100441,11.133876847801488
8250DB003235,11704213149,17.20280526517991
8250DB003236,13088777180,21.395924186151362
8250DB003237,701760781,5.604246881297925
8250DB003238,10674615939,21.277786307616214
8250DB003239,300838817,19.174471306731007
8250DB003240,8449896969,59.64848645782379
8250DB003241,13324234327,13.167117351496321
8250DB003242,11704785760,12.809967273118653
8250DB003243,664127767,30.887079301753793
8250DB003244,7591496630,8.018123730392887
8250DB003245,5652324503,11.19475823607191
8250DB003246,1411222430,15.531948354712299
8250DB003247,534918756,5.09513675315004
8250DB003248,7721649985,11.773234272247295
8250DB003249,11863052721,13.852057815094636
8250DB003254,9370279535,10.424053174480674
8250DB003255,52570598,15.162603930405169
8250DB003258,12871350142,22.14019032120911
8250DB003259,47204599,14.914557240439722
8250DB003262,4294928558,9.383874236657244
8250DB003276,7710243419,16.230923950163813
8250DB003277,12884644978,26.01996916313919
8250DB003278,6970225181,11.708270307076772
8250DB003279,781810250,17.23099506655163
8250DB003280,60464692,5.775655657530162
8250DB003282,60464697,7.48831853531239
8250DB003283,2383341535,8.658806868146815
8250DB003284,12829808025,6.445362118653368
8250DB003285,6970225181,7.7076557018527
8250DB003289,7710243418,17.116067101377226
8250DB003306,4214471321,6.055369034863491
8250DB003307,82629068,17.3333485144209
8250DB003309,5628154524,5.52801807481962
8250DB003310,795849761,9.120506910843623
8250DB003312,644625709,21.97214491776796
8250DB003317,4898077809,24.34675768568606
8250DB003318,9370875495,9.128145138503378
8250DB003320,5938909608,8.494720378088974
8250DB003321,8137184160,8.917480843955994
8250DB003322,13278050653,4.040069711214547
8250DB003343,13576415018,26.35217611859027
8250DB003344,47154161,32.069516884175286
8250DB003345,244495593,28.508583354899123
8250DB003466,3384320391,5.508771134972378
8250DB003467,38903596,4.2078173439019295
8250DB003469,38916887,11.441982835821628
8250DB003470,644625690,4.412911132440801
8250DB003471,782389531,2.9331741476095754
8250DB003472,1113009992,5.310983654832934
8250DB003473,3345680251,3.3069284367167313
8250DB003474,13847145810,1.8626991439673417
8250DB003475,2868134180,14.400476864297474
8250DB003476,2613339655,5.916419214865091
8250DB003477,2613339603,3.437910580258791
8250DB003478,12829808028,9.915871387617697
8250DB003479,534000714,9.741776067577852
8250DB003481,761179562,10.029855180021121
8250DB003482,13573808512,3.7791777230739427
8250DB003483,2868134182,14.508452680127316
8250DB003484,51984625,7.202792665225488
8250DB003485,3345680273,3.656651854378265
8250DB003486,534577560,8.404349308690774
8250DB003487,1692045950,6.544618770222697
8250DB003488,12710274197,10.464707530675653
8250DB003489,12710480757,7.643801436215132
8250DB003491,12710600292,6.943563798293181
8250DB003492,5637960252,6.479507192180909
8250DB003493,43543070,8.294949938554971
8250DB003494,12712758765,12.957818823750003
8250DB003495,81389916,6.919996486970584
8250DB003496,7156861464,9.456442055731006
8250DB003497,81389931,3.2974216330056603
8250DB003498,1196930384,3.6176951431700366
8250DB003499,761218296,6.2234120697768205
8250DB003500,684197921,1.973584474379114
8250DB003501,81390007,3.4554642561278053
8250DB003502,1022704878,4.006559189659124
8250DB003503,81390023,2.4013773004522307
8250DB003504,945017603,2.96079817243893
8250DB003505,7948978656,1.9770375778386502
8250DB003506,81390139,2.591849882070764
8250DB003507,81390179,20.394972323185073
8250DB003508,14065936855,9.652983942200875
8250DB003510,91408760,3.227680845204757
8250DB003512,599131067,3.8354460371285706
8250DB003514,1507309654,5.952616403104385
8250DB003515,812243610,7.635615350260431
8250DB003516,91408760,3.62589936301862
8250DB003517,945065364,2.4358913935743938
8250DB003518,81390174,23.97371861286634
8250DB003519,5511522982,9.269078058167032
8250DB003521,7948978668,5.544063612801511
8250DB003523,81390023,11.279762013856304
8250DB003524,13872067043,12.762093989442382
8250DB003525,81390004,1.3618531128646543
8250DB003527,2368340205,11.807196427611931
8250DB003528,13003358079,3.3012225904974013
8250DB003529,3414996002,4.765902015163055
8250DB003532,12710937028,1.7438413110618287
8250DB003533,12987743682,3.750548196370298
8250DB003534,2436329326,4.298829448908409
8250DB003535,13463031173,8.214713287813789
8250DB003536,13463031155,1.0670533510683031
8250DB003537,13462741693,9.489392023382402
8250DB003538,11175183253,8.957840374731376
8250DB003539,5296074219,6.258004929738009
8250DB003540,625667283,3.8108957852071317
8250DB003541,5650653492,13.417183942789181
8250DB003542,12176965020,13.14622986265563
8250DB003543,6617141865,17.688301093728384
8250DB003544,6617141853,5.352552810971782
8250DB003545,2375619820,17.540206558156047
8250DB003546,10295111863,16.768250879086754
8250DB003547,219327543,10.912711866491975
8250DB003548,243756478,14.095760016276243
8250DB003551,219327543,10.884190729674291
8250DB003552,221918231,7.328278355064925
8250DB003553,311289649,5.381283105437171
8250DB003554,247290563,18.422712780572052
8250DB003555,4960538847,8.483224676984099
8250DB003556,13537285648,9.92686039301675
8250DB003557,13463123748,2.5001476818420816
8250DB003560,13462468636,1.791715536992634
8250DB003561,13462950595,12.14243539041026
8250DB003563,11262407060,5.143440557905153
8250DB004086,12734477358,4.075523199639649
8250DB004087,4699138851,5.555879314617449
8250DB004088,2385830812,4.548221151536398
8250DB004121,2385830833,11.210726894518578
8250DB004122,4699138851,4.370397076053105
8250DB004123,12734477356,9.778177719664736
8250DB004124,13750262458,18.57256566366645
8250DB004125,12880569826,19.146600457271514
8250DB004126,686568567,9.358307764237884
8250DB004127,89052509,9.452229972304444
8250DB004128,7015923658,6.22081711477569
8250DB004202,89052518,17.443116235172674
8250DB004203,89052506,6.198440935703115
8250DB004204,89052491,24.65875199039034
8250DB004205,89052485,8.615115343407755
8250DB004206,9910513553,11.04362500676238
8250DB004313,13375893313,2.196746918975258
8250DB004332,247728281,23.823438444098624
8250DB004333,5614527820,8.949756776007675
8250DB004334,4437990014,11.670260718306219
8250DB004336,7717803316,5.175879259213611
8250DB004337,691061725,16.287513827605416
8250DB004349,38903203,17.578357577359004
8250DB004350,12497062375,4.577924353614607
8250DB004352,1419916355,8.514057751044984
8250DB004353,1419916362,6.87413342808236
8250DB004354,13906619187,24.155115336647608
8250DB004355,1419916355,8.897437453171657
8250DB004391,5895295345,14.85939827980315
8250DB004393,13451177696,3.2906571823123625
8250DB004395,13447664874,4.976880749208956
8250DB004397,7523996500,18.97458507483747
8250DB004457,2368203479,5.271076847901882
8250DB004460,944008444,7.662292705091736
8250DB004462,480100408,8.342481798352464
8250DB004475,8125164438,26.48708470515582
8250DB004477,1691843999,1.3183371432958448
8250DB004486,13391057758,1.1582001070353534
8250DB004565,11863141193,24.01024048934258
8250DB004566,5667477805,10.138835821796357
8250DB004567,11850730898,8.07892582216288
8250DB004568,11850730898,11.009831819277348
8250DB004569,4631122329,7.1669187236450185
8250DB004570,4631122139,13.555837689579443
8250DB004571,47153993,14.264033876494526
8250DB004582,49979330,7.033589633322775
8250DB004636,4755152434,8.679961950649435
8250DB004637,43296388,8.940294772607215
8250DB004705,6400410024,10.942504594801985
8250DB004707,49979348,9.577038523296649
8250DB004708,49979371,2.922054460459589
8250DB004709,11034513487,1.6207227141481864
8250DB004710,11034560260,3.292791861814847
8250DB004712,872735792,15.279558414047111
8250DB004727,47154553,8.58280717850881
8250DB004728,1697661190,2.777518440410592
8250DB004731,12391619166,4.4082288038742545
8250DB004732,480013998,20.08560786737023
8250DB004771,13634943913,52.061843246835494
8250DB004772,2423298525,14.589315486520176
8250DB004773,10963265776,5.427015600495956
8250DB004774,1412899428,8.12194180609382
8250DB004775,13375837269,18.20480285465659
8250DB004779,1691844048,5.1999508504864895
8250DB004830,213754016,5.086308509040438
8250DB004847,10627482067,14.564474647877212
8250DB004848,31901567,10.024750261948318
8250DB004952,5895295344,13.018955224426586
8250DB004953,4032041387,10.186211495922523
8250DB004981,480110146,53.97294895038897
8250DB004982,13520392534,1.1687307777694875
8250DB004983,6013560275,12.127393284045198
8250DB004984,4017876629,3.714620874732461
8250DB004987,13619252610,7.847717900770636
8250DB004988,49979266,4.354440337086992
8250DB005013,5536003912,4.918915918467201
8250DB005014,1692412587,5.608413361968491
8250DB005015,603799441,5.583562996565529
8250DB005016,11635890453,9.646276435802658
8250DB005032,3427572763,11.212491051268376
8250DB005045,1420119632,8.846778901840098
8250DB005046,9335671228,11.161019594741276
8250DB005047,27436321,27.551579002804313
8250DB005051,2626569069,29.20996009082552
8250DB005052,7523976529,7.397702650015459
8250DB005090,1769698228,11.047377104954755
8250DB005105,252396446,2.7101533921299965
8250DB005106,12712795692,1.2876574975044983
8250DB005127,4943665628,6.338870786871812
8250DB005128,14052504602,5.64400292806825
8250DB005142,12777354690,0.9039536019409437
8250DB005143,38903203,10.534043863942724
8250DB005171,2956454239,5.840758533057296
8250DB006006,38903245,8.25928930539827
8250DB006007,12710600305,7.964311208802724
8250DB006041,4265988393,4.815024336408541
8250DB006082,82641934,11.42680995891065
8250DB006085,599217130,7.261343110464943
8250DB006086,6400478291,3.9657833650774807
8250DB006098,26795850,4.880514536760201
8250DB006100,66829246,15.690693884785608
8250DB006103,82641932,3.861876469411001
8250DB006196,12326940185,1.9419222230445263
8250DB006197,12326940186,7.460763979117616
8250DB006198,247804233,4.717783591885205
8250DB006199,247804232,5.023526704222699
8250DB006200,6366489190,5.516186667350268
8250DB006201,10124778921,7.689886645338031
8250DB006334,31906652,11.743535641734745
8250DB007056,7591496634,19.72025376766058
8250DB007057,944008429,11.701160212485199
8250DB007176,11251861104,14.170099720234226
8250DB007226,6537910103,6.021624422434197
8250DB007290,280431774,5.78607489924235
8250DB007291,1692412693,2.168663305337854
8250DB007317,13462780847,2.674419371136915
8250DB007323,1263851684,15.33778135874542
8250DB007324,12884644978,19.373726432329853
8250DB007325,9528602239,6.288126037627769
8250DB007326,31903689,25.6548910929858
8250DB007330,6537910102,4.572074601225317
8250DB007353,47154525,8.354875614289153
8250DB007360,13440455165,6.175134229556175
8250DB007361,11863202818,12.090163139976056
8250DB007362,1708888623,11.420927019818183
8250DB007372,10624127679,8.311850597902383
8250DB007373,52569942,8.285488611274651
8250DB007375,38903238,15.807759642795904
8250DB007393,1419944616,12.90241535205168
8250DB007394,1419944617,16.38558375438284
8250DB007415,1692024356,7.0212144762424735
8250DB007416,12497082380,2.7481002979330817
8250DB007417,1692024373,6.531252240412226
8250DB007418,1332566670,6.098377013132514
8250DB007419,9403916626,6.7707445053785555
8250DB007421,12176647784,15.507619205400072
8250DB007422,9403916626,11.597011142495399
8250DB007472,664127790,9.450866041584112
8250DB007553,12572430919,8.005744000618732
8250DB007554,11925721636,9.207598346419669
8250DB007556,13537285650,7.427228478702903
8250DB007567,12388551392,1.9688689556006524
8250DB007584,12407908129,29.042836432669713
8250DB007634,6681794782,4.828349070465674
8250DB007635,6681812410,8.541726191448927
8250DB007636,12428711038,12.652393266783738
8250DB007637,6058822186,6.732795244139365
8250DB007639,10820477586,6.8141292786265115
8250DB007640,954945670,4.015810148355993
8250DB007641,4696125737,19.893084898103993
8250DB007642,12175903044,36.808384012909514
8250DB007643,480110190,26.437214746701255
8250DB007644,480110190,10.817816143780286
8250DB007645,9415834675,34.2544823117105
8250DB007646,12175903010,12.479602044691935
8250DB007651,5628153607,23.036678814539176
8250DB007660,31906673,8.698440227107879
8250DB007666,213753970,7.656975898813226
8250DB007667,213753980,23.02798141471913
8250DB007715,2840519594,3.0725283315912746
8250DB007716,243189072,17.067076291670816
8250DB007717,2840519599,2.735756991289874
8250DB007718,7522682222,2.3779327501103307
8250DB007719,31906500,11.771898704650937
8250DB007720,5171379482,14.719053462820739
8250DB007902,2371385411,8.263791526493277
8250DB007903,248082030,19.18486874257991
8250DB007915,2371385414,6.2707188079431875
8250DB007916,13390930126,4.499172353018191
8250DB007918,12407908140,17.16851281880679
8250DB007919,9699060038,16.520789332515633
8250DB007920,593898054,26.627453296276997
8250DB007921,12176647784,7.874354398227661
8250DB007922,9403601555,5.0664322439351395
8250DB007923,13367090518,3.053488951330335
8250DB007949,6414636446,2.1626264071167127
8250DB007950,59665104,6.42067785421053
8250DB007951,2463954295,7.462133056286603
8250DB007962,13057198379,0.4672078123348115
8250DB007963,11674142890,2.9060290495910945
8250DB007964,11674142889,1.8073892906870261
8250DB007965,12915696704,7.678578426575648
8250DB007969,31901564,7.832321803876974
8250DB007970,9403916649,9.130762988434828
8250DB007971,13906619187,24.696575520102805
8250DB007972,1419916312,11.887720718120512
8250DB007973,1419916364,11.2512803404107
8250DB007981,13364144117,4.109219897138795
8250DB007983,38980481,11.807161672836562
8250DB007984,2462189801,3.6678365176189036
8250DB008220,12850558084,7.307830623690499
8250DB008221,5574245345,5.333911858264198
8250DB008222,7445103770,2.2919776729840127
8250DB008223,12995207456,6.351897055635812
8250DB008224,7445112200,1.3836465417141992
8250DB008226,12690479560,4.901206130818078
8250DB008227,12995207474,14.577166918885688
8250DB008228,7445103689,1.3121170068941383
8250DB008229,12698694327,2.6870110301822216
8250DB008230,12698787830,3.5941599613245727
8250DB008231,12698768804,3.7885349345014325
8250DB008293,9370279535,11.511488521079281
8250DB008294,1039134365,9.019101364051885
8250DB008295,13455444987,4.549082836986893
8250DB008374,60940353,10.561021007651961
8250DB008413,12710937013,10.226748660485432
8250DB008414,12987743661,4.792045884846217
8250DB04558,4046852615,23.835592189006217
8250DB4557,13205336886,0.15213807815966907
8250DB8232,4046852629,10.854011278138737
8250DB8233,14024034554,22.194765407062565
8250GA00281,2827789336,2.4548962255767157
8250GA00282,2827789336,12.535642147636667
8250GA00286,2827789316,15.047160786391736
8250GA00287,2827789316,7.137569196555394
8250GA00291,955402780,2.996258802738672
8250GA00292,4266035740,2.1183968408810925
8250GA00293,12777354700,3.9931434994361554
8250GA00294,12777366801,21.69940383321716
8250GA00295,13369937696,2.026484134178231
8250GA00296,4405871974,8.955658482685768
8250GA00297,2836506540,24.80729008517208
8250GA00298,2836506535,20.903742854342784
8250GA00310,3062939732,3.606244559740859
8250GA00311,3062939732,7.945726736184634
8250GA00313,5536014454,10.827941276132776
8250GA00314,5536014454,20.724354312701454
8250GA00316,9374914908,20.043874981951134
8250GA00317,13379063179,15.498909045094265
8250GA00319,1016097646,13.233854230129278
8250GA00320,412189694,21.585444834858894
8250GA00322,13448346937,8.949417129251541
8250GA00323,13444911127,4.771664630128924
8250GA00325,11508515541,3.7460124460247837
8250GA00326,11508515542,10.592051036142692
8250GA00329,11553830003,31.634366987683375
8250GA00330,13726038843,24.66000258269676
8250GA00332,13158112671,1.4711985627100341
8250GA00333,13158112675,12.002623839835687
8250GA00335,954862503,4.244219445003685
8250GA00336,954862488,5.505425603007538
8250GD10091,132218428,9.68278152105832
8250GD10092,1762956653,11.025140495437874
8250GD10093,12753176894,8.315390883829508
8250GD10096,8137199835,7.974306333102338
8250GD10097,5148176381,12.833386209366504
8250GD10098,1265109360,5.245199175910144
8250GD10158,5150729789,9.713408334604416
8250GD10159,248741422,7.919457609306395
8250GD10160,13363408208,11.054033993200093
8250IR0014,4110730183,0.8860689770984012
8250IR0021,9253083664,4.089782794079743
8250IR0022,10295111723,4.562578790231915
8250IR0029,1712818794,5.342694806399557
8250IR0030,7058951404,3.1222887656766845
8250IR0037,9253040973,8.378669576384109
8250IR0039,13345528931,1.6322423302659315
8250IR0042,12878960728,4.109218947652849
8250IR0111,9253099080,4.946070122681848
8250IR0124,908717207,1.0161207619900328
8250LL11948,38937672,14.583947901848504
8260DB003112,8174423927,13.076509266877895
8260DB003897,10824399516,3.3600349857279848
8260DB003898,10822326489,10.43129026749537
8260DB003899,8393591957,9.291302318458476
8260DB003900,10829478482,12.403650224570082
8260DB003901,10833614766,12.941633379278572
8260DB003902,5077373330,7.414454628879479
8260DB003904,12177944700,46.67760328540115
8260DB003905,2453033557,6.36082711404195
8260DB003906,1933652219,3.908559121418165
8260DB003907,10833596708,5.6637512432235555
8260DB003908,8394865569,18.20045730221513
8260DB003909,32564151,9.459404972308286
8260DB003910,8715097775,14.157784058679532
8260DB003911,10929027456,20.963418351493505
8260DB003922,11817223942,7.732565406108233
8260DB003923,8715097777,12.81708521797339
8260DB003924,13188459403,8.91444929211902
8260DB003927,8400155071,13.660824835452935
8260DB003928,10833596708,19.244438449549406
8260DB003929,8666222974,10.016587545626583
8260DB003935,10913855340,14.172434942986007
8260DB003936,419123884,12.444173650821192
8260DB003938,10829526438,33.87430546299838
8260DB003939,8393591865,38.72103879698532
8260DB003940,10824617808,24.192046689249686
8260DB003941,688027722,9.866346806452986
8260DB003954,4031633941,2.4232870286925676
8260DB003955,3366118170,8.204944904428675
8260DB003956,4031633942,1.8082114617234417
8260DB003957,4031633946,3.3952657745428922
8260DB003958,4031633944,2.3849539362773764
8260DB003959,1558754514,10.672227648942936
8260DB003960,4031633960,6.396932456095308
8260DB003961,414650139,8.388492933861832
8260DB003962,4031633957,4.737233830718406
8260DB003963,4031633955,6.09371275972257
8260DB003964,6803062705,11.853857735082853
8260DB003965,6803062699,19.28506668244759
8260DB003985,6803062699,31.834810424861242
8260DB003986,6803062705,12.937916630644441
8260DB003987,4031633954,7.881806513109866
8260DB003989,4031633956,9.54727762131683
8260DB003990,4031633961,10.513705969957098
8260DB003991,4031633959,11.357474360834749
8260DB003993,4031633925,8.238579986457605
8260DB003995,5578183452,2.4689294145355816
8260DB003996,4031633924,1.3413756583382763
8260DB003997,4031633928,1.4160141811491171
8260DB003998,4031633947,10.248958377532622
8260DB003999,4031633934,6.27551957774816
8260DB004000,4031633938,8.93536276166487
8260DB004002,4031633932,5.749370491473511
8260DB004003,10816279697,13.265481972226729
8260DB004404,9795514756,10.425457664809949
8260DB004405,4031633929,7.910872604645842
8260DB005112,4031633933,4.159686182805228
8260DB005118,635247503,10.744968192098181
8260DB006156,414650117,10.087278569570502
8260DB006157,26452582,4.864983969876334
8260DB006158,132021527,8.52278770043179
8260DB006159,391538880,6.9353983871329055
8260DB006160,412385390,5.844942429730747
8260DB006161,417878416,20.13305239313353
8260DB006164,9505957051,7.496036675080033
8260DB006165,2698151791,25.11266373631618
8260DB007079,8400278922,4.143937881901031
8260DB007081,8666222961,5.987004228080273
8260DB007084,10901416012,7.284602196558029
8260DB007085,10901416012,13.689559405947486
8260DB007089,8666222961,9.847487530967873
8260DB007091,10859102025,5.38395125711717
8260DB007108,2453033566,7.824238195961404
8260DB007110,10833614767,20.805639046441403
8260DB007234,4031633948,5.6589416167415685
8260DB007313,132021503,16.635791827092767
8260DB007314,132021504,6.532412068237723
8260DB007565,8416007396,7.58568485376756
8260DB007712,132021530,9.749640810500958
8260DB007744,319699740,7.726247002840786
8260DB007747,319699757,15.93655866236662
8260DB007764,136520137,42.019653203858326
8260DB007765,136520136,24.68033622019759
8260DB007766,327127935,4.99108982512252
8260DB007767,4031633930,10.337134959800151
8260DB007770,26452543,16.823651847669673
8260DB007771,12277153536,6.440061918766295
8260DB007777,11740814,10.665939748365817
8260DB007778,11740813,14.775891707569803
8260DB007785,359900881,5.009132902768827
8260DB007788,8402462117,19.526440788789586
8260DB007789,10934038366,2.779069966626503
8260DB007790,10934038363,1.471812781814001
8260DB007794,8395278360,3.919760473209799
8260DB007795,419138343,22.977494143573114
8260DB007798,12652471,8.532854710589435
8260DB007804,9386223243,8.41913098856244
8260DB007805,11271195863,5.339333366895515
8260DB007811,8406333476,8.195131431308225
8260DB007812,327127937,11.203873901421002
8260DB007814,8395278367,1.5987681807194583
8260DB007815,136523489,5.378298081939855
8260DB007816,136523478,6.233743361042418
8260DB007817,136523476,4.33228140405167
8260DB007818,12154901778,116.45245030380295
8260DB007819,12785397995,5.683428878103647
8260DB007820,11302375328,2.64002181917507
8260DB007821,11302375329,5.969292270588603
8260DB007822,12154901778,100.88742989909264
8260DB07758,4031633944,4.095625676772834
8260IR0061,13377141415,2.428228916189595
8260IR0062,5578376474,8.38466227457112
8260IR0063,4521857536,4.704093486110984
8260PB10050,4031633944,4.090078324598818
831000001,10357011301,5.009491526868394
831000024,3259842379,3.5945354945968986
831000034,3688665948,2.9432658171612514
831000043,8742420787,5.8096908612962315
831000062,11098380885,15.104732207646821
831000070,13391096,17.904552866952354
831000111,10277800787,12.466261920707932
831000112,10601728953,5.554339124237075
831000116,7740668219,8.714530038257227
8310B1003201,7649880051,18.642758606808872
8310B1006901,2299519949,10.942109319397595
8310B1007001,12681342059,28.717414738496277
8310B1009601,10606290557,11.602426965249549
8310B100971,10653017562,13.275469699617016
8310B1009801,12648281657,13.120653190263367
8310B1009901,10607134096,13.400556153668367
8310B1010001,12623473991,13.580496849733253
8310B1010101,3281710587,11.609649276198011
8310B101031,12285137,11.74727806133585
8310B1010401,12649748983,28.404309590858478
8310B1010501,12648375485,6.436187125457133
8310B101061,11127165214,13.366103195777635
8310B1010801,12587549927,47.878644531165705
8310B1011701,8727946705,3.213778577915406
8310B1011801,12465953808,1.5265953300632045
8310B1011901,12558612972,2.9200174688168885
8310B1012001,4687198549,4.104592985088763
8310B1012101,12422450265,6.887003207129631
8310B1012201,12639012200,3.2250548134950363
8310B1012301,30843039,15.154199975072332
8310B1012401,30781980,6.823950278512573
8310B1012901,4312575977,21.982161612191735
8310B1013001,26673757,32.83222089155424
8310B1013101,4304539152,25.32152196787232
8310B1013201,268055787,11.060225294473005
8310B1013301,10547834118,3.6803019154794243
8310B1013401,10316840870,7.174734112693426
8310B1014101,13391069,14.731693855103403
8310B101481,7740668220,11.69388183724782
8310B1016601,12633877610,15.870668049664072
8310B1018501,10606305275,3.371825658509799
8310B1018701,10536815959,4.733355413487718
8310B1018801,10547829204,23.637208120241226
8310B1018901,268055792,16.929781383208777
8310B1019001,26636606,20.074541207614722
8310B1019101,26673756,33.68669719725506
8310B1019201,11786686588,11.959733185339068
8310B101981,12552210832,4.6390945322484205
8310B101991,254907538,11.51176676190697
8310B102001,254907530,12.245157118040584
8310B1029301,1504048099,7.547378117656592
8310B1031101,8388717409,12.399216566108462
8310B1031201,12515883698,7.13282255658677
8310B104631,7335278918,9.942165954480028
8310B1046501,4275638213,5.824382087923743
8310B1050201,30843410,10.245745244819723
8310B105591,6010349768,3.8322696690973808
8310B1056001,9691651423,2.8861169612840336
8310B106521,12658463317,7.604883241996854
8310B106531,12658463318,20.552613718908322
8310B1089801,99430292,6.021951613916531
8310B111691,99430292,6.4705912167676365
8310B1235401,30842328,14.637203480380139
8310B123551,10604055980,4.100430482652164
8310B1326301,7737958605,7.330865152270028
8310B1328401,12681308495,29.27931116397239
8310B1329201,12359618,15.69982902182386
8310B1330302,11702592539,33.00151212310996
8310B133151,10543766059,11.731395949871859
8310B1332801,8363052670,14.08209986108052
8310B133331,12515883691,5.881549418363267
8310B133371,5672348430,9.272004198494123
8310B1333801,5758196401,4.7276597214791805
8310B133601,12553756430,6.140712428416352
8310B133611,4687198460,11.47843174867132
8310B133621,4687198459,18.225657449546517
8310B133631,5914258,11.167609926935924
8310B1339001,13390964,9.284355655538926
8310B133941,10604275102,21.355877532639308
8310B1340701,12587549927,44.18628075562645
8310B1340901,310697677,17.58975320197672
8310B134111,5291582492,16.757531838802194
8310B134121,8727957360,1.4554633003339492
8310B134261,12549262692,1.3801745728423187
8310B134271,12553736476,4.473968702978107
8310B134621,9104712058,9.250708910090522
8310B134631,4687198166,1.7389368330157047
8310B134651,4687198166,8.64441454215549
8310B134661,12552234162,3.4285575062094367
8310B1347001,1240901170,11.92486446330287
8310B1357301,12623473998,7.221855730579479
8310B1369801,10314572153,15.775448554755426
8310B1370901,12587741944,2.457671630950657
8310B1372401,12468739445,5.7933560735866765
8310B1378501,11100250857,10.619719503231826
8310B1379301,616426061,10.540912781109848
8310B1379401,336145192,17.861153381423858
8310B1524201,3532214365,11.05785023136392
8310DB003328,856906686,8.04202655652501
8310DB003329,4338319399,13.95938101262441
8310DB003330,259302256,6.102206900452057
8310DB003331,137963520,13.80634065882872
8310DB003332,3937817504,3.1509908417594543
8310DB003333,263061100,7.871697687457782
8310DB003334,12228378809,9.839240665958688
8310DB003335,137963525,9.666267815290778
8310DB003336,4335660125,7.646987285001637
8310DB003337,4338319436,17.065610536164606
8310DB003338,4380538503,7.887555575596164
8310DB003339,2384504,7.070793249852486
8310DB003351,12618028794,5.389250990766641
8310DB003352,12228417803,5.947980902042093
8310IR0019,3459453839,7.505507080662935
8310IR0083,894717272,12.125623758284016
8310IR0084,3014438696,4.022376552637743
8310LL10462,2299520057,4.794107130925213
8310LL10463,2372325303,11.68040864823917
8310LL10465,2414448225,6.68878208809259
8310LL10469,12291053,6.0565538469313625
8310LL10470,2414448225,11.83798393731557
8310LL12636,254514154,4.027218326026934
8310LL12637,687662891,17.577353638832104
8310PB002612,4148002236,3.581884846346444
8310PB14418,12359753,5.530634982139696
8320DB08078,1420913885,8.533711762003197
835000001,2549478290,420.2149395187719
835000007,1005375933,1.7893269230143702
835000019,2549478290,428.12342581565684
835000024,10159733447,8.848737343460385
8350B102301,763624902,965.0889607394595
8350B1062701,763624902,1486.9863547378168
8350B1333401,4222319,3.5884241672846287
8350B136181,9788309443,6.169533345764653
8350BD008263,3310241000,9.077969291254666
8350CO11016,316490644,14.884335014277326
8350DB002113,322707038,40.18797243763472
8350DB002962,11714222284,7.175868374971682
8350DB002963,686561020,10.961721708370419
8350DB002964,322713857,2.0605039589111147
8350DB002973,9846677299,29.385731083344456
8350DB002974,13819205921,16.04859786948769
8350DB002993,686561020,8.539019402979704
8350DB002994,3311946873,6.326570882147234
8350DB002997,534000729,6.892008697637068
8350DB003045,5642747163,5.1202188103230775
8350DB004011,4222341,10.072055219313508
8350DB004012,5345025784,15.653126945359181
8350DB004013,7781494090,19.228675351126135
8350DB004014,3461868847,14.814907051652959
8350DB004015,5351035972,3.397757465309988
8350DB004017,291658367,20.148412902393616
8350DB004018,5347615024,10.550332982149898
8350DB004019,5351036203,11.84757556424638
8350DB004020,5351035928,15.000204108923192
8350DB004021,267009025,14.973361932675784
8350DB004022,273216842,3.613208169088064
8350DB004023,9929099958,11.651609203334976
8350DB004024,8739883874,2.256819280893893
8350DB004027,6316821043,5.161824916057009
8350DB004051,6313470226,6.295589269154083
8350DB004052,6317441309,14.680822536198876
8350DB004054,10159733432,3.678202411324699
8350DB004055,3285847765,8.500420252115504
8350DB004056,3153533489,11.038420043007983
8350DB004057,9929099974,14.037371434325232
8350DB004058,5351036031,11.879642498349199
8350DB004059,5351036240,13.724101664874826
8350DB004060,5347615024,20.683440273201395
8350DB004061,4222331,22.224838948004777
8350DB004062,5351036330,3.9698480413255965
8350DB004063,5347615258,8.689909032809597
8350DB004064,5351036045,19.060134456419608
8350DB004065,7781494091,18.35585599023465
8350DB004066,5345025784,10.20999507317273
8350DB004067,291658333,29.672744976316263
8350DB004068,4222341,22.40265306772126
8350DB004089,3385998614,25.597714451088002
8350DB004090,4695156003,13.381600046031405
8350DB004091,2364548859,7.877063420853036
8350DB004093,12839782542,2.295661238458741
8350DB004094,81390701,5.441579258104293
8350DB004095,13857724304,3.1028771285988657
8350DB004098,4222334,21.063672891883154
8350DB004100,5351036259,14.221364108453926
8350DB004101,7781494093,6.3747685032147015
8350DB004102,5351036221,7.721026622219028
8350DB004103,1657682329,18.820054279445355
8350DB004104,10204978379,6.574963401455565
8350DB004105,12734707835,4.214128256374707
8350DB004106,12734710897,4.331249362793341
8350DB004108,133138135,7.616033582609762
8350DB004109,766032728,5.385921832497445
8350DB004110,1418013351,5.258077679699511
8350DB004111,12734710848,6.464759548731745
8350DB004112,1891532950,14.649623734043534
8350DB004113,81390733,23.069426673513156
8350DB004114,5148013811,5.5789603518968285
8350DB004115,81390701,15.797954722103636
8350DB004116,2364548810,3.152184502610839
8350DB004117,403800895,1.3402519157181987
8350DB004118,2364548859,4.782578286600207
8350DB004119,4695156003,16.761930116900928
8350DB004120,3385998614,23.948390424316543
8350DB004129,3266028764,9.357627027713784
8350DB004130,89052609,4.240415887008172
8350DB004131,1708888589,6.552847832566374
8350DB004132,89052717,12.630436160559862
8350DB004133,3461868847,22.766428879344648
8350DB004134,1418000054,4.997936464818584
8350DB004135,1417999926,14.809070312683279
8350DB004136,12154384921,11.392675760430915
8350DB004137,1417999322,12.06300941022396
8350DB004138,8580964780,21.83881272164679
8350DB004139,1417999221,20.590097700939207
8350DB004140,1014476473,12.224099226051374
8350DB004142,8580964790,9.192518455664734
8350DB004143,11332872621,18.741525383240226
8350DB004144,1417999229,10.813599562368426
8350DB004145,8580964780,20.554594892859033
8350DB004146,1417999368,18.017807763192398
8350DB004147,322666660,31.086420972988297
8350DB004148,1417999753,10.368263250007404
8350DB004149,1417999887,12.752396558460688
8350DB004150,1418000168,4.086581860445584
8350DB004151,8250322543,13.470757415450361
8350DB004153,13721032794,5.988631414106466
8350DB004154,13174654219,7.254898726387695
8350DB004155,7170447986,14.329936177086333
8350DB004156,13892215412,12.67673215995996
8350DB004159,13669938421,4.658247621024181
8350DB004163,89053075,17.889679198260403
8350DB004167,899540252,8.407532032451556
8350DB004168,899540201,7.698440607057042
8350DB004169,89053106,7.428764267192769
8350DB004170,9760059608,6.235758347059816
8350DB004171,322701969,9.870978708041026
8350DB004172,686562745,8.242861129454075
8350DB004173,132509949,3.2710395228000166
8350DB004175,13174282926,11.272345004934804
8350DB004176,5614103974,17.828205959632093
8350DB004177,10219091747,16.01540275824019
8350DB004178,132536904,16.83203822367304
8350DB004179,6312652682,12.441980934085077
8350DB004180,132509948,26.294306114054713
8350DB004181,1896531126,7.645647372454765
8350DB004182,132509968,24.40738732785272
8350DB004183,89052885,3.4930824515132444
8350DB004184,1012418771,22.59722743745669
8350DB004185,244223535,15.725694344129595
8350DB004186,4699029765,10.105438513275475
8350DB004189,2384794560,5.147768106475886
8350DB004190,132467231,7.488734023849002
8350DB004192,2498302882,7.600988829899151
8350DB004194,132467172,13.242370057122866
8350DB004196,221599886,5.05818122319098
8350DB004199,89052885,6.461748928050182
8350DB004201,13752988798,13.043155621638725
8350DB004207,1417999496,15.366841912647036
8350DB004208,323255200,8.593987167774761
8350DB004209,327778908,6.646959783771023
8350DB004210,323224461,7.004941523858021
8350DB004211,323265192,14.882096421476037
8350DB004212,132556376,231.34689556592957
8350DB004213,132556376,568.4088055317103
8350DB004214,132556376,1506.498329335182
8350DB004215,132556376,1889.3957194267882
8350DB004219,132556376,2528.2991399838393
8350DB004286,132556376,2556.9625154747123
8350DB004287,132556376,2431.6055146335493
8350DB004296,132556376,1865.9056602859434
8350DB004297,132556376,1502.8257761439586
8350DB004299,132556376,670.378634737749
8350DB004300,132556376,223.04898521485276
8350DB004301,323224453,10.303524694951124
8350DB004302,132556359,6.738562525265446
8350DB004303,89053312,7.512121823480971
8350DB004304,1417999496,16.916788019466587
8350DB004416,5175588622,11.365385612621946
8350DB004417,10263805780,1.3765155465686076
8350DB004419,13750701090,5.894824475525373
8350DB004420,322707249,28.521179246030822
8350DB004421,322707256,21.775586586947494
8350DB004422,244223545,5.504656032480506
8350DB004533,2378048644,4.081535387218698
8350DB004584,1014453985,10.265501530475724
8350DB004588,12551346063,7.771001407937847
8350DB004589,1417998919,19.855311449959693
8350DB004590,1417998936,12.007964947139332
8350DB004591,322685141,22.367201430339367
8350DB004844,7236828268,14.058336525716161
8350DB005088,1417999275,14.440638238325146
8350DB005089,322666465,37.08006919970836
8350DB005091,132509926,6.123806057379292
8350DB005092,1418013268,7.662300007874444
8350DB005110,4222339,9.724115269389513
8350DB005111,4222318,112.37223042290913
8350DB005135,327778897,10.306013602511502
8350DB005139,132556376,815.8859929885973
8350DB005167,1417999275,7.249558658159048
8350DB006000,2559920806,7.087987883082825
8350DB006097,81390624,20.939491492930415
8350DB006139,766032728,4.50934696711772
8350DB007250,2521007764,71.99775542429532
8350DB007251,6305564281,63.94359284801006
8350DB007252,2964255331,562.0568316779425
8350DB007253,2964255331,549.7973606755752
8350DB007294,13727421945,2.728125927741699
8350DB007295,1012418544,11.148676884933405
8350DB007363,132543306,12.95428116153339
8350DB007364,1417998938,18.26201639849999
8350DB007365,1417998963,7.715773769282716
8350DB007366,1417998917,19.651133457460393
8350DB007367,12551346053,7.17105448452367
8350DB007368,2627192586,17.476683027747654
8350DB007369,3455783741,18.626355115959566
8350DB007522,8580964790,9.567489767051601
8350DB007574,2627183791,8.135675576856226
8350DB007823,11030770263,7.373862136707033
8350DB007824,2094608785,3.4165554205592428
8350DB008260,19224027,8.614609431685057
8350DB008262,1417999895,43.510838056071854
8350DB008264,2393359533,4.312593826056915
8350DB008265,13745608727,3.9943654540274247
8350DB008266,7465188878,4.898299585164265
8350DB008267,8558916404,6.916330781483371
8350DB008268,1417999917,20.26961836911785
8350DB008270,8581012237,10.313133351957179
8350DB008271,132509934,6.808811429150624
8350DB008272,10971490753,5.624005663101419
8350DB008273,132517478,10.11308279164292
8350DB008278,1418000165,8.076289622180118
8350DB008286,132556376,1998.922706855497
8350GD10395,2094608785,3.4165554205592428
8350IR0123,899540236,6.545045078253051
8350LL12097,7148424717,8.149612137686997
8350LL14907,11937918000,11.93978298279581
8350LL14908,11937917991,5.919385916009425
8350LL14909,5345777268,5.564024767361716
8350LL14910,11937982248,6.963120463961796
