SA_PUB2022,walk_node_id,Dublin_City_Centre_(CBD)_min,IFSC___Docklands_min,Sandyford_Business_District_min,Dublin_Airport_min,Blanchardstown_min,Tallaght_min,min_travel_time_min,nearest_destination
267065001/02,8196576625,43.84476190476188,44.97541765765764,75.01179878787879,52.47256761904759,66.62216148148146,85.2496022222222,43.84476190476188,Dublin_City_Centre_(CBD)_min
268122003,6211508503,48.752850833333326,51.377397499999994,84.63698416666662,57.85022659090909,75.46497284246571,94.48599749999995,48.752850833333326,Dublin_City_Centre_(CBD)_min
268098009,11349390666,13.15549568627451,12.975509019607843,46.9272805952381,36.24280494553377,33.852339453551906,46.75454225352111,12.975509019607843,IFSC___Docklands_min
267037003,480144532,38.17133333333333,37.35801333333333,40.481557142857135,60.62530925925925,62.85647999999999,66.69455073170731,37.35801333333333,IFSC___Docklands_min
268032004,8995772903,19.60527420289855,22.54647135135135,56.75292753623189,45.813767277277286,26.813803636363634,58.055556841547435,19.60527420289855,Dublin_City_Centre_(CBD)_min
267120008,322710303,51.37231515151514,50.558995151515134,47.09588434691743,73.8262910774411,76.05746181818184,79.89553254988915,47.09588434691743,Sandyford_Business_District_min
268083012,903978422,18.87569333333333,17.326306666666664,53.92120846560847,40.593602592592596,38.75810666666667,47.16412549019607,17.326306666666664,IFSC___Docklands_min
268144014,2987667048,30.86501333333333,31.812564705882355,47.99470553579572,55.07986063180827,57.37106919540228,39.95259999999999,30.86501333333333,Dublin_City_Centre_(CBD)_min
268042008,1426961256,30.158304615384615,32.82797006993007,65.0204361568866,50.958460440300456,56.630798850489306,75.25823959123004,30.158304615384615,Dublin_City_Centre_(CBD)_min
268058006,1672796954,23.01600294985251,27.250807274176836,58.90013628318582,49.13287037037038,52.07297688312462,68.74914961651916,23.01600294985251,Dublin_City_Centre_(CBD)_min
267153006,8618099143,48.63681555555557,49.58436692810459,57.03493365079367,72.8516628540305,71.52626735042733,33.000004444444436,33.000004444444436,Tallaght_min
267092054,13449565763,50.72477057471266,54.59532496067757,17.31441333333334,77.86262088660351,79.30209170946446,64.87345775419983,17.31441333333334,Sandyford_Business_District_min
267143001/03,9622565893,54.478712820512804,52.92932615384614,54.40557948717947,76.1966220797721,64.90709794871793,24.336726153846154,24.336726153846154,Tallaght_min
268138009/01,3119531508,9.80696,16.32096,44.29712909090909,38.937126666666664,31.547200952380948,54.97947575757576,9.80696,Dublin_City_Centre_(CBD)_min
267140055/02,4215928472,48.4719258333333,46.92253916666664,68.21997333333329,67.3663550383632,55.42531096153843,31.067786666666677,31.067786666666677,Tallaght_min
267151013,8622642949,45.06699865319865,43.51761198653198,58.59273735449735,66.7849079124579,63.42521306471305,24.856041269841267,24.856041269841267,Tallaght_min
267097003/267121006/267121001,14023173420,55.42653333333336,54.613213333333356,51.15010252873565,77.88050925925921,80.11167999999995,83.94975073170727,51.15010252873565,Sandyford_Business_District_min
267134022,253315239,42.1666588235294,33.26625882352941,73.89251215686274,40.80233882352941,66.23875307812011,75.1594388235294,33.26625882352941,IFSC___Docklands_min
267155010,10594963927,42.73803272727274,41.18864606060606,56.98618424908424,64.45594198653198,61.233084522144516,30.224827368421042,30.224827368421042,Tallaght_min
268015005/02,4693809985,19.753218333333336,19.787582657657655,50.747791666666664,16.999001904761904,39.556165,55.804131666666656,16.999001904761904,Dublin_Airport_min
267034003,253222207,39.1610525,43.26578583333334,76.30870583333332,60.99461842592594,27.589495833333338,64.79797583333334,27.589495833333338,Blanchardstown_min
268139009,10023801496,,,,,,,,
267017005,11994552768,40.02783238095239,38.96549705615391,34.69909904761905,62.232792982079836,64.71297904761906,67.15761904761905,34.69909904761905,Sandyford_Business_District_min
267065008,12409410044,,,,,,,,
268128011,8585679161,25.967689039548024,24.154369039548026,39.737153043478266,47.42166496547396,49.652835706214695,51.25686421196182,24.154369039548026,IFSC___Docklands_min
268162014,3162664037,21.356840416666664,23.87685375,37.52803565891472,47.14414967592593,48.20865375,40.68525681159421,21.356840416666664,Dublin_City_Centre_(CBD)_min
268136016,251007585,28.50686950819672,30.960216174863387,41.48049461642184,54.22751210078932,55.358682841530054,33.717353202614376,28.50686950819672,Dublin_City_Centre_(CBD)_min
267099025,6053545819,40.20312666666666,31.302726666666665,71.92898000000005,43.996959999999994,68.93176780141845,77.66865333333331,31.302726666666665,IFSC___Docklands_min
268003007,321851714,10.92365846153846,10.743671794871794,46.286333928571416,34.01096772079773,34.807472786885235,47.703262253521096,10.743671794871794,IFSC___Docklands_min
268131007,563884255,22.706911111111115,27.699415000000005,27.058445714285718,50.96671092592591,51.28423224586289,45.946642962962954,22.706911111111115,Dublin_City_Centre_(CBD)_min
267103004/05,4851794359,40.71936,39.16997333333334,75.76487513227512,62.437269259259274,41.58107846153846,50.79491243243243,39.16997333333334,IFSC___Docklands_min
268110002,9338957688,22.97097275362318,22.546929195402296,45.83224363636364,40.67741956577268,49.82278608695653,59.14958608695654,22.546929195402296,IFSC___Docklands_min
267132018,2986585087,41.89884561403508,37.846178947368436,77.97243228070175,33.932258947368425,63.96413894736841,68.2893589473684,33.932258947368425,Dublin_Airport_min
267139001,652847805,47.27092021164023,45.72153354497357,47.81608215053764,68.98882947089946,51.7746443874644,10.108266666666673,10.108266666666673,Tallaght_min
268135013,564540033,26.131925901639345,28.585272568306014,38.61592571428572,51.85256849423194,52.983739234972674,33.34871294117647,26.131925901639345,Dublin_City_Centre_(CBD)_min
268134002,258599298,31.071201159420298,36.605265714285714,33.328416124031015,59.872561640211636,59.64852229417205,45.40288760483297,31.071201159420298,Dublin_City_Centre_(CBD)_min
267124003,566457904,41.01104444444445,40.197724444444454,34.75259666666666,63.465020370370375,65.69619111111112,54.206324444444455,34.75259666666666,Sandyford_Business_District_min
267010004,7794371309,51.201378156028355,53.82942666666666,35.482423908045995,69.02663946524065,70.96108926522756,43.05469333333333,35.482423908045995,Sandyford_Business_District_min
267116010,8332477325,48.89513333333331,51.34847999999998,41.76008888888888,68.50515918552036,70.43960898550723,40.36593913043477,40.36593913043477,Tallaght_min
267068001,667939546,45.18306545454546,44.038416445536456,51.07716615384617,67.3057123714624,70.6851602693603,80.15411688555348,44.038416445536456,IFSC___Docklands_min
268129025,8843274788,20.734066078431372,19.920746078431364,30.552784927536226,43.1880420043573,45.419212745098044,49.257283476805355,19.920746078431364,IFSC___Docklands_min
268105016/02,4890668122,9.890971228070176,16.404971228070174,44.639473652312596,37.77904666666666,30.594725394736848,55.32182031897926,9.890971228070176,Dublin_City_Centre_(CBD)_min
268020003,2682639435,30.979117575757584,35.08385090909091,67.48501999999999,31.124695238095246,35.86847757575758,73.8623819047619,30.979117575757584,Dublin_City_Centre_(CBD)_min
268129016,259594847,32.828439411764705,32.0151194117647,39.16957142857142,55.28241533769065,57.513586078431395,54.079866666666675,32.0151194117647,IFSC___Docklands_min
268119010,4523227747,38.83892666666667,41.46347333333335,74.72306,53.682198479532175,65.5510486757991,84.57207333333331,38.83892666666667,Dublin_City_Centre_(CBD)_min
267048004,13283045445,37.742490965732095,37.56250429906542,73.74523510198513,60.82980022499133,47.53977571644041,45.232166666666636,37.56250429906542,IFSC___Docklands_min
267100062,11380030090,28.28998666666666,26.740599999999993,63.33550179894179,50.00789592592592,29.15170512820512,47.26479333333332,26.740599999999993,IFSC___Docklands_min
267104020,366669520,54.51376717948718,45.613367179487184,86.92295384615385,50.032780512820516,80.06466051282051,84.38988051282051,45.613367179487184,IFSC___Docklands_min
268003011,130234348,15.682138461538466,15.502151794871798,51.68488259779149,38.769447720797736,34.21552588235294,50.25864000000001,15.502151794871798,IFSC___Docklands_min
267147025/02,6549451489,,,,,,,,
268100016,344793280,19.086231372549015,19.204644705882348,43.57800899224807,42.47194063180828,44.71612252873561,41.09754279569892,19.086231372549015,Dublin_City_Centre_(CBD)_min
267132040,4843267231,38.93037894736844,34.877712280701765,75.00396561403512,30.963792280701757,60.99567228070177,65.32089228070176,30.963792280701757,Dublin_Airport_min
268041003,2062509221,29.118164223602488,28.318635897435897,60.28520110671936,46.44912626780628,51.89556380032206,70.52300454106279,28.318635897435897,IFSC___Docklands_min
268140015,550879545,7.983227801418439,12.620031446540876,41.25673484848485,35.88732737246682,34.835041134751776,51.45373942028986,7.983227801418439,Dublin_City_Centre_(CBD)_min
267041014,5173016587,23.686645128205132,27.791378461538464,60.83429846153847,51.0586743874644,19.301552380952376,63.29956571428573,19.301552380952376,Blanchardstown_min
268048005,2418028172,22.846550476190473,20.529430476190473,57.45456201769246,38.65992084656086,49.064924711295156,67.42869047619047,20.529430476190473,IFSC___Docklands_min
268100012,12249172126,19.304399727891152,19.42281306122448,49.073515658914694,42.69010898715043,43.55768252873564,41.53910857142858,19.304399727891152,Dublin_City_Centre_(CBD)_min
267156001,8630041214,38.33833666666667,37.30675,48.718287838827834,60.57404592592593,57.351188461538456,35.19791070175438,35.19791070175438,Tallaght_min
268012002,2372734478,20.788986315789476,24.89371964912281,57.294888740031894,32.54252946236559,28.5956894623656,65.8041694623656,20.788986315789476,Dublin_City_Centre_(CBD)_min
267004005,5054482318,41.0372019047619,42.16785765765765,72.20423878787875,65.4351535835836,63.81460148148148,82.44204222222224,41.0372019047619,Dublin_City_Centre_(CBD)_min
267094012,253391981,62.26211979949874,63.3927755523945,93.42915668261568,71.81582666666668,85.03951937621837,103.66696011695913,62.26211979949874,Dublin_City_Centre_(CBD)_min
267104024,97012972,59.78766666666668,50.88726666666668,92.19685333333334,55.306680000000014,85.33856,89.66378,50.88726666666668,IFSC___Docklands_min
268132014,4884427356,23.269347450980383,25.722694117647052,38.523178412698414,48.98999004357299,50.12116078431372,40.41304684210527,23.269347450980383,Dublin_City_Centre_(CBD)_min
267080025,247804916,56.51125815602833,56.552253333333304,35.115548888888874,79.81954925925928,82.05072000000001,58.453033333333316,35.115548888888874,Sandyford_Business_District_min
267015004,1411048346,51.46276,50.40400913913915,42.55146252873564,73.67130506506508,76.14790666666667,79.98597739837399,42.55146252873564,Sandyford_Business_District_min
267070002,319029864,38.38949904761903,37.32716372282055,33.06076571428572,60.594459648746486,63.0746457142857,65.5192857142857,33.06076571428572,Sandyford_Business_District_min
268085012/268085001/02,360406240,24.591107126436775,23.041720459770108,59.63662225871191,46.30901638569604,44.473520459770114,41.84226666666669,23.041720459770108,IFSC___Docklands_min
267141007,9622568820,53.137047619047614,51.58766095238095,53.06391428571428,74.8549568783069,63.56543274725274,22.995060952380957,22.995060952380957,Tallaght_min
268016009,2407384718,24.407885000000004,24.44224932432432,55.402458333333335,21.1463662745098,43.526480000000014,60.45879833333333,21.1463662745098,Dublin_Airport_min
268072003,4839291803,36.86178412698413,37.992439879879875,68.028821010101,59.04035703703705,59.639183703703694,78.26662444444445,36.86178412698413,Dublin_City_Centre_(CBD)_min
268134011,12194172709,26.217989397590372,28.67133606425704,33.802179047619056,51.93863199018296,53.0698027309237,35.39902189054726,26.217989397590372,Dublin_City_Centre_(CBD)_min
267142007,11589659280,48.06857198653197,46.5191853198653,61.59431068783067,69.78648124579124,63.95320179487178,25.384029999999996,25.384029999999996,Tallaght_min
267150009,8607478312,46.16685523809522,47.11440661064425,55.22420729064039,70.38170253657017,70.63588714370898,37.56459111111111,37.56459111111111,Tallaght_min
268150009,6339726193,20.119812870493984,19.93982620382732,54.88818815891474,43.20712212975325,38.82162620382733,40.29691855855855,19.93982620382732,IFSC___Docklands_min
268073009,4893017203,28.01805079365079,29.148706546546542,59.18508767676768,52.41600247247249,50.795450370370375,69.42289111111113,28.01805079365079,Dublin_City_Centre_(CBD)_min
267149008,8612020914,50.225763076923066,51.17331444947209,52.60548780487805,74.44061037539804,73.11521487179486,35.410323333333324,35.410323333333324,Tallaght_min
267077009,1407620526,30.020165925925916,28.875516916916908,42.9664111627907,52.142812842842865,55.52226074074075,67.59424471380473,28.875516916916908,IFSC___Docklands_min
268054002,364875188,31.627473846153848,31.74588717948718,52.973922838401926,55.01318310541312,51.858338461538466,30.339166666666664,30.339166666666664,Tallaght_min
267130002,257302302,36.83330857142856,37.9639643243243,68.00034545454547,61.23126025025029,59.61070814814817,78.23814888888892,36.83330857142856,Dublin_City_Centre_(CBD)_min
267113001,7814221267,45.087407804878055,47.54075447154472,39.54030113821138,70.35207711860357,67.24106893772894,27.214737142857143,27.214737142857143,Tallaght_min
267068002,3645713240,39.0743125925926,37.92966358358358,48.120639999999995,61.196959509509526,64.57640740740742,76.64839138047134,37.92966358358358,IFSC___Docklands_min
267053024,8988554601,47.71881333333336,46.16942666666669,75.50526666666669,69.43672259259262,48.713984175824194,36.22086666666666,36.22086666666666,Tallaght_min
267100060,11372387478,26.891426666666668,25.34204,61.9369417989418,48.60933592592593,27.753145128205126,46.51813999999999,25.34204,IFSC___Docklands_min
267028004/02/11,12752542498,34.882202318840584,37.58693565217392,72.02985565217388,57.50159469979296,23.096562318840583,60.305042318840584,23.096562318840583,Blanchardstown_min
268077006,289164781,31.186577556935823,32.31723330983157,62.35361444005269,53.59052420436248,53.96397713365538,72.5914178743961,31.186577556935823,Dublin_City_Centre_(CBD)_min
267057007,13464043603,37.51465475177305,38.96445052631579,33.21524996336995,62.231746452241715,64.46291719298246,50.01471719298245,33.21524996336995,Sandyford_Business_District_min
268130012,2461684343,,,,,,,,
267084032,8427286605,54.21208000000001,56.665426666666676,48.59309999999997,76.29575764705879,66.11390957264958,26.087577777777778,26.087577777777778,Tallaght_min
268129003,8384777245,29.52148333333333,27.86756112676056,35.71065904761905,51.134857052686506,53.36602779342725,51.855749629629635,27.86756112676056,IFSC___Docklands_min
268143016,3363413213,16.886023333333338,18.585203333333336,42.382290000000005,41.85249925925927,43.737836666666674,53.06463666666668,16.886023333333338,Dublin_City_Centre_(CBD)_min
267060006,2468983015,38.15543319148936,37.01078418248035,52.669096720901116,60.27808010840628,63.65752800630416,75.72951197936818,37.01078418248035,IFSC___Docklands_min
268110013,11986056413,24.14338608695652,14.832915862068967,45.9710303030303,32.96340623243934,50.35521589743589,60.32199942028986,14.832915862068967,IFSC___Docklands_min
268032003,448144987,17.628243963963964,17.448257297297296,53.680988100217014,40.71555322322323,27.652829166666667,52.95734278749339,17.448257297297296,IFSC___Docklands_min
267105008,832840226,50.01940095238095,51.1500567052767,81.18643783549783,60.901139999999984,72.79680052910052,91.42424126984127,50.01940095238095,Dublin_City_Centre_(CBD)_min
267131017,4077576617,43.24322588235294,39.240559215686275,79.31681254901963,35.276639215686274,60.96541960784314,69.63373921568629,35.276639215686274,Dublin_Airport_min
268140003,666094840,16.126329743589743,17.83074901960784,40.64704775193801,41.098044945533765,42.97814307692307,46.24603567099567,16.126329743589743,Dublin_City_Centre_(CBD)_min
267103004/01,11310108667,42.948966956521744,41.39958028985509,77.99448208879686,64.66687621578102,43.8106854180602,50.45041333333332,41.39958028985509,IFSC___Docklands_min
267117012,8210592914,38.03777212121212,40.49111878787879,39.82037333333333,61.597390980392156,63.531840780379035,35.614552463768106,35.614552463768106,Tallaght_min
267040013,12988305072,33.21602111111111,35.437421111111114,70.36367444444441,58.70471703703704,22.98892363636364,70.53693696969694,22.98892363636364,Blanchardstown_min
267123031,11632494268,63.95199979949875,64.74001333333335,95.11903668261566,76.89255333333332,86.72939937621835,105.3568401169591,63.95199979949875,Dublin_City_Centre_(CBD)_min
268030012,527824829,25.743921449275362,29.848654782608698,62.249823873517784,33.24483777777778,29.29799777777778,66.50647777777776,25.743921449275362,Dublin_City_Centre_(CBD)_min
268031013,14955929,20.20245333333333,22.69205801801802,57.35010666666666,45.95935394394395,29.79061151515151,58.20114350821411,20.20245333333333,Dublin_City_Centre_(CBD)_min
268003003,9122789916,14.716671794871797,14.53668512820513,50.71941593112483,37.80398105413107,35.239512549019615,49.29317333333334,14.53668512820513,IFSC___Docklands_min
268002012,6206012683,17.95518787878788,22.059921212121214,55.10284121212122,44.432990601092904,26.464020289855075,57.86819684154744,17.95518787878788,Dublin_City_Centre_(CBD)_min
267138017,9693020212,43.57875515151513,42.02936848484848,70.07664146464647,65.2966644107744,49.81547361305359,29.965584242424246,29.965584242424246,Tallaght_min
268137013,4411216022,24.6303627309237,27.08370939759037,35.94993177489178,50.3510053235163,51.48217606425703,34.14508855721394,24.6303627309237,Dublin_City_Centre_(CBD)_min
268117019,5872287414,18.323140512820512,16.509820512820514,33.18669739837399,39.77711643874644,42.008287179487176,43.119044065040654,16.509820512820514,IFSC___Docklands_min
267013014,196025243,47.604216842105274,50.05756350877194,42.05711017543861,66.96883098039216,68.90328078037902,31.080902222222228,31.080902222222228,Tallaght_min
267133025,6920537368,50.49220666666667,45.35620666666667,85.98246,42.525619999999996,72.55750000000003,76.88272000000002,42.525619999999996,Dublin_Airport_min
268071007,3650720315,36.82874412698413,37.95939987987986,67.99578101010101,57.02557333333334,59.6061437037037,78.23358444444443,36.82874412698413,Dublin_City_Centre_(CBD)_min
268081001,5236728261,13.8972041025641,19.916817435897443,51.15973743589745,42.57257290322582,32.19932695652174,60.194354796747966,13.8972041025641,Dublin_City_Centre_(CBD)_min
267002043/02,560618994,68.49485964912283,59.06112631578949,98.32071298245609,72.64720631578949,96.0747366861598,105.96038631578942,59.06112631578949,IFSC___Docklands_min
268152001,1224702251,23.890628426049542,23.710641759382877,57.80985206917116,46.97793768530882,42.592441759382886,38.582924444444444,23.710641759382877,IFSC___Docklands_min
267095015,2366009782,41.17197523809526,42.302630990991005,72.33901212121214,65.56992691691694,63.94937481481483,82.57681555555557,41.17197523809526,Dublin_City_Centre_(CBD)_min
267109016,11093499018,28.53524000000001,26.985853333333345,63.58075513227512,50.253149259259246,45.95094957264953,47.024617777777735,26.985853333333345,IFSC___Docklands_min
268128002,11767543194,23.66106051282053,21.847740512820526,35.44498945736432,45.115036438746436,47.34620717948717,45.4863705263158,21.847740512820526,IFSC___Docklands_min
268140001,1426048964,14.494149019607843,14.314162352941176,43.08040775193801,37.5814582788671,39.75919835205992,44.09344478632478,14.314162352941176,IFSC___Docklands_min
267092001/01,4344745986,84.9881381560283,85.02913333333328,66.58038666666668,108.2964292592592,110.52759999999994,89.22223999999993,66.58038666666668,Sandyford_Business_District_min
267066008,923008526,30.64122285714285,30.675587181467172,61.6357961904762,23.954449523809522,37.58756952380953,66.69213619047619,23.954449523809522,Dublin_Airport_min
267100039,247119050,30.434223749999997,28.88483708333333,65.47973888227514,52.152133009259266,31.295942211538456,42.87811897435897,28.88483708333333,IFSC___Docklands_min
267053009,8988554637,47.15170666666669,45.60232000000003,74.93816,68.86961592592594,48.146877509157534,35.65376,35.65376,Tallaght_min
267099026,255329498,39.526137142857166,40.65679289575291,70.69317402597403,61.56020380952382,62.30353671957673,80.93097746031744,39.526137142857166,Dublin_City_Centre_(CBD)_min
267135003,5051700588,39.681808172043006,34.54580817204302,75.17206150537633,31.715221505376345,61.747101505376335,66.07232150537632,31.715221505376345,Dublin_Airport_min
267079011,256112179,36.18909815602838,42.80066293590256,23.924665299145307,66.06795886182849,64.76641929078012,48.31215555555556,23.924665299145307,Sandyford_Business_District_min
268054013,4698030093,31.305007619047615,31.423420952380948,55.68293464254953,54.69071687830691,54.502514017094015,32.98334222222222,31.305007619047615,Dublin_City_Centre_(CBD)_min
268156004,13727617453,40.642152727272716,39.09276606060606,55.87657809523809,62.36006198653197,59.1372045221445,32.67272070175438,32.67272070175438,Tallaght_min
268143012,11613717381,18.483333900709223,19.39468490403447,43.97960056737588,42.6619808299604,45.33514723404255,54.66194723404256,18.483333900709223,Dublin_City_Centre_(CBD)_min
268133016,2473982545,23.194017971014496,29.15000717948719,31.859042790697682,52.417303105413126,51.771339105766266,42.036013679653664,23.194017971014496,Dublin_City_Centre_(CBD)_min
268138005,5405915970,8.099786666666667,14.613786666666668,42.589955757575765,37.881082592592605,29.14612095238095,53.27230242424243,8.099786666666667,Dublin_City_Centre_(CBD)_min
267118013,12550974825,58.690613672643146,55.45937948717948,89.85765055576003,59.878792820512814,81.46801324936271,94.23589282051282,55.45937948717948,IFSC___Docklands_min
268042025,9095365572,30.194745641025637,32.86441109557109,65.05687718252764,50.99490146594148,56.66723987613033,75.29468061687105,30.194745641025637,Dublin_City_Centre_(CBD)_min
267127003/02,2644630879,37.81373333333334,37.00041333333334,21.723407017543856,60.26770925925927,62.49888000000001,55.84670666666667,21.723407017543856,Sandyford_Business_District_min
268158008,298543070,28.248235294117652,34.78792862745099,62.76409771836007,33.41100392156862,40.61079058823529,63.87785460992908,28.248235294117652,Dublin_City_Centre_(CBD)_min
267152004,54810058,46.29971157894736,47.24726295149638,53.4010211382114,70.51455887742233,67.92879369963369,29.359621904761912,29.359621904761912,Tallaght_min
267103005,11724941441,36.398776190476205,34.849389523809535,71.4442913227513,58.11668544973549,37.26049465201468,61.25916285714289,34.849389523809535,IFSC___Docklands_min
267138011,6291106883,49.91635999999999,48.36697333333334,65.11859648148148,69.77817416879797,56.153078461538456,25.00753925925926,25.00753925925926,Tallaght_min
267069001/03,5210534872,43.909032380952404,43.09571238095239,43.35529904761906,66.36300830687833,68.59417904761906,72.43224977932637,43.09571238095239,IFSC___Docklands_min
267112012,4263179673,55.54045333333332,53.99106666666666,87.51732000000001,77.25836259259265,75.42286666666669,47.71031999999999,47.71031999999999,Tallaght_min
268066005,2686926385,26.502493333333337,30.607226666666673,63.00839575757574,34.39206666666667,20.90824691358025,65.11176691358024,20.90824691358025,Blanchardstown_min
268060004/01,5428835204,16.55888657276995,23.09857990610329,51.074748997012385,32.664865183290715,39.32248752515091,56.67144086956522,16.55888657276995,Dublin_City_Centre_(CBD)_min
268070011,1707057985,21.64144444444445,25.28126989898991,57.52557777777777,39.97809205479453,47.1778787214612,66.31851999805694,21.64144444444445,Dublin_City_Centre_(CBD)_min
267135001,2591647026,34.81913538461538,30.81646871794872,70.89272205128206,26.852548717948718,56.884428717948715,61.2096487179487,26.852548717948718,Dublin_Airport_min
268019002,12280674,30.640919999999998,35.48907438596491,65.15678242424242,30.540453333333335,39.05018424242425,67.68088127659574,30.540453333333335,Dublin_Airport_min
268161004,10605160420,15.972111372549023,16.090524705882356,43.22888899224806,39.35782063180829,42.56913586206896,41.23600900432902,15.972111372549023,Dublin_City_Centre_(CBD)_min
267050016,8955435277,39.449976666666664,37.90059,65.20309666666667,61.16788592592593,48.27478893772892,30.849716190476183,30.849716190476183,Tallaght_min
268010004,699457906,12.081544561403511,18.59554456140351,46.83004698564592,39.17182,32.78529872807018,57.51239365231259,12.081544561403511,Dublin_City_Centre_(CBD)_min
268146004,2377422637,42.04338528735631,43.81423551048004,47.341503382594404,67.08153143640597,68.89519862068964,37.194216666666655,37.194216666666655,Tallaght_min
268027001,1422409186,18.311636363636357,22.416369696969692,54.56753878787879,34.02743777777777,35.314746107226114,65.24988545454546,18.311636363636357,Dublin_City_Centre_(CBD)_min
267040028,12974087291,34.41386555555555,36.63526555555557,71.56151888888888,59.9025614814815,24.991722525252516,71.837678974359,24.991722525252516,Blanchardstown_min
267103012/02,9773701888,36.728684637681155,35.1792979710145,71.7741997699563,58.44659389694042,37.59040309921963,49.76407130434782,35.1792979710145,IFSC___Docklands_min
268072013/06,11159901813,41.979887619047624,43.110543371943386,73.14692450216451,63.41538095238097,64.7572871957672,83.38472793650799,41.979887619047624,Dublin_City_Centre_(CBD)_min
268105013,479669427,16.22997,24.259831341868182,53.41099365231259,45.41962370370369,39.36624539473684,64.09334031897926,16.22997,Dublin_City_Centre_(CBD)_min
267085001,292494246,57.490877192982445,59.94422385964912,43.15381052631577,70.85646817337458,67.46139498327763,27.43506318840579,27.43506318840579,Tallaght_min
268056002,2864127426,35.82247789473685,34.27309122807017,60.15641991341991,57.54038715399611,54.317529689608634,32.79835789473684,32.79835789473684,Tallaght_min
268082010,10249513890,12.041586666666667,12.51599291666667,47.418800595238096,35.78328884259259,38.15465558685446,48.449867936507935,12.041586666666667,Dublin_City_Centre_(CBD)_min
267098004,6323432180,50.452506666666665,53.94655099099099,84.90676000000003,47.225413333333336,56.358533333333334,89.96310000000003,47.225413333333336,Dublin_Airport_min
267128008,8397416112,29.760639999999988,28.94731999999999,28.9497511111111,52.21461592592594,54.44578666666668,57.00592000000002,28.94731999999999,IFSC___Docklands_min
267029013/02,5330140827,23.64837727699531,27.753110610328644,60.796030610328636,46.26776965794768,11.86273727699531,49.0712172769953,11.86273727699531,Blanchardstown_min
268136002,600567222,33.154272994350286,35.607619661016955,39.36114300089847,58.874915586942876,60.00608632768362,32.636130370370374,32.636130370370374,Tallaght_min
267041017,5183398272,24.60243179487179,28.707165128205126,61.75008512820512,51.974461054131055,17.810312380952382,61.808325714285715,17.810312380952382,Blanchardstown_min
268117016,12177699345,23.950947301587306,23.53147090909091,35.11997517241379,46.798766835016835,49.02993757575757,43.652321839080464,23.53147090909091,IFSC___Docklands_min
267004011/01,11278329443,46.537424126984156,47.6680798798799,77.70446101010099,69.09510814814816,69.3148237037037,87.9422644444444,46.537424126984156,Dublin_City_Centre_(CBD)_min
267160005,2443612610,30.026819574468075,34.675104444444436,64.5426819987105,23.266717777777775,52.79042052684904,61.95161777777776,23.266717777777775,Dublin_Airport_min
267069001/09,11974236218,40.36109520128824,39.21644619227923,39.315945225225214,62.48374211820517,65.86319001610305,69.80747944965604,39.21644619227923,IFSC___Docklands_min
268002003,8905140622,17.556062365591394,17.376075698924733,53.608806501844434,40.64337162485065,27.993967676767674,52.88516118912081,17.376075698924733,IFSC___Docklands_min
268115008,3371068746,15.59867897435897,14.454029965349962,42.490411095571105,37.72132589127592,41.1007737891738,53.17275776223778,14.454029965349962,IFSC___Docklands_min
267092026/01/267092026/267092050,12448290468,50.99394390804597,54.86449829401089,20.696010574712645,78.13179421993684,79.57126504279778,65.14263108753316,20.696010574712645,Sandyford_Business_District_min
268042018,1426961534,33.58014666666667,36.24981212121214,68.44227820816864,54.3803024915825,60.05264090177135,78.68008164251209,33.58014666666667,Dublin_City_Centre_(CBD)_min
267132007,12580436067,33.39435282051282,29.34168615384616,69.46793948717946,25.42776615384616,55.459646153846144,59.78486615384613,25.42776615384616,Dublin_Airport_min
267133017,296511112,46.47915333333334,41.34315333333335,81.96940666666664,38.512566666666665,68.54444666666669,72.86966666666665,38.512566666666665,Dublin_Airport_min
268139002,11506858047,9.09900695652174,15.125502777777774,46.36842277777778,38.39279870370372,30.940054285714286,56.83410277777778,9.09900695652174,Dublin_City_Centre_(CBD)_min
267085018,4863918827,52.90575508771929,55.35910175438597,45.89095333333333,73.59361098039217,69.56450512820513,29.538173333333326,29.538173333333326,Tallaght_min
268030021,5243890469,13.843241212121212,17.947974545454542,50.990894545454545,40.555403934426224,22.352073623188403,61.45657454545455,13.843241212121212,Dublin_City_Centre_(CBD)_min
268022001,26389404,30.141051111111107,32.76559777777778,66.02518444444445,38.25401333333333,49.63036,68.77100127659575,30.141051111111107,Dublin_City_Centre_(CBD)_min
268081002,938924430,6.6505936231884055,13.164593623188406,44.04084695652173,36.43188954911433,29.74345428571429,54.50652695652174,6.6505936231884055,Dublin_City_Centre_(CBD)_min
267110008,253511232,43.92095532467533,45.05161107757108,75.08799220779218,58.82127833333333,66.6983549013949,85.32579564213562,43.92095532467533,Dublin_City_Centre_(CBD)_min
268047009,2758274158,19.2722150877193,23.41204054226476,55.15634842105263,37.262572054794525,44.46235872146119,63.60299999805693,19.2722150877193,Dublin_City_Centre_(CBD)_min
267022004,3227845445,27.133123809523816,26.31980380952382,28.851060714285712,49.58709973544971,51.818270476190456,55.65634120789777,26.31980380952382,IFSC___Docklands_min
268098001,2395258298,13.280375862068968,13.100389195402299,49.6433091954023,36.36768512132823,36.64885586206897,47.113641904761884,13.100389195402299,IFSC___Docklands_min
267092021/01,9528581090,61.18201999999999,60.36869999999999,30.705873333333333,83.63599592592591,85.86716666666665,71.47847333333331,30.705873333333333,Sandyford_Business_District_min
267002002/02,5534079626,59.660131428571404,50.226398095238075,89.48598476190476,63.81247809523807,86.08831957671958,97.1256580952381,50.226398095238075,IFSC___Docklands_min
267020005,6681749358,44.19866666666666,43.385346666666656,38.86993333333331,66.65264259259258,68.88381333333334,71.32845333333333,38.86993333333331,Sandyford_Business_District_min
267092045,1281476760,43.228263908045996,47.09881829401091,7.902480000000001,70.36611421993686,71.80558504279777,57.37695108753317,7.902480000000001,Sandyford_Business_District_min
267085012,7820927482,52.66860666666669,54.46376527131784,38.33154,62.73920431372551,64.67365411371239,26.619838260869567,26.619838260869567,Tallaght_min
268149002,8676602129,12.845551794871795,12.665565128205127,48.84829593112483,35.93286105413106,33.44345945355191,49.15744962812711,12.665565128205127,IFSC___Docklands_min
267092028,412129168,59.04841333333332,58.235093333333324,28.187026666666664,81.50238925925925,83.73355999999998,69.34486666666663,28.187026666666664,Sandyford_Business_District_min
267100042,11878613648,34.11310365591398,32.56371698924732,69.15861878818913,55.83101291517324,34.97482211745243,42.16492936170211,32.56371698924732,IFSC___Docklands_min
268087003,2516833439,36.6486975,39.27324416666667,72.53283083333334,40.080882424242425,58.923895757575764,78.0645370341715,36.6486975,Dublin_City_Centre_(CBD)_min
267028019,6191759916,37.7247852873563,40.64618528735628,74.87243862068964,60.34417766830864,25.939145287356318,63.14762528735626,25.939145287356318,Blanchardstown_min
268100011,10649675996,18.162586394557824,18.280999727891153,49.48068872013922,41.548295653817085,42.58288252873563,40.75036190476192,18.162586394557824,Dublin_City_Centre_(CBD)_min
267147008/02,6231449742,44.61391111111109,43.06452444444444,55.09077777777777,66.33182037037037,55.04229623931622,14.471924444444447,14.471924444444447,Tallaght_min
268060004/02,6330512051,18.111073239436617,24.650766572769957,52.62693566367905,34.74795851662405,40.874674191817576,58.75453420289854,18.111073239436617,Dublin_City_Centre_(CBD)_min
268132003/02,14023152520,28.137835555555554,29.085386928104576,46.21921788113697,52.35268285403052,54.64389141762453,38.77946666666665,28.137835555555554,Dublin_City_Centre_(CBD)_min
268101007,10609112923,20.736018039215693,20.854431372549026,43.643942325581406,44.12172729847494,46.36590919540227,41.163476129032254,20.736018039215693,Dublin_City_Centre_(CBD)_min
267021007,3652923221,32.616220350877214,31.4715713418682,37.84958000000001,54.73886726779411,58.118315165691996,63.09563802955665,31.4715713418682,IFSC___Docklands_min
268023007,3479251652,29.221639365079376,31.84618603174604,65.10577269841272,42.65816514619885,55.933761374211805,74.954786031746,29.221639365079376,Dublin_City_Centre_(CBD)_min
268028013,11822804245,20.176588376068374,24.281321709401706,54.76158623376621,35.087959999999995,37.17969811965811,65.34883269841266,20.176588376068374,Dublin_City_Centre_(CBD)_min
267083004,1121355089,57.914883636363655,60.36823030303032,45.41115030303032,71.6113577540107,73.54580755399756,43.41098394598158,43.41098394598158,Tallaght_min
267092052,13450228983,50.54082390804596,54.41137829401089,14.473626666666672,77.67867421993682,79.11814504279775,64.68951108753315,14.473626666666672,Sandyford_Business_District_min
268027010,6367887265,14.8388675,18.943600833333328,51.98652083333332,33.87844083333333,31.84197724358974,61.847968963414615,14.8388675,Dublin_City_Centre_(CBD)_min
267100057,243986762,33.10729159420289,31.557904927536228,68.15280672647803,54.825200853462164,33.96901005574135,45.14022564102564,31.557904927536228,IFSC___Docklands_min
268136010,2375345642,35.43461428571428,36.382165658263304,43.62816966756514,59.64946158418923,61.940670147783244,36.67924444444445,35.43461428571428,Dublin_City_Centre_(CBD)_min
268151009,359102365,22.57799470556949,22.398008038902827,52.03297482558139,45.665303964828745,41.27980803890282,40.64707855855855,22.398008038902827,IFSC___Docklands_min
267028008,12894720051,31.329187126436782,34.250587126436784,68.47684045977013,53.94857950738917,19.54354712643678,56.75202712643679,19.54354712643678,Blanchardstown_min
267105006,6955691215,44.849080952380966,45.979736705276714,76.01611783549784,55.73082,67.62648052910052,86.25392126984129,44.849080952380966,Dublin_City_Centre_(CBD)_min
267056005/02,7999151172,25.123142051282056,24.309822051282058,29.947926524822698,47.57711797720797,49.808288717948706,47.04693985815603,24.309822051282058,IFSC___Docklands_min
268059004,1514540700,21.51797269076305,28.057666024096367,56.03383511500547,47.85781333333335,44.281573643144014,66.62108157965193,21.51797269076305,Dublin_City_Centre_(CBD)_min
267092051,11831404191,40.83485057471263,44.70540496067756,7.821400000000001,67.97270088660348,69.41217170946443,54.98353775419982,7.821400000000001,Sandyford_Business_District_min
268151002,358556168,24.52080803890282,24.340821372236157,52.51681482558138,47.60811729816206,43.222621372236134,42.83697189189186,24.340821372236157,IFSC___Docklands_min
268133008,3000436398,23.79470745098038,26.248054117647047,37.4079291774892,49.515350043573,50.64652078431374,37.13842441558443,23.79470745098038,Dublin_City_Centre_(CBD)_min
267082006,260022226,41.30027148936171,43.55378205128205,31.598859259259257,66.82107797720798,69.05224871794871,50.811275555555554,31.598859259259257,Sandyford_Business_District_min
267044008,239676896,47.9570643098745,53.052326666666666,37.28465948717948,70.22579946524067,72.16024926522752,39.810379487179475,37.28465948717948,Sandyford_Business_District_min
267146009,11123450483,54.82046559006212,53.27107892339546,48.743333333333325,75.47239098039215,57.08129179487178,17.054960000000005,17.054960000000005,Tallaght_min
267100076,11612181969,36.16605041666667,34.61666375,71.21156554894182,57.88395967592592,37.02776887820513,44.44376444444444,34.61666375,IFSC___Docklands_min
267123025/02,10274458501,56.6011864661654,57.73184221906116,87.76822334928232,73.90919884711779,79.378586042885,98.00602678362576,56.6011864661654,Dublin_City_Centre_(CBD)_min
268024007,13958163614,29.467651111111103,32.09219777777777,65.35178444444442,38.518533333333316,49.894879999999986,69.03552127659574,29.467651111111103,Dublin_City_Centre_(CBD)_min
267130022,257292922,44.46716190476189,43.32734153846153,75.63419878787876,61.45783190883191,67.24456148148144,85.8720022222222,43.32734153846153,IFSC___Docklands_min
268052005,364875183,27.905388426049537,27.725401759382873,60.927545402504485,50.992697685308826,46.607201759382896,41.954179999999994,27.725401759382873,IFSC___Docklands_min
267058005,146646825,42.04640871794871,41.23308871794871,38.06780592592593,64.50038464387463,66.73155538461536,58.49427555555553,38.06780592592593,Sandyford_Business_District_min
267065021/04,11171738374,53.22873523809526,54.35939099099101,84.39577212121209,66.13972666666669,76.00613481481483,94.63357555555554,53.22873523809526,Dublin_City_Centre_(CBD)_min
268138014,13853354881,11.952474492753627,18.754193333333337,47.64231575757576,42.02148925925926,33.10856095238096,58.32466242424243,11.952474492753627,Dublin_City_Centre_(CBD)_min
268158005,9953849075,24.765924166666665,31.3056175,59.281786590909086,28.887843921568628,36.08763058823529,61.805885443262405,24.765924166666665,Dublin_City_Centre_(CBD)_min
267107006/267107007,11897627105,58.63276952380954,57.08338285714288,89.58367999999999,80.35067878306879,59.494487985348,52.40744952380955,52.40744952380955,Tallaght_min
268046011,339328151,30.010924223602487,29.533782028985527,61.17796110671936,47.66427239935587,52.78832380032205,71.41576454106281,29.533782028985527,IFSC___Docklands_min
268028008,13744916575,18.390689696969694,22.495423030303034,54.646592121212116,33.598626666666675,35.39379944055944,65.32893878787878,18.390689696969694,Dublin_City_Centre_(CBD)_min
267028004/02/09,12706354535,39.78965555555556,42.4943888888889,75.58280229449267,62.40904793650794,28.00401555555556,65.21249555555556,28.00401555555556,Blanchardstown_min
268102002,5351712209,28.455384166666672,30.700330542635655,46.536766492248056,53.967626468561576,55.307197499999994,45.41209666666668,28.455384166666672,Dublin_City_Centre_(CBD)_min
268031015,2887108174,20.924100869565223,23.63316396396397,58.071754202898546,46.90045988988991,29.22151030303031,59.14224945416006,20.924100869565223,Dublin_City_Centre_(CBD)_min
267132023,11345295551,37.60781614035088,33.55514947368421,73.68140280701755,29.641229473684213,59.673109473684214,63.9983294736842,29.641229473684213,Dublin_Airport_min
267052007,13186230778,29.753830588235296,28.204443921568632,64.79934572051042,51.47173984749455,30.615549049773755,37.125001568627454,28.204443921568632,IFSC___Docklands_min
267013013,285634977,46.82603407407407,49.27938074074074,41.27892740740741,68.40564431372549,70.34009411371237,30.60892888888889,30.60892888888889,Tallaght_min
268071002/02,6071991285,41.07468888888889,43.64731253861005,73.68369366883115,55.91796070175439,65.29405636243385,80.89048666666666,41.07468888888889,Dublin_City_Centre_(CBD)_min
268027003,4818596268,26.43249647058823,30.537229803921566,62.688398894830655,38.930318571428565,38.68685647058823,73.37074556149733,26.43249647058823,Dublin_City_Centre_(CBD)_min
267092057,13446937701,51.878903908046,55.749458294010914,21.580970574712644,79.01675421993686,80.45622504279778,66.02759108753318,21.580970574712644,Sandyford_Business_District_min
267131019,12055667317,47.47294352941177,43.47027686274511,83.54653019607845,39.50635686274511,67.57416269607845,73.86345686274511,39.50635686274511,Dublin_Airport_min
268057002,2951477050,26.896073043478264,25.346686376811594,61.941588175753374,48.613982302737504,46.77848637681157,41.5639260699062,25.346686376811594,IFSC___Docklands_min
267029020,12886701897,31.199345287356337,34.12074528735634,68.34699862068966,53.81873766830871,19.41370528735632,56.622185287356324,19.41370528735632,Blanchardstown_min
267095020,12707184503,35.087721904761906,36.218377657657655,66.25475878787879,59.48567358358359,57.865121481481474,76.49256222222225,35.087721904761906,Dublin_City_Centre_(CBD)_min
267029018,12906265520,32.85206528735635,35.77346528735635,69.99971862068968,55.47145766830871,21.066425287356324,58.274905287356326,21.066425287356324,Blanchardstown_min
267090002,685203407,32.88337743589744,32.07005743589744,35.19360124542125,55.33735336182336,57.5685241025641,61.40659483427142,32.07005743589744,IFSC___Docklands_min
267083009,7797205982,53.07686499999999,52.644096937984486,37.24251833333332,60.919535980392155,62.853985780379034,35.484371666666654,35.484371666666654,Tallaght_min
268016003,3905816968,24.538365000000006,24.572729324324325,55.53293833333332,21.699213333333333,40.58233333333332,60.58927833333332,21.699213333333333,Dublin_Airport_min
267134026,253312983,47.264239999999994,38.363839999999996,78.99009333333335,45.899919999999995,73.82361719576717,80.25702000000001,38.363839999999996,IFSC___Docklands_min
267053021,314453815,45.62582666666666,44.076440000000005,77.28424888888891,67.34373592592593,51.94002417582421,37.715653333333336,37.715653333333336,Tallaght_min
267092008/02,7124984841,60.6603914893617,60.701386666666664,34.28853333333336,83.96868259259263,86.19985333333337,64.89449333333333,34.28853333333336,Sandyford_Business_District_min
268053004,4897928264,31.19574,31.314153333333334,55.41208649224806,54.581449259259266,56.50625287049401,40.83734990990991,31.19574,Dublin_City_Centre_(CBD)_min
268131001,8390553217,27.48647111111111,30.450076874999993,31.838005714285718,53.71737280092592,55.948543541666666,53.14040855721392,27.48647111111111,Dublin_City_Centre_(CBD)_min
267028021,12919285947,36.42238256410256,40.11750666666668,73.57003589743587,59.04177494505493,24.636742564102576,61.84522256410255,24.636742564102576,Blanchardstown_min
267013010,7802087409,45.80136000000001,48.25470666666668,37.04267487179488,57.85302585218704,59.78747565217392,32.417861538461544,32.417861538461544,Tallaght_min
268132013,4897796302,20.918707450980392,23.37205411764706,35.193885079365074,46.639350043572975,47.77052078431371,38.99194017543859,20.918707450980392,Dublin_City_Centre_(CBD)_min
268002016,5246121083,,,,,,,,
268072013/02,2940703833,27.80514095238096,28.935796705276708,58.97217783549783,52.203092631202644,50.582540529100534,69.2099812698413,27.80514095238096,Dublin_City_Centre_(CBD)_min
268081008,503792310,12.34763076923077,18.367244102564104,49.6101641025641,41.63454002849003,30.90500307692308,60.075844102564105,12.34763076923077,Dublin_City_Centre_(CBD)_min
268111012,9501225495,27.932879166666677,27.27074977886978,41.25123370370368,49.93101873243931,53.917493602693604,61.66114412698414,27.27074977886978,IFSC___Docklands_min
268089002,2423092520,34.106705454545455,36.73125212121212,69.99083878787879,33.038966666666674,53.96950666666667,71.72386666666665,33.038966666666674,Dublin_Airport_min
268161006,4755787183,13.44794901960784,13.267962352941174,46.063154418604675,36.535258278867104,36.56331835205991,46.474778119658126,13.267962352941174,IFSC___Docklands_min
268125003,295514358,34.567779296066256,35.698435048962,65.73481617918314,56.97172594349293,57.34517887278583,75.97261961352656,34.567779296066256,Dublin_City_Centre_(CBD)_min
267099019,448216810,32.33723333333334,23.436833333333343,64.06308666666669,37.461551515151534,61.06587446808512,69.80275999999999,23.436833333333343,IFSC___Docklands_min
267089007,269195516,30.21616410256411,29.402844102564114,32.52638791208792,52.670140028490025,54.90131076923077,58.73938150093808,29.402844102564114,IFSC___Docklands_min
268143013,13234436524,,,,,,,,
268080017,699457913,12.215464561403508,18.729464561403514,46.96396698564594,39.062580833333335,28.20954083333334,57.646313652312614,12.215464561403508,Dublin_City_Centre_(CBD)_min
267028015,12749575113,33.68808045977013,37.234480459770104,70.8357337931034,56.30747284072247,21.902440459770123,59.11092045977009,21.902440459770123,Blanchardstown_min
268094009,269234214,42.06902666666667,43.01657803921569,52.51544658008658,66.28387396514161,65.73194953716066,39.19594181818182,39.19594181818182,Tallaght_min
267012007,227596360,47.992696666666674,50.44604333333334,35.77838,67.41543764705884,69.34988744704573,41.980273333333336,35.77838,Sandyford_Business_District_min
268142015,9921387545,18.27289411764706,20.726240784313728,33.67243174603174,43.993536710239646,45.12470745098039,37.33097842105264,18.27289411764706,Dublin_City_Centre_(CBD)_min
268161002,4339504895,13.499495686274509,13.319509019607843,44.66580775193801,36.58680494553378,39.96617558685445,45.67884478632478,13.319509019607843,IFSC___Docklands_min
267100092/02,654188903,29.68119793814433,28.131811271477662,64.72671307041946,51.399107197403595,30.542916399682788,46.48887074074073,28.131811271477662,IFSC___Docklands_min
268011002,7027470839,30.0348,34.41564771929825,64.5506624242424,29.934333333333335,35.214890909090904,67.07476127659574,29.934333333333335,Dublin_Airport_min
267029005,305502830,34.6487050980392,38.753438431372544,71.79635843137254,57.268097478991606,21.853825641025644,60.07154509803922,21.853825641025644,Blanchardstown_min
267107004/01,11928816029,61.28126285714284,59.731876190476186,90.98644,82.99917211640214,62.14298131868131,53.834253333333336,53.834253333333336,Tallaght_min
268156007,2584449602,36.973499393939385,35.424112727272735,52.951803892339534,58.691408653198636,55.46855118881116,33.949379393939395,33.949379393939395,Tallaght_min
268100002,2374678904,18.45094896551724,18.270962298850574,53.41774232558137,41.538258224776506,41.81942896551723,43.97101142857142,18.270962298850574,IFSC___Docklands_min
267106006,4090999438,39.4737892857143,36.38578333333334,70.64082616883117,43.92186333333334,62.25118886243386,78.27896333333334,36.38578333333334,IFSC___Docklands_min
268015001,11202478951,31.07169833333334,31.106062657657656,62.06627166666665,24.239080000000005,43.12219999999999,67.12261166666664,24.239080000000005,Dublin_Airport_min
268063010,1261488005,34.32346769230769,38.42820102564101,70.82937011655014,34.86357925925927,35.56199999999999,72.77048000000003,34.32346769230769,Dublin_City_Centre_(CBD)_min
267101005,443889135,39.134106666666675,37.58472000000001,74.1796217989418,60.85201592592592,39.99582512820514,53.79524196078431,37.58472000000001,IFSC___Docklands_min
267140040,441400504,54.606222745098016,53.05683607843136,67.75767055555555,76.32413200435732,61.55960787330314,27.646613333333338,27.646613333333338,Tallaght_min
268008012,4892973407,45.78951746031744,46.9201732132132,76.95655434343433,57.906214999999996,68.56691703703702,87.1943577777778,45.78951746031744,Dublin_City_Centre_(CBD)_min
267021001,690542433,35.33115111111112,34.517831111111114,34.89734380952382,57.78512703703704,60.01629777777779,63.67643111111112,34.517831111111114,IFSC___Docklands_min
268127011,110437235,35.506840000000004,37.96018666666666,36.043846984126986,61.22748259259258,62.35865333333332,40.68545333333332,35.506840000000004,Dublin_City_Centre_(CBD)_min
267059009,2480642181,44.00692948616602,42.868431515151535,33.75776,66.13572744107745,68.3668981818182,55.06869818181819,33.75776,Sandyford_Business_District_min
268106007,2419788412,8.024573333333333,12.891357469586374,45.76761080291972,36.1586533955123,38.42225777777777,51.083705018726626,8.024573333333333,Dublin_City_Centre_(CBD)_min
267092031,603800771,59.34394,58.530620000000006,28.86779333333334,81.79791592592592,84.02908666666666,69.64039333333334,28.86779333333334,Sandyford_Business_District_min
267123013,253395283,61.017733132832085,62.14838888572784,92.18477001594897,78.3257455137845,83.79513270955165,102.42257345029242,61.017733132832085,Dublin_City_Centre_(CBD)_min
267104010/01,10712038147,48.609873846153825,39.70947384615383,81.0190605128205,44.12888717948716,74.16076717948718,78.48598717948717,39.70947384615383,IFSC___Docklands_min
267130001,1951829568,32.64114412698414,33.771799879879886,63.808181010100995,56.291719999999984,55.41854370370369,74.04598444444444,32.64114412698414,Dublin_City_Centre_(CBD)_min
267154006,7441133426,40.056877037037026,42.510223703703694,45.35499513227513,65.77751962962962,66.90869037037037,30.154283333333336,30.154283333333336,Tallaght_min
268115004,428918441,24.88023897435897,23.735589965349963,46.15064952380955,47.002885891275916,50.3823337891738,60.55956054421769,23.735589965349963,IFSC___Docklands_min
268114016,8764171421,,,,,,,,
268134005,2582451905,27.336881159420294,33.94844593929451,29.594096124031015,57.215741865220416,55.91420229417205,44.42855624952163,27.336881159420294,Dublin_City_Centre_(CBD)_min
268111001,8942345137,26.893732121212125,25.749083112203113,42.1866303030303,49.016379038129045,52.39582693602693,59.70923746031747,25.749083112203113,IFSC___Docklands_min
267080027,3298600573,41.95752482269502,48.56908960256923,29.29403863247863,71.83638552849516,70.53484595744679,50.359860952380956,29.29403863247863,Sandyford_Business_District_min
267053029,358204366,37.61012303030303,36.060736363636366,69.0799096969697,59.328032289562294,38.47184149184148,32.295509696969695,32.295509696969695,Tallaght_min
268111009,654049462,27.218959166666664,28.918139166666666,40.488540370370366,49.21709873243933,54.0707725,62.998115542784156,27.218959166666664,Dublin_City_Centre_(CBD)_min
268067014,2375495150,22.371206666666676,26.475940000000005,58.87710909090911,32.884612549019614,28.937772549019613,66.14625254901962,22.371206666666676,Dublin_City_Centre_(CBD)_min
267103012/01,1267866602,38.27193797101448,36.722551304347824,73.31745310328961,59.989847230273746,39.13365643255294,51.30732463768115,36.722551304347824,IFSC___Docklands_min
267100034,9573563547,32.96349041666666,31.414103749999995,68.00900554894181,54.68139967592594,33.825208878205125,46.12853230769233,31.414103749999995,IFSC___Docklands_min
268008017/03,12595107005,37.78596836601309,40.41051503267975,73.67010169934639,52.629240178878575,64.4980903751455,80.59660666666666,37.78596836601309,Dublin_City_Centre_(CBD)_min
267065017,4111279747,44.45773523809529,45.58839099099104,75.62477212121208,59.15704761904765,67.23513481481486,85.86257555555548,44.45773523809529,Dublin_City_Centre_(CBD)_min
268074007,4431092016,31.42544596273293,32.55610171562868,62.59248284584984,53.82939261015962,54.202845539452525,72.83028628019322,31.42544596273293,Dublin_City_Centre_(CBD)_min
267131004,26472408,40.785405925925936,36.78273925925927,76.85899259259259,32.818819259259264,62.85069925925927,67.17591925925926,32.818819259259264,Dublin_Airport_min
267083008,10998041392,49.78701333333335,51.4957519379845,36.58282274509804,59.77119098039216,61.705640780379035,34.336026666666676,34.336026666666676,Tallaght_min
267104023,10705537158,62.63523384615385,53.734833846153855,95.04442051282055,58.15424717948719,88.18612717948722,92.51134717948722,53.734833846153855,IFSC___Docklands_min
267119007,441847518,62.24982666666666,60.70043999999999,85.51002666666668,83.96773592592595,69.20321179487179,48.357839999999996,48.357839999999996,Tallaght_min
267004010,6681347521,42.55085523809524,43.68151099099098,73.71789212121207,66.94880691691692,65.32825481481481,83.95569555555556,42.55085523809524,Dublin_City_Centre_(CBD)_min
267109011,2967515593,27.83069333333333,26.281306666666662,62.87620846560847,49.5486025925926,45.65340324038023,47.4979219047619,26.281306666666662,IFSC___Docklands_min
268032008,9012145460,19.917671351351355,19.737684684684684,55.9704154876044,43.004980610610616,29.03102,55.24677017488077,19.737684684684684,IFSC___Docklands_min
268119009,4658273488,42.504093333333344,45.12864000000002,78.38822666666668,55.93701742424244,69.21621534246577,88.23724000000003,42.504093333333344,Dublin_City_Centre_(CBD)_min
267139002,6188054839,53.0510268783069,51.50164021164025,55.62198881720435,74.76893613756619,57.55475105413108,16.391186666666666,16.391186666666666,Tallaght_min
268065015,2685293248,25.421983768115947,29.526717101449282,61.92788619235835,27.345389090909098,30.31134376811595,70.08307575757574,25.421983768115947,Dublin_City_Centre_(CBD)_min
267008002,7788435913,46.7057733075435,50.04494857142858,31.53798181818182,62.28475764705883,64.2192074470457,36.849593333333324,31.53798181818182,Sandyford_Business_District_min
267079010,256112323,41.87917333333335,41.06585333333335,25.885440341880336,64.33314925925927,66.56432000000001,56.495260000000016,25.885440341880336,Sandyford_Business_District_min
268153004,2386813252,24.347500540540537,24.167513873873872,53.871004547803636,47.434809799799815,44.11479470556947,44.37789189189188,24.167513873873872,IFSC___Docklands_min
267114008,212662948,42.99274724637681,45.44609391304347,36.96230724637682,63.58471448916409,65.51916428915096,32.488027246376824,32.488027246376824,Tallaght_min
267114005,7813629160,49.026987246376805,51.480333913043474,42.996547246376814,65.93831918552037,67.87276898550724,38.52226724637681,38.52226724637681,Tallaght_min
268143002/268143003,130268861,22.38007882352941,20.72739384615384,37.36269739837398,43.99468977207978,46.22586051282052,47.29504406504065,20.72739384615384,IFSC___Docklands_min
267039015,11863052721,47.14990175438596,46.33658175438595,48.38612,69.60387768031187,71.83504842105262,75.67311915275994,46.33658175438595,IFSC___Docklands_min
268078011,667281709,19.618773793103447,18.06938712643678,54.664288925378564,41.336683052362694,39.50118712643677,38.5475696969697,18.06938712643678,IFSC___Docklands_min
268151006,359102241,24.66866137223616,24.488674705569494,51.2722548255814,47.75597063149541,43.37047470556948,42.73774522522521,24.488674705569494,IFSC___Docklands_min
268117008,13248627138,24.093191428571423,24.279871428571425,37.723333877551035,47.54716735449736,49.583998870056504,46.25568054421771,24.093191428571423,Dublin_City_Centre_(CBD)_min
267138005,6531935236,51.726506666666666,50.17712000000001,65.73454073099415,70.15407503836322,57.96322512820513,25.623483508771926,25.623483508771926,Tallaght_min
268150012,13798454351,23.100113220338987,22.920126553672322,56.697784547803614,46.18742247959825,42.108692870494,43.01811921568628,22.920126553672322,IFSC___Docklands_min
268141006,7447234461,13.811837708333334,16.70446869932432,38.464461085271324,39.971764625250245,40.66365104166666,44.785273672316386,13.811837708333334,Dublin_City_Centre_(CBD)_min
267140023,9520265728,55.35598000000002,53.806593333333346,65.80322000000001,77.07388925925925,62.309365128205144,28.651033333333338,28.651033333333338,Tallaght_min
268153007,931742273,20.202620540540543,20.022633873873875,56.09721788113696,43.2899297997998,43.57110054054054,45.321931891891886,20.022633873873875,IFSC___Docklands_min
268111007,8942705109,28.261575,27.284703454759114,41.72250666666667,50.25971456577266,53.93144727858292,64.23208183908045,27.284703454759114,IFSC___Docklands_min
268112010,8718261182,24.271705185185183,23.127056176176175,42.12645217391305,46.394352102102125,49.77380000000001,61.84578397306398,23.127056176176175,IFSC___Docklands_min
267065001/01,11623215697,37.94453523809525,39.075190990991004,69.1115721212121,48.77775428571429,60.72193481481482,79.34937555555553,37.94453523809525,Dublin_City_Centre_(CBD)_min
267041005,12792034959,25.705902564102566,29.810635897435898,62.853555897435896,53.07793182336183,24.690991515151516,67.77711113122172,24.690991515151516,Blanchardstown_min
267147021,6235129561,51.97252761904762,50.423140952380955,64.94939428571429,69.02824431372555,62.40091274725275,24.10934974358975,24.10934974358975,Tallaght_min
267066009/02,3137578955,22.320799999999995,22.355164324324317,53.31537333333335,21.254108571428567,45.03585037037039,58.37171333333334,21.254108571428567,Dublin_Airport_min
267098005,11364604655,77.71199999999999,81.20604432432432,112.16625333333337,74.48490666666666,83.61802666666668,111.75158000000002,74.48490666666666,Dublin_Airport_min
268041008,4439831322,26.62309929606626,27.75375504896201,57.79013617918315,47.38983396011396,49.400498872785846,68.02793961352658,26.62309929606626,Dublin_City_Centre_(CBD)_min
267028112,874442916,39.1079575308642,41.812690864197535,76.25561086419752,61.727349911816574,27.3223175308642,64.53079753086419,27.3223175308642,Blanchardstown_min
268089004,2516833436,32.62689015873016,35.25143682539683,68.51102349206349,34.041426666666666,52.884440000000005,72.02508127659573,32.62689015873016,Dublin_City_Centre_(CBD)_min
267143006,9624549526,58.289291428571424,56.73990476190476,58.21615809523809,80.00720068783068,68.71767655677655,28.147304761904767,28.147304761904767,Tallaght_min
267099004,10733245263,32.81674000000001,23.91634000000001,64.54259333333333,39.03829818181819,61.545381134751764,70.28226666666664,23.91634000000001,IFSC___Docklands_min
267116011,345660537,49.96649777777777,51.629916382428924,35.927906666666665,59.905355424836586,61.83980522482346,34.47019111111112,34.47019111111112,Tallaght_min
267132041,11014795125,41.136818947368425,37.08415228070176,77.2104056140351,33.17023228070176,63.202112280701755,67.52733228070174,33.17023228070176,Dublin_Airport_min
267133026/01,6514981997,54.94871333333332,49.81271333333333,90.43896666666666,46.98212666666665,77.01400666666669,81.33922666666668,46.98212666666665,Dublin_Airport_min
267151003,8622642970,49.840961904761905,48.331785319865325,58.239079999999994,71.59908124579127,67.64943973137972,29.080267936507934,29.080267936507934,Tallaght_min
267118016,9113344971,58.110289570079054,54.8790553846154,89.27732645319594,59.29846871794872,80.88768914679864,93.65556871794873,54.8790553846154,IFSC___Docklands_min
267104015/02,10650400305,53.26609948717948,44.36569948717948,85.67528615384619,48.785112820512815,78.81699282051287,83.14221282051285,44.36569948717948,IFSC___Docklands_min
267004020,2422091598,41.17389523809525,42.304550990991,72.34093212121209,64.33731498575499,63.9512948148148,82.57873555555553,41.17389523809525,Dublin_City_Centre_(CBD)_min
267148015,4936916099,48.70924350877194,48.61425454545456,53.96835798031665,71.88155047138045,63.410185128205136,24.84101333333333,24.84101333333333,Tallaght_min
267047004,8561485052,47.70110601626016,46.15171934959349,66.37562601626016,64.02395032998567,56.11079846153846,29.725426666666667,29.725426666666667,Tallaght_min
267035009,13995963629,53.966043636363636,56.419390303030305,46.912310303030296,74.61496795008912,62.77362591251883,22.747294117647055,22.747294117647055,Tallaght_min
268109006,5064276580,12.413511724137932,4.214226666666666,46.00290647887326,30.604988233618233,38.46069589743591,51.05924647887325,4.214226666666666,IFSC___Docklands_min
268003004,13704026915,13.103898461538462,12.923911794871795,49.106642597791506,36.19120772079774,34.72800571428573,47.57140000000001,12.923911794871795,IFSC___Docklands_min
268106001,13270567891,,,,,,,,
268149006,9122817436,15.852458461538463,15.672471794871795,51.85520259779149,38.93976772079772,35.774699047619045,48.73965521992581,15.672471794871795,IFSC___Docklands_min
268037008,6620718832,35.2874194871795,35.107432820512834,71.29016362343249,58.37472874643874,51.063961664152856,56.48736555555556,35.107432820512834,IFSC___Docklands_min
267132024,253179891,36.66575228070177,32.6130856140351,72.73933894736842,28.6991656140351,58.7310456140351,63.056265614035084,28.6991656140351,Dublin_Airport_min
267002028,2366243030,61.465888888888905,52.032155555555576,91.29174222222221,65.61823555555557,88.89407703703704,98.93141555555555,52.032155555555576,IFSC___Docklands_min
267078012,41324583,36.65875929824562,35.84543929824562,17.396692631578947,59.112735224171544,61.34390596491229,48.202253333333346,17.396692631578947,Sandyford_Business_District_min
267105017/02,5985251912,44.28820873015874,45.418864483054485,75.45524561327558,55.16994777777778,67.0656083068783,85.69304904761903,44.28820873015874,Dublin_City_Centre_(CBD)_min
267085008,7820941403,51.20301333333332,50.77024527131782,42.06458666666668,59.04568431372549,60.98013411371236,33.61052,33.61052,Tallaght_min
268008007,301818483,47.55012583333335,50.17467250000002,81.08094101010099,55.48972166666668,72.69130370370368,91.31874444444442,47.55012583333335,Dublin_City_Centre_(CBD)_min
267086006,8073007697,52.38628740740741,54.83963407407407,46.839180740740744,75.6484176470588,71.65449179487179,31.62816,31.62816,Tallaght_min
267140048,9577651054,45.768191111111086,44.21880444444443,55.75452388888886,67.48610037037035,52.00490957264955,20.04903111111111,20.04903111111111,Tallaght_min
267118027,12530871761,72.29810085213032,69.06686666666666,103.46513773524711,73.48627999999998,95.07550042884981,107.8433799999999,69.06686666666666,IFSC___Docklands_min
267127011,950302743,32.42045142857143,31.60713142857143,21.198925714285718,54.87442735449736,57.10559809523809,53.657445714285714,21.198925714285718,Sandyford_Business_District_min
267092055/02,4729910669,41.35303666666668,42.558026666666684,14.040519999999995,65.8253225925926,68.05649333333334,55.50172384615386,14.040519999999995,Sandyford_Business_District_min
267001005,294001423,41.664011666666674,43.92278765765764,74.88299666666666,36.156047619047605,50.788209523809535,77.67068444444445,36.156047619047605,Dublin_Airport_min
267080013,789500756,39.836560378250574,44.11922222222221,28.251725490196076,67.38651814814814,68.41388151300235,42.36950888888887,28.251725490196076,Sandyford_Business_District_min
267003022,10922006113,56.57076631578948,47.13703298245614,86.39661964912275,60.72311298245615,84.01532148148145,94.03629298245609,47.13703298245614,IFSC___Docklands_min
268135012,564574197,,,,,,,,
268046001,1426962194,24.76028497512438,27.38483164179105,60.6444183084577,41.05188333333333,51.472406984256786,70.49343164179105,24.76028497512438,Dublin_City_Centre_(CBD)_min
268048001,248903411,17.81304,19.132078787878797,53.697173333333325,37.26256915824916,46.87001393327212,63.546186666666664,17.81304,Dublin_City_Centre_(CBD)_min
267144008,10284511875,48.07746601626016,46.52807934959349,66.75198601626015,64.40031032998566,52.518438461538466,26.133066666666668,26.133066666666668,Tallaght_min
267028108,12897725187,29.715659999999996,33.26206,66.86331333333334,52.33505238095238,17.93002,55.13850000000001,17.93002,Blanchardstown_min
268109001,580372437,15.822333684210529,12.46132,51.70646701754387,37.435940577088736,44.87930761748267,58.460913145539934,12.46132,IFSC___Docklands_min
267077005,13013823967,38.00039259259259,36.85574358358359,36.42814342342342,60.12303950950954,63.50248740740742,68.88666342342343,36.42814342342342,Sandyford_Business_District_min
267109008,8719923171,31.17347878787879,29.62409212121213,66.2189939201539,52.89138804713805,37.49114826546002,43.81044666666669,29.62409212121213,IFSC___Docklands_min
267099015/02,425540175,33.72196666666668,24.82156666666668,65.44781999999996,38.84628484848482,62.45060780141841,71.18749333333334,24.82156666666668,IFSC___Docklands_min
268085006,337982091,25.234721951219523,23.685335284552856,57.4732534366925,46.95263121047877,45.117135284552845,44.516577777777776,23.685335284552856,IFSC___Docklands_min
268004012,11920099026,23.835380952380948,22.285994285714295,58.8808960846561,45.55329021164023,37.559486956521745,52.65381333333335,22.285994285714295,IFSC___Docklands_min
268133007,368411620,23.28848463768116,29.244473846153856,31.953509457364344,52.51176977207979,51.86580577243293,42.34277367965366,23.28848463768116,Dublin_City_Centre_(CBD)_min
268153010,13834860211,27.066895092716212,25.865668617886175,55.85856010335918,49.13296454381212,45.76870842604954,41.7591911111111,25.865668617886175,IFSC___Docklands_min
267012003,11605799057,50.198178156028355,54.480839999999986,35.81180848484849,70.35550431372552,72.28995411371238,44.92034000000002,35.81180848484849,Sandyford_Business_District_min
267119011,9927199205,49.679443809523804,48.13005714285714,72.03198,69.68030431372553,56.63282893772893,35.53745714285714,35.53745714285714,Tallaght_min
267029029,11764834532,28.121146666666665,32.22588,65.2688,51.72738666666667,16.33550666666667,53.54398666666666,16.33550666666667,Blanchardstown_min
267017013,107823892,41.36246495543671,40.21781594642769,41.38571555555554,63.48511187235364,66.86455977025153,70.92756888888887,40.21781594642769,IFSC___Docklands_min
267118004,7596413126,64.73757572392522,61.506341538461555,95.90461260704211,65.9257548717949,87.5149753006448,100.2828548717949,61.506341538461555,IFSC___Docklands_min
267065019,253335924,51.06953523809523,52.20019099099098,82.23657212121212,60.333420000000004,73.84693481481483,92.47437555555554,51.06953523809523,Dublin_City_Centre_(CBD)_min
268101001,12292605898,25.20313054263566,25.32154387596899,51.734347383052636,48.58883980189491,50.1952156321839,43.60371921568629,25.20313054263566,Dublin_City_Centre_(CBD)_min
267071005,26795862,38.60118878306879,37.45653977405979,37.18318522522523,60.72383569998574,64.10328359788362,69.64170522522522,37.18318522522523,Sandyford_Business_District_min
267036006/02,1411048496,47.07220888888889,46.009873564090405,41.74347555555555,69.27716949001633,71.75735555555553,74.20199555555554,41.74347555555555,Sandyford_Business_District_min
268037007,15852595,29.649946666666658,28.10055999999999,64.6954617989418,51.36785592592593,44.73086277526397,50.15426666666668,28.10055999999999,IFSC___Docklands_min
267028004/02/02,9123132069,38.48492548355584,40.05000390390391,73.00078790779824,62.25041945945944,29.474882318840596,66.68336231884057,29.474882318840596,Blanchardstown_min
267060003,2985884685,35.69479319148936,34.55014418248036,50.208456720901125,57.817440108406295,61.19688800630418,73.26887197936814,34.55014418248036,IFSC___Docklands_min
268019004,76771570,34.66378666666666,39.477010909090914,69.1796490909091,34.056560000000005,40.26163757575758,71.70374794326241,34.056560000000005,Dublin_Airport_min
267018001,636872656,37.109900350877204,35.96525134186818,34.02281122807017,59.23254726779411,62.611995165691994,63.56466456140349,34.02281122807017,Sandyford_Business_District_min
267084017,10736082159,55.528374035087715,57.981720701754384,46.70765538461537,74.41031303167418,62.069107935222654,22.042776140350874,22.042776140350874,Tallaght_min
267028040,10686131047,44.539293333333305,47.24402666666665,81.68694666666666,67.15868571428568,32.75365333333333,69.96213333333331,32.75365333333333,Blanchardstown_min
267145011,4906672127,52.6978064516129,51.422338053830224,45.644073118279564,73.34673076533836,57.475448896321055,18.857933333333335,18.857933333333335,Tallaght_min
267138015,8495352650,55.8355803174603,54.28619365079363,69.14402528735631,74.03788837169652,62.788965445665426,31.991838620689652,31.991838620689652,Tallaght_min
268006010,454958875,30.829758974358977,32.30949230769231,67.97741230769229,52.110998974358964,29.416933333333336,67.81857779788838,29.416933333333336,Blanchardstown_min
267078019,60940255,35.339284822695035,41.95084960256922,22.675798632478635,65.21814552849516,63.91660595744679,47.01922260869562,22.675798632478635,Sandyford_Business_District_min
267100040,8766446451,34.942022695035455,33.39263602836879,69.98753782731062,56.6599319542947,35.803741156573906,41.01074269503544,33.39263602836879,IFSC___Docklands_min
267017006,26796479,38.653275151515146,37.508626142506145,34.85783478260869,60.77592206843209,64.15536996632997,67.31635478260868,34.85783478260869,Sandyford_Business_District_min
268057008,196244626,26.657106666666667,25.107719999999997,61.7026217989418,48.37501592592592,46.539519999999996,42.622152736572865,25.107719999999997,IFSC___Docklands_min
268115007,621868399,19.770945641025644,18.626296632016633,46.078760816326515,41.89359255794257,45.27304045584045,56.76110748299319,18.626296632016633,IFSC___Docklands_min
268070009,1707057977,23.677972777777775,26.552519444444442,59.56210611111111,38.430442380952385,45.63022904761905,64.77087032421478,23.677972777777775,Dublin_City_Centre_(CBD)_min
268093008,2988406973,33.45174523809525,34.39929661064427,47.31614056847543,57.66659253657017,57.64054537049399,35.94007948717948,33.45174523809525,Dublin_City_Centre_(CBD)_min
267069003,479963158,47.77208592592593,46.62743691691692,50.63063855855854,69.89473284284284,73.27418074074075,81.53352977932634,46.62743691691692,IFSC___Docklands_min
267122010,235030758,46.97086476190474,46.15754476190475,42.694433957307055,69.42484068783067,71.65601142857142,75.49408216027874,42.694433957307055,Sandyford_Business_District_min
267050010,4619741132,28.80562807017544,27.256241403508774,63.85114320245057,50.5235373294347,48.68804140350878,41.19239356037153,27.256241403508774,IFSC___Docklands_min
268070010,244443896,24.34793277777778,27.222479444444446,60.2320661111111,39.100402380952374,46.30018904761904,65.44083032421479,24.34793277777778,Dublin_City_Centre_(CBD)_min
267003003,10687922904,54.55110666666666,45.11737333333333,84.37695999999998,58.70345333333333,81.97929481481479,92.01663333333332,45.11737333333333,IFSC___Docklands_min
268141005,13784247292,14.272983076923076,17.165614067914063,37.08242108527135,40.43290999383999,41.12479641025641,46.22407782945738,14.272983076923076,Dublin_City_Centre_(CBD)_min
268146003,8917551941,37.93508888888888,38.8826402614379,43.86023395730705,62.14993618736382,64.2413550927162,32.863702222222216,32.863702222222216,Tallaght_min
268008006,301817836,43.5262636734694,46.15081034013608,79.41039700680268,54.390574545454555,70.23838568260182,89.25941034013597,43.5262636734694,Dublin_City_Centre_(CBD)_min
267104015/01,5509461969,,,,,,,,
267028004/02/06,9349365704,37.4904865369169,39.055564957264956,72.00634896115933,61.25598051282051,32.770282222222235,69.97876222222222,32.770282222222235,Blanchardstown_min
268139005,411630667,10.218213333333333,16.019050802919704,48.89530413625305,39.28634672884564,35.72356444444446,54.211398352059966,10.218213333333333,Dublin_City_Centre_(CBD)_min
267028037,392106137,37.21833083333333,38.706397499999994,74.36598416666665,61.97369342592592,30.834908110328644,68.04338811032864,30.834908110328644,Blanchardstown_min
267029026,12883543113,28.83649563218391,31.757895632183914,65.98414896551722,51.45588801313627,17.05085563218391,54.25933563218389,17.05085563218391,Blanchardstown_min
267145005,4880252527,50.24550443064182,48.69611776397516,47.09033978494623,71.96341368990109,54.74922860646599,14.770506666666675,14.770506666666675,Tallaght_min
267040037,12833967616,41.98037238095239,43.37370111111111,77.32448511500544,66.04671925925925,32.45632000000001,69.66480000000001,32.45632000000001,Blanchardstown_min
267100056,8779913387,35.63973787234041,34.09035120567376,70.68525300461556,57.35764713159968,36.50145633387886,48.143185641025624,34.09035120567376,IFSC___Docklands_min
268023005,26389203,29.472172698412702,32.09671936507937,65.35630603174606,42.908698479532184,56.18429470754514,75.20531936507932,29.472172698412702,Dublin_City_Centre_(CBD)_min
268070002,4385352725,30.903784301075277,36.980081594896326,65.41964672531768,45.735574313725486,53.667385253456196,69.74215,30.903784301075277,Dublin_City_Centre_(CBD)_min
267044007,7729298790,47.638570976541175,54.25013575641539,36.96616615384615,72.18059946524068,74.11504926522754,39.49188615384615,36.96616615384615,Sandyford_Business_District_min
267040032,12828433572,42.13207282051279,44.353472820512785,79.27972615384621,67.62076874643871,32.709929790209806,70.92232888888894,32.709929790209806,Blanchardstown_min
267029032,458771608,37.32550666666667,41.43023999999999,74.47316000000002,60.64574299128102,23.17974666666667,62.74834666666664,23.17974666666667,Blanchardstown_min
268071022/01,5334535193,42.214581699346425,44.83912836601309,78.09871503267975,54.03190095238099,68.92670370847881,78.66449999999996,42.214581699346425,Dublin_City_Centre_(CBD)_min
268054011,9093428559,31.524727619047624,31.64314095238096,55.90265464254954,54.91043687830691,56.97519382287498,37.07843555555557,31.524727619047624,Dublin_City_Centre_(CBD)_min
268090001,2624676887,38.32576717948718,36.8090162962963,51.38967635610768,60.076312222222235,56.85345475783477,34.7701715942029,34.7701715942029,Tallaght_min
267114009,7813612282,49.35038666666665,51.15941347644602,38.62450153846152,59.43485251885368,61.36930231884056,33.9996882051282,33.9996882051282,Tallaght_min
267108009,10313108985,27.013520000000003,25.464133333333336,62.05903513227513,48.731429259259265,45.03926703296703,46.11293523809524,25.464133333333336,IFSC___Docklands_min
267140013,11248552912,56.054740512820516,54.50535384615385,63.06494051282051,77.77264977207975,64.81506957264956,25.912753846153844,25.912753846153844,Tallaght_min
268015006/268015015,3108712017,32.66495333333334,32.69931765765766,63.65952666666663,26.05728,43.62520000000003,68.71586666666663,26.05728,Dublin_Airport_min
268085007,4431227522,25.38360175938288,24.939841951219503,55.56026540250449,48.20713787714548,44.08541509271624,40.07589777777779,24.939841951219503,IFSC___Docklands_min
267103019,10864909643,35.87142060606061,34.32203393939395,70.91693573833574,57.589329865319876,36.73313906759907,48.90680727272728,34.32203393939395,IFSC___Docklands_min
267028084,12915635957,40.014079999999986,44.118813333333314,77.15185457446492,62.63347238095236,28.228440000000013,65.43691999999997,28.228440000000013,Blanchardstown_min
268015007,6373822677,24.21958000000001,24.25394432432433,55.21415333333332,18.233157037037042,37.116277037037044,60.27049333333331,18.233157037037042,Dublin_Airport_min
268050003,60001681,25.800918072289157,27.96311878787878,61.68505140562248,42.95862764705882,50.09962666666665,66.9652033333333,25.800918072289157,Dublin_City_Centre_(CBD)_min
267037007,13478242042,47.697368888888896,46.88404888888889,38.78607141762452,70.15134481481482,72.38251555555559,76.22058628726289,38.78607141762452,Sandyford_Business_District_min
267100037,8765314989,33.74639708333334,32.19701041666668,68.79191221560845,55.46430634259259,34.6081155448718,46.190292307692296,32.19701041666668,IFSC___Docklands_min
267112008/01,9652261346,70.03672,68.48733333333334,95.45270666666663,91.75462925925919,79.14589179487174,58.30052,58.30052,Tallaght_min
267079002,5171378918,36.010084822695035,40.29274666666666,25.98573196581196,63.56004259259259,64.5874059574468,45.51801333333333,25.98573196581196,Sandyford_Business_District_min
267040060,13647763886,39.32701333333333,41.54841333333332,76.47466666666666,64.81570925925925,31.006781818181825,77.0574988235294,31.006781818181825,Blanchardstown_min
268007003,15482578,23.410065591397846,25.998132258064516,60.55771892473118,45.14626324324323,24.53586666666666,61.507217748260594,23.410065591397846,Dublin_City_Centre_(CBD)_min
268130008,8630418131,24.441591111111116,31.05315589098533,28.967205714285726,54.32045181691124,53.01891224586287,43.2737552238806,24.441591111111116,Dublin_City_Centre_(CBD)_min
267121006,2478080536,47.6463422222222,46.50169321321321,45.740229936143045,69.76898913913915,73.14843703703706,78.53987813911475,45.740229936143045,Sandyford_Business_District_min
268132008,665822853,30.774462222222212,31.722013594771234,48.85584454780366,54.98930952069721,57.28051808429122,41.10377333333335,30.774462222222212,Dublin_City_Centre_(CBD)_min
267020016/01,2463299204,34.65660564971751,33.84328564971751,32.792400713012476,57.11058157564345,59.34175231638419,62.33425404634581,32.792400713012476,Sandyford_Business_District_min
268076011,2423191666,31.307119365079362,33.931666031746026,67.19125269841271,44.74364514619884,58.019241374211795,77.04026603174601,31.307119365079362,Dublin_City_Centre_(CBD)_min
267074006/03,11681925846,44.1414723809524,43.32815238095239,43.58773904761906,66.59544830687832,68.82661904761908,72.6646897793264,43.32815238095239,IFSC___Docklands_min
268009016,3157208081,14.414136283185842,18.64894060751017,50.2982696165192,41.916236533436134,43.471110216457994,60.14728294985254,14.414136283185842,Dublin_City_Centre_(CBD)_min
267028026,12909306467,34.37557565217392,37.080308985507244,71.5232289855073,56.99496803312628,22.589935652173928,59.798415652173894,22.589935652173928,Blanchardstown_min
267040023,12797244362,29.491610526315785,31.713010526315784,66.63926385964912,54.98030645224171,19.736701818181807,67.22209601651187,19.736701818181807,Blanchardstown_min
268008003,1523894717,40.75020537878788,43.37475204545456,76.45758944005269,48.68980121212122,67.4623273879203,86.48335204545452,40.75020537878788,Dublin_City_Centre_(CBD)_min
267036003,702034835,48.63343999999999,47.57110467520151,43.30470666666666,70.83840060112746,73.31858666666669,75.76322666666668,43.30470666666666,Sandyford_Business_District_min
268034007,13128609,23.56144697647733,24.12652539682539,58.07730940071975,42.830686666666665,29.731875767195756,68.2983419004525,23.56144697647733,Dublin_City_Centre_(CBD)_min
268033003,16054130,26.47124697647733,27.036325396825386,60.987109400719746,45.74048666666667,32.64167576719576,68.95564441492726,26.47124697647733,Dublin_City_Centre_(CBD)_min
267141011,6960300243,49.08407666666665,47.53468999999998,54.936097222222216,70.80198592592592,57.16261568376068,18.94209,18.94209,Tallaght_min
267122004,12373448494,,,,,,,,
267120006,244223125,50.68876848484849,49.875448484848484,46.41233768025078,73.1427444107744,75.37391515151512,79.21198588322244,46.41233768025078,Sandyford_Business_District_min
268093003,269233882,39.67574666666666,40.62329803921568,50.12216658008658,63.89059396514161,65.42061203716067,36.80266181818182,36.80266181818182,Tallaght_min
267027007,12817210862,26.497220000000002,30.601953333333334,63.64487333333332,49.458666666666666,20.55042,64.10435929824561,20.55042,Blanchardstown_min
267017002,3339508982,41.509569929078,40.364920920069,37.71335789473684,63.63221684599493,67.01166474389282,67.25521122807017,37.71335789473684,Sandyford_Business_District_min
267107004/02,34403482,68.66813142857139,67.11874476190472,100.13791809523816,90.38604068783077,69.52984989010984,62.442811428571396,62.442811428571396,Tallaght_min
267105002,12382132912,34.8525542857143,35.98321003861005,66.01959116883117,48.34828000000001,57.62995386243386,76.25739460317462,34.8525542857143,Dublin_City_Centre_(CBD)_min
267087003,32341722,39.662917101449274,38.84959710144927,41.97314091097307,62.11689302737518,64.3480637681159,68.18613449982323,38.84959710144927,IFSC___Docklands_min
267031012,12983076552,37.75774571428571,39.15107444444445,73.10185844833882,61.8240925925926,19.929133333333336,70.24448444444444,19.929133333333336,Blanchardstown_min
267084003,9624201914,57.88837696969698,60.341723636363646,50.834643636363644,78.53730128342244,65.84542391608393,25.819092121212105,25.819092121212105,Tallaght_min
268149001,14061577693,16.581019887005652,16.401033220338988,52.94395322033899,39.66832914626492,39.116024299065415,45.83005894736839,16.401033220338988,IFSC___Docklands_min
267096007,1411182886,47.356433191489366,46.21178418248035,56.424461646150924,69.4790801084063,72.85852800630414,84.93051197936815,46.21178418248035,IFSC___Docklands_min
268014004,2375574768,30.84361,34.948343333333334,67.09951242424243,41.51673111111113,37.56989111111113,74.77837111111113,30.84361,Dublin_City_Centre_(CBD)_min
268106002,10306668147,10.511053333333335,11.909352916666668,45.185277469586374,35.176648842592584,38.94115291666665,50.1892546031746,10.511053333333335,Dublin_City_Centre_(CBD)_min
268105007,2413658313,15.719116666666668,21.065778008534846,51.65696698564593,44.333073934460785,37.61221872807018,62.339313652312605,15.719116666666668,Dublin_City_Centre_(CBD)_min
267092048,13380616575,42.48042390804597,46.35097829401089,10.411053333333333,69.61827421993682,71.05774504279772,56.629111087533154,10.411053333333333,Sandyford_Business_District_min
267092041,4341696556,45.8612372413793,49.73179162734422,10.070746666666667,72.99908755327019,74.43855837613111,60.00992442086648,10.070746666666667,Sandyford_Business_District_min
268010015,11877130037,,,,,,,,
268029006,6370511303,14.240317250859107,18.34505058419244,50.49621967510153,35.637007272727274,31.243426994448846,61.178566341768196,14.240317250859107,Dublin_City_Centre_(CBD)_min
267018003,7058928520,39.890384955436716,38.7457359464277,36.32055111111111,62.01303187235365,65.39247977025154,65.86240444444444,36.32055111111111,Sandyford_Business_District_min
267122007,243758771,45.805011111111085,44.99169111111109,41.5285803065134,68.25898703703702,70.49015777777777,74.32822850948509,41.5285803065134,Sandyford_Business_District_min
267072002,480100464,50.26403794871797,49.450717948717966,46.98578666666666,72.7180138746439,74.94918461538467,78.78725534709197,46.98578666666666,Sandyford_Business_District_min
268157008,3895050852,31.5307720754717,35.635505408805024,66.3783411663808,33.668647500000006,40.86843416666667,69.28864544326242,31.5307720754717,Dublin_City_Centre_(CBD)_min
267085026/04,286038068,54.041706666666656,53.608938604651165,45.165020000000005,61.884377647058834,63.8188274470457,33.453318260869565,33.453318260869565,Tallaght_min
267077003,3837673178,33.25965925925925,32.11501025025024,40.353450090090085,55.38230617617619,58.761754074074084,70.83373804713807,32.11501025025024,IFSC___Docklands_min
267028109,12894285280,29.39448666666667,32.94088666666667,66.54214,52.01387904761905,17.608846666666675,54.817326666666666,17.608846666666675,Blanchardstown_min
268111006,2761900086,25.00061333333333,25.008883112203115,42.057156296296306,46.998752899105995,51.655626936026934,61.179226666666665,25.00061333333333,Dublin_City_Centre_(CBD)_min
267051004,436635944,39.023019047619044,37.473632380952374,74.06853417989419,60.740928306878295,39.88473750915749,40.95840571428571,37.473632380952374,IFSC___Docklands_min
267065006/02,253337910,49.40487301587301,50.53552876876876,80.57190989898992,51.64825777777777,72.18227259259261,86.0053577777778,49.40487301587301,Dublin_City_Centre_(CBD)_min
267143026,6611028869,56.51675999999999,54.96737333333333,55.16029333333333,78.23466925925926,66.94514512820511,26.374773333333337,26.374773333333337,Tallaght_min
268083009,2952202695,24.777079999999998,23.22769333333333,59.82259513227515,46.49498925925927,44.659493333333344,49.252291031321626,23.22769333333333,IFSC___Docklands_min
267021003,178896510,47.772327017543866,46.627678008534865,49.32237047619048,69.89497393446075,73.27442183235863,80.05695676944312,46.627678008534865,IFSC___Docklands_min
267019005,5283748034,,,,,,,,
268156008,1445223009,36.354197681159434,35.322611014492765,51.89940389233955,58.58990694041868,55.367049476031205,33.84787768115942,33.84787768115942,Tallaght_min
267117006,11042608995,41.73823757575759,44.19158424242426,44.718026666666674,66.4950443137255,68.42949411371237,41.05988000000001,41.05988000000001,Tallaght_min
268074011,4431092127,32.94405929606627,34.07471504896202,64.11109617918315,55.34800594349294,55.72145887278585,74.34889961352658,32.94405929606627,Dublin_City_Centre_(CBD)_min
267007017,8629064181,44.58082664087684,47.150027179487196,28.701280512820517,67.0826943137255,69.01714411371238,41.64752999999999,28.701280512820517,Sandyford_Business_District_min
267080022,7015302007,56.340204822695,56.38119999999997,34.944495555555555,79.64849592592596,81.8796666666667,57.614820000000016,34.944495555555555,Sandyford_Business_District_min
267049004,13279233957,45.35084000000002,43.801453333333356,76.59966499999997,67.06874925925928,46.21255846153848,38.940265000000004,38.940265000000004,Tallaght_min
268127013,255315736,33.9780368627451,36.43138352941177,39.27615495798321,59.698679455337704,60.829850196078446,30.117977777777785,30.117977777777785,Tallaght_min
268106016,5281437636,3.330773333333333,8.903778113207546,41.0807119379845,32.17107403913347,33.9840768992248,53.05830857142858,3.330773333333333,Dublin_City_Centre_(CBD)_min
268148004/01,117707387,21.931984299065423,21.751997632398755,57.934728435318455,45.01929355832468,40.63379763239875,50.23945333333334,21.751997632398755,IFSC___Docklands_min
267045006,140405127,35.20274782608697,41.8143126059612,30.60397543859651,65.08160853188711,63.78006896083875,50.60672,30.60397543859651,Sandyford_Business_District_min
268132018,4855282919,21.89945411764706,24.35280078431373,37.26923174603175,47.62009671023965,48.75126745098039,39.1591001754386,21.89945411764706,Dublin_City_Centre_(CBD)_min
268142018,13802694173,17.825647407407416,21.128800784313725,33.60627565891472,44.39609671023966,45.527267450980396,38.98935175438597,17.825647407407416,Dublin_City_Centre_(CBD)_min
268068004,2400844908,33.19180000000001,34.647258730158725,68.59804273405308,44.06470666666666,36.16238000000001,77.17077540010607,33.19180000000001,Dublin_City_Centre_(CBD)_min
267136001,4909724658,56.3359868783069,54.786600211640234,54.31616645161291,78.05389613756617,60.839711054131065,19.676146666666668,19.676146666666668,Tallaght_min
268085003,3928714493,21.291730256410254,19.74234358974359,56.065293992248066,43.00963951566951,41.174143589743586,42.44459636363636,19.74234358974359,IFSC___Docklands_min
267106022,12613628985,45.308789285714305,42.220783333333344,76.47582616883118,49.75686333333335,68.08618886243386,84.11396333333333,42.220783333333344,IFSC___Docklands_min
268085008/01,6192677751,21.01454095238096,19.465154285714288,56.06005608465609,42.73245021164021,40.89695428571429,42.22255428571429,19.465154285714288,IFSC___Docklands_min
268070007,246087074,26.828106111111108,29.702652777777775,62.71223944444445,39.951330952380964,47.15111761904763,66.29175889564337,26.828106111111108,Dublin_City_Centre_(CBD)_min
267082005,260022189,36.32665815602839,42.938222935902566,26.89604615384616,66.2055188618285,64.90397929078013,47.425795555555574,26.89604615384616,Sandyford_Business_District_min
267040062,456388707,41.475093333333355,43.696493333333365,78.62274666666663,66.96378925925929,33.154861818181814,79.20557882352936,33.154861818181814,Blanchardstown_min
267105012/02,253316432,46.32302206349207,47.45367781638781,77.49005894660894,57.204761111111104,69.10042164021162,87.72786238095237,46.32302206349207,Dublin_City_Centre_(CBD)_min
268126011,49381106,30.27815262939959,31.408808382295334,61.445189512516464,52.68209927682626,53.05555220611916,71.6829929468599,30.27815262939959,Dublin_City_Centre_(CBD)_min
268078010,7392125750,25.43395215686275,23.884565490196078,60.47946728913789,47.151861416122024,45.31636549019609,38.414333333333346,23.884565490196078,IFSC___Docklands_min
267001002,11847606621,41.437918333333336,45.74657432432432,75.95378075757581,37.97983428571428,52.61199619047621,77.44459111111114,37.97983428571428,Dublin_Airport_min
267110001,187642117,41.85649471861472,42.98715047151047,73.02353160173159,56.94506424242424,64.63389429533429,83.26133503607504,41.85649471861472,Dublin_City_Centre_(CBD)_min
267122002,10299475815,50.42583515151514,49.61251515151514,46.149404346917436,72.87981107744106,75.11098181818183,78.94905254988916,46.149404346917436,Sandyford_Business_District_min
267149010,2484187099,43.88911111111111,46.34245777777778,43.285274471544696,69.60975370370369,64.65928179487179,26.090110000000006,26.090110000000006,Tallaght_min
268148006,2794674717,18.692624299065425,18.512637632398757,54.695368435318464,41.77993355832469,37.39443763239875,48.228733333333345,18.512637632398757,IFSC___Docklands_min
268017021,4405814099,35.43726424242424,35.96818144553644,66.92839045454546,30.12293212121212,44.526624242424255,71.98473045454544,30.12293212121212,Dublin_Airport_min
267072006,2431551989,50.03489212121209,48.89024311220308,51.54592296296297,72.15753903812907,75.53698693602695,84.00444296296295,48.89024311220308,IFSC___Docklands_min
267092059,13453302752,48.79183724137931,52.662391627344235,18.493903908045972,75.9296875532701,77.36915837613104,62.940524420866495,18.493903908045972,Sandyford_Business_District_min
267073005,1411048517,46.00688888888889,44.944553564090405,40.678155555555556,68.21184949001635,70.69203555555555,73.13667555555554,40.678155555555556,Sandyford_Business_District_min
268145003,12965447752,38.17995862068965,39.12750999323867,50.865683033509704,62.394805919164604,64.68601448275861,37.546178271604944,37.546178271604944,Tallaght_min
268070019,247321327,20.712628421052628,24.852453875598087,56.596761754385966,38.721108675799094,45.92089534246576,65.0615366190615,20.712628421052628,Dublin_City_Centre_(CBD)_min
268158010,298537214,23.807171034482767,30.346864367816103,58.32303345872517,32.384482898550736,41.8203117948718,58.06228127659575,23.807171034482767,Dublin_City_Centre_(CBD)_min
268030014,2372323763,22.59624753623188,26.700980869565218,59.10214996047433,37.61646060606063,33.669620606060604,69.60534899964651,22.59624753623188,Dublin_City_Centre_(CBD)_min
268071015,187761494,40.88134222222222,43.50588888888889,76.45412033549783,55.72461403508772,67.59346423135464,84.60263333333337,40.88134222222222,Dublin_City_Centre_(CBD)_min
267078020,3292039018,41.52436482269502,48.135929602569234,28.860878632478634,71.40322552849516,70.10168595744679,53.204302608695635,28.860878632478634,Sandyford_Business_District_min
267129006,173769865,43.61847270440254,42.805152704402545,41.40710380952383,66.07244863032845,68.30361937106919,72.1416901027765,41.40710380952383,Sandyford_Business_District_min
268081012,5152933618,15.26970666666666,21.733017435897448,52.97593743589745,43.773652903225816,34.01552695652174,62.010554796747975,15.26970666666666,Dublin_City_Centre_(CBD)_min
268096016,3978749614,15.146038297872343,15.089404904034469,40.642304964538994,38.356700829960396,41.7361487278583,51.32465163120567,15.089404904034469,IFSC___Docklands_min
267080004/267080006,247804759,64.49029815602832,64.53129333333328,43.094588888888865,79.48982431372556,81.42427411371244,54.05465999999999,43.094588888888865,Sandyford_Business_District_min
267060002,1305613231,38.379353191489336,37.23470418248034,52.893016720901095,60.502000108406264,63.88144800630415,75.95343197936816,37.23470418248034,IFSC___Docklands_min
267103001/03,1263758358,40.80306028985506,39.253673623188405,75.84857542213025,62.520969549114334,41.664778751393534,52.812339099099084,39.253673623188405,IFSC___Docklands_min
268080012,19080485,11.115237894736842,17.62923789473684,45.86374031897926,37.577193333333334,30.83934083333334,56.546086985645935,11.115237894736842,Dublin_City_Centre_(CBD)_min
268088011,2815898082,41.85029166666668,44.92762095238097,76.36615409090906,34.305093333333325,55.73144000000002,72.9899933333333,34.305093333333325,Dublin_Airport_min
268063007,2375495322,25.240013333333334,29.34474666666667,61.74591575757575,33.12958666666667,21.523473580246918,65.7269935802469,21.523473580246918,Blanchardstown_min
268071024/01,5172781323,48.56627503267973,50.87449003861006,80.91087116883112,55.80598095238096,72.52123386243383,84.84828666666662,48.56627503267973,Dublin_City_Centre_(CBD)_min
267057002,13361776183,33.10053475177305,39.71209953164727,32.2685180952381,62.979395457573204,61.67785588652484,47.14504000000001,32.2685180952381,Sandyford_Business_District_min
268063009,12692159447,24.697581666666665,28.802315,61.20348409090907,32.587155,25.091228148148147,69.29474814814814,24.697581666666665,Dublin_City_Centre_(CBD)_min
267029014,16569963,38.978559999999995,43.08329333333333,76.12621333333333,61.59795238095237,27.19292000000001,64.4014,27.19292000000001,Blanchardstown_min
268062008,301804286,35.039659296066255,36.170315048962,66.20669617918314,50.615961666666685,57.81705887278584,76.44449961352659,35.039659296066255,Dublin_City_Centre_(CBD)_min
267140039,9593101746,53.929422745098016,52.38003607843135,67.28376388888887,75.64733200435731,60.88280787330314,27.17270666666667,27.17270666666667,Tallaght_min
267063006,2692468547,,,,,,,,
267096006,12735204950,56.58569985815606,55.44105084914705,64.67590010449325,78.70834677507291,82.08779467297077,94.15977864603477,55.44105084914705,IFSC___Docklands_min
267078014,60939467,48.09452491228066,47.281204912280664,25.369508888888898,70.54850083820658,72.77967157894734,53.20647999999997,25.369508888888898,Sandyford_Business_District_min
267040029,12967144764,35.10227999999999,37.323679999999996,72.24993333333335,60.590975925925925,25.680136969696967,70.03643897435896,25.680136969696967,Blanchardstown_min
268108004,31097467,19.470509616519173,15.23680909090909,55.35464294985253,33.36729946127947,48.52748354979133,62.13606909090907,15.23680909090909,IFSC___Docklands_min
268063005,2686868893,33.62732833333333,37.73206166666667,70.13323075757576,39.62227,30.46596691358025,74.66948691358024,30.46596691358025,Blanchardstown_min
267080011,9538747380,41.79677371158392,46.079435555555555,30.211938823529408,69.34673148148148,70.3740948463357,44.32972222222222,30.211938823529408,Sandyford_Business_District_min
268130002,8390553151,24.248484444444443,30.860049224318654,28.358336124031005,54.12734515024458,52.825805579196214,49.988421890547244,24.248484444444443,Dublin_City_Centre_(CBD)_min
268080001,28246387,9.363157894736842,15.877157894736843,44.11166031897926,36.461740000000006,28.947274166666677,54.794006985645936,9.363157894736842,Dublin_City_Centre_(CBD)_min
267128004,4078597271,35.957719999999995,35.1444,27.654387499999995,58.41169592592593,60.64286666666667,60.1129075,27.654387499999995,Sandyford_Business_District_min
268147002,255315728,34.35559308641975,36.80893975308642,39.653711181657854,60.07623567901235,61.207406419753084,26.571810000000003,26.571810000000003,Tallaght_min
268145002,90399071,37.41935862068966,38.36690999323868,49.016847290640385,61.63420591916462,63.92541448275862,36.65781827160494,36.65781827160494,Tallaght_min
267056005/01,8281599135,31.86479538461538,31.051475384615383,34.07175663003663,54.318771310541344,56.54994205128208,52.31544380952382,31.051475384615383,IFSC___Docklands_min
267119006/02,443412013,55.01635999999999,53.466973333333335,78.27656000000002,76.73426925925928,61.96974512820512,41.12437333333333,41.12437333333333,Tallaght_min
267032012,10674437001,34.27142222222222,38.37615555555556,71.41907555555557,56.104988148148166,24.59565333333334,63.494262222222225,24.59565333333334,Blanchardstown_min
267082004,2380633813,38.24441815602839,44.855982935902574,28.81380615384616,68.12327886182851,66.82173929078014,49.343555555555575,28.81380615384616,Sandyford_Business_District_min
268112013,652697359,25.05905913043479,23.914410121425785,40.501144313725476,47.1817060473517,50.561153945249586,61.202205,23.914410121425785,IFSC___Docklands_min
268034010,15413041,25.60321777777778,29.707951111111115,62.7508711111111,51.93938,31.190595555555554,66.48562190045247,25.60321777777778,Dublin_City_Centre_(CBD)_min
267125005,11877669459,38.604800000000004,37.79148000000001,28.741432380952382,61.058775925925936,63.28994666666667,56.02758666666668,28.741432380952382,Sandyford_Business_District_min
268081005,7024612297,8.386100289855072,14.448742777777777,45.691662777777765,37.7160387037037,30.969134285714283,56.15734277777777,8.386100289855072,Dublin_City_Centre_(CBD)_min
267025010,4020391876,31.164527017543875,30.019878008534864,37.485733333333336,53.287173934460796,56.66662183235868,66.45806469622332,30.019878008534864,IFSC___Docklands_min
268156010,1410012249,41.309386666666654,40.27779999999999,54.017609689441,63.545095925925914,60.32223846153844,37.398104927536224,37.398104927536224,Tallaght_min
268001002,12744772786,15.921654545454544,20.026387878787887,53.06930787878787,41.875043934426216,24.430486956521744,63.534987878787874,15.921654545454544,Dublin_City_Centre_(CBD)_min
267146001,9464660007,55.88740588103256,54.33801921436589,51.23370256410257,77.60531514029181,60.89849179487178,20.872160000000008,20.872160000000008,Tallaght_min
268067002,1276542211,30.86929333333334,34.60833873015872,67.37519575757575,41.7422,33.60799833333334,75.00383999999998,30.86929333333334,Dublin_City_Centre_(CBD)_min
267084008,291411451,60.49145538461538,62.94480205128205,49.187722051282044,76.8903796983409,69.1682517948718,29.141919999999995,29.141919999999995,Tallaght_min
267049032,8856919642,41.366253333333326,39.81686666666666,72.83604,63.08416259259259,42.227971794871785,36.05163999999999,36.05163999999999,Tallaght_min
267138018/01,9491119879,46.06221739130436,44.5128307246377,63.257740730994136,62.38506170502987,54.21638512820513,23.146683508771932,23.146683508771932,Tallaght_min
267092021/02,12595104228,61.765001904761895,60.9516819047619,31.288855238095245,84.21897783068782,86.45014857142856,72.0614552380952,31.288855238095245,Sandyford_Business_District_min
267043001,11034513534,43.61434333333333,46.06769,39.036872820512826,69.3349859259259,70.46615666666663,43.19071282051282,39.036872820512826,Sandyford_Business_District_min
267017003,704331499,40.39626326241134,39.25161425340233,37.784424561403505,62.51891017932827,65.89835807722616,67.32627789473683,37.784424561403505,Sandyford_Business_District_min
268094001,2315623023,41.64259948717949,40.781245490196085,50.0407175824176,64.04854141612202,60.82568395173455,36.360201025641025,36.360201025641025,Tallaght_min
267056007/02,5895295313,27.881275384615382,27.067955384615384,32.97933985815604,50.33525131054133,52.56642205128207,50.07835319148938,27.067955384615384,IFSC___Docklands_min
267028068,12944620753,38.621856091954015,41.32658942528736,75.76950942528738,61.2412484729064,26.836216091954032,64.04469609195402,26.836216091954032,Blanchardstown_min
267039009,5628153594,40.915328421052635,40.10200842105262,43.22555223057645,63.36930434697856,65.6004750877193,69.4385458194266,40.10200842105262,IFSC___Docklands_min
267134015,253312644,46.45754666666665,37.557146666666654,78.18340000000003,45.09322666666665,73.47376484282603,79.4503266666667,37.557146666666654,IFSC___Docklands_min
268048011,7491663191,25.55974190476189,23.78571098039215,60.42187344626388,41.91620135076254,52.03223613986657,70.65967688060734,23.78571098039215,IFSC___Docklands_min
267028066/02,3089740684,35.88293471264368,38.587668045977026,73.030588045977,58.50232709359606,24.097294712643677,61.30577471264368,24.097294712643677,Blanchardstown_min
268042016,241788480,34.732017777777784,37.401683232323215,69.59414931927975,55.53217360269359,61.20451201288244,79.8319527536232,34.732017777777784,Dublin_City_Centre_(CBD)_min
268034003,6792384365,27.38623555555555,31.490968888888883,64.53388888888891,50.78296666666666,33.23116888888889,68.52619523378581,27.38623555555555,Dublin_City_Centre_(CBD)_min
267066018,10273761052,22.2728,22.307164324324322,53.267373333333346,21.206108571428572,44.98785037037039,58.32371333333334,21.206108571428572,Dublin_Airport_min
267103002,10286267561,32.70236285714286,31.152976190476195,67.74787798941799,54.42027211640212,33.56408131868132,57.56274952380952,31.152976190476195,IFSC___Docklands_min
268037011,2952674747,28.802360000000007,28.62237333333334,64.80510413625304,51.88966925925926,43.158453251454425,48.58185714285714,28.62237333333334,IFSC___Docklands_min
268150011,1426048806,24.607016910569104,24.70574896551724,54.66018454780362,47.973044891443166,44.30930620382732,41.47260777777777,24.607016910569104,Dublin_City_Centre_(CBD)_min
267138003,8495352605,55.4246494117647,53.875262745098034,68.85055862068965,73.7444217050299,62.378034539969825,29.67119789473685,29.67119789473685,Tallaght_min
267154007,11976807953,37.36919703703703,39.8225437037037,42.667315132275135,63.08983962962963,64.22101037037037,27.599030000000003,27.599030000000003,Tallaght_min
268033005,6794362334,27.502438924731173,30.090505591397847,64.6500922580645,46.667276666666666,30.180887843137256,65.59959108159393,27.502438924731173,Dublin_City_Centre_(CBD)_min
267132039,2987438365,38.14059859649124,34.087931929824556,74.21418526315787,30.174011929824555,60.205891929824574,64.53111192982456,30.174011929824555,Dublin_Airport_min
267118014,9780232699,57.71950085213034,54.48826666666668,88.88653773524716,58.90768000000001,80.49690042884984,93.26477999999994,54.48826666666668,IFSC___Docklands_min
267112005,9325859521,62.60524000000001,61.05585333333335,93.2967733333333,84.32314925925925,76.98995846153844,54.77510666666668,54.77510666666668,Tallaght_min
267100089,8750742743,38.43528000000003,36.88589333333335,73.48079513227513,60.15318925925928,39.296998461538486,53.919588070175465,36.88589333333335,IFSC___Docklands_min
268134001,8881076289,26.20478939759037,28.65813606425704,34.03441904761906,51.92543199018296,53.0566027309237,35.38582189054726,26.20478939759037,Dublin_City_Centre_(CBD)_min
267028001,957164276,43.555244444444455,47.61882111111111,80.70289777777778,66.17463682539683,28.55313025641026,68.97808444444445,28.55313025641026,Blanchardstown_min
267095026,4710942593,47.99668761904763,49.127343371943375,79.16372450216451,72.39463929786932,70.7740871957672,89.40152793650796,47.99668761904763,Dublin_City_Centre_(CBD)_min
268138002/02,6146071348,15.575167826086957,22.376886666666664,51.265009090909096,45.6441825925926,36.73125428571429,61.94735575757577,15.575167826086957,Dublin_City_Centre_(CBD)_min
268113011,8730900793,27.988243809523826,27.174923809523825,29.857942222222214,50.442219735449726,52.67339047619046,54.95001541371157,27.174923809523825,IFSC___Docklands_min
268050002,243910149,21.69809140562249,24.981225454545456,57.582224738955816,43.11171582491582,50.75506533889461,67.43123807228916,21.69809140562249,Dublin_City_Centre_(CBD)_min
268010002,1493196526,13.53454602409639,20.074239357429715,48.0504084483388,39.708893333333336,35.45596539473685,58.637654912985255,13.53454602409639,Dublin_City_Centre_(CBD)_min
268064001,5546724070,29.83992057971015,33.94465391304348,66.34582300395257,33.125793086419755,31.65497333333335,68.86345333333334,29.83992057971015,Dublin_City_Centre_(CBD)_min
267126001,13720425855,35.34733612403102,34.53401612403103,31.37310666666667,57.80131204995697,60.032482790697706,61.28455757575757,31.37310666666667,Sandyford_Business_District_min
267029008,12776783652,33.40307619047618,34.891142857142846,70.55072952380952,54.100661025641,11.601493333333327,59.97274666666663,11.601493333333327,Blanchardstown_min
267140033,9503726868,57.19458274509803,55.64519607843137,69.80958617283945,78.91249200435732,64.14796787330316,31.632557894736845,31.632557894736845,Tallaght_min
267128003,8137199734,32.395133333333334,31.581813333333336,24.091800833333334,54.849109259259265,57.08028,56.55032083333333,24.091800833333334,Sandyford_Business_District_min
268103008,358540402,23.554328484848483,23.672741818181816,54.69185043015658,46.94003774410774,47.66307953716065,40.093092549019616,23.554328484848483,Dublin_City_Centre_(CBD)_min
267130011,12280602,33.40961523809524,34.54027099099098,64.5766521212121,57.80756691691692,56.1870148148148,74.81445555555555,33.40961523809524,Dublin_City_Centre_(CBD)_min
268143004,2395413324,20.10410553672316,17.603705536723158,40.24258024691358,40.871001462649104,42.4688388700565,51.93423135802469,17.603705536723158,IFSC___Docklands_min
267140006,9506653302,51.93864190476191,50.38925523809525,58.94884190476191,73.65655116402118,60.18667179487179,21.796655238095234,21.796655238095234,Tallaght_min
268159006,339323754,25.17272028985507,31.712413623188407,59.68858271409749,28.05824,47.93632124223602,63.346014899784144,25.17272028985507,Dublin_City_Centre_(CBD)_min
267092029,1037172670,60.332366666666665,59.519046666666675,29.85622,82.78634259259259,85.01751333333333,70.62882,29.85622,Sandyford_Business_District_min
267029003,12923606558,36.059322318840564,38.764055652173916,73.20697565217392,58.67871469979297,24.273682318840567,61.48216231884059,24.273682318840567,Blanchardstown_min
268054008,1272386825,34.31182666666667,34.13184,54.33677167958654,57.399135925925926,56.80142620382732,37.99144888888888,34.13184,IFSC___Docklands_min
267119013/01,8992788747,54.94827047619047,53.39888380952381,77.95847047619047,76.42046431372552,61.9016556043956,40.80628380952381,40.80628380952381,Tallaght_min
268074005,2941843764,33.902805962732934,35.03346171562868,65.0698428458498,56.30675261015959,56.680205539452494,75.30764628019325,33.902805962732934,Dublin_City_Centre_(CBD)_min
268131006,8390553265,22.248911111111113,26.992255,26.60044571428572,50.259550925925915,50.82623224586288,45.23948296296295,22.248911111111113,Dublin_City_Centre_(CBD)_min
268038004,696250101,32.89903916666666,31.349652499999998,67.02865230769231,54.616948425925926,46.6205841025641,35.96925230769231,31.349652499999998,IFSC___Docklands_min
268005002,469311756,17.89183569892473,17.711849032258062,53.94457983517777,40.97914495818399,29.141047676767673,51.264039999999994,17.711849032258062,IFSC___Docklands_min
267047002,4874932505,47.903946016260186,46.354559349593515,66.19792,63.97065764705885,60.356880780379036,31.35764424242424,31.35764424242424,Tallaght_min
268142014,5464784116,20.847000784313728,23.300347450980397,37.16728899224805,46.56764337690631,47.69881411764705,41.18489842105263,20.847000784313728,Dublin_City_Centre_(CBD)_min
267108007,848714322,23.278303611111102,21.728916944444443,58.32381874338627,44.9962128703704,40.386004880527125,45.80940877192984,21.728916944444443,IFSC___Docklands_min
268137015,564136641,28.74899942028985,31.202346086956517,40.99315844155845,54.46964201288245,55.600812753623195,38.15763522388059,28.74899942028985,Dublin_City_Centre_(CBD)_min
268057009,2951477088,24.932535238095245,23.38314857142858,59.97805037037035,46.65044449735447,44.814948571428545,43.2709388235294,23.38314857142858,IFSC___Docklands_min
267134001,254494962,40.4535276190476,35.71752761904762,76.34378095238097,32.486940952380955,62.51882095238094,66.84404095238094,32.486940952380955,Dublin_Airport_min
268131005,11817429081,19.92979130434783,24.630068333333334,28.594816124031013,47.897364259259255,48.50711243909961,42.8772962962963,19.92979130434783,Dublin_City_Centre_(CBD)_min
268063012,18896457,29.41342166666666,33.518155,65.91932409090909,36.00082999999999,30.38185481481481,74.58537481481486,29.41342166666666,Dublin_City_Centre_(CBD)_min
268028004,6339768369,13.902683809523808,20.442377142857143,48.418546233766214,36.79435703703704,36.666284761904755,59.00579269841267,13.902683809523808,Dublin_City_Centre_(CBD)_min
267099016,425540172,32.561846666666675,23.661446666666674,64.2877,37.68616484848484,61.29048780141843,70.02737333333332,23.661446666666674,IFSC___Docklands_min
268050009,60001697,20.352211405622487,23.992036860167946,56.236344738955815,42.122527230538324,49.40918533889461,66.08535807228915,20.352211405622487,Dublin_City_Centre_(CBD)_min
268105015,10795566859,10.112971228070176,16.626971228070175,44.8614736523126,38.00104666666666,30.81672539473685,55.543820318979265,10.112971228070176,Dublin_City_Centre_(CBD)_min
267037008,13480992647,49.195240000000005,48.38192000000001,40.28394252873564,71.64921592592593,73.88038666666665,77.71845739837396,40.28394252873564,Sandyford_Business_District_min
267087006,417656548,35.96161754385964,35.14829754385965,38.27184135338344,58.41559346978557,60.64676421052631,64.48483494223362,35.14829754385965,IFSC___Docklands_min
267108004,10307629777,20.076358260869576,18.526971594202898,55.12187339314468,41.794267520128805,37.72516324038022,43.14856713178292,18.526971594202898,IFSC___Docklands_min
268139012,4844594295,7.702546666666665,15.6868923943662,46.57890285714287,38.95418832029214,28.764337777777776,57.04458285714288,7.702546666666665,Dublin_City_Centre_(CBD)_min
268150017,6654132112,14.780962298850575,14.60097563218391,51.1438956321839,37.86827155810984,38.149442298850566,47.06786476190476,14.60097563218391,IFSC___Docklands_min
267133001/01,8880755362,55.40420666666667,50.268206666666664,90.89446000000001,47.437619999999995,77.46950000000002,81.79472000000003,47.437619999999995,Dublin_Airport_min
267158002,2990181399,37.779610833333344,41.88434416666667,74.92726416666669,55.602517500000005,27.177304166666666,70.40061393939393,27.177304166666666,Blanchardstown_min
268129005,2479778763,35.23870808510637,34.77957274509803,34.40669142857142,58.04686867102398,60.278039411764716,49.31698666666667,34.40669142857142,Sandyford_Business_District_min
268022006,5421563180,36.47449777777777,39.099044444444445,71.74743575757576,43.75454666666667,55.13089333333334,74.27153460992909,36.47449777777777,Dublin_City_Centre_(CBD)_min
268036005,2399584219,20.661652972972977,20.481666306306305,56.714397109226006,43.74896223223223,28.752265833333336,55.99075179650238,20.481666306306305,IFSC___Docklands_min
268070021,244443928,23.207377777777776,26.847203232323235,59.09151111111112,43.640638721461215,50.84042538812788,68.94052444444445,23.207377777777776,Dublin_City_Centre_(CBD)_min
267103001/09,12166874828,43.52520303030302,41.975816363636355,78.5707181625782,65.24311228956228,44.38692149184148,56.582111304347826,41.975816363636355,IFSC___Docklands_min
267072001,5998881515,45.92709948717948,45.113779487179485,45.37336615384615,68.38107541310542,70.61224615384614,74.45031688555346,45.113779487179485,IFSC___Docklands_min
267130013,257296032,30.97801523809524,32.10867099099099,62.14505212121211,55.37596691691692,53.755414814814806,72.38285555555555,30.97801523809524,Dublin_City_Centre_(CBD)_min
268101009,10652946110,23.79647137254902,23.914884705882354,46.704395658914756,47.18218063180828,48.17438919540231,44.223929462365604,23.79647137254902,Dublin_City_Centre_(CBD)_min
267150002,8618129107,40.155672280701744,41.103223653250765,48.55379037593984,64.37051957917669,66.46193848452907,29.129071111111113,29.129071111111113,Tallaght_min
267152002,8612706909,42.48486974358973,43.43242111613875,50.88298783882783,66.69971704206468,65.37432153846152,27.855211428571426,27.855211428571426,Tallaght_min
267040042/04,26452966,41.72117047619049,43.94257047619048,78.86882380952376,67.20986640211642,32.29902744588744,70.99559777777775,32.29902744588744,Blanchardstown_min
267148014,4931329988,49.21320350877194,50.549507878787885,54.472317980316646,73.8168038047138,63.914145128205135,25.34497333333333,25.34497333333333,Tallaght_min
268072015,4722865014,34.79695746031746,35.92761321321321,65.96399434343434,59.19490913913914,57.574357037037025,76.20179777777781,34.79695746031746,Dublin_City_Centre_(CBD)_min
267053022,9553181538,48.851239999999954,47.30185333333329,82.15918222222221,70.56914925925926,56.814957509157495,42.59058666666662,42.59058666666662,Tallaght_min
268160001,13516653420,,,,,,,,
268023009,12045422433,31.01612497512439,33.64067164179106,66.90025830845771,45.51300333333333,56.88935,76.02999127659571,31.01612497512439,Dublin_City_Centre_(CBD)_min
268048010,11828233271,22.22730596491228,24.524657647058834,55.55241154150198,42.6551480174292,47.16277423510467,65.79021497584542,22.22730596491228,Dublin_City_Centre_(CBD)_min
267109018,10552789349,32.840664927536245,31.29127826086957,67.8861800598114,54.55857418679552,50.603229907046924,56.02663379844963,31.29127826086957,IFSC___Docklands_min
267013005,7814221221,49.2680788888889,51.72142555555557,41.370066666666666,62.18041764705883,64.11486744704571,36.59181714285715,36.59181714285715,Tallaght_min
267056003,174732383,39.131328717948726,38.31800871794873,41.43714329670331,61.58530464387465,63.81647538461539,59.6808304761905,38.31800871794873,IFSC___Docklands_min
268006034/03,249199843,25.991799357429727,26.556877777777785,60.507661781672134,47.455161904761894,28.162228148148156,69.6602414814815,25.991799357429727,Dublin_City_Centre_(CBD)_min
267027010,4037054427,26.414304166666675,30.51903750000001,63.5619575,51.82837263157895,17.543,59.20699999999998,17.543,Blanchardstown_min
267123012,392610025,59.71367979949875,60.8443355523945,90.88071668261566,76.96191999999995,82.49107937621834,101.1185201169591,59.71367979949875,Dublin_City_Centre_(CBD)_min
267094008,3368565283,72.3080486299081,69.07681444444444,103.47508551302495,73.49622777777775,95.08544820662765,107.85332777777775,69.07681444444444,IFSC___Docklands_min
268032006,2399659931,19.76829801801801,19.588311351351347,55.82104215427106,42.85560727727729,30.08629151515151,55.09739684154744,19.588311351351347,IFSC___Docklands_min
267131016,300120302,41.213446274509806,37.21077960784314,77.28703294117646,33.24685960784314,63.27873960784314,67.60395960784314,33.24685960784314,Dublin_Airport_min
268063011,7486060654,31.225701666666662,35.330434999999994,67.73160409090907,39.11527499999999,28.064340246913577,72.26786024691357,28.064340246913577,Blanchardstown_min
267038010,10295052873,46.750460373514414,45.937140373514424,24.98719586206897,69.20443629944036,71.43560704018108,69.43381637488947,24.98719586206897,Sandyford_Business_District_min
267140037,11515091765,55.793119999999995,54.24373333333333,70.00994411877393,75.52910170502986,62.02983846153845,29.89888689655175,29.89888689655175,Tallaght_min
268036011,5576443108,19.787195833333328,20.935443076923075,56.93484916666668,44.20273900284902,25.40442804597701,56.44452856711917,19.787195833333328,Dublin_City_Centre_(CBD)_min
267092024,412129160,62.74111999999998,61.927799999999976,31.879733333333338,85.19509592592593,87.42626666666666,73.03757333333331,31.879733333333338,Sandyford_Business_District_min
268099019,3125025428,12.923455862068966,12.743469195402298,49.28638919540231,36.01076512132823,36.29193586206897,49.61986857142856,12.743469195402298,IFSC___Docklands_min
268037001,10573373274,30.755715760869577,29.206329094202907,65.80123089314468,52.47362502012881,42.37030027526394,47.79370416666665,29.206329094202907,IFSC___Docklands_min
268009008,321859925,14.057456283185841,18.292260607510165,49.94158961651916,41.55955653343609,43.114430216457954,59.7906029498525,14.057456283185841,Dublin_City_Centre_(CBD)_min
267106011,4018240887,32.89370095238096,34.02435670527671,64.0607378354978,46.540599999999976,55.6711005291005,74.29854126984128,32.89370095238096,Dublin_City_Centre_(CBD)_min
267143016,10124591946,56.86096709315375,55.31158042648709,54.300662564102566,78.57887635241305,67.28935222135888,25.337750303030305,25.337750303030305,Tallaght_min
267028003,6685472929,32.87669881688918,34.44177723723725,67.3925612411316,56.6421927927928,26.369326666666673,63.577806666666675,26.369326666666673,Blanchardstown_min
268037006,11698040347,31.15631282051282,30.524824927536226,67.11972672647804,53.792120853462166,43.6887961085973,49.11220000000001,30.524824927536226,IFSC___Docklands_min
267115005,254345523,46.82993333333333,49.28328,38.41743555555555,69.08655098039216,71.02100078037903,40.14188,38.41743555555555,Sandyford_Business_District_min
267020016/02,4254694909,32.682296124031005,31.868976124031004,32.25296071301247,55.136272049956915,57.36744279069765,61.20551352240497,31.868976124031004,IFSC___Docklands_min
267106023,253311878,39.68486095238096,40.815516705276714,70.85189783549782,50.39757,62.462260529100526,81.08970126984121,39.68486095238096,Dublin_City_Centre_(CBD)_min
267044003,7820531423,49.822738156028336,54.95989777777777,39.150333333333315,74.76316875816997,76.69761855815683,41.676053333333314,39.150333333333315,Sandyford_Business_District_min
268088002,25966558,35.909713333333336,38.53426,71.68468795615735,31.09254,52.51888666666667,69.77744,31.09254,Dublin_Airport_min
267085014/02/02,5515751087,64.38729575757576,66.84064242424242,50.050229090909085,77.75288673796786,73.94124831661091,33.91491652173915,33.91491652173915,Tallaght_min
268106006,4043190918,8.334813333333333,12.59449080291971,45.470744136253046,35.86178672884564,38.73249777777778,50.2932881300813,8.334813333333333,Dublin_City_Centre_(CBD)_min
267028101,13076316856,30.888347126436777,34.43474712643676,68.03600045977011,53.50773950738915,19.102707126436776,56.311187126436764,19.102707126436776,Blanchardstown_min
268102003,2477946035,27.402622500000007,28.80878026143791,45.48400482558139,52.076076187363846,54.254435833333325,43.10451000000001,27.402622500000007,Dublin_City_Centre_(CBD)_min
267144012,313559314,47.14666666666667,45.59728,65.82118666666666,63.46951098039217,57.22237179487179,24.97771333333334,24.97771333333334,Tallaght_min
267001010/01,293726858,36.776636190476175,39.0005743243243,69.96078333333334,31.233834285714256,45.86599619047619,75.0171233333333,31.233834285714256,Dublin_Airport_min
267035011/03,9446062960,66.91572363636367,69.36907030303034,55.42697575757575,83.12963340463459,74.99178391608397,34.96545212121209,34.96545212121209,Tallaght_min
268136001,462496474,34.269544905660375,36.72289157232704,39.56766300089847,59.99018749825296,61.1213582389937,32.84265037037037,32.84265037037037,Tallaght_min
267040017,12986247642,34.21791888888889,36.439318888888906,71.36557222222224,59.706614814814834,24.795775858585856,71.91441230769233,24.795775858585856,Blanchardstown_min
267089008,9631979111,32.726657435897444,31.913337435897443,32.74725090909091,55.180633361823375,57.41180410256411,61.249874834271424,31.913337435897443,IFSC___Docklands_min
268011012,297459750,20.89072395061728,24.995457283950614,55.73829304152637,27.451313513513515,37.893833694207025,65.74541815351583,20.89072395061728,Dublin_City_Centre_(CBD)_min
267123008,3915532031,65.50183979949877,60.79774666666666,96.66887668261562,74.38382666666668,88.27923937621831,106.90668011695907,60.79774666666666,IFSC___Docklands_min
267132012,296448902,35.87493948717948,31.82227282051282,71.94852615384616,27.90835282051282,57.94023282051283,62.26545282051282,27.90835282051282,Dublin_Airport_min
267053003,8978171038,37.60393333333334,36.054546666666674,66.13092888888887,59.3218425925926,42.5117082051282,26.10598666666667,26.10598666666667,Tallaght_min
267095017,5620448986,,,,,,,,
268142008,6175859417,15.175354074074074,20.40320457589665,31.062648992248068,43.67050050182258,43.75267520882585,40.805044494382024,15.175354074074074,Dublin_City_Centre_(CBD)_min
268113017/01,9689575410,30.76450666666667,29.951186666666672,36.76077333333332,53.218482592592586,55.44965333333332,59.270348505747116,29.951186666666672,IFSC___Docklands_min
268152005,2372266606,28.2752,28.095213333333337,53.53991565891474,51.36250925925926,47.69400803890281,42.34028324324324,28.095213333333337,IFSC___Docklands_min
268158001,5414899279,26.158976410256408,30.263709743589743,61.0065455011655,28.406372991452994,36.38343210884355,64.97231102018549,26.158976410256408,Dublin_City_Centre_(CBD)_min
267029015,12923136245,36.35850666666667,40.463240000000006,73.50615999999998,58.97789904761905,23.517450256410253,61.781346666666664,23.517450256410253,Blanchardstown_min
267126008,12595161508,32.34989269841269,31.53657269841269,33.873984242424235,54.80386862433863,57.03503936507936,60.87311009678668,31.53657269841269,IFSC___Docklands_min
268011004,4296894280,28.635172075471704,32.739905408805036,63.4827411663808,32.555,38.88397090909093,69.69542794326243,28.635172075471704,Dublin_City_Centre_(CBD)_min
267010005,7794371357,50.886228730741,52.62722390804598,34.17847724137932,68.03186882985453,69.9663186298414,42.59670451612903,34.17847724137932,Sandyford_Business_District_min
268130001,8390553693,22.04332444444444,28.65488922431865,26.394859047619043,51.92218515024458,50.620645579196214,47.783261890547244,22.04332444444444,Dublin_City_Centre_(CBD)_min
267070008,4960362330,39.4539657142857,38.39163038948722,34.12523238095238,61.658926315413154,64.13911238095237,66.58375238095236,34.12523238095238,Sandyford_Business_District_min
267076009,480187728,48.69334545454546,47.54869644553644,58.817040000000006,70.81599237146239,74.19544026936026,86.26742424242425,47.54869644553644,IFSC___Docklands_min
267055006,13361578474,31.247534751773024,34.03150385964912,30.41551809523808,57.29879978557507,59.52997052631581,45.081770526315815,30.41551809523808,Sandyford_Business_District_min
268132021,4897922791,30.362428571428566,32.378733594771255,42.93457177489177,55.64602952069717,57.2142419047619,42.15569833333333,30.362428571428566,Dublin_City_Centre_(CBD)_min
267159002,3095380387,,,,,,,,
267086004,281437097,51.66862202898552,54.12196869565218,46.12151536231885,76.93329134271104,72.55162846153847,32.52529666666666,32.52529666666666,Tallaght_min
267122003,13265762150,48.65750784313726,47.844187843137256,44.381077038539566,71.11148376906317,73.34265450980392,77.18072524151124,44.381077038539566,Sandyford_Business_District_min
268040005,13339964985,37.63434000000002,36.084953333333345,72.62447999999999,59.3522492592593,52.21641179487179,45.46258787878789,36.084953333333345,IFSC___Docklands_min
268003013/268003018,4675836839,15.185850322580647,15.00586365591398,51.238594458833674,38.273159581839906,31.137619047619054,50.514949146110055,15.00586365591398,IFSC___Docklands_min
267029019,12908952949,28.572112941176467,31.94817149425287,65.71976627450981,51.191505322128855,16.78647294117647,53.99495294117648,16.78647294117647,Blanchardstown_min
268071027/01,4072345669,40.111656785714295,41.242312538610044,71.27869366883115,58.77361764619882,62.88905636243385,81.51649710317461,40.111656785714295,Dublin_City_Centre_(CBD)_min
268020006,52201268,31.91985583333333,36.02458916666667,67.4747219047619,29.793375238095244,36.80921583333335,72.5310619047619,29.793375238095244,Dublin_Airport_min
267118017/01,9117787914,61.33770085213032,58.106466666666655,92.50473773524722,62.525879999999994,84.1151004288499,96.88298,58.106466666666655,IFSC___Docklands_min
267092044/02,280431630,58.45294666666666,57.63962666666666,23.152773333333354,80.90692259259254,83.13809333333327,68.7494,23.152773333333354,Sandyford_Business_District_min
267080016,12291465100,46.16635148936169,51.365525490196084,31.915072156862752,70.09894526610645,72.03339506609333,44.66378095238096,31.915072156862752,Sandyford_Business_District_min
268017011,54851398,32.310485442176876,36.25234144553645,67.15805453308597,30.08829025641027,41.3998454421769,71.12382005210593,30.08829025641027,Dublin_Airport_min
267136004,8803988535,58.790440211640224,57.24105354497356,56.16851311827956,80.50834947089949,63.2941643874644,22.130599999999998,22.130599999999998,Tallaght_min
268027012,6339965109,23.299708376068374,27.404441709401706,59.5556108003108,37.31733333333333,40.30281811965813,70.23795746697748,23.299708376068374,Dublin_City_Centre_(CBD)_min
267133005,5375507384,45.69622787878787,40.56022787878787,81.1864812121212,37.729641212121216,67.76152121212121,72.0867412121212,37.729641212121216,Dublin_Airport_min
267105007,6955727386,46.05534761904763,47.18600337194337,77.22238450216449,56.937086666666666,68.8327471957672,87.46018793650794,46.05534761904763,Dublin_City_Centre_(CBD)_min
268071024/03,10296389316,44.97368888888891,47.54631253861007,77.58269366883115,56.06168761904764,69.19305636243386,82.32020666666664,44.97368888888891,Dublin_City_Centre_(CBD)_min
268162008,3008615531,24.11862666666667,25.066178039215693,42.200008992248065,48.333473965141614,50.624682528735626,37.54133666666668,24.11862666666667,Dublin_City_Centre_(CBD)_min
267084011,9611289324,57.12760205128203,59.58094871794871,45.8238687179487,73.52652636500756,65.80439846153844,25.778066666666664,25.778066666666664,Tallaght_min
267028079,17954585,39.327850752688164,41.1575840860215,76.47550408602147,61.94724313364054,27.542210752688177,64.75069075268816,27.542210752688177,Blanchardstown_min
267106014,12592995527,43.88181595238097,39.48349,75.04885283549781,47.01957,66.65921552910052,81.37666999999998,39.48349,IFSC___Docklands_min
268108021/01,13691314967,17.288412789115647,7.854679455782313,49.69759945578231,25.985169826152692,44.86828982615268,54.7539394557823,7.854679455782313,IFSC___Docklands_min
267049037,12001160767,44.736407179487195,43.187020512820524,76.20619384615381,66.45431643874646,45.59812564102565,39.42179384615386,39.42179384615386,Tallaght_min
267105010,3872531080,44.30405428571431,45.434710038610056,75.47109116883117,55.18579333333334,67.08145386243386,85.70889460317461,44.30405428571431,Dublin_City_Centre_(CBD)_min
267002021,2366243004,61.749013333333295,52.315279999999966,91.57486666666665,65.90135999999997,89.17720148148148,99.21453999999999,52.315279999999966,IFSC___Docklands_min
267005002,4791516525,46.29258166666668,48.917128333333345,82.17671500000003,53.66678095238096,73.00470367579912,85.24075333333329,46.29258166666668,Dublin_City_Centre_(CBD)_min
267066017,3137577727,23.828239999999997,23.86260432432432,54.82281333333334,22.761548571428573,43.44360102564102,59.879153333333335,22.761548571428573,Dublin_Airport_min
268073007,9730201591,32.51005079365079,33.64070654654655,63.677087676767684,56.908002472472496,55.28745037037038,73.91489111111106,32.51005079365079,Dublin_City_Centre_(CBD)_min
267047005,8557904933,47.196666016260174,45.647279349593504,65.87118601626017,63.51951032998567,60.03014679663921,30.650364242424235,30.650364242424235,Tallaght_min
267142010,440118961,48.77435865319863,47.22497198653196,62.30009735449733,69.09952366331903,64.61651846153846,26.08981666666666,26.08981666666666,Tallaght_min
267081006/04,13506618940,31.864591489361697,38.476156269235915,22.433979487179485,61.74345219516184,60.44191262411347,44.383472727272725,22.433979487179485,Sandyford_Business_District_min
267094009,832716127,75.74063529657477,72.50940111111112,106.90767217969164,76.92881444444444,98.51803487329433,111.28591444444443,72.50940111111112,IFSC___Docklands_min
267101008,21519324,31.20968444444444,29.660297777777775,66.25519957671958,52.92759370370371,32.0714029059829,50.53673777777778,29.660297777777775,IFSC___Docklands_min
268078007,7392125654,20.73445379310345,19.185067126436785,55.77996892537859,42.45236305236271,40.61686712643679,42.977293333333336,19.185067126436785,IFSC___Docklands_min
267101012,8828538092,30.636678024691356,29.08729135802469,65.68219315696649,52.35458728395062,31.498396486229815,49.96373135802469,29.08729135802469,IFSC___Docklands_min
268058015,13399715160,20.373082949852513,24.60788727417684,56.257216283185834,46.91854122065732,46.96404476190476,66.10622961651917,20.373082949852513,Dublin_City_Centre_(CBD)_min
267074001,3904761861,37.74518476190477,36.93186476190477,37.19145142857143,60.1991606878307,62.430331428571435,66.26840216027875,36.93186476190477,IFSC___Docklands_min
267108006,10307639619,26.096516944444435,24.54713027777777,61.142032076719595,47.814426203703725,43.20421821386045,48.627622105263164,24.54713027777777,IFSC___Docklands_min
268131010,5538812075,26.406004637681164,28.84086354166665,31.939579047619045,52.10815946759258,54.339330208333315,47.93068296296297,26.406004637681164,Dublin_City_Centre_(CBD)_min
267064003/267064004,248741111,38.816766524822675,37.67211751581369,53.330430054234434,60.9394134417396,64.3188613396375,76.39084531270152,37.67211751581369,IFSC___Docklands_min
268039005,320023031,29.554203809523816,28.004817142857146,64.59971894179894,51.27211306878307,47.1649813186813,45.3356176344086,28.004817142857146,IFSC___Docklands_min
268074010,301832774,33.325112629399605,34.455768382295346,64.49214951251649,55.08466666666667,56.10251220611918,74.72995294685992,33.325112629399605,Dublin_City_Centre_(CBD)_min
267019010,162281641,34.507809929078,33.363160920069,36.222004444444444,56.630456845994935,60.00990474389282,64.05058666666667,33.363160920069,IFSC___Docklands_min
267038014,13608051120,45.04293073170734,44.22961073170733,33.624569195402294,67.49690665763326,69.728077398374,73.56614813008133,33.624569195402294,Sandyford_Business_District_min
267092005,91409246,60.96121523809526,60.14789523809525,30.48506857142856,83.41519116402115,85.6463619047619,71.25766857142858,30.48506857142856,Sandyford_Business_District_min
268033006,2987893582,33.3296660240964,33.894744444444456,67.8455284483388,44.54433523809523,35.50009481481483,76.71536206677266,33.3296660240964,Dublin_City_Centre_(CBD)_min
268114009,4894612758,25.533165797101457,24.38851678809245,36.5730703030303,47.655812714018374,50.9522107936508,54.09567746031747,24.38851678809245,IFSC___Docklands_min
268009006,309350700,14.63737628318584,18.872180607510167,50.52150961651918,41.517881896344406,43.69435021645798,60.37052294985252,14.63737628318584,Dublin_City_Centre_(CBD)_min
268061011,483714899,32.25189523809522,30.70250857142856,67.29741037037037,53.969804497354495,45.976413251454424,51.39981714285713,30.70250857142856,IFSC___Docklands_min
268125007,295514376,31.757605962732917,32.888261715628666,62.9246428458498,54.16155261015959,54.5350055394525,73.16244628019324,31.757605962732917,Dublin_City_Centre_(CBD)_min
267115012,254345185,54.470524822695005,56.62310390804598,38.174357241379305,69.31244216318787,71.24689196317475,43.87727784946235,38.174357241379305,Sandyford_Business_District_min
268113003,10764709562,33.21535365079365,32.402033650793655,37.59270222222222,55.669329576719555,57.9005003174603,60.749381666666636,32.402033650793655,IFSC___Docklands_min
268089010,242723988,33.53564253968254,36.1601892063492,68.22910242424241,32.76954666666667,51.61256,70.75320127659572,32.76954666666667,Dublin_Airport_min
268126009,108019687,27.786125962732918,28.916781715628662,58.953162845849825,50.19007261015961,50.56352553945251,69.19096628019325,27.786125962732918,Dublin_City_Centre_(CBD)_min
267135009,12630603394,35.77486871794873,31.772202051282047,71.84845538461536,27.80828205128205,57.840162051282064,62.16538205128206,27.80828205128205,Dublin_Airport_min
268040006,5854464882,34.40097,32.85158333333333,69.44648513227511,56.11887925925927,51.821589976689985,41.17025818181819,32.85158333333333,IFSC___Docklands_min
268126015,4794379666,27.861192629399586,28.991848382295334,59.02822951251647,50.26513927682626,50.638592206119164,69.2660329468599,27.861192629399586,Dublin_City_Centre_(CBD)_min
268015005/03/268015005/268015014,7678814741,20.12434666666667,20.15871099099099,51.118919999999996,19.952055238095237,39.931317037037026,56.17525999999998,19.952055238095237,Dublin_Airport_min
267103006,536709695,31.528720000000003,29.979333333333336,66.57423513227513,53.246629259259265,32.390438461538466,56.38910666666666,29.979333333333336,IFSC___Docklands_min
267049031,8881360237,38.083123030303035,36.533736363636386,69.55290969696966,59.801032289562286,38.944841491841494,32.76850969696971,32.76850969696971,Tallaght_min
267118023,4769512759,61.42588649315598,58.194652307692316,92.59292337627286,62.61406564102565,84.20328606987555,96.97116564102565,58.194652307692316,IFSC___Docklands_min
267049005,13280918804,46.95182666666668,45.40244000000003,78.4216133333333,68.66973592592596,47.81354512820515,41.63721333333335,41.63721333333335,Tallaght_min
267141004,6960303034,47.83287666666665,46.28348999999999,53.99350545454544,69.55078592592594,57.061629017094,17.690890000000003,17.690890000000003,Tallaght_min
268154003,13900118880,39.16859272727273,37.61920606060607,54.71812373626373,60.886501986531975,57.66364452214451,26.857427368421046,26.857427368421046,Tallaght_min
267129001,985373234,32.92148603773586,32.10816603773586,30.982090476190482,55.37546196366177,57.60663270440251,61.444703436109826,30.982090476190482,Sandyford_Business_District_min
267028116,392496028,43.346788045976986,46.05152137931033,80.49444137931032,65.96618042692937,31.561148045977014,68.76962804597699,31.561148045977014,Blanchardstown_min
268005008,18378368,18.371382365591398,18.19139569892473,54.42412650184443,41.45869162485065,29.62059434343434,53.7004811891208,18.19139569892473,IFSC___Docklands_min
268141001,11789776511,17.112828571428572,20.005459562419563,36.835248992248054,43.27275548834549,43.964641904761905,44.436317499999994,17.112828571428572,Dublin_City_Centre_(CBD)_min
268067007,266997667,27.622613333333337,31.727346666666673,64.12851575757574,38.49551999999999,34.548680000000004,71.75715999999998,27.622613333333337,Dublin_City_Centre_(CBD)_min
268033002,2369219672,24.355380309810663,24.92045873015872,58.871242734053084,43.62462,29.199847843137263,65.8781510815939,24.355380309810663,Dublin_City_Centre_(CBD)_min
267085013,10788854146,53.684380000000026,56.137726666666694,39.347313333333354,67.04997098039217,63.156621649944285,23.13028985507246,23.13028985507246,Tallaght_min
267005005/01,4791514361,49.72306095238097,50.85371670527673,80.89009783549776,57.38343428571431,72.50046052910048,89.08123333333329,49.72306095238097,Dublin_City_Centre_(CBD)_min
267003007,10941988342,58.250441904761935,50.919750588235324,89.41747878787875,64.50583058823533,81.02784148148145,97.81901058823527,50.919750588235324,IFSC___Docklands_min
267132005,53470633,36.09835952380952,32.04569285714286,72.17194619047622,28.13177285714286,58.16365285714286,62.488872857142844,28.13177285714286,Dublin_Airport_min
267101010,8828538514,30.61748444444444,29.06809777777778,65.66299957671959,52.335393703703716,31.479202905982902,49.94453777777778,29.06809777777778,IFSC___Docklands_min
268128021,4285824282,19.19170051282051,17.378380512820513,34.240124065040646,40.64567643874645,42.876847179487186,44.17247073170732,17.378380512820513,IFSC___Docklands_min
267123007,1426131882,65.76182646616543,61.05773333333333,96.92886334928228,74.64381333333334,88.53922604288498,107.16666678362573,61.05773333333333,IFSC___Docklands_min
267100080,8728271138,33.90411708333333,32.35473041666667,68.94963221560846,55.62202634259259,34.76583554487179,47.29472444444444,32.35473041666667,IFSC___Docklands_min
268161001,4877121842,14.232202352941176,14.05221568627451,43.95243441860468,37.31951161220044,39.84498919540229,44.701506666666674,14.05221568627451,IFSC___Docklands_min
267133001/03,10693055833,57.89307333333332,52.757073333333324,93.38332666666666,49.92648666666665,79.95836666666669,84.28358666666668,49.92648666666665,Dublin_Airport_min
268058010,1679555012,17.91982961651917,22.154633940843496,53.80396294985251,44.80033522967774,46.976803549791306,63.65297628318585,17.91982961651917,Dublin_City_Centre_(CBD)_min
268092011,2661402294,26.750080000000004,27.697631372549026,44.8314623255814,50.964927298474954,53.25613586206896,35.83766666666667,26.750080000000004,Dublin_City_Centre_(CBD)_min
268119008,9939421606,41.88616666666666,44.510713333333335,77.7703,56.72943847953216,68.59828867579907,87.61931333333332,41.88616666666666,Dublin_City_Centre_(CBD)_min
267015003,12442170888,54.95826666666665,54.14494666666666,46.04696919540229,77.41224259259259,79.64341333333331,83.48148406504063,46.04696919540229,Sandyford_Business_District_min
267003004,1730375381,61.990786666666644,52.557053333333315,91.81663999999996,66.14313333333331,88.63950814814815,99.4563133333333,52.557053333333315,IFSC___Docklands_min
267013002,287088380,47.47177647058824,47.03900840857274,40.81377904761904,55.31444745098041,57.24889725096728,29.87928313725491,29.87928313725491,Tallaght_min
268029005,6370510062,17.049943917525773,21.15467725085911,52.56801702741703,38.22397416666667,34.05305366111552,63.2503636940837,17.049943917525773,Dublin_City_Centre_(CBD)_min
268026011,4892641929,29.716204444444447,32.34075111111112,64.98914242424242,36.99625333333333,48.3726,67.51324127659574,29.716204444444447,Dublin_City_Centre_(CBD)_min
267028111,345600269,39.08571753086418,41.79045086419752,76.23337086419752,61.70510991181656,27.3000775308642,64.50855753086418,27.3000775308642,Blanchardstown_min
268083007,26914998,20.708773333333333,19.159386666666666,55.75428846560846,42.42668259259259,40.591186666666665,49.1282682645232,19.159386666666666,IFSC___Docklands_min
267085025/01,7820941442,48.670546666666674,48.237778604651176,41.74214303030303,56.51321764705884,58.44766744704571,31.07805333333334,31.07805333333334,Tallaght_min
267133032,5493929729,43.87890666666669,38.742906666666684,79.36916,35.91232,65.94420000000002,70.26942000000001,35.91232,Dublin_Airport_min
268145006,91538501,35.94337428571429,36.89092565826331,45.59724966756515,60.15822158418924,62.44943014778325,36.84013777777779,35.94337428571429,Dublin_City_Centre_(CBD)_min
267028034,15899953,36.089180392156855,37.577247058823524,73.23683372549021,60.0088123809524,25.603780000000018,62.81226000000002,25.603780000000018,Blanchardstown_min
268037009,9723469322,29.727486153846154,29.54749948717949,65.73023029009919,52.81479541310541,45.035401664152836,50.45880555555554,29.54749948717949,IFSC___Docklands_min
267002022,433637867,62.766504761904756,53.33277142857142,92.5923580952381,66.91885142857141,89.19469291005292,100.23203142857143,53.33277142857142,IFSC___Docklands_min
268098002,4397272678,14.243418461538461,14.063431794871796,50.24616259779149,37.330727720797725,33.59153945355191,49.36882494374799,14.063431794871796,IFSC___Docklands_min
267097009,5595013161,47.580066666666674,46.76674666666668,43.30363586206897,70.0340425925926,72.26521333333336,76.10328406504071,43.30363586206897,Sandyford_Business_District_min
268138007,12141006796,12.624341159420293,19.42606,47.69154242424243,42.44015703703704,33.55180095238094,58.373889090909096,12.624341159420293,Dublin_City_Centre_(CBD)_min
267143024,9254688250,54.05745333333333,52.508066666666664,52.70098666666666,75.77536259259259,64.48583846153845,23.915466666666667,23.915466666666667,Tallaght_min
268157009/268157009/02/268157009/01,12898757831,29.199425408805027,33.30415874213836,63.73806659090908,34.414843921568625,41.61463058823529,66.2621654432624,29.199425408805027,Dublin_City_Centre_(CBD)_min
268074014,3503628631,29.651872629399588,30.782528382295332,60.81890951251646,52.05581927682625,52.42927220611916,71.0567129468599,29.651872629399588,Dublin_City_Centre_(CBD)_min
267143008,8522352965,58.04917333333332,56.499786666666665,56.69270666666666,79.76708259259254,68.47755846153844,27.90718666666668,27.90718666666668,Tallaght_min
267140052,8641825036,54.09868941176471,52.54930274509805,68.45838845029239,74.9075817050299,61.05207453996984,28.34733122807017,28.34733122807017,Tallaght_min
267036005,1411048492,42.46102666666666,41.64770666666666,44.771250476190474,64.91500259259259,67.14617333333332,70.98424406504067,41.64770666666666,IFSC___Docklands_min
267038005,4422992108,54.893145,54.079825,25.59991724137931,77.34712092592584,79.57829166666657,70.04653775419983,25.59991724137931,Sandyford_Business_District_min
268061007,2957839257,27.003733333333333,25.454346666666666,62.04924846560845,48.72164259259259,46.886146666666654,44.360537634408594,25.454346666666666,IFSC___Docklands_min
267049013,8931107608,40.30330333333334,38.753916666666676,71.77308999999998,62.021212592592605,41.1650217948718,34.988690000000005,34.988690000000005,Tallaght_min
268127007,5506791766,35.09394666666666,37.547293333333336,44.6211549579832,60.81458925925926,61.94575999999999,37.02823111111112,35.09394666666666,Dublin_City_Centre_(CBD)_min
268009001,3500311158,15.423336283185836,19.658140607510173,51.30746961651918,42.92543653343611,44.330392061403515,61.15648294985252,15.423336283185836,Dublin_City_Centre_(CBD)_min
268086003,4939797958,37.86000416666666,40.48455083333333,73.74413750000001,45.299615757575744,64.14262909090908,83.28327036750484,37.86000416666666,Dublin_City_Centre_(CBD)_min
267105013,13676637702,40.3421253968254,41.47278114972115,71.50916227994229,51.22386444444444,63.119524973544955,81.74696571428574,40.3421253968254,Dublin_City_Centre_(CBD)_min
267049035,437559806,42.12979999999998,40.580413333333325,73.59958666666665,63.84770925925925,42.99151846153845,36.815186666666655,36.815186666666655,Tallaght_min
268142017,29400033,16.151247407407414,22.762812187281614,31.931875658914727,46.03010811320755,44.72856854215918,40.48135175438596,16.151247407407414,Dublin_City_Centre_(CBD)_min
267147008/01,8663537965,48.438284444444434,46.88889777777777,58.9151511111111,70.15619370370369,58.86666957264956,18.296297777777777,18.296297777777777,Tallaght_min
267103001,4851700034,36.06488463768115,34.51549797101449,71.11039976995629,57.78279389694041,36.92660309921961,49.10027130434781,34.51549797101449,IFSC___Docklands_min
267028043,12783186404,34.30531750000001,35.79338416666668,71.45297083333331,59.06068009259259,27.92189477699531,65.1303747769953,27.92189477699531,Blanchardstown_min
268110012,53463882,24.5174,15.1106491954023,46.796350303030295,33.24113956577268,50.63294923076922,60.91847942028985,15.1106491954023,IFSC___Docklands_min
268068007,2375495019,27.567993333333344,31.672726666666676,64.07389575757578,39.44579921568629,33.62850000000001,72.70743921568624,27.567993333333344,Dublin_City_Centre_(CBD)_min
268109015,1848330054,11.067082949852505,15.30188727417683,46.95121628318584,38.56918320010277,40.12405688312463,56.80022961651918,11.067082949852505,Dublin_City_Centre_(CBD)_min
268011006,3895052570,26.909090476190478,31.01382380952381,61.75665956709956,34.10960688172044,41.31929090909094,71.76378467908903,26.909090476190478,Dublin_City_Centre_(CBD)_min
267004027,257290974,37.26084190476192,38.39149765765766,68.42787878787878,61.65879358358359,60.03824148148147,78.66568222222222,37.26084190476192,Dublin_City_Centre_(CBD)_min
267095001,6645441082,51.36879746031746,50.870982222222224,82.53583434343435,69.0014725925926,74.14619703703706,92.77363777777778,50.870982222222224,IFSC___Docklands_min
267039014,6681812393,42.26041333333335,41.44709333333334,44.57063714285716,64.71438925925926,66.94556000000001,70.78363073170732,41.44709333333334,IFSC___Docklands_min
267157001,4829380140,46.66320606060605,45.11381939393937,58.455681172161185,68.3811153198653,65.15825785547783,34.09436473118279,34.09436473118279,Tallaght_min
268113009,8739806502,30.284465185185184,29.139816176176176,40.04497217391303,52.4071121021021,55.689074418604655,59.126436257685114,29.139816176176176,IFSC___Docklands_min
268065001,339639272,30.174890909090905,34.27962424242424,66.68079333333333,33.22574857142857,35.06425090909091,75.96343523809527,30.174890909090905,Dublin_City_Centre_(CBD)_min
267068004,13197431339,41.35185757575756,40.20720856674856,49.11438666666665,63.47450449267452,66.8539523905724,78.92593636363638,40.20720856674856,IFSC___Docklands_min
268073003,108073023,31.17407746031746,32.30473321321321,62.34111434343434,52.57757333333333,53.95147703703704,72.57891777777779,31.17407746031746,Dublin_City_Centre_(CBD)_min
268088004,2423092535,34.655932727272734,37.28047939393939,70.54006606060605,30.46220561403509,51.88855228070176,69.14710561403508,30.46220561403509,Dublin_Airport_min
267088020,481194686,39.666078333333324,38.852758333333334,33.90478835249042,62.120054259259256,64.35122499999999,68.1892957317073,33.90478835249042,Sandyford_Business_District_min
267066013,4405709211,31.534979259259256,33.1868367052767,64.14704571428574,26.465699047619044,37.44100592592594,69.20338571428573,26.465699047619044,Dublin_Airport_min
268096004,13984032342,8.783479999999999,9.802440687960686,38.4517696969697,33.069736613886626,36.19260113475177,49.13411636363637,8.783479999999999,Dublin_City_Centre_(CBD)_min
268048017,241036923,19.78396431372549,17.466844313725492,54.39197585522747,35.59733468409588,46.00233854883017,64.36610431372547,17.466844313725492,IFSC___Docklands_min
267134003,10738188112,37.35710666666666,28.456706666666665,69.08296,34.9883676190476,65.02024761904765,69.34546761904764,28.456706666666665,IFSC___Docklands_min
267086012,7857319590,48.225074074074065,50.67842074074073,42.6779674074074,72.17413764705883,73.3994517948718,33.37311999999999,33.37311999999999,Tallaght_min
267092022,795849766,61.90915333333332,61.095833333333324,31.433006666666675,84.36312925925927,86.5943,72.20560666666665,31.433006666666675,Sandyford_Business_District_min
268008015,4892956238,38.209139166666674,40.83368583333334,72.83028277338603,46.148735,64.44064546698873,83.06808620772948,38.209139166666674,Dublin_City_Centre_(CBD)_min
267039001,5643256269,37.001173333333334,36.18785333333334,39.31139714285713,59.455149259259244,61.68631999999999,65.5243907317073,36.18785333333334,IFSC___Docklands_min
267117005,11042608915,45.25643333333332,47.70977999999999,48.62726476190473,70.97707592592593,72.10824666666669,48.179559999999995,45.25643333333332,Dublin_City_Centre_(CBD)_min
268158015,3889456443,26.56454553191491,33.10423886524824,61.08040795615731,32.67329555555556,44.923660000000005,64.73784014184396,26.56454553191491,Dublin_City_Centre_(CBD)_min
268029004,6370511288,16.692306024096393,23.23199935742972,51.2081684483388,40.809615238095255,36.86277523809526,61.79541491298526,16.692306024096393,Dublin_City_Centre_(CBD)_min
267019009,1420096797,33.03090666666667,32.21758666666667,31.00772444444444,55.48488259259259,57.71605333333333,60.27618666666667,31.00772444444444,Sandyford_Business_District_min
267065012,253340843,42.19048190476194,43.321137657657694,73.35751878787876,56.88979428571431,64.96788148148151,83.59532222222218,42.19048190476194,Dublin_City_Centre_(CBD)_min
268071016,4432468288,37.891488888888894,40.516035555555554,73.46426700216449,52.73476070175438,64.6036108980213,81.61278000000003,37.891488888888894,Dublin_City_Centre_(CBD)_min
267124006,8364162699,34.40562228855722,33.592302288557214,33.774911111111095,56.85959821448315,59.090768955223886,55.77328444444441,33.592302288557214,IFSC___Docklands_min
267040053,2719715238,36.72858666666669,38.9499866666667,73.87623999999998,62.21728259259262,28.408355151515142,74.45907215686272,28.408355151515142,Blanchardstown_min
267122009,235049337,45.79482666666669,44.98150666666668,41.51839586206899,68.24880259259261,70.47997333333335,74.31804406504061,41.51839586206899,Sandyford_Business_District_min
267158012/01,8569773465,43.49849333333332,47.60322666666666,80.00439575757578,51.38806666666666,36.159082051282034,77.91756205128205,36.159082051282034,Blanchardstown_min
267041003,12802097450,30.20494385964912,32.42634385964912,67.35259719298247,55.69363978557507,16.9735903030303,64.52160363636365,16.9735903030303,Blanchardstown_min
268140014,11951122372,9.792120000000002,12.509564347826084,44.651961515151505,35.77686027375202,35.03821942028985,47.115019420289855,9.792120000000002,Dublin_City_Centre_(CBD)_min
267028004/02/12,5064425834,42.582111111111104,45.04362252873562,79.72976444444446,65.20150349206348,30.796471111111114,68.0049511111111,30.796471111111114,Blanchardstown_min
268025003,375841422,24.656000000000006,27.280546666666673,60.54013333333334,42.032583502824856,51.36812200913243,70.38914666666669,24.656000000000006,Dublin_City_Centre_(CBD)_min
268142011,12862454997,18.25304146788992,18.439721467889914,33.34456507936508,41.70701739381582,44.57152146788989,45.271991754385944,18.25304146788992,Dublin_City_Centre_(CBD)_min
267036004,1411048458,41.405879999999996,40.592559999999985,43.7161038095238,63.85985592592591,66.09102666666665,69.92909739837394,40.592559999999985,IFSC___Docklands_min
267057004,13468234053,38.89865194475551,37.90671719298246,32.15751663003661,61.17401311890839,63.40518385964913,48.95698385964913,32.15751663003661,Sandyford_Business_District_min
268144007,4196028840,31.6515719047619,32.59912327731092,45.86730424908425,55.86641920323685,58.157627766830856,32.54779948717949,31.6515719047619,Dublin_City_Centre_(CBD)_min
267104016,10718918292,,,,,,,,
268006015,16054350,33.92001333333333,35.399746666666665,71.06766666666664,55.201253333333334,33.689879999999995,70.9088321568627,33.689879999999995,Blanchardstown_min
267049007,11804874879,40.69078969696969,39.14140303030304,72.16057636363635,62.40869895622896,41.55250815850816,35.37617636363637,35.37617636363637,Tallaght_min
268081004,6217489590,12.663419393939392,16.768152727272724,49.81107272727272,40.03544865319865,27.46034974358974,60.27675272727273,12.663419393939392,Dublin_City_Centre_(CBD)_min
267149002,8618099288,49.67092491228068,50.61847628482971,57.76660780487805,73.88577221075562,70.48878957264957,31.91961777777777,31.91961777777777,Tallaght_min
267114001,1425374941,48.237200579710155,50.69054724637682,42.206760579710156,66.31381251885371,68.24826231884059,37.732480579710156,37.732480579710156,Tallaght_min
268078009,4658440198,24.65785882352941,23.108472156862742,59.703373955804544,46.375768082788674,44.54027215686275,39.315093333333344,23.108472156862742,IFSC___Docklands_min
268122002,305251598,45.736711666666665,48.36125833333333,81.62084499999999,54.834087424242426,72.4488336757991,90.16296303030309,45.736711666666665,Dublin_City_Centre_(CBD)_min
267114004,7813629133,47.978390000000005,50.43173666666667,41.64499833333333,62.45534931372549,64.38979911371237,37.02018499999999,37.02018499999999,Tallaght_min
267010007,7794371365,50.993002064074325,52.7339972413793,34.285250574712656,68.13864216318785,70.0730919631747,42.70347784946235,34.285250574712656,Sandyford_Business_District_min
268129024,4905055701,20.700972745098042,19.887652745098034,31.360518260869565,43.15494867102397,45.38611941176472,49.22419014347203,19.887652745098034,IFSC___Docklands_min
268098003,13207403874,14.749655862068964,14.569669195402296,51.04501392857144,37.836965121328234,34.642192786885246,49.83299777777778,14.569669195402296,IFSC___Docklands_min
267132013,253178184,34.367543859649125,30.314877192982458,70.44113052631582,26.400957192982457,56.432837192982454,60.75805719298244,26.400957192982457,Dublin_Airport_min
267130007,1995794245,37.118161904761905,38.24881765765766,68.28519878787878,59.40131190883189,59.895561481481494,78.52300222222219,37.118161904761905,Dublin_City_Centre_(CBD)_min
267157008,8633054571,47.3460819047619,48.293633277310924,55.7442,71.56092920323684,68.65196452214452,36.00739330261137,36.00739330261137,Tallaght_min
267078018,60940337,41.03564482269501,47.64720960256923,28.372158632478637,70.91450552849518,69.6129659574468,52.71558260869563,28.372158632478637,Sandyford_Business_District_min
268054003,12215999494,30.964576666666666,31.08299,56.743351309216195,54.35028592592593,55.80276512820513,34.283593333333336,30.964576666666666,Dublin_City_Centre_(CBD)_min
268135002,2968909884,29.239082841530053,31.69242950819672,39.38714953684619,54.95972543412265,56.09089617486339,31.61452653594771,29.239082841530053,Dublin_City_Centre_(CBD)_min
267082009,260022282,39.68265815602836,46.29422293590258,30.252046153846155,69.56151886182852,68.25997929078015,54.72506222222221,30.252046153846155,Sandyford_Business_District_min
267076003,7610003995,35.32573212121212,34.18108311220312,49.83939565062389,57.448379038129055,60.82782693602694,72.89981090909092,34.18108311220312,IFSC___Docklands_min
268031002,9042942573,18.256001904761902,22.360735238095238,55.40365523809524,45.62803116402117,28.360288861283646,59.94839684154744,18.256001904761902,Dublin_City_Centre_(CBD)_min
267065003,12472694277,40.49257523809523,41.62323099099098,71.65961212121212,49.75646,63.269974814814795,81.89741555555553,40.49257523809523,Dublin_City_Centre_(CBD)_min
268143018/02,265741665,19.674000833333334,21.373180833333333,45.17026749999999,44.64047675925925,46.525814166666656,55.852614166666655,19.674000833333334,Dublin_City_Centre_(CBD)_min
267130014,11987289569,38.868707501194464,37.68547487179489,70.03574438431136,55.81596524216526,61.64610707791407,80.27354781865479,37.68547487179489,IFSC___Docklands_min
267105016,11420400072,45.05128873015873,46.18194448305448,76.21832561327561,55.93302777777777,67.82868830687829,86.45612904761906,45.05128873015873,Dublin_City_Centre_(CBD)_min
267145002,4906509300,56.23041225672878,54.68102559006213,50.00325333333333,77.70591098039218,59.88914512820512,19.86281333333333,19.86281333333333,Tallaght_min
268042005,5430005223,26.78667794871795,29.456343403263404,61.648809490219925,47.58683377363378,53.25917218382263,71.88661292456337,26.78667794871795,Dublin_City_Centre_(CBD)_min
267058004,7170597104,40.62086205128205,39.807542051282056,42.92667663003663,63.07483797720797,65.30600871794871,60.175618181818194,39.807542051282056,IFSC___Docklands_min
267028027,12912893147,37.740168888888896,41.28656888888889,74.88782222222223,60.359561269841265,25.954528888888902,63.16300888888888,25.954528888888902,Blanchardstown_min
268138016,12371366442,5.643426666666667,12.951772394366195,43.51872634920635,36.21906832029212,31.618203333333334,55.302262857142864,5.643426666666667,Dublin_City_Centre_(CBD)_min
268023013,7684005560,30.927469047619045,34.18749830845772,65.44333147186146,37.45044238095237,48.82678904761904,67.96743032421477,30.927469047619045,Dublin_City_Centre_(CBD)_min
268015013,3135862487,22.133306666666666,22.167670990990985,53.12788000000002,19.149653333333326,42.23671703703706,58.18422000000001,19.149653333333326,Dublin_Airport_min
267071004,657950589,40.52436186795491,39.3797128589459,39.70922205128204,62.647008784871836,65.52310205128204,69.36117278298934,39.3797128589459,IFSC___Docklands_min
268030005,2372692689,20.014194202898544,24.118927536231883,56.52009662714097,35.03440727272728,31.08756727272727,67.02329566631317,20.014194202898544,Dublin_City_Centre_(CBD)_min
267021006,13156935609,37.445312704402525,36.63199270440252,35.23394380952381,59.899288630328435,62.13045937106917,65.96853010277648,35.23394380952381,Sandyford_Business_District_min
267041008,12791740833,27.309503899371084,28.797570566037752,64.45715723270442,52.06486649196368,20.555159506172853,64.30665605623383,20.555159506172853,Blanchardstown_min
267019011,3897000606,30.140529929078006,28.995880920069,37.661791111111114,52.26317684599494,55.642624743892824,64.76602608150469,28.995880920069,IFSC___Docklands_min
268143001,6007665030,21.0887588700565,18.588358870056492,40.31722388888888,41.85565479598243,43.45349220338983,48.84957055555556,18.588358870056492,IFSC___Docklands_min
268051013,13856999885,34.01610620382732,33.836119537160656,63.42194476190476,57.103415463086584,52.71791953716066,37.3395698245614,33.836119537160656,IFSC___Docklands_min
268148007,10713273358,18.153522937853104,17.97353627118644,54.516456271186435,41.24083219711236,39.326826203827316,42.380832280701746,17.97353627118644,IFSC___Docklands_min
268133018,564323296,19.406439999999996,23.89659384615384,32.331789457364344,47.163889772079784,47.98376113475177,42.49924684210528,19.406439999999996,Dublin_City_Centre_(CBD)_min
268099008,4346458369,16.181109195402293,16.001122528735625,48.176942325581386,39.26841845466158,39.54958919540231,43.82649523809521,16.001122528735625,IFSC___Docklands_min
268004003,2419867628,21.886798787878785,21.70681212121212,57.93954292413184,44.97410804713807,34.58735434343434,55.54669333333334,21.70681212121212,IFSC___Docklands_min
267099029,253507345,30.956177142857143,32.08683289575289,62.123214025974015,55.35412882167883,53.73357671957671,72.36101746031743,30.956177142857143,Dublin_City_Centre_(CBD)_min
268143019,1935447256,15.155343333333333,16.854523333333333,40.651610000000005,40.12181925925927,42.007156666666674,51.33395666666668,15.155343333333333,Dublin_City_Centre_(CBD)_min
267160006,2443612601,29.094486241134742,33.74277111111111,63.610348665377174,22.33438444444444,51.858087193515715,61.01928444444444,22.33438444444444,Dublin_Airport_min
268117014,13796305409,26.76356903954801,24.95024903954801,38.829139710144936,48.217544965473955,50.44871570621469,48.7306361904762,24.95024903954801,IFSC___Docklands_min
268124003,245807330,33.79517929606626,34.925835048962,64.96221617918313,56.19912594349292,56.572578872785826,75.20001961352659,33.79517929606626,Dublin_City_Centre_(CBD)_min
267078004,60939412,45.24024491228067,44.426924912280676,25.97817824561404,67.6942208382066,69.92539157894736,50.35219999999999,25.97817824561404,Sandyford_Business_District_min
267106001,253314182,41.40347215686275,32.50307215686275,73.12932549019608,40.03915215686275,66.84628484282601,74.39625215686274,32.50307215686275,IFSC___Docklands_min
267061007,480079772,41.792606524822695,40.64795751581369,56.30627005423445,63.91525344173962,67.2947013396375,79.3666853127015,40.64795751581369,IFSC___Docklands_min
268123002,1529954538,49.89769083333335,52.52223750000001,85.78182416666664,49.285196491228106,70.56918666666668,87.97009649122802,49.285196491228106,Dublin_Airport_min
268116008,4936038136,,,,,,,,
267032006,3014728805,31.43162222222221,35.536355555555545,68.57927555555554,53.265188148148155,23.44598222222222,60.65446222222222,23.44598222222222,Blanchardstown_min
268054015,4159965446,28.760567619047617,28.878980952380953,53.96225464254953,52.1462768783069,54.21103382287496,34.31427555555556,28.760567619047617,Dublin_City_Centre_(CBD)_min
267005006,598146743,42.34165714285715,43.4723128957529,73.508694025974,66.73960882167881,65.1190567195767,83.74649746031741,42.34165714285715,Dublin_City_Centre_(CBD)_min
267063004,480187926,41.02303878787878,39.87838977886977,55.53670231729055,63.14568570479572,66.5251336026936,78.59711757575761,39.87838977886977,IFSC___Docklands_min
268071012,9774185260,52.853565833333356,55.47811250000003,86.38438101010097,60.79316166666669,77.99474370370368,96.6221844444444,52.853565833333356,Dublin_City_Centre_(CBD)_min
267046005,258069174,41.804391489361734,41.97959719298244,32.37377948717949,65.24689311890837,67.47806385964911,53.02986385964911,32.37377948717949,Sandyford_Business_District_min
267044002,9535296496,49.234164822695014,51.86221333333332,36.726288484848475,68.3633461319073,70.2977959318942,41.08748,36.726288484848475,Sandyford_Business_District_min
267028102,13076267981,32.18109379310345,35.72749379310346,69.32874712643678,54.80048617405584,20.39545379310345,57.60393379310346,20.39545379310345,Blanchardstown_min
267067004,7508400999,41.38601925925927,40.241370250250256,46.85922333333334,63.50866617617619,66.88811407407407,75.93617406504065,40.241370250250256,IFSC___Docklands_min
267069001/07,6541937449,44.84600592592595,43.70135691691692,44.29475855855856,66.96865284284287,70.34810074074078,74.36579644599307,43.70135691691692,IFSC___Docklands_min
268058001,248738136,15.370547878787882,21.91024121212121,49.88641030303029,35.89437236403997,38.134148831168815,59.900948050314454,15.370547878787882,Dublin_City_Centre_(CBD)_min
267142013,8545061333,54.015052682926886,52.465666016260215,70.36951068783065,70.33789699665236,64.04767846153851,31.043473333333324,31.043473333333324,Tallaght_min
267028073,12528173,33.95147942028986,36.656212753623194,71.0991327536232,56.57087180124224,22.165839420289856,59.374319420289865,22.165839420289856,Blanchardstown_min
267105015,1707062448,52.093721385281405,53.224377138177154,83.26075826839828,65.8431777777778,74.87112096200097,93.49856170274171,52.093721385281405,Dublin_City_Centre_(CBD)_min
267078021,1420096623,108.74286666666666,107.92954666666667,111.05309047619046,131.1968425925926,133.42801333333333,137.26608406504064,107.92954666666667,IFSC___Docklands_min
267066019/02,3136124157,25.50772592592593,29.612459259259264,60.57864592592593,22.897299259259267,31.413752592592598,65.63498592592593,22.897299259259267,Dublin_Airport_min
267004011/02,968717689,59.99265523809525,61.123310990990994,91.15969212121213,79.45866370370372,82.77005481481483,101.39749555555555,59.99265523809525,Dublin_City_Centre_(CBD)_min
268041005,135685955,32.39402492753622,30.076904927536226,64.41701617918312,48.20739529790661,56.02737887278581,74.65481961352656,30.076904927536226,IFSC___Docklands_min
268137005,8638741677,26.96781923497268,29.42116590163935,39.94144434319779,52.68846182756526,53.819632568306005,33.27460627450981,26.96781923497268,Dublin_City_Centre_(CBD)_min
267095013,12994328441,44.46373523809527,45.59439099099101,75.63077212121205,68.86168691691691,67.24113481481484,85.8685755555555,44.46373523809527,Dublin_City_Centre_(CBD)_min
267143009,4873162804,59.64689333333333,58.09750666666668,58.29042666666667,81.36480259259253,70.07527846153843,29.504906666666677,29.504906666666677,Tallaght_min
267032007,6260026125,29.66663555555556,33.771368888888894,66.81428888888887,51.50020148148147,21.680995555555562,58.889475555555535,21.680995555555562,Blanchardstown_min
267133002,2986089890,42.52077111111111,38.51810444444445,78.59435777777777,34.55418444444445,64.58606444444443,68.91128444444442,34.55418444444445,Dublin_Airport_min
268133012,12175126093,23.04471130434783,26.31950745098039,31.70973612403101,49.58680337690633,50.71797411764707,40.33139947368421,23.04471130434783,Dublin_City_Centre_(CBD)_min
267111011,12736738807,49.64020380952382,50.77085956241957,80.80724069264072,69.7213316666667,72.4176033862434,91.04504412698414,49.64020380952382,Dublin_City_Centre_(CBD)_min
268042026,1426961518,32.88609444444445,35.555759898989905,67.74822598594642,53.686250269360265,59.358588679549115,77.9860294202899,32.88609444444445,Dublin_City_Centre_(CBD)_min
268109011,5064276566,13.667325057471265,4.6664933333333325,47.25671981220659,30.402500577088723,39.714509230769245,52.31305981220658,4.6664933333333325,IFSC___Docklands_min
267070006,319029774,40.29573142857142,39.48241142857142,39.74199809523808,62.749707354497346,64.98087809523808,68.8189488269454,39.48241142857142,IFSC___Docklands_min
267050032,4852743962,33.4152162962963,31.865829629629634,59.16833629629628,55.13312555555555,44.682810313390306,32.499701375661374,31.865829629629634,IFSC___Docklands_min
268159001,2711531829,23.37449571428571,29.914189047619047,57.89035813852813,29.124642222222217,46.13809666666666,61.54779032421479,23.37449571428571,Dublin_City_Centre_(CBD)_min
267089003,1513090684,42.68176410256411,41.868444102564105,34.558479999999996,65.13574002849003,67.36691076923077,64.10033333333334,34.558479999999996,Sandyford_Business_District_min
267046003,11035870219,35.691231489361705,42.302796269235934,26.260619487179483,65.57009219516186,64.2685526241135,42.56355282051283,26.260619487179483,Sandyford_Business_District_min
267093004,11408521229,71.57997333333331,62.14624000000001,101.40582666666666,75.73232,99.00816148148148,109.04549999999999,62.14624000000001,IFSC___Docklands_min
268096010,3899974973,13.648787450980388,13.881720784313721,38.598510649350644,37.14901671023967,39.637298181818196,49.28085731601732,13.648787450980388,Dublin_City_Centre_(CBD)_min
267008003,7788435795,44.733439974210185,49.01610181818182,29.565648484848484,64.96922431372549,66.90367411371237,39.53405999999999,29.565648484848484,Sandyford_Business_District_min
267002043/01,5457250976,70.09733964912284,60.66360631578948,99.9231929824561,74.2496863157895,97.67721668615981,107.56286631578944,60.66360631578948,IFSC___Docklands_min
268044005,26413497,27.06607047619047,24.74895047619047,61.67408201769247,42.87944084656086,53.28444471129516,71.64821047619048,24.74895047619047,IFSC___Docklands_min
268112018,428957680,29.75516579710145,28.61051678809245,41.55005098039216,51.877812714018404,55.25726061191629,64.05962615280595,28.61051678809245,IFSC___Docklands_min
267119005,9709124771,56.506186666666636,54.95679999999997,79.76638666666673,78.224095925926,63.45957179487176,42.614199999999975,42.614199999999975,Tallaght_min
268034011,2399748655,26.296142222222223,29.127616410256415,63.44379555555555,50.41687666666666,28.66240888888889,64.63670190045248,26.296142222222223,Dublin_City_Centre_(CBD)_min
268039003,4835708129,27.22801714285715,25.678630476190484,62.27353227513228,48.945926402116406,44.838794652014634,43.00943096774194,25.678630476190484,IFSC___Docklands_min
267140002,441829192,58.178393650793645,56.629006984126974,73.59094666666667,74.8739176470588,65.13177877899878,36.438759999999995,36.438759999999995,Tallaght_min
268143017,14041741046,,,,,,,,
267030007,12809240012,28.693025098039204,32.79775843137254,65.84067843137254,51.76847478260872,18.090718431372544,62.29423843137254,18.090718431372544,Blanchardstown_min
267075008,162936142,34.8868925925926,33.74224358358359,42.743965045045044,57.00953950950953,60.38898740740741,72.46097138047139,33.74224358358359,IFSC___Docklands_min
268094011,4208691046,37.839319999999994,38.78687137254901,48.285739913419896,62.05416729847493,64.1455862038273,32.991635348837214,32.991635348837214,Tallaght_min
267076012,480003020,40.14905212121211,39.0044031122031,54.66271565062388,62.27169903812905,65.65114693602693,77.72313090909093,39.0044031122031,IFSC___Docklands_min
267111012,5610592802,42.60429333333334,43.73494908622909,73.7713302164502,64.36241090909091,65.3816929100529,84.00913365079364,42.60429333333334,Dublin_City_Centre_(CBD)_min
267105018,8009644827,43.19484539682541,44.325501149721156,74.36188227994226,54.07658444444444,65.97224497354496,84.59968571428571,43.19484539682541,Dublin_City_Centre_(CBD)_min
267042006,12703981621,,,,,,,,
267155001,4858282684,40.64467215686275,39.613085490196084,51.06965091575091,62.88038141612201,59.65752395173455,33.221944761904766,33.221944761904766,Tallaght_min
268135001,255425858,33.04636633879781,35.499713005464486,37.08552761904763,58.7670089313904,59.89817967213114,37.962899607843134,33.04636633879781,Dublin_City_Centre_(CBD)_min
268128012/01,1686209048,23.794355706214684,21.981035706214687,37.563819710144934,45.24833163214063,47.47950237288137,49.083530878628494,21.981035706214687,IFSC___Docklands_min
267050004,438377451,35.88239416666667,34.3330075,61.63551416666666,57.60030342592593,44.69290893772894,27.869249523809522,27.869249523809522,Tallaght_min
267085025/02,11084919117,48.985066666666654,48.552298604651156,38.41352571428571,56.827737647058825,58.7621874470457,31.39257333333334,31.39257333333334,Tallaght_min
267138013/01,6255769367,50.64527652173912,49.09588985507246,68.78671648148149,66.96812083546463,59.754518461538474,28.67565925925927,28.67565925925927,Tallaght_min
268143010,2369298283,14.780187234042554,15.6915382373678,40.27645390070922,38.95883416329374,41.63200056737589,50.95880056737589,14.780187234042554,Dublin_City_Centre_(CBD)_min
267040051,957533510,31.338277192982446,33.55967719298245,68.48593052631583,56.826973118908406,19.30939515151514,66.85740848484848,19.30939515151514,Blanchardstown_min
267141005,8999838732,54.345833846153845,52.79644717948718,59.42155428571428,76.0637431054131,64.77421897435897,24.203847179487173,24.203847179487173,Tallaght_min
267002047,5327503354,64.67548631578948,55.241752982456156,94.50133964912273,68.82783298245614,92.25536335282644,102.14101298245606,55.241752982456156,IFSC___Docklands_min
268115002,13715952761,17.106332307692306,15.961683298683296,43.998064428904435,39.22897922460925,42.60842712250713,54.68041109557111,15.961683298683296,IFSC___Docklands_min
267068009,480002861,43.42375425925925,42.27910525025024,46.87600549019608,65.54640117617616,68.92584907407405,75.95295622190339,42.27910525025024,IFSC___Docklands_min
268152007,2372266739,27.07234476190477,27.190758095238102,51.26497121447027,50.45805402116401,48.631092870493994,39.64028324324324,27.07234476190477,Dublin_City_Centre_(CBD)_min
268106014,8195183364,5.948053333333332,8.653604347826086,42.513191014492755,31.920900273752018,36.67646780141844,50.87549942028984,5.948053333333332,Dublin_City_Centre_(CBD)_min
267097019,13462855221,44.956988045977035,44.143668045977044,36.81271222570534,67.41096397190296,69.64213471264368,73.48020544435096,36.81271222570534,Sandyford_Business_District_min
268155004,4913827387,33.99613939393939,32.44675272727273,54.03978967418548,55.71404865319865,52.49119118881118,25.851158571428574,25.851158571428574,Tallaght_min
267100063,8783896910,30.76593333333334,29.216546666666673,65.81144846560845,52.48384259259259,31.6276517948718,48.76532820512819,29.216546666666673,IFSC___Docklands_min
267131011,4992565357,41.9555168627451,37.95285019607844,78.02910352941176,33.988930196078435,64.02081019607844,68.34603019607842,33.988930196078435,Dublin_Airport_min
268118004,8702616815,21.084047058823533,19.60267428571429,56.1975760846561,42.86997021164022,39.78586039215686,49.63613333333334,19.60267428571429,IFSC___Docklands_min
267065021,12712872943,47.58429523809525,48.71495099099101,78.75133212121209,60.49528666666668,70.36169481481483,88.98913555555554,47.58429523809525,Dublin_City_Centre_(CBD)_min
267071002,2351885445,41.79331238095241,40.979992380952396,39.970221449275364,64.24728830687833,66.47845904761907,70.31652977932639,39.970221449275364,Sandyford_Business_District_min
268016005,6383353888,28.612791666666677,28.647155990990996,59.60736499999997,21.819653333333328,40.70277333333334,64.66370499999996,21.819653333333328,Dublin_Airport_min
268073006,4893017637,33.87859746031746,35.009253213213206,65.04563434343434,58.276549139139156,56.65599703703704,75.28343777777776,33.87859746031746,Dublin_City_Centre_(CBD)_min
267096010,7631916660,51.909972121212135,50.76532311220312,63.210816296296294,74.03261903812908,77.41206693602696,89.48405090909094,50.76532311220312,IFSC___Docklands_min
268066004,528721715,27.563617777777775,31.66835111111111,64.0695202020202,35.45319111111111,25.244557530864203,69.44807753086421,25.244557530864203,Blanchardstown_min
267105019,245485360,39.25816761904762,40.38882337194337,70.42520450216449,52.75389333333332,62.03556719576718,80.66300793650797,39.25816761904762,Dublin_City_Centre_(CBD)_min
267108016,2967515553,25.465916944444448,23.91653027777778,60.51143207671961,47.18382620370373,42.573618213860456,47.99702210526318,23.91653027777778,IFSC___Docklands_min
268108002,330940503,19.861119420289857,10.427386086956522,52.27030608695652,28.557876457326902,47.35981335356198,57.326646086956515,10.427386086956522,IFSC___Docklands_min
268009011,2413705156,13.099402949852504,17.33420727417683,48.98353628318585,40.60150320010278,41.23556539473683,58.83254961651919,13.099402949852504,Dublin_City_Centre_(CBD)_min
267050027,2981056088,34.140524761904764,32.591138095238094,59.893644761904746,55.858434021164015,46.88851698005697,34.705408042328045,32.591138095238094,IFSC___Docklands_min
268076003,6203232746,34.51683083333334,37.141377500000004,68.32962777338604,48.74809333333333,59.93999046698873,78.56743120772948,34.51683083333334,Dublin_City_Centre_(CBD)_min
267083014,260649319,55.393413333333335,57.16003193798452,42.24710274509807,65.43547098039218,67.36992078037906,40.00030666666668,40.00030666666668,Tallaght_min
268155005,513856698,33.07737939393939,31.527992727272725,54.47261991341993,54.79528865319866,51.57243118881119,30.053259393939392,30.053259393939392,Tallaght_min
267112004,5931734719,67.38009333333336,65.8307066666667,95.47142666666667,89.09800259259262,79.16461179487179,58.31924000000001,58.31924000000001,Tallaght_min
268158002,3882445018,27.348084444444442,33.88777777777778,61.86394686868687,32.750809230769235,39.751405442176875,65.52137905437353,27.348084444444442,Dublin_City_Centre_(CBD)_min
268054017,26414319,36.75156761904762,36.869980952380956,56.95480732600733,60.1372768783069,59.92868735042736,38.409515555555565,36.75156761904762,Dublin_City_Centre_(CBD)_min
268071008,49394725,39.7666107936508,40.89726654654655,70.9336476767677,60.926517037037044,62.54401037037039,81.1714511111111,39.7666107936508,Dublin_City_Centre_(CBD)_min
268160004,500341987,,,,,,,,
268096002,13352828810,10.097919999999998,10.011670990990986,40.867116363636356,33.27896691691692,37.50704113475176,50.56228222222223,10.011670990990986,IFSC___Docklands_min
268048016,11828233313,21.644830980392154,19.327710980392162,56.252842521894145,37.458201350762536,47.86320521549683,66.22697098039215,19.327710980392162,IFSC___Docklands_min
267028059,12945010549,37.660573793103474,41.206973793103465,74.80822712643673,60.27996617405584,25.874933793103448,63.08341379310346,25.874933793103448,Blanchardstown_min
268137001,684995613,33.298386086956526,34.86274074074074,44.032930198105085,58.13003666666667,60.15019942028986,41.698059607843135,33.298386086956526,Dublin_City_Centre_(CBD)_min
268013005,2375578348,33.73036380952381,37.83509714285715,69.90412623376623,38.53168190476192,39.80479757575758,75.99815157962604,33.73036380952381,Dublin_City_Centre_(CBD)_min
268105016/01,9937373160,9.683957894736842,16.19795789473684,44.43246031897926,37.57203333333333,30.387712061403516,55.114806985645934,9.683957894736842,Dublin_City_Centre_(CBD)_min
267028045,12786528161,34.72167750000001,36.209744166666674,71.86933083333334,59.4770400925926,28.338254776995306,65.54673477699531,28.338254776995306,Blanchardstown_min
267028066,6351776812,37.90726804597701,40.61200137931035,75.05492137931034,60.52666042692939,26.121628045977015,63.330108045977006,26.121628045977015,Blanchardstown_min
267040064,1940135224,33.03802666666667,35.259426666666656,70.18568,58.526722592592584,24.71779515151515,70.76851215686276,24.71779515151515,Blanchardstown_min
267120007,322710255,48.36580848484847,47.552488484848475,44.08937768025077,70.8197844107744,73.05095515151514,76.88902588322246,44.08937768025077,Sandyford_Business_District_min
267084014,9437762984,56.64412242424243,59.097469090909094,42.30705575757576,70.00971340463457,68.75386407418668,28.72753227931489,28.72753227931489,Tallaght_min
268099021,1426048992,10.913682352941173,10.733695686274507,47.2766156862745,34.000991612200444,35.584709195402304,48.10993333333333,10.733695686274507,IFSC___Docklands_min
267084026,414188077,54.09346871794871,56.546815384615385,42.789735384615376,70.49239303167421,62.77026512820512,22.743933333333334,22.743933333333334,Tallaght_min
267139006,4900701037,47.63660350877193,50.089950175438595,52.895717980316626,73.35724610136455,59.68033179487178,21.11116,21.11116,Tallaght_min
268011003,1529874160,30.27641090909091,34.38114424242425,66.78231333333333,32.511150303030306,35.16577090909093,69.6515782462927,30.27641090909091,Dublin_City_Centre_(CBD)_min
267081003,247414895,38.0812314893617,44.69279626923591,28.650619487179494,67.96009219516183,66.65855262411347,41.59984615384618,28.650619487179494,Sandyford_Business_District_min
267113004,7818295093,47.11860780487805,49.57195447154472,41.57150113821138,69.04693598039218,69.7025356043956,29.67620380952382,29.67620380952382,Tallaght_min
267103001/02,9889759729,35.25724695652174,33.70786028985508,70.30276208879688,56.975156215781006,36.1189654180602,48.29263362318841,33.70786028985508,IFSC___Docklands_min
267035005,2582335622,67.15351999999999,65.60413333333332,65.79705333333331,88.87142925925924,77.5819051282051,37.01153333333334,37.01153333333334,Tallaght_min
267010006,8294437053,52.03241815602838,54.660466666666686,37.099315151515164,68.73637279857398,70.67082259856082,43.3012084848485,37.099315151515164,Sandyford_Business_District_min
268072013/09,7765126381,35.74559428571429,36.87625003861004,66.91263116883117,60.14354596453598,58.522993862433864,77.15043460317462,35.74559428571429,Dublin_City_Centre_(CBD)_min
268152004,2373223649,23.968154705569482,23.788168038902818,52.500183277962364,47.05546396482875,42.66996803890283,42.28431855855855,23.788168038902818,IFSC___Docklands_min
268044008,2711643796,24.517688571428568,27.18735402597402,59.37982011293055,45.3178443963444,50.99018280653324,69.61762354727401,24.517688571428568,Dublin_City_Centre_(CBD)_min
268117011,13248834227,26.48824848484849,23.98784848484849,39.88231232323233,47.255144410774406,48.85298181818181,49.61630285714286,23.98784848484849,IFSC___Docklands_min
268133013,12549155085,25.877657971014496,30.50865411764706,33.7579123809524,53.775950043573,54.45497910576626,40.39369367965366,25.877657971014496,Dublin_City_Centre_(CBD)_min
267054002,8109296061,79.31969333333333,75.31702666666666,115.39327999999999,71.35310666666666,101.38498666666666,105.71020666666665,71.35310666666666,Dublin_Airport_min
268013003,6258257403,26.917779999999993,31.02251333333333,63.423682424242436,36.03204972972973,33.456997575757576,70.88968387096777,26.917779999999993,Dublin_City_Centre_(CBD)_min
268082001,2377733459,10.975459583333336,10.79547291666667,45.29012059523809,34.0627688425926,36.02597558685445,46.321187936507926,10.79547291666667,IFSC___Docklands_min
268089001,2423092453,35.24813587301586,37.87268253968252,70.15007575757573,32.687023157894735,53.533533333333324,71.37192315789473,32.687023157894735,Dublin_Airport_min
267002044,1426132057,58.09868000000001,48.66494666666668,87.92453333333334,62.251026666666675,85.52686814814817,95.56420666666668,48.66494666666668,IFSC___Docklands_min
267143005,9627352314,58.647571428571425,57.09818476190477,57.48478666666667,80.3654806878307,69.07595655677656,28.505584761904753,28.505584761904753,Tallaght_min
268045002,241770654,23.577394632034643,23.728462608695658,54.744431515151504,41.858952979066025,46.3547942087542,64.98223494949494,23.577394632034643,Dublin_City_Centre_(CBD)_min
267023002,269059292,37.21036380952382,36.14802848472532,31.881630476190477,59.415324410651266,61.89551047619048,64.34015047619047,31.881630476190477,Sandyford_Business_District_min
268041002,243096498,27.202137556935824,28.332793309831573,58.369174440052696,47.07089447293449,49.97953713365539,68.60697787439612,27.202137556935824,Dublin_City_Centre_(CBD)_min
268137010,4836663120,27.757799420289853,30.21114608695652,40.00195844155846,53.47844201288245,54.60961275362319,37.16643522388059,27.757799420289853,Dublin_City_Centre_(CBD)_min
267013004,7820667131,49.278232380952396,50.1919919379845,36.77449904761906,58.46743098039216,60.40188078037904,32.95984444444444,32.95984444444444,Tallaght_min
268018006,2433060398,30.145543390804598,30.179907715128916,61.14011672413794,23.31292505747126,40.54931919191922,66.19645672413793,23.31292505747126,Dublin_Airport_min
267028098,25961839,36.598227126436775,39.01446039215686,73.74588045977019,59.21761950738916,24.81258712643677,62.02106712643678,24.81258712643677,Blanchardstown_min
268044002,2385483618,25.950323809523805,23.633203809523806,60.558335351025804,41.763694179894195,52.1686980446285,70.5324638095238,23.633203809523806,IFSC___Docklands_min
267025006,1424141455,30.60534035087718,29.460691341868177,40.08994456140352,52.72798726779413,56.10743516569201,68.17941913875599,29.460691341868177,IFSC___Docklands_min
267034001/01,3229494069,36.13775333333332,40.24248666666666,73.28540666666669,57.97131925925926,28.152113333333325,65.36059333333331,28.152113333333325,Blanchardstown_min
267028086,25962227,31.30377881688918,32.868857237237236,65.81964124113158,55.06927279279277,28.751056666666674,65.95953666666666,28.751056666666674,Blanchardstown_min
267035011/02,9442624851,,,,,,,,
267074002/02,11797187099,,,,,,,,
267075005,11508459986,34.26078592592592,33.116136916916915,39.67327171171173,56.38343284284287,59.762880740740755,69.2946652631579,33.116136916916915,IFSC___Docklands_min
268004002/268004008,12755898536,23.48986545454545,23.309878787878784,59.542609590798506,46.57717471380473,35.867381010101006,55.18444000000003,23.309878787878784,IFSC___Docklands_min
268104009,3698432144,13.035173684210525,17.113586666666663,48.91930701754385,40.537273934460785,42.092147617482645,58.76832035087719,13.035173684210525,Dublin_City_Centre_(CBD)_min
268049002,1681796635,15.740162949852504,19.974967274176826,51.62429628318583,42.62066856301105,44.79713688312462,61.47330961651917,15.740162949852504,Dublin_City_Centre_(CBD)_min
267143001/01,9604474505,61.78245948717948,60.23307282051282,61.70932615384615,83.50036874643875,72.21084461538462,31.64047282051282,31.64047282051282,Tallaght_min
267084023,10731311598,55.62909538461538,58.08244205128206,44.32536205128204,72.02801969834081,62.57988126855601,22.553549473684196,22.553549473684196,Tallaght_min
267144014,2983099327,52.561053333333305,51.01166666666664,66.51238761904762,68.8838976470588,57.71225179487177,25.83642,25.83642,Tallaght_min
267140004,1425052310,47.429700000000004,45.88031333333334,60.580693333333336,69.14760925925927,54.38308512820513,23.42850666666667,23.42850666666667,Tallaght_min
268108013,31926998,17.109789616519173,15.760599420289852,52.99392294985252,33.89108979066023,46.16676354979131,62.659859420289855,15.760599420289852,IFSC___Docklands_min
267040025/02,659663303,47.43130888888891,49.65270888888891,84.57896222222213,72.9200048148148,38.00916585858586,78.4438461538461,38.00916585858586,Blanchardstown_min
268062002,4838696565,34.57366367346938,37.19821034013606,70.45779700680269,43.24249454545455,61.285785682601805,80.30681034013604,34.57366367346938,Dublin_City_Centre_(CBD)_min
268102008,4364453350,22.90374666666667,23.851298039215692,40.98512899224806,47.118593965141606,49.40980252873562,36.70101666666666,22.90374666666667,Dublin_City_Centre_(CBD)_min
267071006,26796331,41.86604186795491,40.721392858945904,41.050902051282044,63.98868878487185,66.86478205128205,70.70285278298934,40.721392858945904,IFSC___Docklands_min
267009006,9543652664,44.480983646224445,48.76364549019608,29.313192156862748,70.76187764705882,72.6963274470457,45.32671333333332,29.313192156862748,Sandyford_Business_District_min
268110005,4951611935,21.868839444444443,22.967662528735623,43.21589666666668,41.09815289910599,48.72065277777778,58.047452777777785,21.868839444444443,Dublin_City_Centre_(CBD)_min
268128015,512531381,22.21445797101449,25.390681666666673,30.732619047619053,48.657977592592594,50.791779105766274,43.63790962962964,22.21445797101449,Dublin_City_Centre_(CBD)_min
267157004,1424006666,46.7261619047619,47.67371327731093,55.124280000000006,70.94100920323685,69.6156136996337,32.84556126984126,32.84556126984126,Tallaght_min
267028118,3239596118,41.149922222222216,43.854655555555546,78.29757555555554,63.76931460317459,29.364282222222208,66.57276222222221,29.364282222222208,Blanchardstown_min
267081007,2393174721,40.0178714893617,46.41682444444445,30.587259487179494,68.7337843137255,68.59519262411348,41.326739487179495,30.587259487179494,Sandyford_Business_District_min
267038011,13278453729,38.50882782608697,37.69550782608697,39.927433362068975,60.962803752012896,63.19397449275364,67.03204522446096,37.69550782608697,IFSC___Docklands_min
268080010,1426441883,14.025891228070176,18.800215238095237,48.77439365231259,40.977403934426235,28.878100289855077,59.456740318979264,14.025891228070176,Dublin_City_Centre_(CBD)_min
267031004,13071124687,34.6817377777778,37.19272952380957,71.8293911111111,57.73133179487179,10.715840000000005,66.00963846153846,10.715840000000005,Blanchardstown_min
267129002,4238796190,27.573006037735855,26.759686037735854,29.04494380952381,50.02698196366177,52.258152704402505,56.09622343610982,26.759686037735854,IFSC___Docklands_min
267017007,26796159,41.000939047619035,39.93860372282055,35.67220571428571,63.20589964874649,65.68608571428571,68.1307257142857,35.67220571428571,Sandyford_Business_District_min
267018005/267017004,385020928,38.40142495543672,37.25677594642771,36.374204444444445,60.52407187235365,63.90351977025154,65.91605777777778,36.374204444444445,Sandyford_Business_District_min
267035008,11480617770,54.26389696969697,56.71724363636364,47.21016363636364,74.91282128342245,63.071479245852174,23.045147450980384,23.045147450980384,Tallaght_min
268143030,13912163845,15.839907482993198,17.044643298683297,41.33617414965986,40.31193922460924,42.69172081632653,52.01852081632653,15.839907482993198,Dublin_City_Centre_(CBD)_min
268004006,6201965274,24.46444761904762,22.915060952380962,59.50996275132276,46.18235687830689,38.84010028985508,53.28288000000001,22.915060952380962,IFSC___Docklands_min
268132001,8910603644,,,,,,,,
267028072,16711515,36.628666086956535,39.33339942028987,73.77631942028985,59.24805846790892,24.84302608695652,62.05150608695654,24.84302608695652,Blanchardstown_min
268158006,3882445218,27.898404166666662,32.99974105263158,62.41426659090909,30.23903965811966,39.68526444444445,64.93836544326241,27.898404166666662,Dublin_City_Centre_(CBD)_min
268161007,13480083323,11.874429019607843,11.694442352941177,46.608127751938014,34.9617382788671,38.34110892018778,46.819907936507924,11.694442352941177,IFSC___Docklands_min
267028004/02/10,2366117089,36.1721665369169,37.737244957264956,70.68802896115932,59.93766051282051,31.223282318840585,68.43176231884061,31.223282318840585,Blanchardstown_min
267133014,254488981,42.29043333333333,37.15443333333334,77.78068666666667,34.32384666666667,64.35572666666667,68.68094666666666,34.32384666666667,Dublin_Airport_min
268023010,248569397,27.87773269841271,30.502279365079378,63.761866031746045,41.31425847953218,54.58985470754513,73.61087936507936,27.87773269841271,Dublin_City_Centre_(CBD)_min
268123003,6166924488,48.50589083333334,51.130437500000006,84.39002416666666,49.141503157894775,70.42549333333336,87.82640315789469,48.50589083333334,Dublin_City_Centre_(CBD)_min
268104014,131037523,10.03356,14.978124324324328,48.002061481481476,38.245420250250255,38.33692256410256,57.851074814814815,10.03356,Dublin_City_Centre_(CBD)_min
267104014,366640906,61.72862666666668,52.82822666666668,94.13781333333336,57.24764000000002,87.27952000000003,91.60474000000002,52.82822666666668,IFSC___Docklands_min
268153001,2121586374,26.289257777777777,25.578601951219515,54.71230677002585,48.84589787714546,46.949088038902836,45.836471111111116,25.578601951219515,IFSC___Docklands_min
268116013,8942163931,,,,,,,,
267088011,10816144847,36.54291710144927,35.72959710144928,31.955735019157096,58.996893027375194,61.22806376811593,65.06613449982325,31.955735019157096,Sandyford_Business_District_min
267080002,262811879,49.63383697955778,53.916498823529416,34.46604549019608,73.3106385994398,75.24508839942668,47.8754742857143,34.46604549019608,Sandyford_Business_District_min
268161012,4935951478,18.54087137254902,18.65928470588235,41.851048992248074,41.92658063180828,44.30573586206895,41.187475670995674,18.54087137254902,Dublin_City_Centre_(CBD)_min
268138013,5301569906,6.322817610062894,14.24334,42.97523619047618,37.510635925925925,32.94216444444444,53.44091619047619,6.322817610062894,Dublin_City_Centre_(CBD)_min
267009001,9543652632,39.73923697955777,44.02189882352941,24.571445490196076,65.76894526610644,67.70339506609332,40.33378095238095,24.571445490196076,Sandyford_Business_District_min
268047002,339328220,24.401001754385955,27.392416410256413,60.28513508771929,42.53172200913242,49.731508675799084,68.87214995239484,24.401001754385955,Dublin_City_Centre_(CBD)_min
268115013,13234436516,,,,,,,,
268016010,4692566718,28.78021833333333,28.814582657657645,59.774791666666665,25.518699607843125,44.86985333333334,64.83113166666665,25.518699607843125,Dublin_Airport_min
267004009,4870497061,40.73062412698413,41.86127987987988,71.897661010101,63.28830814814815,63.508023703703685,82.13546444444441,40.73062412698413,Dublin_City_Centre_(CBD)_min
268057004,2951477055,26.91570666666666,25.366319999999995,61.961221798941814,48.63361592592595,46.798120000000026,45.48029940323954,25.366319999999995,IFSC___Docklands_min
268011013,6370132205,27.38537207547171,31.490105408805046,62.232941166380776,32.23268688172045,44.31346444444445,72.24006627837025,27.38537207547171,Dublin_City_Centre_(CBD)_min
268140002,772972756,16.166042352941176,15.98605568627451,41.50128775193801,39.25335161220043,41.43109168539325,45.76533811965812,15.98605568627451,IFSC___Docklands_min
268123009,305245762,41.14765666666668,43.772203333333344,77.03178999999997,46.492143157894745,66.64004242424245,85.17704315789474,41.14765666666668,Dublin_City_Centre_(CBD)_min
268144013,3521921414,32.18203686274509,33.20205019607843,42.372239653442776,56.46934612200437,57.108098703827324,36.87306512820511,32.18203686274509,Dublin_City_Centre_(CBD)_min
268108022,380867695,22.056182424242426,12.622449090909095,54.465369090909086,30.75293946127947,44.95826814814814,59.52170909090908,12.622449090909095,IFSC___Docklands_min
267024008,9626764315,41.98323862068966,40.92090329589117,36.65450528735632,64.18819922181711,66.66838528735634,69.11302528735632,36.65450528735632,Sandyford_Business_District_min
267140010,11241961820,52.13616888888891,50.58678222222225,60.417439506172855,73.85407814814815,59.08955401709404,23.265252839506193,23.265252839506193,Tallaght_min
267131023,26472852,46.25783686274511,42.255170196078446,82.33142352941177,38.291250196078444,64.88411250000001,72.64835019607843,38.291250196078444,Dublin_Airport_min
268076006,3065276921,27.358284166666675,29.98283083333334,63.24241749999999,41.589546666666664,54.07040617579908,73.09143083333333,27.358284166666675,Dublin_City_Centre_(CBD)_min
267002038,391037018,51.30747333333332,41.87373999999999,81.13332666666666,55.45981999999999,78.88735037037037,88.773,41.87373999999999,IFSC___Docklands_min
268042021,4567664812,35.03752444444446,37.707189898989895,69.89965598594645,55.83768026936027,61.51001867954912,80.1374594202899,35.03752444444446,Dublin_City_Centre_(CBD)_min
268004016/268004017,2940557019,21.14713801801802,20.967151351351344,57.19988215427107,44.23444727727729,32.24898181818181,56.47623684154745,20.967151351351344,IFSC___Docklands_min
268045001,1432780768,19.45600796536797,20.586663718263722,50.62304484848484,40.28083703703704,42.233407542087534,60.86084828282828,19.45600796536797,Dublin_City_Centre_(CBD)_min
268148004/05,5733881071,21.738179354838703,20.18879268817204,56.78369448711387,43.456088614098,41.620592688172074,49.901836601307224,20.18879268817204,IFSC___Docklands_min
268078005,7392111082,23.200178823529413,21.650792156862742,58.24569395580455,44.91808808278868,43.08259215686275,38.20202666666667,21.650792156862742,IFSC___Docklands_min
268151001,359742754,23.750328038902822,23.570341372236157,51.562761492248065,46.83763729816208,42.45214137223615,41.819411891891875,23.570341372236157,IFSC___Docklands_min
268071023/03,13373115527,39.13462169934641,41.75916836601308,75.01875503267976,50.95194095238097,65.84674370847883,75.58453999999999,39.13462169934641,Dublin_City_Centre_(CBD)_min
267147020,6231449947,50.6638711111111,49.11448444444444,61.140737777777765,72.38178037037036,61.09225623931623,20.521884444444456,20.521884444444456,Tallaght_min
268107004,7491020610,12.351469616519173,16.586273940843498,48.23560294985249,39.853569866769426,41.408443549791286,58.08461628318583,12.351469616519173,Dublin_City_Centre_(CBD)_min
268084005,335717361,21.979041951219514,20.429655284552844,57.024557083494635,43.696951210478765,41.86145528455283,42.92038861788617,20.429655284552844,IFSC___Docklands_min
268046002,3498127480,22.48092497512438,25.10547164179105,58.36505830845771,36.977803333333334,48.354150000000004,67.49479127659575,22.48092497512438,Dublin_City_Centre_(CBD)_min
267003011,6333151362,50.95645777777777,41.522724444444435,80.78231111111113,55.10880444444444,78.35094814814819,88.42198444444446,41.522724444444435,IFSC___Docklands_min
267095027,4231041493,49.74044761904763,50.87110337194338,80.90748450216451,74.1383992978693,72.51784719576719,91.14528793650794,49.74044761904763,Dublin_City_Centre_(CBD)_min
267069004,13398083487,41.22477925925925,40.080130250250235,43.95678522522521,63.34742617617619,66.72687407407408,76.41530522522525,40.080130250250235,IFSC___Docklands_min
267100041,9006660044,36.732849361702144,35.183462695035466,71.77836449397726,58.45075862096141,37.5945678232406,42.80156936170215,35.183462695035466,IFSC___Docklands_min
268152002,8614841031,26.55681333333333,26.376826666666666,51.82152899224807,49.644122592592595,45.8460080389028,42.44293185185185,26.376826666666666,IFSC___Docklands_min
267127003/01,13384329345,41.40588312056738,42.53521454545455,20.629407017543862,65.80251047138047,68.03368121212121,57.50446753036436,20.629407017543862,Sandyford_Business_District_min
268074003,4431091457,33.61592596273293,34.74658171562867,64.78296284584978,56.019872610159574,56.393325539452476,75.02076628019321,33.61592596273293,Dublin_City_Centre_(CBD)_min
268015003,2407395082,27.455340000000003,27.489704324324325,58.44991333333333,21.27889333333333,40.162013333333356,63.50625333333332,21.27889333333333,Dublin_Airport_min
268045004,241020788,23.703314632034637,23.73171594202899,54.870351515151484,41.86220631239936,46.48071420875418,65.10815494949492,23.703314632034637,Dublin_City_Centre_(CBD)_min
267099020,2121688035,44.73048000000001,35.830079999999995,76.45633333333332,43.366160000000015,73.39804,77.72325999999998,35.830079999999995,IFSC___Docklands_min
268158009,298543068,25.924941960784317,32.46463529411765,60.44080438502674,34.294233846153844,41.49402051282052,61.554561276595756,25.924941960784317,Dublin_City_Centre_(CBD)_min
268001004,13904119086,10.403947981220657,16.42356131455399,47.666481314553984,39.690857240479914,33.273322512077286,55.87792944463528,10.403947981220657,Dublin_City_Centre_(CBD)_min
268035004,7490942226,16.943995833333332,19.675389743589747,54.09164916666667,42.94268566951566,26.52630416666667,55.18447523378582,16.943995833333332,Dublin_City_Centre_(CBD)_min
267020004,180119269,47.198393684210565,46.05374467520155,45.62559714285714,69.32104060112744,72.52211270440249,76.3601834361098,45.62559714285714,Sandyford_Business_District_min
268092013,6238251591,25.313675555555555,26.261226928104577,43.39505788113697,49.52852285403052,51.81973141762453,36.038191666666684,25.313675555555555,Dublin_City_Centre_(CBD)_min
267100072,8758558479,26.36252453900709,24.813137872340423,61.40803967128222,48.08043379826634,27.22424300054555,41.09418153846153,24.813137872340423,IFSC___Docklands_min
268128003,564502629,21.165106666666667,25.20903384615385,30.67397612403101,48.47632977207979,49.74242780141844,44.04065280701752,21.165106666666667,Dublin_City_Centre_(CBD)_min
267140017,441407226,53.82636888888888,52.27698222222222,61.96501777777778,75.54427814814815,60.77975401709401,24.812831111111112,24.812831111111112,Tallaght_min
267041010,249335531,28.9846,31.206000000000003,66.13225333333334,54.47329592592594,19.555071515151514,66.71508549019609,19.555071515151514,Blanchardstown_min
268012008,1276534271,22.992233333333335,27.09696666666667,59.49813575757575,33.702497204301075,29.755657204301077,66.96413720430108,22.992233333333335,Dublin_City_Centre_(CBD)_min
268142004,4849702353,18.163087407407406,21.46317790922998,34.050382325581396,44.73047383515593,45.422360251572336,42.3420711610487,18.163087407407406,Dublin_City_Centre_(CBD)_min
267088005,12871350038,49.91047710144929,49.09715710144929,29.863982528735637,72.36445302737522,74.59562376811596,74.31060304155615,29.863982528735637,Sandyford_Business_District_min
267144011,10867061468,48.73000000000001,47.18061333333334,65.52079333333334,65.05284431372552,56.483518461538466,23.479313333333334,23.479313333333334,Tallaght_min
268054007,1272386875,32.11895111111111,31.938964444444444,51.84238501291988,55.20626037037036,54.60855064827176,40.4600622222222,31.938964444444444,IFSC___Docklands_min
268062006,11975298361,37.394099296066265,38.52475504896201,68.56113617918317,48.974281666666684,60.17149887278586,78.79893961352658,37.394099296066265,Dublin_City_Centre_(CBD)_min
267049015,8990538796,40.009586666666664,38.4602,65.76270666666666,61.727495925925915,41.26904893772894,30.86164,30.86164,Tallaght_min
268004001,810882072,21.182874285714288,19.63348761904762,56.22838941798941,42.90078354497354,33.67658101010101,51.34079999999999,19.63348761904762,IFSC___Docklands_min
267028103,160377565,39.60024888888889,42.30498222222222,76.7479022222222,62.21964126984127,27.814608888888895,65.02308888888889,27.814608888888895,Blanchardstown_min
268143025,2365987661,19.517689999999995,21.216869999999993,45.01395666666667,44.484165925925936,46.36950333333334,55.69630333333335,19.517689999999995,Dublin_City_Centre_(CBD)_min
267042005,212614621,42.11930430987453,47.248610000000006,31.446899487179486,70.51590592592594,70.69662544462629,33.97261948717948,31.446899487179486,Sandyford_Business_District_min
268150002,2372266934,22.584296910569105,22.70271024390244,52.63746454780362,45.970006169828366,45.60909287049399,39.449887777777775,22.584296910569105,Dublin_City_Centre_(CBD)_min
267098002,11366913773,89.39709333333334,87.97814666666667,125.90299575757571,84.01422666666669,100.61440561403508,118.37132666666665,84.01422666666669,Dublin_Airport_min
267002011,433637881,63.84452888888888,54.410795555555545,93.67038222222224,67.99687555555555,91.27271703703705,101.31005555555558,54.410795555555545,IFSC___Docklands_min
267028066/01,12730768543,39.6790547126437,42.383788045977035,76.826708045977,62.298447093596074,27.893414712643676,65.1018947126437,27.893414712643676,Blanchardstown_min
267122005,228784343,40.11362444444445,39.30030444444445,35.83719363984675,62.56760037037038,64.79877111111111,68.63684184281844,35.83719363984675,Sandyford_Business_District_min
268030013,2400969760,31.424447536231888,32.425245396825396,66.37602940071979,40.30572727272728,36.053079999999994,73.5673672727273,31.424447536231888,Dublin_City_Centre_(CBD)_min
267067009,11069866741,36.607099259259265,35.46245025025025,42.066665225225215,58.729746176176185,62.10919407407407,74.18117804713805,35.46245025025025,IFSC___Docklands_min
267140001,8504519755,57.54896698412696,55.99958031746029,73.25984000000004,74.42352837169649,64.50235211233209,36.107653333333324,36.107653333333324,Tallaght_min
267099003,5552749358,33.10558000000001,24.20518000000001,64.83143333333334,39.56511151515152,61.834221134751765,70.57110666666662,24.20518000000001,IFSC___Docklands_min
268058011/01,1677578027,20.43045628318584,24.665260607510167,56.314589616519164,47.31096189634439,49.48743021645796,66.1636029498525,20.43045628318584,Dublin_City_Centre_(CBD)_min
268091006,2771150041,37.769999999999975,37.59001333333331,53.41218805385556,60.85730925925927,60.25959953716066,41.099360000000004,37.59001333333331,IFSC___Docklands_min
267100006/02,11725948725,35.45359393939394,33.90420727272728,70.4991090716691,57.171503198653205,36.3153124009324,48.48898060606061,33.90420727272728,IFSC___Docklands_min
268014002,2375574703,26.000481449275362,30.105214782608698,62.506383873517784,36.21959777777777,32.272757777777784,69.48123777777776,26.000481449275362,Dublin_City_Centre_(CBD)_min
268133004,564323298,18.433240000000005,24.578240784313728,31.760991746031735,47.845536710239635,47.010561134751775,40.26650017543859,18.433240000000005,Dublin_City_Centre_(CBD)_min
268119006,4674248437,35.67502,38.29956666666668,71.55915333333333,50.518291812865506,62.38714200913242,81.40816666666663,35.67502,Dublin_City_Centre_(CBD)_min
267109019,296134636,32.84954492753622,31.300158260869562,67.89506005981131,54.567454186795445,52.73195826086952,58.72327379844954,31.300158260869562,IFSC___Docklands_min
267142001,440119065,47.83424891774893,46.28486225108226,61.35998761904763,69.55215817700817,61.36735128205128,22.79817948717949,22.79817948717949,Tallaght_min
268030026,2400990787,15.706117250859107,19.81085058419244,51.962019675101516,34.18950060606061,30.24266060606061,62.64436634176819,15.706117250859107,Dublin_City_Centre_(CBD)_min
267138019,441400385,58.922300317460284,57.37291365079361,72.23074528735631,77.12460837169652,65.87568544566541,35.078558620689655,35.078558620689655,Tallaght_min
268153011,2374013879,19.949860540540545,19.769873873873873,56.31279387387387,43.037169799799806,42.046559537160654,44.67098707070707,19.769873873873873,IFSC___Docklands_min
268016006,9560032697,28.097538333333336,28.131902657657655,59.09211166666666,21.264920000000004,40.14804,64.14845166666665,21.264920000000004,Dublin_Airport_min
268128005,13463696720,20.180817971014484,24.528380512820526,28.845842790697663,47.79567643874643,48.758139105766276,47.19534962962964,20.180817971014484,Dublin_City_Centre_(CBD)_min
268006038/01,5154510310,28.495826024096385,29.06090444444444,63.01168844833882,51.73392259259261,30.66625481481481,72.16426814814817,28.495826024096385,Dublin_City_Centre_(CBD)_min
268064004,2686899248,27.063468333333336,31.168201666666672,63.569370757575754,34.95304166666667,28.307620000000004,72.51113999999998,27.063468333333336,Dublin_City_Centre_(CBD)_min
268052009,2993997783,27.708208108589215,27.52822144192255,61.12364050739957,50.79551736784849,46.41002144192257,39.99803111111111,27.52822144192255,IFSC___Docklands_min
267104002,12022933877,54.78537333333335,45.88497333333335,87.19456000000001,50.30438666666668,80.33626666666669,84.66148666666668,45.88497333333335,IFSC___Docklands_min
268002011,4865516340,19.434800000000006,25.352896666666666,55.35130666666668,47.37233378531075,32.68567362318841,60.86198215686276,19.434800000000006,Dublin_City_Centre_(CBD)_min
267089001,7695995289,38.0258441025641,37.2125241025641,33.74581090909091,60.47982002849003,62.71099076923077,63.28766424242424,33.74581090909091,Sandyford_Business_District_min
267104021,10689199197,57.97716717948719,49.07676717948719,90.38635384615385,53.49618051282052,83.52806051282052,87.8532805128205,49.07676717948719,IFSC___Docklands_min
268114015,8884045743,27.16413913043478,26.01949012142577,35.74692173913043,49.286786047351704,51.236342857142866,54.379809523809534,26.01949012142577,IFSC___Docklands_min
267055004,257926808,39.14835615283268,38.0098581818182,36.311209963369954,61.27715410774412,63.50832484848486,50.21012484848486,36.311209963369954,Sandyford_Business_District_min
267023006,1419896666,37.552622857142865,36.49028753234439,32.223889523809525,59.7575834582703,62.23776952380951,63.20451333333333,32.223889523809525,Sandyford_Business_District_min
267076014,701966751,38.26062545454545,37.11597644553644,52.774288983957234,60.383272371462404,63.76272026936029,75.83470424242427,37.11597644553644,IFSC___Docklands_min
268085016,2352388112,25.017001951219527,23.467615284552856,57.2555334366925,46.73491121047877,44.89941528455284,42.30949777777777,23.467615284552856,IFSC___Docklands_min
267002002/01,4951053081,64.8989714285714,55.46523809523807,94.72482476190477,69.05131809523806,91.3271595767196,102.3644980952381,55.46523809523807,IFSC___Docklands_min
267004025,5686407726,39.27212190476191,40.40277765765766,70.43915878787878,62.51903498575499,62.04952148148147,80.67696222222224,39.27212190476191,Dublin_City_Centre_(CBD)_min
267084006,10812201419,59.755610526315756,62.208957192982425,45.418543859649084,73.12120150670792,70.47258164994422,30.446249855072477,30.446249855072477,Tallaght_min
268102011,10609112832,23.32056470588235,23.438978039215684,42.83857404971933,46.70627396514162,48.99748252873563,39.48493777777778,23.32056470588235,Dublin_City_Centre_(CBD)_min
268070022/01,3424995950,23.411835555555555,27.05166101010101,59.295968888888886,44.41761296803653,51.6173996347032,69.14498222222223,23.411835555555555,Dublin_City_Centre_(CBD)_min
267083019,7797266293,55.29511833333334,54.862350271317844,39.46077166666669,63.13778931372551,65.07223911371239,37.702625000000026,37.702625000000026,Tallaght_min
267103016/02,9007340261,40.647026666666655,39.09763999999999,75.69254179894179,62.36493592592593,41.50874512820511,51.85174666666668,39.09763999999999,IFSC___Docklands_min
267001008,5050861303,35.70535619047621,37.92929432432434,68.88950333333335,30.162554285714283,44.794716190476215,73.94584333333329,30.162554285714283,Dublin_Airport_min
268093001,4211441274,40.866626666666654,41.81417803921567,51.31304658008656,65.0814739651416,66.23706953716064,37.99354181818181,37.99354181818181,Tallaght_min
268021003,8592313402,29.51086553191488,36.05055886524823,64.02672795615736,37.11562761904763,50.74912888888888,67.68416014184402,29.51086553191488,Dublin_City_Centre_(CBD)_min
267132001/03,11676179,68.99780307692308,65.62324000000001,104.96676000000002,62.19856666666667,76.4185333333333,95.38831641025637,62.19856666666667,Dublin_Airport_min
268046012,9959525271,28.681492698412704,31.30603936507937,64.56562603174602,42.11801847953215,55.393614707545105,74.41463936507937,28.681492698412704,Dublin_City_Centre_(CBD)_min
267026002,13175874036,31.52184992907799,30.37720092006899,41.10093333333334,53.64449684599497,57.02394474389286,63.61050850574713,30.37720092006899,IFSC___Docklands_min
268016015/268016018,6221819257,30.04981712121213,30.084181445536448,61.04439045454546,24.23893212121213,39.51315692307693,66.10073045454546,24.23893212121213,Dublin_Airport_min
267001011,3883139335,32.30227692307692,32.56378144553644,63.52399045454546,26.718532121212125,41.39163692307692,68.58033045454546,26.718532121212125,Dublin_Airport_min
267158009,2687083932,30.75387743589743,34.858610769230765,67.59825353535354,38.981924444444445,20.501570769230764,64.70509076923078,20.501570769230764,Blanchardstown_min
267140007,4485682373,51.14432888888889,49.59494222222223,59.42559950617284,72.86223814814815,58.09771401709402,22.27341283950618,22.27341283950618,Tallaght_min
268152003,342090112,25.19331470556948,25.013328038902817,52.08320899224806,48.280623964828756,43.895128038902826,42.704611851851844,25.013328038902817,IFSC___Docklands_min
267100075,11531693096,30.353933333333327,28.804546666666663,65.39944846560847,52.0718425925926,31.21565179487179,48.32660666666667,28.804546666666663,IFSC___Docklands_min
268031011,4889016036,21.868293333333334,24.357898018018023,59.01594666666667,47.62519394394396,31.456451515151514,59.86698350821412,21.868293333333334,Dublin_City_Centre_(CBD)_min
267158013,2570916746,35.98226285714286,40.08699619047619,73.12991619047621,52.50516952380953,25.37995619047619,65.77176952380952,25.37995619047619,Blanchardstown_min
268025004,82676984,22.48760175438597,26.627427208931426,58.37173508771928,40.262762009132416,47.46254867579908,66.60318995239483,22.48760175438597,Dublin_City_Centre_(CBD)_min
267112008/03,4882270403,61.30590666666661,59.75651999999995,93.28277333333337,83.023815925926,81.18737846153849,53.47577333333327,53.47577333333327,Tallaght_min
268017004,11473291499,33.154,39.34898090909091,67.6698624242424,33.638141754385984,44.60472544217688,71.32729460992904,33.154,Dublin_City_Centre_(CBD)_min
267149006,288824595,47.87477777777777,50.32812444444445,45.81762113821138,73.59542037037039,68.46404179487178,29.894869999999994,29.894869999999994,Tallaght_min
268052002,2584445165,30.736321759382893,30.556335092716225,57.6776946425495,53.82363101864216,49.43813509271624,38.7767688888889,30.556335092716225,IFSC___Docklands_min
267050007,9008783344,34.62324701754387,33.0738603508772,60.376367017543856,56.34115627680312,36.30984547908232,25.475300350877195,25.475300350877195,Tallaght_min
267063001,11845265821,,,,,,,,
267100018,295896413,42.456004444444446,40.90661777777777,77.50151957671959,64.17391370370369,43.317722905982905,48.52472444444443,40.90661777777777,IFSC___Docklands_min
268093007,26414176,39.178851904761906,39.63258666666666,52.70469472052222,62.8998825925926,62.302172870494,40.004901818181814,39.178851904761906,Dublin_City_Centre_(CBD)_min
267109001,8719923276,26.622224313725493,25.072837647058826,61.66773944600062,48.34013357298475,27.48394277526395,37.12058196078431,25.072837647058826,IFSC___Docklands_min
268072007,968114357,32.009714285714296,33.140370038610044,63.176751168831146,56.40766596453596,54.78711386243385,73.41455460317461,32.009714285714296,Dublin_City_Centre_(CBD)_min
267006002,651676802,59.36999384615385,57.82060717948718,62.38067904761905,81.08790310541309,69.79837897435895,29.228007179487186,29.228007179487186,Tallaght_min
268153005,3168826061,24.21639111111111,24.036404444444443,52.63944010335917,47.303700370370365,45.94565528455284,44.85437629629629,24.036404444444443,IFSC___Docklands_min
267049002,8857464037,42.505880000000005,40.95649333333334,73.97566666666665,64.22378925925926,43.36759846153846,37.19126666666667,37.19126666666667,Tallaght_min
267028022,1278860325,36.56344923076923,40.342168888888885,73.71110256410256,59.18284161172161,24.777809230769225,61.98628923076922,24.777809230769225,Blanchardstown_min
268042002,1426961067,28.50301333333334,31.17267878787879,63.365144874835295,49.30316915824914,54.97550756843798,73.60294830917877,28.50301333333334,Dublin_City_Centre_(CBD)_min
268139007/268139008,2376978169,10.022879999999997,17.395917469586376,50.04412,40.66321339551231,34.006431111111105,55.588265018726624,10.022879999999997,Dublin_City_Centre_(CBD)_min
267027009,799567560,26.19469083333333,30.299424166666665,63.34234416666667,49.987919999999995,19.767493333333334,61.43149333333333,19.767493333333334,Blanchardstown_min
267081006/02,13519644414,35.105711489361695,41.71727626923592,25.675099487179484,64.98457219516185,63.68303262411348,41.14720615384617,25.675099487179484,Sandyford_Business_District_min
267106015/267106012,9116735980,51.6728374229692,47.74402666666668,82.83987430608606,55.28010666666668,74.45023699968877,89.6372066666667,47.74402666666668,IFSC___Docklands_min
267057001,13450636245,30.14481449275363,36.756379272627825,25.546042105263165,60.02367519855377,58.7221356275054,46.555493333333324,25.546042105263165,Sandyford_Business_District_min
267129007,5284855909,42.87844603773587,42.06512603773587,40.66707714285715,65.33242196366179,67.56359270440252,71.40166343610984,40.66707714285715,Sandyford_Business_District_min
268013007,305410269,32.613982857142865,36.7187161904762,68.86988528138528,39.63992857142858,43.82970424242425,79.14869815351581,32.613982857142865,Dublin_City_Centre_(CBD)_min
267140029,4511405424,54.21248717948718,52.66310051282051,61.222687179487174,75.93039643874646,60.5768014245014,24.070500512820512,24.070500512820512,Tallaght_min
267160003,248037617,36.805038333333336,43.34473166666666,71.32090075757573,33.963371111111115,55.720075151515154,72.64827111111107,33.963371111111115,Dublin_Airport_min
267130019,11665410585,34.5958419047619,35.726497657657646,65.76287878787879,58.993793583583596,57.37324148148148,76.00068222222221,34.5958419047619,Dublin_City_Centre_(CBD)_min
268074002,301800390,26.06984596273293,27.200501715628675,57.23688284584981,48.473792610159606,48.84724553945251,67.47468628019325,26.06984596273293,Dublin_City_Centre_(CBD)_min
268099013,4877131807,15.490669019607838,15.310682352941171,45.95522108527135,38.57797827886712,39.4296291954023,45.28373333333334,15.310682352941171,IFSC___Docklands_min
268106018,6937110738,7.836986666666666,13.175590990990992,45.80548814814814,36.44288691691692,36.337043333333334,55.65450148148148,7.836986666666666,Dublin_City_Centre_(CBD)_min
268050010,2375590882,25.119104738955823,28.758930193501282,61.00323807228914,41.96734764705882,49.10834666666666,65.97392333333332,25.119104738955823,Dublin_City_Centre_(CBD)_min
267137001,13104121793,,,,,,,,
267092046,13373656454,41.11953057471265,44.990084960677564,3.3453999999999997,68.2573808866035,69.69685170946444,55.268217754199824,3.3453999999999997,Sandyford_Business_District_min
267002001,253490372,75.36793333333335,65.9342,104.6937866666667,79.02028,102.9478103703704,112.83346000000003,65.9342,IFSC___Docklands_min
268153009,311857283,21.49466960451978,21.31468293785311,53.60881851605759,44.58197886377903,40.810066203827326,43.864072280701755,21.31468293785311,IFSC___Docklands_min
267157003,4829380166,49.0255,47.99391333333334,58.82201809523811,71.26120925925926,68.03835179487179,32.31234793650795,32.31234793650795,Tallaght_min
268129018,5659515215,32.679426078431376,31.86610607843137,37.60311809523808,55.13340200435731,57.364572745098044,52.51341333333333,31.86610607843137,IFSC___Docklands_min
268129004,2479366775,33.29541475177304,39.90697953164725,32.46339809523809,63.17427545757319,61.872735886524815,51.57395999999998,32.46339809523809,Sandyford_Business_District_min
268140007,279939236,13.83778065359477,15.264504136253038,44.07270108527132,38.531800062178974,39.97816608695652,47.59399145299146,13.83778065359477,Dublin_City_Centre_(CBD)_min
268028014,6367811503,17.13099047619048,23.670683809523812,51.646852900432876,38.94848,39.85321277389278,62.23409936507933,17.13099047619048,Dublin_City_Centre_(CBD)_min
268032013,11909730405,17.68732468468469,17.507338018018018,53.740068820937736,40.77463394394396,30.083115151515155,53.01642350821411,17.507338018018018,IFSC___Docklands_min
268128016,8740712529,25.349804637681157,24.56778666666667,34.014829457364335,47.8350825925926,50.066253333333336,44.987872982456146,24.56778666666667,IFSC___Docklands_min
267003016,5327482160,,,,,,,,
267133015,2365595015,44.44887333333333,39.31287333333333,79.93912666666671,36.48228666666667,66.51416666666667,70.8393866666667,36.48228666666667,Dublin_Airport_min
268142003,10692812932,17.45615407407408,21.526320784313725,32.84807174603175,44.79361671023966,45.924787450980396,39.145378421052634,17.45615407407408,Dublin_City_Centre_(CBD)_min
267101016,2572909555,29.17362814814815,27.624241481481484,64.21914328042327,50.891537407407405,30.03534660968661,48.50068148148147,27.624241481481484,IFSC___Docklands_min
267092056/01,1386072253,62.68017523809526,61.866855238095255,32.204028571428566,85.13415116402118,87.36532190476191,72.97662857142856,32.204028571428566,Sandyford_Business_District_min
268161009,2421668804,18.7916819047619,20.633758023936846,39.17727565891474,43.90105394986278,45.64349523809524,42.867115670995666,18.7916819047619,Dublin_City_Centre_(CBD)_min
267014002,254345542,78.73834666666669,74.73568000000002,114.81193333333334,70.77176000000001,100.80364000000002,105.12886,70.77176000000001,Dublin_Airport_min
268060003,6370191944,17.442646572769952,23.982339906103288,51.95850899701237,34.66709184995738,40.20624752515091,58.673667536231875,17.442646572769952,Dublin_City_Centre_(CBD)_min
268085013,835388092,20.805383589743588,19.25599692307692,55.5789473255814,42.52329284900284,40.68779692307692,41.95824969696969,19.25599692307692,IFSC___Docklands_min
267013007,10975174061,49.60533904761906,49.82758174190609,37.10160571428571,58.103020784313756,60.03747058430063,32.66785647058824,32.66785647058824,Tallaght_min
268006011,16054090,31.171865641025647,32.65159897435898,68.31951897435897,52.453105641025644,29.759040000000006,68.16068446455505,29.759040000000006,Blanchardstown_min
268115001,12990388058,19.211692307692314,18.0670432986833,46.10342442890443,41.334339224609245,44.71378712250713,56.78577109557111,18.0670432986833,IFSC___Docklands_min
267065026,12396659276,48.0676019047619,49.198257657657656,79.23463878787878,57.33148666666668,70.84500148148148,89.4724422222222,48.0676019047619,Dublin_City_Centre_(CBD)_min
268058017,247649078,28.575842949852504,32.702326666666664,64.45997628318585,46.50366764705881,53.64466666666665,70.51024333333332,28.575842949852504,Dublin_City_Centre_(CBD)_min
267051014/01,320036516,28.568627642276414,27.01924097560975,63.61414277455156,50.28653690153569,39.25989623931624,40.33356444444444,27.01924097560975,IFSC___Docklands_min
268162012,130158424,24.02006444444444,26.493947450980393,40.32276899224806,49.761243376906314,50.87187777777777,42.22096500000001,24.02006444444444,Dublin_City_Centre_(CBD)_min
267023004,658178894,40.70355862068964,39.64122329589115,35.374825287356316,62.908519221817095,65.38870528735632,67.38087999999998,35.374825287356316,Sandyford_Business_District_min
267088003,3089743663,47.73966376811596,46.92634376811596,28.862569195402298,70.19363969404188,72.42481043478261,73.30918970822282,28.862569195402298,Sandyford_Business_District_min
267099017,360855238,43.462653333333336,34.56225333333334,75.18850666666665,42.09833333333334,72.13021333333332,76.45543333333332,34.56225333333334,IFSC___Docklands_min
267110006,13373149182,45.68893471861473,46.81959047151047,76.85597160173162,60.77750424242425,68.46633429533429,87.09377503607507,45.68893471861473,Dublin_City_Centre_(CBD)_min
268024004,13718752832,27.894391641791053,30.51893830845772,63.77852497512436,42.391269999999984,53.767616666666655,72.90825794326238,27.894391641791053,Dublin_City_Centre_(CBD)_min
267044005,9309780682,48.02153815602835,52.832499999999996,37.50448615384615,70.44562613190733,72.38007593189418,40.030206153846144,37.50448615384615,Sandyford_Business_District_min
267149005,8612706598,45.801222857142854,48.25456952380952,45.7710744715447,71.52186544973547,67.1450817948718,28.575910000000007,28.575910000000007,Tallaght_min
267083003/267083010,260649553,56.209173333333325,58.013671937984476,43.100742745098024,66.28911098039215,68.22356078037902,40.85394666666665,40.85394666666665,Tallaght_min
267081005,1591480736,31.084644822695036,37.616728888888886,21.65403282051282,60.88402481481481,59.661965957446796,42.22977490196077,21.65403282051282,Sandyford_Business_District_min
268120006,2401021591,33.031885,35.65643166666667,68.91601833333334,45.843549090909086,59.744007009132424,78.76503166666667,33.031885,Dublin_City_Centre_(CBD)_min
267050033,2995125806,31.913576296296295,30.364189629629628,57.6666962962963,53.631485555555564,42.01546364672366,29.832354708994707,29.832354708994707,Tallaght_min
268017006,2761848690,33.47190666666667,38.07611424242425,67.98776909090908,32.36527508771931,43.331858775510206,71.6452012765957,32.36527508771931,Dublin_Airport_min
267003015,560618942,62.678175238095264,54.57608631578948,93.83567298245609,68.16216631578949,85.45557481481477,101.47534631578942,54.57608631578948,IFSC___Docklands_min
267077002,716934685,35.329851986531985,34.18520297752298,37.82362342342342,57.45249890344891,60.831946801346795,70.28214342342342,34.18520297752298,IFSC___Docklands_min
268064011,528733717,24.264535000000002,28.369268333333334,60.770437424242424,32.15410833333333,25.50868666666667,69.71220666666666,24.264535000000002,Dublin_City_Centre_(CBD)_min
268132010,564399631,,,,,,,,
268014001,2375574706,31.792530000000006,35.89726333333335,68.04843242424243,42.465651111111136,38.51881111111114,75.72729111111107,31.792530000000006,Dublin_City_Centre_(CBD)_min
267117004,253133316,39.637318787878804,42.09066545454547,39.16011833333334,60.93713598039217,62.87158578037904,35.023766666666674,35.023766666666674,Tallaght_min
267099022,6049337864,42.23589333333333,33.33549333333334,73.96174666666667,40.87157333333334,70.90345333333335,75.22867333333333,33.33549333333334,IFSC___Docklands_min
267095003,2380397823,52.98960042328043,52.491785185185186,84.15663730639731,70.6222755555556,75.76700000000001,94.39444074074075,52.491785185185186,IFSC___Docklands_min
268071013,11975255529,41.78659746031745,42.917253213213215,72.95363434343435,54.60329454545456,64.56399703703703,83.19143777777781,41.78659746031745,Dublin_City_Centre_(CBD)_min
268012006,4795869293,24.657740000000004,28.76247333333334,61.163642424242425,35.36800387096775,31.421163870967746,68.62964387096775,24.657740000000004,Dublin_City_Centre_(CBD)_min
267053016,11808206767,43.85257636363636,42.3031896969697,75.32236303030305,65.57048562289563,44.71429482517481,36.662920000000014,36.662920000000014,Tallaght_min
267010001,360312484,53.489028730741,55.23002390804597,36.78127724137932,66.84179764705883,68.7762474470457,41.40663333333332,36.78127724137932,Sandyford_Business_District_min
268039004,4835708126,29.51151956989247,27.962132903225804,64.55703470216761,51.22942882915174,46.14186131868133,44.59792380952381,27.962132903225804,IFSC___Docklands_min
268099010,13571373144,14.691029195402296,14.511042528735627,46.74323441860468,37.77833845466156,38.05950919540229,44.00038666666667,14.511042528735627,IFSC___Docklands_min
267104013,366637743,51.77083384615384,42.87043384615384,84.1800205128205,47.289847179487175,77.32172717948718,81.64694717948717,42.87043384615384,IFSC___Docklands_min
268030009,465236093,14.576551746031747,18.681285079365075,50.99573967510153,36.65478962962962,30.53488695652173,61.585653209446356,14.576551746031747,Dublin_City_Centre_(CBD)_min
268037013,4640857755,,,,,,,,
267158008,1260123332,36.010571666666664,40.11530499999999,73.15822499999999,53.833478333333325,25.40826500000001,67.69378285714285,25.40826500000001,Blanchardstown_min
268081015,6223634333,7.014476111111111,13.034089444444444,44.27700944444444,36.301385370370376,29.92157428571428,54.742689444444444,7.014476111111111,Dublin_City_Centre_(CBD)_min
267075007,11201367173,26.667261818181817,25.52261280917281,39.77285575757576,48.78990873509875,52.16935663299663,64.24134060606062,25.52261280917281,IFSC___Docklands_min
268142022,5658925523,18.598800000000004,24.71344717948718,31.17616507936508,47.980743105413104,47.17612113475175,42.388818421052626,18.598800000000004,Dublin_City_Centre_(CBD)_min
268022010,9929986848,36.470619259259266,39.09516592592594,72.3547525925926,38.45358666666665,57.2966,76.43724127659577,36.470619259259266,Dublin_City_Centre_(CBD)_min
267078022,655116396,37.92487438596491,37.111554385964915,18.093607017543864,60.378850311890844,62.61002105263159,51.20466105263158,18.093607017543864,Sandyford_Business_District_min
268108025,3172021342,23.98645628318584,14.881742424242427,56.72466242424241,33.0122327946128,47.21756148148147,61.7810024242424,14.881742424242427,IFSC___Docklands_min
268094007,2771162779,42.28337333333334,42.10338666666667,51.79842117216116,65.3706825925926,62.250171794871775,38.504478260869554,38.504478260869554,Tallaght_min
267084031,8220007433,55.18235888888889,57.63570555555556,44.32028666666666,72.02294431372545,68.12959498327758,28.103263188405798,28.103263188405798,Tallaght_min
267096008,13352114615,39.74624652482269,38.60159751581367,48.81427497948426,61.86889344173962,65.2483413396375,77.32032531270148,38.60159751581367,IFSC___Docklands_min
268107006,736979918,13.430962949852509,17.665767274176837,49.315096283185866,40.933063200102794,42.48793688312466,59.164109616519205,13.430962949852509,Dublin_City_Centre_(CBD)_min
268067012,4021172513,22.43436144927536,26.539094782608696,58.94026387351778,35.907127777777774,31.96028777777779,69.16876777777777,22.43436144927536,Dublin_City_Centre_(CBD)_min
267136005,4069393939,56.11055515151516,54.56116848484849,58.79001978494623,77.8284644107744,63.25262755244754,24.68345575757575,24.68345575757575,Tallaght_min
267142003,440103590,40.876012682926856,39.326626016260185,59.55053268292684,57.19885699665235,53.70949346330589,24.329710909090906,24.329710909090906,Tallaght_min
268117021,5872355991,21.570510909090906,19.75719090909091,33.9782740229885,43.0244868350168,45.255657575757546,42.16062068965516,19.75719090909091,IFSC___Docklands_min
268030017,6149779784,,,,,,,,
267116012,8270061759,44.18562,46.63896666666667,40.41986222222223,66.44223764705883,68.37668744704571,37.497566666666664,37.497566666666664,Tallaght_min
268017001,14070562175,27.408167575757567,31.512900909090902,62.255736666666664,29.57312923076923,36.768645442176876,66.22150218568666,27.408167575757567,Dublin_City_Centre_(CBD)_min
268062003,2423069923,38.70287262939959,39.83352838229534,69.8699095125165,47.32293500000002,61.4802722061192,80.10771294685993,38.70287262939959,Dublin_City_Centre_(CBD)_min
267156006,8657266231,42.32077851851852,41.28919185185186,52.2685987969925,64.55648777777779,61.333630313390316,28.67835692307693,28.67835692307693,Tallaght_min
267076015,7711419272,41.33147878787879,40.18682977886977,55.84514231729055,63.45412570479572,66.8335736026936,78.90555757575758,40.18682977886977,IFSC___Docklands_min
267078005,60940366,44.90759148936168,50.373999999999995,26.981880000000004,73.64129592592593,73.48491262411348,54.77028333333333,26.981880000000004,Sandyford_Business_District_min
268064003,1615384969,29.238561666666673,33.343295000000005,65.74446409090909,33.77908641975309,30.48271333333334,72.77032,29.238561666666673,Dublin_City_Centre_(CBD)_min
267141006,8999838819,54.62441000000001,53.07502333333335,58.04220761904761,76.34231925925921,63.85316235042736,24.48242333333332,24.48242333333332,Tallaght_min
267092030,603800272,62.438113333333334,61.62479333333333,31.961966666666672,84.89208925925927,87.12326,72.73456666666668,31.961966666666672,Sandyford_Business_District_min
268140016,13910099908,11.475930802919704,11.977677469586373,44.85393080291973,35.24497339551231,34.546785018726595,45.14025168539327,11.475930802919704,Dublin_City_Centre_(CBD)_min
268011008,6316352272,34.50425047619046,38.60898380952381,69.35181956709958,36.756616969696985,39.41123757575761,73.8970449129594,34.50425047619046,Dublin_City_Centre_(CBD)_min
267078008,51910515,46.29881824561401,45.48549824561401,27.036751578947378,68.75279417153995,70.98396491228067,51.41077333333332,27.036751578947378,Sandyford_Business_District_min
267028062,12948989973,37.607227126436776,41.15362712643677,74.75488045977004,60.226619507389145,25.821587126436793,63.03006712643676,25.821587126436793,Blanchardstown_min
267007007,12327697619,42.75574648936169,44.496741666666665,26.047994999999997,60.73243098039215,62.66688078037903,35.29726666666666,26.047994999999997,Sandyford_Business_District_min
267158001,6289423678,51.812506666666664,55.91724,88.31840909090907,59.70208,45.742428717948734,87.50090871794869,45.742428717948734,Blanchardstown_min
268065006,4209736605,22.839066666666675,26.94380000000001,59.34496909090908,29.638716396396408,27.728426666666678,69.8481681300813,22.839066666666675,Dublin_City_Centre_(CBD)_min
268051001,2993997744,33.74835607843138,32.19896941176471,60.767219913419915,55.46626533769061,53.63076941176468,36.52800606060605,32.19896941176471,IFSC___Docklands_min
267040009,12987764383,34.356810526315805,36.5782105263158,71.50446385964914,59.84550645224173,21.125456969696977,68.67347030303031,21.125456969696977,Blanchardstown_min
268026005,241491782,27.59062238095238,31.529571666666666,62.106484805194796,38.29015571428571,45.48994238095237,64.63058365754812,27.59062238095238,Dublin_City_Centre_(CBD)_min
268010003,1493196517,14.743532690763052,21.283226024096386,49.25939511500546,41.08337333333334,37.507133643144,59.846641579651916,14.743532690763052,Dublin_City_Centre_(CBD)_min
268002015,11748392839,18.833885128205125,18.65389846153846,54.836629264458175,41.9211943874644,35.95807254901961,52.88018666666666,18.65389846153846,IFSC___Docklands_min
268102004,8202707243,22.41972470588236,22.538138039215696,45.327608992248095,45.80543396514163,48.08856252873561,41.69660946236558,22.41972470588236,Dublin_City_Centre_(CBD)_min
267021012,5284248010,34.705964444444454,33.89264444444444,34.04935714285715,57.15994037037038,59.39111111111112,63.05124444444446,33.89264444444444,IFSC___Docklands_min
267139005,8511336632,50.91793684210525,53.37128350877192,56.17705131364995,76.63857943469786,62.961665128205105,24.351399999999998,24.351399999999998,Tallaght_min
267131022,254486620,43.4394368627451,39.436770196078434,79.51302352941178,35.47285019607843,63.54065602941178,69.82995019607844,35.47285019607843,Dublin_Airport_min
268127010/01,6401461084,35.36242666666667,37.81577333333333,42.42156615384615,61.08306925925926,62.214240000000004,39.807263529411784,35.36242666666667,Dublin_City_Centre_(CBD)_min
267065021/03,5308509206,51.37708190476193,52.507737657657685,82.54411878787874,64.28807333333336,74.15448148148148,92.78192222222219,51.37708190476193,Dublin_City_Centre_(CBD)_min
268122005,305250213,44.04579333333333,46.67034,79.92992666666666,55.41803075757577,70.75791534246574,89.59827000000004,44.04579333333333,Dublin_City_Centre_(CBD)_min
267017001,10602308060,40.26206285714287,39.19972753234439,34.93332952380954,62.46702345827032,64.94720952380953,64.62926666666668,34.93332952380954,Sandyford_Business_District_min
268023003,5549521963,30.664412698412704,33.28895936507937,66.54854603174604,41.13841333333333,54.234469047619044,73.37511032421482,30.664412698412704,Dublin_City_Centre_(CBD)_min
268063001,18896278,30.474734358974363,34.5794676923077,66.98063678321678,34.03009975308642,32.19040000000001,69.39888,30.474734358974363,Dublin_City_Centre_(CBD)_min
267148005,715301697,44.43506531986531,42.88567865319864,57.96080402116401,66.15297457912456,59.93265512820513,21.36348333333333,21.36348333333333,Tallaght_min
268005004,1396427510,17.704456666666665,17.52447,53.7572008029197,40.79176592592592,29.732501010101007,51.29630666666665,17.52447,IFSC___Docklands_min
268027002,4805217203,26.14914811594203,30.253881449275365,62.65505054018445,36.36826444444445,32.421424444444455,69.62990444444445,26.14914811594203,Dublin_City_Centre_(CBD)_min
267104003,5732730648,74.98604,65.55230666666667,104.3118933333333,75.05857333333334,102.56591703703701,109.41567333333332,65.55230666666667,IFSC___Docklands_min
267146010,8478662196,55.65755892339544,54.108172256728785,49.93810666666664,77.37546818265467,59.61005179487178,19.583720000000003,19.583720000000003,Tallaght_min
268007006,13048131284,19.06067619047619,21.648742857142857,56.20832952380953,42.76531657657657,23.016428148148155,57.15782834733894,19.06067619047619,Dublin_City_Centre_(CBD)_min
267078016,51910425,46.502778245614,45.689458245614006,26.72332222222223,68.95675417153993,71.18792491228069,51.61473333333332,26.72332222222223,Sandyford_Business_District_min
268008017/01,4892971192,48.31661034013606,50.94115700680274,84.1577943434344,57.10409454545455,75.02873234926848,94.04975700680264,48.31661034013606,Dublin_City_Centre_(CBD)_min
268030019,3780370402,15.21964507936508,19.32437841269842,52.36729841269841,40.777749629629625,26.079673623188402,62.2287465427797,15.21964507936508,Dublin_City_Centre_(CBD)_min
267025002,194573797,39.24947368421054,38.104824675201534,44.58414666666667,61.37212060112743,64.75156849902531,74.126,38.104824675201534,IFSC___Docklands_min
267077001/03,597119711,32.0176525925926,30.87300358358359,37.67017837837838,54.140299509509525,57.51974740740741,69.59173138047137,30.87300358358359,IFSC___Docklands_min
267040008,12987955777,33.60294385964912,35.824343859649126,70.75059719298244,59.09163978557506,20.371590303030302,67.91960363636365,20.371590303030302,Blanchardstown_min
268106005,12400348106,7.292493333333335,15.14878413625304,48.02503746958637,38.41608006217896,37.69017777777778,52.802781463414654,7.292493333333335,Dublin_City_Centre_(CBD)_min
268029008,428959746,15.083450852713177,20.592877250859104,49.83195327695559,36.176563809523806,32.22972380952381,60.51429994362226,15.083450852713177,Dublin_City_Centre_(CBD)_min
268020005,59931905,35.20069833333334,35.23506265765766,66.19527166666664,28.368080000000003,40.96787757575758,71.25161166666662,28.368080000000003,Dublin_Airport_min
268148004/02,4303468057,21.59287268817204,20.043486021505377,56.6383878204472,43.31078194743133,41.475286021505404,49.756529934640554,20.043486021505377,IFSC___Docklands_min
267148008,4900700933,45.188443508771925,47.641790175438594,50.44755798031663,70.90908610136451,59.88938512820512,21.320213333333335,21.320213333333335,Tallaght_min
267022005,162312882,39.21059047619047,38.39727047619048,35.67951432624113,61.664566402116435,63.89573714285718,67.34504,35.67951432624113,Sandyford_Business_District_min
268077007,289164956,26.967990890269146,28.098646643164894,58.13502777338603,49.371937537695814,49.745390466988724,68.37283120772946,26.967990890269146,Dublin_City_Centre_(CBD)_min
267057006,260657465,34.72381475177305,40.54347719298246,33.8917980952381,63.810773118908386,63.30113588652485,48.768320000000024,33.8917980952381,Sandyford_Business_District_min
268093006,269232119,36.579506666666674,36.39952000000001,49.076148053855576,59.66681592592594,59.06910620382734,40.52143948717949,36.39952000000001,IFSC___Docklands_min
267050009,1412597099,36.91343904761904,35.36405238095238,62.666559047619025,58.631348306878294,44.11706512820512,34.03274285714287,34.03274285714287,Tallaght_min
267076004,12400426950,49.31561212121211,48.170963112203104,60.670946666666666,71.43825903812903,74.81770693602692,86.88969090909089,48.170963112203104,IFSC___Docklands_min
268072013/08,6077853870,36.67463428571429,37.805290038610046,67.84167116883117,61.07258596453598,59.452033862433865,78.07947460317465,36.67463428571429,Dublin_City_Centre_(CBD)_min
268006040/01,2583580779,30.480949047619042,34.54705111111111,67.62860238095239,57.22006925925925,29.479628148148144,70.97764148148147,29.479628148148144,Blanchardstown_min
267027008,799567584,28.294617777777784,32.39935111111112,65.44227111111108,51.03754916666663,15.722186666666664,57.38618666666663,15.722186666666664,Blanchardstown_min
267009005,9543930574,44.80049330754352,49.08315515151516,29.632701818181822,63.435530980392166,65.36998078037904,38.000366666666665,29.632701818181822,Sandyford_Business_District_min
267002002/04,10274555810,70.67595555555557,61.242222222222225,100.5018088888889,74.82830222222223,98.10414370370373,108.14148222222224,61.242222222222225,IFSC___Docklands_min
267030009,12814737354,28.02824444444445,32.13297777777778,65.17589777777776,48.239151666666665,17.425937777777776,61.25950666666665,17.425937777777776,Blanchardstown_min
267111010/01,7078451228,30.13628380952381,31.26693956241956,61.30332069264068,54.534235488345495,52.91368338624338,71.54112412698412,30.13628380952381,Dublin_City_Centre_(CBD)_min
268071024/05,6072020736,48.80334222222223,50.20603253861004,80.24241366883119,59.10838095238095,71.85277636243386,86.84023333333329,48.80334222222223,Dublin_City_Centre_(CBD)_min
267115009,254345354,48.742746666666655,51.19609333333332,35.91518390804596,63.0935354965212,65.02798529650808,37.65837118279569,35.91518390804596,Sandyford_Business_District_min
267112002,205498467,77.12638666666673,75.57700000000007,101.27812000000003,98.84429592592596,84.97130512820516,64.12593333333334,64.12593333333334,Tallaght_min
267140036,11501159194,52.67216941176469,51.12278274509803,67.02151055555555,74.39007867102396,59.62555453996982,26.910453333333333,26.910453333333333,Tallaght_min
268143024/03,8610950747,26.598783333333323,26.529809195402304,49.81512363636366,44.660299565772696,53.45059666666667,62.77739666666667,26.529809195402304,IFSC___Docklands_min
268053002,11904504338,32.47037777777778,32.29039111111111,52.180976124031,55.55768703703703,54.959977314938435,39.37547851851852,32.29039111111111,IFSC___Docklands_min
267130021,9580741530,40.48773523809525,41.40879487179487,71.65477212121209,59.539285242165235,63.26513481481482,81.89257555555552,40.48773523809525,Dublin_City_Centre_(CBD)_min
267107005/01,12014338948,65.88722095238094,64.3378342857143,97.35700761904761,87.60513021164022,66.74893941391942,59.661900952380954,59.661900952380954,Tallaght_min
267028077/02,12728916513,36.61434942528735,39.319082758620674,73.76200275862068,59.23374180623971,24.828709425287364,62.03718942528734,24.828709425287364,Blanchardstown_min
267099028/01,4398791120,56.73466095238094,57.86531670527668,87.90169783549786,64.69112380952382,79.51206052910055,98.1395012698413,56.73466095238094,Dublin_City_Centre_(CBD)_min
267103016/03,9006889440,40.87023999999999,39.320853333333325,75.91575513227512,62.58814925925926,41.73195846153845,52.64656000000002,39.320853333333325,IFSC___Docklands_min
267142012,8545061520,51.01657333333334,49.46718666666667,68.50881735449734,67.33941764705884,60.59829179487183,27.594086666666662,27.594086666666662,Tallaght_min
267144007,8565699345,45.46436000000001,43.91497333333335,64.13888000000001,61.78720431372552,50.47147846153846,23.467653333333327,23.467653333333327,Tallaght_min
267092020,389503986,60.42973815602837,60.470733333333335,37.82176222222223,83.73802925925928,85.96920000000001,64.66384000000001,37.82176222222223,Sandyford_Business_District_min
267002045,479843854,65.97860631578949,56.544872982456155,95.80445964912266,70.13095298245617,93.3105481481481,103.444132982456,56.544872982456155,IFSC___Docklands_min
267143001,9008525164,62.82838666666666,61.279,61.47191999999999,84.54629592592588,73.25677179487175,32.6864,32.6864,Tallaght_min
268140006,5295502772,15.542664375,18.435295365990985,39.75375565891472,41.70259129191691,42.394477708333326,42.52738233766234,15.542664375,Dublin_City_Centre_(CBD)_min
268034001,3780734630,23.321180309810668,23.886258730158726,57.83704273405307,42.71472666666668,29.491609100529097,68.42428919869954,23.321180309810668,Dublin_City_Centre_(CBD)_min
267066010,2407147053,28.09918666666666,28.133550990990987,59.09376,26.48567428571429,42.369587692307704,64.1501,26.48567428571429,Dublin_Airport_min
267048006,9006659894,33.620510588235305,32.07112392156864,68.66602572051039,55.33841984749453,34.48222904977377,40.64439166666666,32.07112392156864,IFSC___Docklands_min
268075011,3636871312,33.245099296066265,34.375755048962006,64.41213617918311,53.22505500000002,56.0224988727858,74.64993961352653,33.245099296066265,Dublin_City_Centre_(CBD)_min
267051018,436623291,29.924505454545454,28.375118787878787,64.9700205868206,51.64241471380473,35.77290826546004,37.29382666666666,28.375118787878787,IFSC___Docklands_min
267099005,10733245247,33.89715333333333,24.996753333333334,65.62300666666668,40.0363781818182,62.62579446808512,71.36268,24.996753333333334,IFSC___Docklands_min
267099030,253507339,30.98672380952381,32.11737956241956,62.15376069264069,55.38467548834549,53.76412338624338,72.39156412698411,30.98672380952381,Dublin_City_Centre_(CBD)_min
267109003,8719923209,29.522437647058823,27.97305098039216,64.56795277933395,51.24034690631808,30.38415610859728,41.284861960784305,27.97305098039216,IFSC___Docklands_min
267002007,2366243186,62.674146666666665,53.240413333333336,92.50000000000003,66.82649333333333,90.10233481481485,100.13967333333336,53.240413333333336,IFSC___Docklands_min
268130014,258075605,31.069814751773045,37.68137953164725,30.237798095238098,60.948675457573195,59.64713588652482,40.96006666666667,30.237798095238098,Sandyford_Business_District_min
267100035,8729470704,30.428437083333336,28.87905041666667,65.47395221560846,52.146346342592594,31.290155544871798,43.59347897435899,28.87905041666667,IFSC___Docklands_min
268126006,4560142685,67.66883262939962,68.79948838229537,98.83586951251644,90.04816370370371,90.44623220611916,109.0736729468599,67.66883262939962,Dublin_City_Centre_(CBD)_min
267069006,3841542899,43.07951842592593,41.934869416916925,43.07028549019608,65.20216534284285,68.3091654901961,72.14723622190337,41.934869416916925,IFSC___Docklands_min
267072008,11998111276,41.671372121212116,40.52672311220311,55.518912820512824,63.79401903812905,67.17346693602694,79.24545090909086,40.52672311220311,IFSC___Docklands_min
267113003,288827093,46.02812363636363,48.4814703030303,39.99768363636363,67.16586115583077,69.10031095581763,33.26063047619048,33.26063047619048,Tallaght_min
267107002/267112005,8098607553,71.32886666666668,69.77948,101.71193333333335,93.04677592592589,79.46043846153843,63.498733333333355,63.498733333333355,Tallaght_min
267003009,2383132283,53.65252190476191,44.509990476190474,83.76957714285717,58.09607047619047,76.42992148148149,91.40925047619051,44.509990476190474,IFSC___Docklands_min
267028029,12919646994,34.77745275362319,37.48218608695653,71.92510608695655,57.39684513457557,22.991812753623183,60.200292753623195,22.991812753623183,Blanchardstown_min
268157005,5396242624,19.960856091954035,26.500549425287367,54.47671851619642,30.618641350762537,40.03333037037035,54.62521703703701,19.960856091954035,Dublin_City_Centre_(CBD)_min
268026012,122500892,28.014703333333333,34.39606333333334,62.53056575757576,35.997373333333336,45.91402333333334,65.05466460992908,28.014703333333333,Dublin_City_Centre_(CBD)_min
267095002,6725253389,51.971635238095246,51.47382000000001,83.13867212121208,69.60431037037037,74.74903481481479,93.37647555555552,51.47382000000001,IFSC___Docklands_min
267105004,1487184163,40.46575206349208,41.596407816387824,71.63278894660894,51.34749111111112,63.243151640211636,81.87059238095237,40.46575206349208,Dublin_City_Centre_(CBD)_min
268015010,2406494677,26.072279999999992,26.106644324324314,57.06685333333335,23.18906666666667,43.01560102564101,62.12319333333334,23.18906666666667,Dublin_Airport_min
267100065,8773398130,29.752799999999997,28.203413333333334,64.79831513227512,51.470709259259245,30.61451846153846,44.47185999999999,28.203413333333334,IFSC___Docklands_min
268112012,10966364657,31.49350349206349,30.680183492063488,37.489770158730146,53.94747941798942,56.178650158730164,59.99934533114394,30.680183492063488,IFSC___Docklands_min
267104017/02,5205699131,58.350207518797,58.73512095238095,89.51724440191387,63.154534285714284,81.1276070955166,97.51163428571428,58.350207518797,Dublin_City_Centre_(CBD)_min
267072004,480110131,46.45841128205131,45.645091282051304,45.904677948717975,68.91238720797722,71.14355794871796,74.98162868042526,45.645091282051304,IFSC___Docklands_min
267048008,8686012516,31.110315555555548,29.560928888888885,66.1558306878307,52.828224814814824,31.97203401709401,39.71463333333334,29.560928888888885,IFSC___Docklands_min
268029001,4938351385,13.42495935742972,19.964652690763046,47.940821781672156,37.19045333333335,33.83881671957671,58.52806824631861,13.42495935742972,Dublin_City_Centre_(CBD)_min
267017008,26796475,40.88960848484848,39.744959475839465,37.65658144927536,63.0122554017654,66.39170329966329,70.11510144927537,37.65658144927536,Sandyford_Business_District_min
267031006,13081679068,38.15422285714287,39.642289523809545,75.30187619047615,57.65530102564099,9.215439999999994,65.93360769230766,9.215439999999994,Blanchardstown_min
268138018,31054738,9.004220289855073,15.030716111111106,44.2154090909091,38.298012037037054,28.750094285714283,54.897755757575766,9.004220289855073,Dublin_City_Centre_(CBD)_min
267002003,2366242988,60.172733333333326,50.739,89.99858666666664,64.32508,87.60092148148146,97.63825999999997,50.739,IFSC___Docklands_min
268100015,4465990374,19.671599727891156,19.790013061224485,49.72874232558136,43.057308987150435,43.924882528735644,41.90630857142858,19.671599727891156,Dublin_City_Centre_(CBD)_min
267111007,5587090346,38.37457714285714,39.50523289575289,69.54161402597403,62.77252882167885,61.15197671957673,79.77941746031739,38.37457714285714,Dublin_City_Centre_(CBD)_min
268042024,3260424009,35.42378777777778,38.093453232323235,70.28591931927978,56.223943602693595,61.896282012882445,80.52372275362323,35.42378777777778,Dublin_City_Centre_(CBD)_min
268105006,12871154139,15.211329999999998,23.001071341868183,52.15223365231258,44.400983703703695,38.107485394736834,62.834580318979256,15.211329999999998,Dublin_City_Centre_(CBD)_min
268051011,13727757412,28.872621441922554,28.69263477525589,64.04046232558139,51.95993070118182,47.57443477525589,41.16244444444443,28.69263477525589,IFSC___Docklands_min
267026006/267019011,203895781,32.80157333333333,31.988253333333333,30.77839111111111,55.25554925925926,57.48672,60.04685333333334,30.77839111111111,Sandyford_Business_District_min
267154003,71640203,46.33121777777775,48.78456444444442,45.727381138211335,72.05186037037039,67.10138846153843,28.532216666666667,28.532216666666667,Tallaght_min
268084009,4794314971,25.3191393548387,23.76975268817204,60.36465448711388,47.03704861409801,45.201552688172086,53.482796601307236,23.76975268817204,IFSC___Docklands_min
267092006,611658593,62.859858156028324,62.9008533333333,30.159360000000035,86.16814925925932,88.39932000000006,67.09395999999997,30.159360000000035,Sandyford_Business_District_min
268074001,301800392,27.2422726293996,28.372928382295346,58.40930951251648,49.646219276826265,50.01967220611917,68.64711294685993,27.2422726293996,Dublin_City_Centre_(CBD)_min
268091011,2993737790,34.21793333333333,34.03794666666666,49.75645472052224,57.30524259259259,56.70753287049399,41.201746153846166,34.03794666666666,IFSC___Docklands_min
268132009,8910647499,30.833921904761898,33.28726857142856,43.37574510822513,56.554564497354505,57.68573523809525,41.77000855721393,30.833921904761898,Dublin_City_Centre_(CBD)_min
267028011,18164547,32.10368183908046,35.02508183908046,69.25133517241379,54.72307422003284,20.318041839080454,57.526521839080466,20.318041839080454,Blanchardstown_min
268100017,5354204875,18.201631372549016,18.320044705882356,45.45403749799518,41.58734063180827,43.8315225287356,42.51381333333334,18.201631372549016,Dublin_City_Centre_(CBD)_min
268102006,4790997002,28.00723172413792,29.1906202614379,46.08861404971933,52.45791618736384,53.50172229885057,43.67683000000001,28.00723172413792,Dublin_City_Centre_(CBD)_min
267028030,12921047494,35.73678222222221,39.283182222222216,72.88443555555556,58.356174603174594,23.951142222222227,61.15962222222221,23.951142222222227,Blanchardstown_min
267053015,11735447931,44.39284303030302,42.84345636363636,75.8626296969697,66.11075228956229,45.25456149184148,37.203186666666674,37.203186666666674,Tallaght_min
267095008,253240356,44.887948571428566,46.01860432432431,76.05498545454543,69.28590025025024,67.66534814814813,86.2927888888889,44.887948571428566,Dublin_City_Centre_(CBD)_min
267033001,12990003444,31.902576231884062,33.39064289855073,69.05022956521734,55.03303846153847,11.723506666666662,63.12459407407407,11.723506666666662,Blanchardstown_min
268035010,2719351898,21.1757425,22.580909743589743,58.32339583333332,45.848205669515664,29.6875575,58.089995233785814,21.1757425,Dublin_City_Centre_(CBD)_min
267020009,193321956,34.99072,34.177400000000006,29.661986666666667,57.44469592592593,59.67586666666667,62.120506666666664,29.661986666666667,Sandyford_Business_District_min
268099012,2374841982,14.79395137254902,14.912364705882352,44.252155658914724,38.179660631808275,41.19284252873562,41.50108000000001,14.79395137254902,Dublin_City_Centre_(CBD)_min
267028069,12942156243,36.78780231884059,39.49253565217393,73.93545565217387,59.40719469979297,25.002162318840575,62.210642318840584,25.002162318840575,Blanchardstown_min
267108015,483714788,28.508543611111115,26.959156944444445,63.55405874338625,50.22645287037038,45.616244880527105,51.03964877192982,26.959156944444445,IFSC___Docklands_min
267125014,1419916291,36.73882285714286,35.92550285714286,24.336472380952383,59.19279878306879,61.423969523809525,56.79499238095238,24.336472380952383,Sandyford_Business_District_min
268035002,13931705106,24.72264916666667,26.127816410256415,61.870302499999994,49.395112336182336,30.283568888888887,61.636901900452486,24.72264916666667,Dublin_City_Centre_(CBD)_min
267140046,441400542,53.914462745098014,52.36507607843135,66.83677722222221,75.6323720043573,60.86784787330314,26.72572000000001,26.72572000000001,Tallaght_min
268040008,2775944412,33.777020000000014,32.22763333333335,68.8225351322751,55.49492925925924,53.659433333333304,43.0878812121212,32.22763333333335,IFSC___Docklands_min
268114003,8749240828,24.90127941176471,24.0879594117647,34.37296269662921,47.35525533769065,49.58642607843139,53.16404959101846,24.0879594117647,IFSC___Docklands_min
267143025,4926571754,59.02768709315374,57.47830042648708,56.60560923076924,80.74559635241305,69.45607222135885,27.504470303030306,27.504470303030306,Tallaght_min
268058004,247649811,24.392269616519176,28.627073940843495,60.27640294985251,46.81077703703705,53.449243549791305,70.12541628318586,24.392269616519176,Dublin_City_Centre_(CBD)_min
267079009,5679390092,38.1762714893617,44.78783626923591,25.125065299145305,68.05513219516185,66.75359262411348,52.632969275362306,25.125065299145305,Sandyford_Business_District_min
267112007,9330391696,59.27478666666665,57.72539999999999,91.25165333333334,80.99269592592597,77.97365179487181,51.44465333333332,51.44465333333332,Tallaght_min
267083007,7797633660,56.55468,58.35917860465115,43.4462494117647,66.63461764705882,68.56906744704568,41.199453333333324,41.199453333333324,Tallaght_min
268042003,5430005237,26.775704615384615,29.445370069930068,61.63783615688659,47.575860440300445,53.248198850489295,71.87563959123004,26.775704615384615,Dublin_City_Centre_(CBD)_min
267040035,12716205403,38.80967904761902,40.20300777777777,74.1537917816721,62.8760259259259,29.634959999999992,71.92611897435897,29.634959999999992,Blanchardstown_min
268048007,9536848398,18.796306666666666,18.84799878787879,54.68044,36.97848915824918,47.383493022983494,64.52945333333334,18.796306666666666,Dublin_City_Centre_(CBD)_min
268034009,3780264965,26.451955833333333,27.857123076923077,63.599609166666646,48.69374333333331,28.98024148148148,63.36620856711915,26.451955833333333,Dublin_City_Centre_(CBD)_min
268001001,4899889901,18.08350787878788,22.18824121212122,55.23116121212119,44.03689726775954,26.592340289855077,64.04825017488078,18.08350787878788,Dublin_City_Centre_(CBD)_min
267028081,12955227,35.13607215022251,36.70115057057058,69.65193457446495,58.90156612612614,26.264653333333335,63.47313333333333,26.264653333333335,Blanchardstown_min
267158009/03,11919707811,39.06404102564103,43.16877435897438,75.5699434498835,39.60415259259262,32.9391441025641,77.14266410256408,32.9391441025641,Blanchardstown_min
267103001/01,8830383970,34.35434028985507,32.8049536231884,69.39985542213022,56.07224954911437,35.21605875139354,46.00236576576577,32.8049536231884,IFSC___Docklands_min
267092007,611659326,60.62651148936166,60.66750666666664,29.225320000000035,83.93480259259265,86.16597333333338,64.8606133333333,29.225320000000035,Sandyford_Business_District_min
268142016,2370573233,19.02222074074075,23.193311242563315,34.80284899224806,46.46060716848924,47.152493584905656,41.941671754385965,19.02222074074075,Dublin_City_Centre_(CBD)_min
268113008,13277707912,,,,,,,,
267084036,10724606259,54.04124000000001,56.49458666666668,48.494133333333345,77.06419764705882,68.4168029059829,28.39047111111112,28.39047111111112,Tallaght_min
267031008,12977933921,34.89846571428571,36.29179444444444,70.24257844833883,58.96481259259259,17.623146666666663,71.69461777777774,17.623146666666663,Blanchardstown_min
267123019,11408264895,62.66597313283207,63.79662888572783,93.83301001594901,72.37303444444446,85.44337270955171,104.07081345029245,62.66597313283207,Dublin_City_Centre_(CBD)_min
267028044,345575391,36.73582416666667,38.22389083333334,73.88347749999997,61.49118675925926,30.352401443661975,67.56088144366197,30.352401443661975,Blanchardstown_min
267092044/04,10895903393,54.177120000000016,53.36380000000001,18.876946666666672,76.63109592592589,78.86226666666663,64.47357333333335,18.876946666666672,Sandyford_Business_District_min
268010008,10315826117,16.91785269076306,23.45754602409638,51.433715115005455,43.25769333333333,39.68145364314399,62.02096157965191,16.91785269076306,Dublin_City_Centre_(CBD)_min
268060009,26496182,23.60605990610328,30.145753239436615,58.12192233034572,38.4851,43.62366731934731,64.83708086956523,23.60605990610328,Dublin_City_Centre_(CBD)_min
267113008,290262842,48.962373333333325,51.41571999999999,42.931933333333326,64.26013598039216,66.19458578037904,37.34821714285714,37.34821714285714,Tallaght_min
267055002,257928192,33.468638611422165,32.47670385964912,29.690223296703287,55.743999785575056,57.97517052631579,43.5269705263158,29.690223296703287,Sandyford_Business_District_min
268022005,95205056,34.052484444444445,36.677031111111106,69.32542242424243,41.33253333333333,52.70888,71.84952127659577,34.052484444444445,Dublin_City_Centre_(CBD)_min
268002013,791435861,16.92618787878788,21.030921212121214,54.07384121212121,43.40399060109289,25.435020289855075,61.42511684154746,16.92618787878788,Dublin_City_Centre_(CBD)_min
268075009,4935194582,35.23570596273292,36.366361715628685,66.40274284584982,51.715587878787886,58.01310553945252,76.6405462801932,35.23570596273292,Dublin_City_Centre_(CBD)_min
267158018,304699344,34.80340952380952,38.90814285714286,71.95106285714286,51.3263161904762,24.201102857142857,64.59291619047619,24.201102857142857,Blanchardstown_min
268072006,6077478430,42.62074095238096,43.75139670527671,73.78777783549778,62.90439097953216,65.39814052910053,84.02558126984124,42.62074095238096,Dublin_City_Centre_(CBD)_min
267085019,11349723693,50.64243508771929,53.09578175438596,43.62763333333332,71.33029098039219,67.30118512820512,27.274853333333333,27.274853333333333,Tallaght_min
268067009,4021172500,20.89876144927536,25.003494782608694,57.4046638735178,34.371527777777786,30.424687777777784,67.63316777777779,20.89876144927536,Dublin_City_Centre_(CBD)_min
268031007,264588161,26.972745641025643,31.94815063063064,62.889252307692324,55.215446556556586,36.420928888888895,67.45723612082674,26.972745641025643,Dublin_City_Centre_(CBD)_min
268065010,1529834612,30.2084425,34.31317583333334,66.30305523809524,28.621708571428577,35.09780250000001,71.35939523809523,28.621708571428577,Dublin_Airport_min
267011004,9538747345,41.29301519306539,45.57567703703703,31.77522370370371,68.84297296296296,69.87033632781718,44.772513333333315,31.77522370370371,Sandyford_Business_District_min
268124006,4431091466,25.37765929606626,26.508315048962004,56.544696179183134,47.78160594349292,48.15505887278583,66.78249961352657,25.37765929606626,Dublin_City_Centre_(CBD)_min
268145011,4194410808,36.81271142857143,37.76026280112046,47.41458300089848,61.02755872704639,63.318767290640395,38.65747111111112,36.81271142857143,Dublin_City_Centre_(CBD)_min
267099028/02,12073694477,51.07584666666666,50.15783047619046,85.39291497835497,50.97305714285713,77.00327767195766,85.33015714285713,50.15783047619046,IFSC___Docklands_min
268025002,4358636064,26.72306611111111,29.597612777777776,62.60719944444443,40.246997619047626,47.446784285714294,66.58742556231003,26.72306611111111,Dublin_City_Centre_(CBD)_min
267087001,14051523422,33.33995076923077,32.52663076923077,35.65017457875457,55.79392669515671,58.02509743589745,61.86316816760476,32.52663076923077,IFSC___Docklands_min
268046005,1432596837,20.380701298701297,21.51135705159705,51.547738181818175,42.78464794612796,43.158100875420864,61.78554161616161,20.380701298701297,Dublin_City_Centre_(CBD)_min
268106009,1204233396,5.088173333333333,15.503164347826088,47.2597746031746,38.77046027375202,33.53087111111111,53.968061463414635,5.088173333333333,Dublin_City_Centre_(CBD)_min
267117003,11029801780,42.458452121212154,44.91179878787882,41.98125166666669,63.75826931372551,65.69271911371239,37.75083246376811,37.75083246376811,Tallaght_min
267140019,9501236081,56.40138051282051,54.851993846153846,63.41158051282051,78.11928977207977,65.16170957264957,26.25939384615386,26.25939384615386,Tallaght_min
267049003,8856919880,44.897786666666676,43.34840000000001,76.36757333333328,66.61569592592595,45.759505128205134,39.58317333333334,39.58317333333334,Tallaght_min
267140045,598499797,58.14760941176469,56.59822274509803,69.85480717948715,79.86551867102402,65.10099453996982,31.809906666666667,31.809906666666667,Tallaght_min
267101001,4489576425,36.52262666666669,34.97324000000001,71.5681417989418,58.240535925925926,37.38434512820515,45.91567243243243,34.97324000000001,IFSC___Docklands_min
267147013,1423891397,46.5558177777778,45.00643111111114,57.03268444444447,68.27372703703708,56.984202905982926,16.413831111111104,16.413831111111104,Tallaght_min
267027012,12817096150,28.636379999999996,32.74111333333333,65.78403333333334,49.696924999999986,20.71091111111112,64.91443111111109,20.71091111111112,Blanchardstown_min
268017015/268017016/268017017,3939032473,27.003418775510205,31.108152108843537,61.85098786641929,25.861288421052635,36.0927787755102,65.81675338543928,25.861288421052635,Dublin_Airport_min
267007020,248081908,50.767366489361706,52.50836166666668,34.059615,65.00213098039218,66.93658078037905,39.566966666666666,34.059615,Sandyford_Business_District_min
267059007,258069197,37.72335861142217,36.73142385964913,30.982223296703296,59.998719785575055,62.22989052631579,47.78169052631579,30.982223296703296,Sandyford_Business_District_min
268162006,4849701489,22.010521904761898,24.903152895752886,40.69395565891473,48.17044882167883,48.86233523809525,43.33811612903226,22.010521904761898,Dublin_City_Centre_(CBD)_min
268049006,247176915,21.543261212121212,21.504246666666667,55.64696608695652,39.63473703703705,47.25732878055921,65.88476952129996,21.504246666666667,IFSC___Docklands_min
267142011,8545061398,51.58931934959354,50.03993268292687,67.01739068783066,67.91216366331903,64.42280012997257,30.807109999999987,30.807109999999987,Tallaght_min
268059001,1537139666,21.015906024096385,25.773567274176823,55.53176844833881,47.35574666666669,43.77950697647735,66.11901491298526,21.015906024096385,Dublin_City_Centre_(CBD)_min
268003014,5702870550,12.877965128205128,12.697978461538462,48.88070926445817,35.965274387464405,33.02279238095238,46.92426666666666,12.697978461538462,IFSC___Docklands_min
267092015/01,11965383786,60.768213333333314,59.95489333333332,25.468040000000027,83.2221892592592,85.45335999999993,70.35643999999999,25.468040000000027,Sandyford_Business_District_min
267023001,9405408514,38.231236190476196,37.16890086567771,32.90250285714286,60.436196791603635,62.91638285714285,64.19018666666666,32.90250285714286,Sandyford_Business_District_min
267066016,12131162109,41.963273333333326,44.62848432432433,75.58869333333337,38.73617999999998,47.8693,79.12913418803419,38.73617999999998,Dublin_Airport_min
267122001,2037016265,44.56634181818182,43.753021818181814,40.28991101358411,67.02031774410774,69.25148848484848,73.08955921655583,40.28991101358411,Sandyford_Business_District_min
267028096,12726192551,40.588494712643666,43.29322804597701,77.73614804597702,63.20788709359604,28.802854712643686,66.01133471264366,28.802854712643686,Blanchardstown_min
268136011,247391977,32.94209157232704,35.39543823899371,38.240209667565146,58.662734164919634,59.793904905660376,30.690884444444446,30.690884444444446,Tallaght_min
267109014,10552789376,26.454704927536234,24.90531826086956,61.50022005981136,48.17261418679549,44.2172699070469,49.49618857142854,24.90531826086956,IFSC___Docklands_min
268128001,3404167517,,,,,,,,
268082003,411503275,12.241319999999998,14.212312916666669,49.41959746958638,37.4796088425926,38.36071552795032,51.41658793650793,12.241319999999998,Dublin_City_Centre_(CBD)_min
267040018,12960037477,35.4394523809524,36.832781111111125,70.7835651150054,59.50579925925925,26.395573333333328,66.32501230769232,26.395573333333328,Blanchardstown_min
268123001,291661128,48.59438349206352,51.21893015873018,84.45759575757573,46.55706315789477,67.84105333333336,85.24196315789469,46.55706315789477,Dublin_Airport_min
267067002,12900563867,32.11836592592592,30.973716916916917,41.15111956989248,54.24101284284284,57.62046074074073,69.69244471380469,30.973716916916917,IFSC___Docklands_min
267028076,1279339989,39.06139753086419,41.766130864197535,76.20905086419752,61.680789911816575,27.275757530864194,64.48423753086419,27.275757530864194,Blanchardstown_min
267134007/267134025,12613914486,48.205906666666664,39.305506666666666,79.93176,45.11524761904762,75.1471276190476,79.47234761904762,39.305506666666666,IFSC___Docklands_min
267144003,12157588192,48.00190687830688,46.45252021164023,52.22789666666666,69.71981613756613,52.50563105413106,12.148253333333328,12.148253333333328,Tallaght_min
267131012,3389231147,42.17105019607844,38.16838352941178,78.24463686274511,34.20446352941177,62.300199215686284,68.56156352941177,34.20446352941177,Dublin_Airport_min
268026003,205163732,24.154155714285707,28.093104999999994,58.670018138528135,34.85368904761905,42.05347571428572,61.194116990881454,24.154155714285707,Dublin_City_Centre_(CBD)_min
268054012/01,12216468168,31.405034285714294,31.523447619047626,57.18380892826381,54.790743544973544,56.125034017094,34.60586222222222,31.405034285714294,Dublin_City_Centre_(CBD)_min
267140025,4395572562,52.32621999999999,50.77683333333332,62.242041904761905,74.04412925925926,59.27960512820512,25.08985523809523,25.08985523809523,Tallaght_min
267125016,5621214789,39.017360000000004,38.20404,27.38756571428571,61.47133592592593,63.702506666666665,58.75125333333333,27.38756571428571,Sandyford_Business_District_min
267094006/01,10678904889,73.75295979949875,70.11714666666667,104.91999668261562,83.70322666666665,96.5303593762183,115.15780011695907,70.11714666666667,IFSC___Docklands_min
267138004,6670240780,51.07539999999998,49.526013333333324,65.08343406432748,69.50296837169655,57.31211846153845,24.972376842105266,24.972376842105266,Tallaght_min
267050031,438415398,33.13328476190477,31.5838980952381,58.886404761904764,54.851194021164034,45.892063646723635,33.70895470899471,31.5838980952381,IFSC___Docklands_min
267103001/11,11725950637,36.04409777777778,34.494711111111116,71.08961291005288,57.76200703703704,36.90581623931624,50.07948444444444,34.494711111111116,IFSC___Docklands_min
267029001,13644733344,36.62598666666667,40.730720000000005,73.77363999999999,59.245379047619046,24.721996923076922,62.04882666666666,24.721996923076922,Blanchardstown_min
267041015,242349796,25.033520714285714,26.426849444444443,60.3776334483388,49.09986759259259,24.032199814814817,65.53021314814815,24.032199814814817,Blanchardstown_min
268138009/02,6977183098,11.351040000000001,17.86504,45.84120909090908,40.48120666666666,33.09128095238095,56.52355575757576,11.351040000000001,Dublin_City_Centre_(CBD)_min
268070004,2758274350,27.927929999999996,33.362927777777784,62.44379242424241,38.62746333333333,45.82725,64.78818794326244,27.927929999999996,Dublin_City_Centre_(CBD)_min
268092004,2488198620,33.12591714285714,34.07346851540616,50.37190322344323,57.34076444133209,59.631973004926095,37.052398461538466,33.12591714285714,Dublin_City_Centre_(CBD)_min
268017005,3883139200,31.74568,38.28537333333333,66.26154242424242,37.044975555555546,47.8011387755102,69.91897460992908,31.74568,Dublin_City_Centre_(CBD)_min
268037005,848859161,25.280506666666664,23.731119999999997,60.326021798941795,46.99841592592592,45.16291999999999,50.75849493118986,23.731119999999997,IFSC___Docklands_min
268084010,2365007557,22.347019354838704,20.79763268817204,57.392534487113885,44.064928614098015,42.22943268817209,50.510676601307246,20.79763268817204,IFSC___Docklands_min
267040022,26453107,33.79465052631579,36.016050526315794,70.94230385964914,59.28334645224173,24.165595151515152,71.5251360165119,24.165595151515152,Blanchardstown_min
268048002,3263291439,18.088891405622487,18.635225454545456,53.97302473895582,36.76571582491583,47.145865338894616,63.82203807228916,18.088891405622487,Dublin_City_Centre_(CBD)_min
267140021,8498453329,49.82095333333332,48.27156666666666,61.51955333333333,71.5388625925926,56.77433846153845,24.367366666666666,24.367366666666666,Tallaght_min
268083008,196294115,24.647839999999988,23.098453333333325,59.69335513227513,46.36574925925927,44.53025333333334,49.95547769798828,23.098453333333325,IFSC___Docklands_min
267008001,2391054450,46.44484482269502,48.18583999999999,29.737093333333334,58.049264313725494,59.98371411371237,32.6141,29.737093333333334,Sandyford_Business_District_min
268162015,5359524998,23.224597777777774,25.74461111111111,39.94674232558138,49.01190703703704,50.07641111111111,42.27175188405797,23.224597777777774,Dublin_City_Centre_(CBD)_min
267118003,9671722732,58.28493880084827,55.0537046153846,89.45197568396513,59.47311794871794,81.06233837756781,93.83021794871792,55.0537046153846,IFSC___Docklands_min
268071026/268071027/268071002/02/01,9734125831,40.8317688888889,43.40439253861006,73.44077366883114,55.6750407017544,65.05113636243387,83.67857710317462,40.8317688888889,Dublin_City_Centre_(CBD)_min
267009003,9543652638,45.932586640876835,50.21524848484848,30.764795151515152,66.37591764705883,68.3103674470457,40.940753333333326,30.764795151515152,Sandyford_Business_District_min
268151010,2373707671,22.187612870493982,22.00762620382732,52.735108158914734,45.27492212975326,40.889426203827334,41.67294522522522,22.00762620382732,IFSC___Docklands_min
268054009,1272386847,33.248671111111115,33.06868444444445,52.97210501291988,56.335980370370365,55.738270648271765,38.21554222222221,33.06868444444445,IFSC___Docklands_min
268129009,2479367076,31.5978014184397,38.209366198313916,30.765784761904754,61.47666212423985,60.175122553191486,48.7653866666667,30.765784761904754,Sandyford_Business_District_min
268120005,6227162142,41.15298969696971,43.77753636363638,77.03712303030305,50.729047424242445,67.86511170610213,85.2641630303031,41.15298969696971,Dublin_City_Centre_(CBD)_min
268061006,4545925535,25.048937142857145,23.499550476190475,60.09445227513226,46.766846402116386,43.748349429280374,40.830350967741914,23.499550476190475,IFSC___Docklands_min
267028013,2703264056,31.198987126436787,34.74538712643678,68.3466404597701,53.81837950738915,19.413347126436786,56.62182712643677,19.413347126436786,Blanchardstown_min
268005011,11930366093,20.800118787878784,20.62013212121212,56.85286292413184,43.887428047138066,32.61511515151514,56.129217611408215,20.62013212121212,IFSC___Docklands_min
268092009,96869567,31.339326666666658,32.28687803921568,49.42070899224807,55.55417396514163,57.845382528735634,36.30349641025642,31.339326666666658,Dublin_City_Centre_(CBD)_min
268104011/02,3968639778,,,,,,,,
268154008,10795751443,32.52242666666666,30.973039999999994,56.23779190476191,54.240335925925926,51.01747846153845,34.00459987012987,30.973039999999994,IFSC___Docklands_min
267086008,4736433802,53.923429473684195,56.37677614035086,48.37632280701753,72.67187098039216,72.09420735042734,32.06787555555556,32.06787555555556,Tallaght_min
268128024,564502676,19.014777971014492,25.6263427508887,27.679802790697675,48.89363867681464,47.59209910576627,44.43540296296296,19.014777971014492,Dublin_City_Centre_(CBD)_min
267026009,2435613372,31.626033684210523,30.481384675201515,39.28998666666668,53.74868060112747,57.12812849902535,62.30239759665621,30.481384675201515,IFSC___Docklands_min
267080009,6535005166,41.69263697955777,45.975298823529414,26.52484549019609,64.70871859943979,66.64316839942666,39.27355428571429,26.52484549019609,Sandyford_Business_District_min
268055005,1410014257,36.86986620382733,36.689879537160664,59.31464283840192,59.95717546308661,55.571679537160676,35.3403298245614,35.3403298245614,Tallaght_min
267130003,374376666,34.60317079365081,35.73382654654655,65.77020767676767,58.25374666666665,57.38057037037036,76.00801111111112,34.60317079365081,Dublin_City_Centre_(CBD)_min
268133010,53457971,20.861106666666675,24.167654117647064,34.18885841269841,47.43495004357298,48.566120784313725,39.855913508771934,20.861106666666675,Dublin_City_Centre_(CBD)_min
267001009/02,11084673327,31.405289999999997,31.439654324324316,62.399863333333336,23.67291428571428,41.498996190476205,67.45620333333332,23.67291428571428,Dublin_Airport_min
267123005,253394077,61.6896131328321,57.50373333333334,92.85665001594893,71.08981333333332,84.46701270955162,103.09445345029238,57.50373333333334,IFSC___Docklands_min
267117009,253132915,39.13367191919192,41.58701858585859,40.48087999999999,62.257897647058826,64.1923474470457,36.82273333333333,36.82273333333333,Tallaght_min
267112003,5907123205,64.86856000000002,63.319173333333346,89.88585333333334,86.58646925925925,73.57903846153846,52.73366666666666,52.73366666666666,Tallaght_min
268006001,462685177,19.422215714285713,23.52694904761905,56.56986904761906,46.79424497354499,19.718494814814814,61.21650814814816,19.422215714285713,Dublin_City_Centre_(CBD)_min
268130006,4010061014,24.228174492753624,30.839739272627835,26.485389457364345,54.107035198553746,52.80549562750538,47.06867624952161,24.228174492753624,Dublin_City_Centre_(CBD)_min
267158009/01,6761013747,29.671780000000005,33.77651333333334,66.17768242424242,37.56135333333332,20.26485095238096,64.46837095238095,20.26485095238096,Blanchardstown_min
267021005,2295318104,38.88075368421054,37.736104675201524,41.281813333333346,61.00340060112747,64.38284849902534,70.82366666666665,37.736104675201524,IFSC___Docklands_min
268080004,11206654391,13.654491228070174,20.168491228070174,48.402993652312595,40.11644666666667,30.209606666666662,59.08534031897927,13.654491228070174,Dublin_City_Centre_(CBD)_min
267038016,13612048753,44.29619739837397,43.482877398373965,31.200609195402293,66.7501733242999,68.98134406504063,72.81941479674798,31.200609195402293,Sandyford_Business_District_min
267095007,11916793948,59.83008042328043,59.332265185185186,90.99711730639727,77.46275555555555,82.60747999999995,101.2349207407407,59.332265185185186,IFSC___Docklands_min
267018004,12865661957,38.50414035087718,37.35949134186818,39.29853777777778,60.62678726779412,64.006235165692,68.8403911111111,37.35949134186818,IFSC___Docklands_min
268115016,6698006180,17.8625323076923,16.717883298683297,44.08998024691357,39.98517922460925,43.36462712250713,54.72412054421769,16.717883298683297,IFSC___Docklands_min
268162005,1426048733,23.17150444444444,25.691517777777776,39.893648992248046,48.958813703703704,50.02331777777777,42.25572347826086,23.17150444444444,Dublin_City_Centre_(CBD)_min
267118010,12516399058,70.38071213418162,67.14947794871794,101.54774901729851,71.5688912820513,93.15811171090121,105.9259912820513,67.14947794871794,IFSC___Docklands_min
268086004,4939797803,36.19940999999999,38.82395666666666,72.08354333333334,43.94624242424243,62.789255757575766,81.92989703417149,36.19940999999999,Dublin_City_Centre_(CBD)_min
267103027,21454480,35.58264,34.03325333333333,70.62815513227515,57.30054925925929,36.444358461538464,57.97769909909912,34.03325333333333,IFSC___Docklands_min
268054012/02,12216468192,31.62398095238096,31.742394285714294,57.40275559493048,55.00969021164022,56.241140683760676,34.721968888888895,31.62398095238096,Dublin_City_Centre_(CBD)_min
267055001,257926823,35.513076152832674,34.37457818181819,32.67592996336995,57.64187410774411,59.873044848484845,46.57484484848485,32.67592996336995,Sandyford_Business_District_min
267095016,255174467,48.98342857142857,50.11408432432431,80.15046545454544,73.38138025025025,71.76082814814815,90.38826888888889,48.98342857142857,Dublin_City_Centre_(CBD)_min
268070020,247321325,21.45926842105263,25.166829898989906,57.34340175438596,39.467748675799086,46.667535342465754,65.8081766190615,21.45926842105263,Dublin_City_Centre_(CBD)_min
267014001,6241935969,93.55170666666669,89.54904000000003,129.62529333333336,85.58512000000002,115.61700000000002,119.94222,85.58512000000002,Dublin_Airport_min
267059010,260167273,37.33348948616602,36.19499151515153,36.2864,59.46228744107745,61.69345818181819,48.39525818181819,36.19499151515153,IFSC___Docklands_min
267054001/267054003,8109061980,108.07033333333337,112.1750666666667,144.57623575757577,112.09448000000003,116.02085333333339,149.0164364102564,108.07033333333337,Dublin_City_Centre_(CBD)_min
267105009,158374098,45.62626095238095,46.7569167052767,76.79329783549784,56.507999999999996,68.40366052910052,87.03110126984127,45.62626095238095,Dublin_City_Centre_(CBD)_min
267013006,287085411,49.586997192982444,52.04034385964912,41.00771636363636,61.976097647058815,63.91054744704569,29.091595555555557,29.091595555555557,Tallaght_min
268059003,1537165553,18.884962949852504,23.119767274176823,54.769096283185846,45.76546856301107,44.36800030981067,64.61810961651919,18.884962949852504,Dublin_City_Centre_(CBD)_min
268129012,6041608479,32.83477475177305,38.17967719298248,32.0027580952381,61.44697311890843,61.41209588652486,47.006493333333374,32.0027580952381,Sandyford_Business_District_min
268006028,3943761157,30.183575714285713,34.249677777777784,67.33122904761903,56.9226959259259,29.182254814814815,70.68026814814813,29.182254814814815,Blanchardstown_min
267122016,13712146620,48.70894181818182,47.895621818181816,44.43251101358411,71.16291774410776,73.39408848484848,77.23215921655583,44.43251101358411,Sandyford_Business_District_min
268076004,6202013057,32.107830833333345,34.732377500000005,67.99196416666665,45.75801333333333,58.81995284246573,77.84097750000002,32.107830833333345,Dublin_City_Centre_(CBD)_min
267066006,2407305663,34.435788571428574,34.470152895752896,65.43036190476192,27.74901523809524,42.723305945945974,70.48670190476192,27.74901523809524,Dublin_Airport_min
267037002,12394746074,43.94347999999997,43.130159999999975,39.667049195402264,66.3974559259259,68.62862666666663,72.46669739837398,39.667049195402264,Sandyford_Business_District_min
267100045,11907733169,34.47081777777778,32.92143111111111,69.5163329100529,56.188727037037054,35.33253623931624,40.53953777777779,32.92143111111111,IFSC___Docklands_min
268097002,13241096653,18.74336146788991,18.930041467889907,37.396268717948715,42.19733739381584,45.06184146788992,47.76430193548387,18.74336146788991,Dublin_City_Centre_(CBD)_min
268091012,746555498,38.88921333333335,38.70922666666669,53.05763390180878,61.97652259259261,61.37881287049401,40.04289333333333,38.70922666666669,IFSC___Docklands_min
267110010,253511453,44.14019835497836,45.27085410787411,75.30723523809522,59.22876787878788,66.91759793169793,85.54503867243866,44.14019835497836,Dublin_City_Centre_(CBD)_min
267080008,12407484412,41.33177815602837,47.943342935902585,28.668291965811967,68.80959859943978,69.90909929078018,43.37443428571426,28.668291965811967,Sandyford_Business_District_min
267151008,11043785174,45.69622857142859,46.64377994397761,54.09434666666669,69.91107586990351,68.58568036630037,34.35753996927804,34.35753996927804,Tallaght_min
267040024,12593737961,26.637559999999993,28.858959999999993,63.78521333333335,52.12625592592595,20.41124848484848,64.36804549019611,20.41124848484848,Blanchardstown_min
267100071,11611994057,30.877104604810988,29.327717938144325,65.92261973708612,52.595013864070246,31.738823066349447,49.44556666666668,29.327717938144325,IFSC___Docklands_min
268119018,6164200821,34.53968836601307,37.16423503267973,70.4238216993464,46.382764313725495,61.251810375145475,70.38933999999999,34.53968836601307,Dublin_City_Centre_(CBD)_min
268013004,339639290,30.52975757575758,34.634490909090914,67.03566,36.21204333333334,35.41911757575758,73.35247127659575,30.52975757575758,Dublin_City_Centre_(CBD)_min
268129010,258075661,33.19361475177303,36.23117274509802,32.36159809523809,59.49846867102398,61.72963941176472,47.27189333333334,32.36159809523809,Sandyford_Business_District_min
268024002,9398153538,28.45193333333334,31.076480000000007,64.33606666666664,42.83898666666667,54.21533333333334,73.35597460992906,28.45193333333334,Dublin_City_Centre_(CBD)_min
267111002/02,10276919672,33.699297142857155,34.829952895752896,64.866334025974,58.09724882167881,56.476696719576694,75.10413746031746,33.699297142857155,Dublin_City_Centre_(CBD)_min
268113017/02,5156036469,30.21416,29.400840000000002,36.21042666666666,52.66813592592593,54.89930666666667,58.72000183908046,29.400840000000002,IFSC___Docklands_min
267141002,1108880236,50.44859384615383,48.89920717948716,57.45879384615383,72.16650310541311,60.876978974358956,20.306607179487166,20.306607179487166,Tallaght_min
268002017,11242859711,21.014965128205123,20.83497846153846,57.01770926445818,44.10227438746441,38.13915254901963,55.061266666666675,20.83497846153846,IFSC___Docklands_min
268049005,4794356372,21.271189616519173,25.505993940843492,57.15532294985249,47.41815037037038,50.328163549791284,67.00433628318584,21.271189616519173,Dublin_City_Centre_(CBD)_min
267051017,8703317064,30.824085528455278,29.274698861788615,65.86960066073041,52.541994787714536,35.6684549321267,37.22095719298245,29.274698861788615,IFSC___Docklands_min
267100088,8747642168,35.85950666666668,34.31012000000001,70.90502179894177,57.57741592592593,36.72122512820514,53.79016666666668,34.31012000000001,IFSC___Docklands_min
268032011,2399617601,17.28779135135135,17.107804684684677,53.3405354876044,40.37510061061062,28.297929696969696,52.61689017488077,17.107804684684677,IFSC___Docklands_min
267002048,479843822,63.765539649122836,54.3318063157895,93.591392982456,67.9178863157895,91.09748148148144,101.23106631578933,54.3318063157895,IFSC___Docklands_min
268070017,10895994636,30.6215176344086,34.59734826156299,65.13738005865102,45.462947647058826,52.60394666666666,69.4695233333333,30.6215176344086,Dublin_City_Centre_(CBD)_min
268049007,2592041479,18.494413333333338,20.60459878787879,54.37854666666666,38.73508915824916,47.55138726660545,64.22756,18.494413333333338,Dublin_City_Centre_(CBD)_min
268066010,8930645997,30.205177777777774,34.30991111111111,66.7110802020202,38.094751111111115,27.46793086419753,71.67145086419755,27.46793086419753,Blanchardstown_min
267092008,11636081146,58.71321815602832,58.75421333333329,35.133386666666674,82.0215092592593,84.25268000000004,62.947319999999955,35.133386666666674,Sandyford_Business_District_min
267120015,243754144,40.28486444444445,39.471544444444454,36.00843363984675,62.738840370370376,64.97001111111112,68.80808184281842,36.00843363984675,Sandyford_Business_District_min
267063002,252412888,44.62312652482267,43.47847751581369,59.13679005423444,66.7457734417396,70.12522133963749,82.19720531270151,43.47847751581369,IFSC___Docklands_min
267028054,12952025615,32.938693793103454,36.485093793103424,70.08634712643676,55.558086174055795,21.15305379310345,58.36153379310341,21.15305379310345,Blanchardstown_min
268136017,11837886081,28.94505617486339,31.398402841530057,40.74549620351285,54.665698767455986,55.79686950819673,32.97287320261438,28.94505617486339,Dublin_City_Centre_(CBD)_min
268137014,560602863,25.621801904761917,28.075148571428585,37.68774510822511,51.34244449735449,52.473615238095235,37.41824034632034,25.621801904761917,Dublin_City_Centre_(CBD)_min
267034002,13372174014,38.046922614379085,42.15165594771243,75.19457594771242,59.880488540305016,26.45270039215686,63.661180392156865,26.45270039215686,Blanchardstown_min
267103009,8830550422,36.33208825396825,34.78270158730159,71.3776033862434,58.049997513227524,37.193806715506724,57.20968208333333,34.78270158730159,IFSC___Docklands_min
267144005,1424006245,46.434,44.88461333333334,61.32723333333334,62.75684431372551,52.28995846153847,19.285753333333336,19.285753333333336,Tallaght_min
267104022,10689310463,57.36536717948719,48.46496717948719,89.77455384615384,52.88438051282052,82.91626051282051,87.2414805128205,48.46496717948719,IFSC___Docklands_min
268112007,8556522053,27.30162518518518,26.156976176176173,43.73055764705882,49.424272102102115,52.80372,64.87570397306398,26.156976176176173,IFSC___Docklands_min
267081006/01,247414949,32.777071489361695,39.388636269235924,23.34645948717948,62.65593219516185,61.35439262411349,43.462739487179505,23.34645948717948,Sandyford_Business_District_min
268125005,4435870003,29.382165962732927,30.51282171562867,60.5492028458498,51.786112610159584,52.159565539452494,70.78700628019325,29.382165962732927,Dublin_City_Centre_(CBD)_min
267087004,417652878,36.67050376811595,35.85718376811595,38.980727577639755,59.12447969404186,61.355650434782596,65.19372116648991,35.85718376811595,IFSC___Docklands_min
268110003,10136406301,,,,,,,,
267119004/01,9609539015,54.62690666666665,53.077519999999986,77.88710666666667,76.34481592592594,61.580291794871776,40.73491999999999,40.73491999999999,Tallaght_min
267030010,12811141737,27.91286509803922,32.017598431372555,65.06051843137257,46.369754782608695,17.31055843137255,61.514078431372575,17.31055843137255,Blanchardstown_min
268132004,4884427350,25.988506666666662,26.936058039215688,42.116951746031724,50.203353965141595,52.49456252873561,37.58159166666668,25.988506666666662,Dublin_City_Centre_(CBD)_min
268151003,10700687439,26.42404357723577,26.492532870493985,50.27699788113695,49.75982879641991,45.37433287049398,38.87222990990991,26.42404357723577,Dublin_City_Centre_(CBD)_min
267074007,480013897,43.88032615384615,43.06700615384616,43.326592820512815,66.33430207977207,68.56547282051282,72.40354355222014,43.06700615384616,IFSC___Docklands_min
268076010,2423191674,28.411519365079368,31.036066031746035,64.2956526984127,41.84804514619883,55.12364137421178,74.14466603174603,28.411519365079368,Dublin_City_Centre_(CBD)_min
267149007,8627335575,45.217858245614025,46.165409618163046,53.61597634085213,69.43270554408898,66.3197629059829,27.750591111111113,27.750591111111113,Tallaght_min
267092004,3414958485,64.04893815602841,64.08993333333338,38.89096,87.35722925925921,89.58839999999995,67.60099333333334,38.89096,Sandyford_Business_District_min
268015005/01,8497069368,20.030813333333338,20.065177657657657,51.02538666666666,19.858521904761904,39.10503703703704,56.081726666666654,19.858521904761904,Dublin_Airport_min
268126014,624539955,33.19669929606625,33.79437333333333,64.36373617918316,51.924863703703714,55.97409887278585,74.60153961352658,33.19669929606625,Dublin_City_Centre_(CBD)_min
267143021,4932694493,55.60813696969694,56.64234891133557,48.55440363636361,76.25706128342246,61.00523924585217,20.978907450980387,20.978907450980387,Tallaght_min
267113009,1284630819,45.611866666666664,48.06521333333333,39.581426666666665,66.12444782249744,68.05889762248431,35.10714666666666,35.10714666666666,Tallaght_min
267010003,7794371463,48.25317539740768,49.99417057471266,31.545423908045965,62.785868829854536,64.72031862984142,37.35070451612903,31.545423908045965,Sandyford_Business_District_min
267099011/01,12646762042,36.07846,27.178059999999995,67.80431333333335,41.98811151515153,64.80710113475179,73.54398666666664,27.178059999999995,IFSC___Docklands_min
268080003,1432306176,11.764144561403507,18.278144561403508,46.51264698564592,38.226099999999995,32.46789872807018,57.1949936523126,11.764144561403507,Dublin_City_Centre_(CBD)_min
267051016,8689231385,33.323118787878784,31.77373212121212,68.36863392015393,55.04102804713805,36.317565128205125,37.39123333333332,31.77373212121212,IFSC___Docklands_min
267094006,6334895546,87.1362466666667,77.70251333333333,116.9621000000001,91.28859333333338,114.7161237037038,124.60177333333344,77.70251333333333,IFSC___Docklands_min
268026007,4892641900,30.35463222222222,33.22917888888889,65.28573909090909,38.75254666666667,48.66919666666667,67.80983794326241,30.35463222222222,Dublin_City_Centre_(CBD)_min
267130015,257296559,30.991881904761904,32.12253765765765,62.15891878787878,55.389833583583595,53.76928148148148,72.39672222222225,30.991881904761904,Dublin_City_Centre_(CBD)_min
267065020,253338570,51.897979682539685,53.02863543543544,83.06501656565659,54.14136444444445,74.67537925925927,88.49846444444447,51.897979682539685,Dublin_City_Centre_(CBD)_min
267028060,12950183237,36.95458712643678,40.500987126436776,74.10224045977012,59.57397950738915,25.16894712643678,62.377427126436764,25.16894712643678,Blanchardstown_min
267134008,254494608,36.03195428571428,31.29595428571429,71.92220761904764,28.065367619047624,58.097247619047614,62.4224676190476,28.065367619047624,Dublin_Airport_min
268137006,5473010553,,,,,,,,
267105005,158369501,45.42448761904762,46.555143371943366,76.5915245021645,57.38834000000001,68.20188719576721,86.8293279365079,45.42448761904762,Dublin_City_Centre_(CBD)_min
267012001,227592481,50.06677815602836,52.69482666666667,36.04143515151516,67.67849279857397,69.61294259856085,41.920093333333334,36.04143515151516,Sandyford_Business_District_min
268023004,5167182753,30.289282448979595,32.913829115646266,66.17341578231293,45.132554261845094,57.00140445811201,76.02242911564626,30.289282448979595,Dublin_City_Centre_(CBD)_min
267058003,8950837179,40.841043809523825,40.027723809523835,41.91818666666667,63.29501973544973,65.52619047619046,56.95824484848485,40.027723809523835,IFSC___Docklands_min
267118028,12542542938,65.56648307435256,62.3352488888889,96.73351995746944,66.75466222222222,88.34388265107212,101.11176222222223,62.3352488888889,IFSC___Docklands_min
267115006,7773404954,48.75973333333334,51.213080000000005,39.6918888888889,71.01635098039216,72.95080078037904,42.07168000000001,39.6918888888889,Sandyford_Business_District_min
268107002,8942727282,13.848229616519172,18.0830339408435,49.73236294985251,38.49958312399357,42.9052035497913,59.58137628318585,13.848229616519172,Dublin_City_Centre_(CBD)_min
267040006,16465240,28.238103859649122,30.459503859649125,65.38575719298247,53.72679978557506,15.006750303030305,62.55476363636364,15.006750303030305,Blanchardstown_min
267132026,12791255412,33.67656561403509,29.623898947368428,69.75015228070174,25.709978947368427,55.74185894736843,60.067078947368415,25.709978947368427,Dublin_Airport_min
267085020,278286235,55.60860777777778,58.061954444444446,48.033593333333314,75.73625098039219,71.7640317948718,31.7377,31.7377,Tallaght_min
267040005,12867410,31.39148777777778,33.61288777777778,68.53914111111112,56.88018370370371,19.892723636363634,67.44073696969697,19.892723636363634,Blanchardstown_min
268018001,4462619032,28.108743390804598,28.143107715128917,59.10331672413793,21.276125057471265,38.5125191919192,64.15965672413793,21.276125057471265,Dublin_Airport_min
267083017,11077223833,51.60756444444443,51.17479638242894,36.50567999999999,59.450235424836606,61.38468522482347,34.015071111111105,34.015071111111105,Tallaght_min
268083006,2952674737,20.609613333333336,19.060226666666665,55.65512846560846,42.327522592592594,40.49202666666667,50.21485882352941,19.060226666666665,IFSC___Docklands_min
268162011,4913145071,23.38307777777778,25.903091111111113,41.20378232558137,49.170387037037024,50.2348911111111,41.53140521739129,23.38307777777778,Dublin_City_Centre_(CBD)_min
267113005,7814238606,43.445341138211376,45.898687804878044,37.898234471544704,68.71001045193688,67.97186893772893,27.94553714285714,27.94553714285714,Tallaght_min
268016004,3136728037,27.592631666666666,27.626995990990984,58.587205,20.760013333333333,39.643133333333346,63.643544999999996,20.760013333333333,Dublin_Airport_min
268129021,8896032536,,,,,,,,
268058007,6378829509,14.090806572769953,20.630499906103292,48.60666899701237,31.61850518329072,36.854407525150904,55.62508086956521,14.090806572769953,Dublin_City_Centre_(CBD)_min
268064005,12692159443,26.782055000000003,30.88678833333334,63.28795742424243,34.67162833333334,27.86692148148148,72.0704414814815,26.782055000000003,Dublin_City_Centre_(CBD)_min
268069006,2375494895,34.75491555555556,38.85964888888888,71.26081797979792,42.64448888888888,32.66927555555556,76.87279555555551,32.66927555555556,Blanchardstown_min
267065004,12411441372,41.38812190476189,42.518777657657644,72.5551587878788,50.652006666666665,64.16552148148146,82.79296222222222,41.38812190476189,Dublin_City_Centre_(CBD)_min
267045002,140405009,36.61154808510638,41.76511333333335,35.77953142857143,65.03240925925928,65.18886921985815,44.60219019607845,35.77953142857143,Sandyford_Business_District_min
268124007,4431091430,29.662285962732934,30.79294171562868,60.829322845849795,52.06623261015958,52.43968553945249,71.06712628019324,29.662285962732934,Dublin_City_Centre_(CBD)_min
268088005,6646353556,34.77389166666665,41.11978666666667,69.28975409090911,29.71139999999999,51.137746666666665,68.39629999999998,29.71139999999999,Dublin_Airport_min
268128013,13689204775,25.73931130434782,27.600503541666647,31.405699047619045,50.86779946759257,53.098970208333306,47.16276296296298,25.73931130434782,Dublin_City_Centre_(CBD)_min
267110002,301656508,40.952254718614725,42.082910471510466,72.1192916017316,56.04082424242424,63.729654295334285,82.35709503607504,40.952254718614725,Dublin_City_Centre_(CBD)_min
268043012,9802697932,30.48452484848485,31.554224761904763,65.34665638998685,49.68471513227515,56.957019083589536,75.58445982433025,30.48452484848485,Dublin_City_Centre_(CBD)_min
268103010,746555666,23.04216848484849,23.16058181818182,53.385064547803616,46.42787774410775,46.69206620382731,39.58093254901962,23.04216848484849,Dublin_City_Centre_(CBD)_min
267123026,3012108017,59.627386466165404,60.75804221906117,90.79442334928234,74.95833999999999,82.40478604288502,101.03222678362577,59.627386466165404,Dublin_City_Centre_(CBD)_min
268136013,2770970381,29.31553617486339,31.768882841530058,39.46360287017953,55.03617876745599,56.16734950819673,31.690979869281044,29.31553617486339,Dublin_City_Centre_(CBD)_min
268123004,6670384106,42.84226416666667,45.46681083333333,78.7263975,51.939639924242435,69.55438617579908,88.57541083333334,42.84226416666667,Dublin_City_Centre_(CBD)_min
267040042/01,2782193254,41.49175714285713,43.71315714285713,78.63941047619049,66.98045306878306,32.06961411255411,70.76618444444445,32.06961411255411,Blanchardstown_min
267051001,11048021666,46.933933333333314,45.38454666666665,75.0869393939394,68.65184259259257,49.163055604395595,40.18587272727272,40.18587272727272,Tallaght_min
268002019,810899290,15.632083333333332,15.452096666666666,51.68482746958638,38.719392592592605,30.096392549019598,50.88471999999999,15.452096666666666,IFSC___Docklands_min
267110013,3647682709,42.22299835497836,43.35365410787411,73.3900352380952,57.311567878787876,65.00039793169792,83.62783867243864,42.22299835497836,Dublin_City_Centre_(CBD)_min
267132035,5003209177,32.59977948717948,28.547112820512822,68.67336615384616,24.63319282051282,54.66507282051283,58.99029282051283,24.63319282051282,Dublin_Airport_min
268106013,532695405,5.856080000000001,10.401724779874211,43.35661484848485,33.66902070580014,36.36889446808511,51.04271275362319,5.856080000000001,Dublin_City_Centre_(CBD)_min
268153008,2386813242,23.581048888888883,23.40106222222222,52.00409788113696,46.66835814814815,43.07034137223616,43.33343855855856,23.40106222222222,IFSC___Docklands_min
267003001,7810797031,57.83558476190475,48.40185142857141,87.66143809523808,61.987931428571414,84.26377291005291,95.30111142857142,48.40185142857141,IFSC___Docklands_min
267031015,12157370939,37.548812380952384,38.94214111111112,72.89292511500553,61.61515925925927,24.279413333333327,68.04135111111108,24.279413333333327,Blanchardstown_min
268137007,12060324911,29.153259672131153,31.42684740740741,40.59703686477175,54.694143333333336,56.00507300546448,35.1164062745098,29.153259672131153,Dublin_City_Centre_(CBD)_min
267080003,248081981,49.03384533551556,50.77484051282053,32.32609384615384,68.85073098039217,70.78518078037904,43.41556666666667,32.32609384615384,Sandyford_Business_District_min
268087008,305406095,37.914555,40.53910166666667,73.79868833333333,38.38909575757576,57.2321090909091,76.37275036750482,37.914555,Dublin_City_Centre_(CBD)_min
268145004,90391664,39.56803862068965,40.51558999323867,48.462287290640376,63.782885919164606,66.07409448275861,36.80451160493826,36.80451160493826,Tallaght_min
268093009,4211441228,35.2046525,35.02466583333334,48.91471390180879,58.29196175925927,57.69425203716067,38.398892820512835,35.02466583333334,IFSC___Docklands_min
268005007,631824807,18.559502365591396,18.379515698924724,54.61224650184444,41.64681162485066,29.808714343434335,51.6662,18.379515698924724,IFSC___Docklands_min
268137004,12060324908,28.76489967213115,31.038487407407406,40.20867686477175,54.30578333333334,55.61671300546448,34.7280462745098,28.76489967213115,Dublin_City_Centre_(CBD)_min
267062001,252396665,45.95006545454545,44.805416445536444,60.207336296296326,68.07271237146239,71.45216026936029,83.52414424242427,44.805416445536444,IFSC___Docklands_min
268039002,320025553,30.72779047619049,29.17840380952382,65.7733056084656,52.44569973544973,48.33856798534796,46.18147151515152,29.17840380952382,IFSC___Docklands_min
267053028,8981503309,39.50638666666667,37.957,65.56189333333332,61.22429592592593,40.50155750915751,28.008439999999997,28.008439999999997,Tallaght_min
268091014,2373662674,32.928133333333335,32.74814666666667,51.01429472052223,56.0154425925926,55.41773287049399,41.19435886039886,32.74814666666667,IFSC___Docklands_min
268128004,564502809,21.507684637681155,25.95450833333333,30.172709457364338,49.221804259259244,50.08500577243294,46.28165629629628,21.507684637681155,Dublin_City_Centre_(CBD)_min
267062004,262305649,54.53317212121213,53.388523112203124,50.32696296296296,76.65581903812901,80.0352669360269,82.78548296296299,50.32696296296296,Sandyford_Business_District_min
268147001,416974350,39.239805432098755,41.693152098765424,44.53792352733686,64.96044802469136,66.09161876543209,30.084439999999997,30.084439999999997,Tallaght_min
267107010,6095316189,60.66438285714284,59.11499619047617,90.07416000000002,82.38229211640216,61.5261013186813,52.921973333333305,52.921973333333305,Tallaght_min
268046014,1432596971,27.803954632034632,28.77376347826087,58.97099151515153,46.90425384863126,50.58135420875422,69.20879494949496,27.803954632034632,Dublin_City_Centre_(CBD)_min
268002001,3128351259,21.04344512820512,20.863458461538457,57.046189264458185,44.130754387464414,38.16763254901962,55.08974666666667,20.863458461538457,IFSC___Docklands_min
267105027/267105028,6770993930,39.02695428571431,40.15761003861006,70.19399116883116,54.566386666666695,61.804353862433864,80.43179460317464,39.02695428571431,Dublin_City_Centre_(CBD)_min
267131003,2987325224,42.489408888888875,38.486742222222226,78.56299555555555,34.522822222222224,64.55470222222222,68.8799222222222,34.522822222222224,Dublin_Airport_min
267112015/267112008/267119013,5907124511,50.757253333333345,49.20786666666668,82.73411999999998,72.47516259259261,69.14352512820513,42.927120000000016,42.927120000000016,Tallaght_min
267123014,3041741348,59.45638646616542,60.58704221906117,90.62342334928233,73.18630358974362,82.23378604288501,100.86122678362578,59.45638646616542,Dublin_City_Centre_(CBD)_min
268105011,13232989329,11.908093333333333,19.417652394366193,50.944819682539666,42.684948320292115,39.04429666666667,61.92218888888888,11.908093333333333,Dublin_City_Centre_(CBD)_min
268081003,26866982,10.223179393939395,14.327912727272727,47.37083272727272,37.59520865319865,25.70401641025641,57.836512727272726,10.223179393939395,Dublin_City_Centre_(CBD)_min
268026010,1580754567,33.638693333333336,36.263239999999996,69.31799575757576,41.32510666666666,52.70145333333333,71.84209460992909,33.638693333333336,Dublin_City_Centre_(CBD)_min
267069001/05,12960245253,44.11631238095242,43.30299238095242,43.56257904761909,66.57028830687835,68.80145904761906,72.6395297793264,43.30299238095242,IFSC___Docklands_min
268138006,8487468847,10.24413,19.290369061032855,48.00210242424241,38.54007703703704,34.08326761904761,58.684449090909084,10.24413,Dublin_City_Centre_(CBD)_min
268126013,243483644,23.85317929606625,24.983835048962,55.020216179183144,46.25712594349293,46.63057887278583,65.25801961352657,23.85317929606625,Dublin_City_Centre_(CBD)_min
267041004,2572909745,25.983738461538458,30.088471794871793,63.131391794871796,53.35576772079773,27.35888660968661,68.05494702865761,25.983738461538458,Dublin_City_Centre_(CBD)_min
268006005,4697233401,21.09353571428572,23.896251041666673,58.24118904761905,43.69775770833335,18.269066666666667,59.40533653186276,18.269066666666667,Blanchardstown_min
267009007,2445574758,45.18791697955776,49.47057882352941,30.020125490196083,72.11247764705884,73.76523811430955,46.67731333333333,30.020125490196083,Sandyford_Business_District_min
267092033,13451168920,46.84775724137933,50.71831162734425,16.549823908045976,73.98560755327013,75.42507837613108,60.99644442086651,16.549823908045976,Sandyford_Business_District_min
267037004,1411048138,39.60991999999999,38.7966,38.321849195402294,62.06389592592591,64.29506666666666,68.13313739837398,38.321849195402294,Sandyford_Business_District_min
268058012,6376314290,14.813510476190476,21.353203809523805,49.3293729004329,37.55248788732395,37.57711142857143,59.916619365079356,14.813510476190476,Dublin_City_Centre_(CBD)_min
268119012,9939191091,38.64678000000002,41.271326666666674,74.53091333333333,53.3444111627907,65.35890200913242,80.82167333333337,38.64678000000002,Dublin_City_Centre_(CBD)_min
268071024/06,10276931441,45.588990119047615,46.71964587194337,76.75602700216452,58.80886095238096,68.36638969576718,86.99383043650799,45.588990119047615,Dublin_City_Centre_(CBD)_min
267067006,432485337,37.62461925925927,36.479970250250254,43.594655873015874,59.74726617617618,63.126714074074066,73.97012406504064,36.479970250250254,IFSC___Docklands_min
267108005,848855287,21.317144927536237,19.767758260869563,56.362660059811354,43.035054186795485,38.9659499070469,44.3893537984496,19.767758260869563,IFSC___Docklands_min
268022009,26389345,37.73141777777777,40.355964444444446,73.00435575757575,43.43696444444445,56.38781333333334,75.52845460992907,37.73141777777777,Dublin_City_Centre_(CBD)_min
267040045,12837120699,40.87151904761905,42.26484777777778,76.21563178167214,64.93786592592593,31.388106666666665,70.7790133333333,31.388106666666665,Blanchardstown_min
267002031,2366293401,60.11391999999999,50.680186666666664,89.93977333333332,64.26626666666667,87.54210814814815,97.57944666666666,50.680186666666664,IFSC___Docklands_min
268072013/10,7765363074,36.918900952380945,38.0495567052767,68.08593783549783,61.31685263120264,59.696300529100526,78.32374126984129,36.918900952380945,Dublin_City_Centre_(CBD)_min
268051002,1410014340,32.90462274509805,31.355236078431382,60.28017991341992,54.622532004357275,52.78703607843135,36.04096606060606,31.355236078431382,IFSC___Docklands_min
267124008,8130710359,39.07200952380952,38.25868952380952,27.92729904761905,61.52598544973544,63.757156190476174,60.38581904761904,27.92729904761905,Sandyford_Business_District_min
267105012/01,2765832735,42.281262063492086,43.41191781638783,73.44829894660892,53.16300111111112,65.05866164021164,83.68610238095236,42.281262063492086,Dublin_City_Centre_(CBD)_min
268119001,9939191081,38.30703999999999,40.93158666666667,74.19117333333332,53.150311812865496,65.01916200913242,84.04018666666667,38.30703999999999,Dublin_City_Centre_(CBD)_min
267025007,13175813324,28.110820350877198,26.966171341868186,36.22519999999999,50.233467267794126,53.61291516569201,65.4268646962233,26.966171341868186,IFSC___Docklands_min
267114011,5320451739,41.49342724637682,43.94677391304349,35.46298724637682,61.6813144891641,63.615764289150974,30.988707246376812,30.988707246376812,Tallaght_min
267119001,273220275,67.95527333333334,66.40588666666667,74.96547333333332,89.67318259259258,76.651334017094,37.81328666666668,37.81328666666668,Tallaght_min
267150010,10148562449,48.311921904761896,49.259473277310924,57.369273957307065,72.52676920323688,72.78095381037569,41.378448682170536,41.378448682170536,Tallaght_min
268040004,844890024,35.46482857142857,33.91544190476191,70.51034370370371,57.182737830687834,50.14459846153846,46.15166754578754,33.91544190476191,IFSC___Docklands_min
267099032,13391188475,44.74068833333333,41.7034038095238,76.93848831168829,42.51863047619047,68.54885100529098,76.87573047619045,41.7034038095238,IFSC___Docklands_min
267062002,480079564,52.71979878787879,51.57514977886978,56.05778962962962,74.84244570479572,78.22189360269364,88.51630962962963,51.57514977886978,IFSC___Docklands_min
268046007,339328068,23.83155463203463,24.962210384930383,54.99859151515152,46.23550127946131,46.60895420875421,65.23639494949495,23.83155463203463,Dublin_City_Centre_(CBD)_min
267103001/08,9789216129,40.04688303030303,38.49749636363637,75.09239816257815,61.764792289562294,40.908601491841495,54.7572696969697,38.49749636363637,IFSC___Docklands_min
267077001/01,5951210477,30.22780592592592,29.083156916916913,39.80341857142856,52.350452842842856,55.72990074074074,67.80188471380471,29.083156916916913,IFSC___Docklands_min
268047004,3009426671,21.97358666666667,24.598133333333337,57.85772,39.02731683615819,48.68570867579909,67.70673333333335,21.97358666666667,Dublin_City_Centre_(CBD)_min
267029004,12912084434,33.09480231884057,35.79953565217391,70.24245565217392,55.71419469979297,21.309162318840574,58.517642318840586,21.309162318840574,Blanchardstown_min
267076002,480002842,37.29485212121212,36.15020311220311,51.80851565062389,59.41749903812906,62.79694693602694,74.86893090909092,36.15020311220311,IFSC___Docklands_min
268067008,8920967147,25.290668115942022,29.395401449275358,61.796570540184426,36.35555999999999,32.40872,69.61720000000004,25.290668115942022,Dublin_City_Centre_(CBD)_min
268108003,4773311558,23.684115757575764,14.250382424242424,56.093302424242424,32.38087279461281,46.52033481481481,61.149642424242415,14.250382424242424,IFSC___Docklands_min
267143001/04,6981284119,56.45112761904761,54.90174095238095,56.37799428571428,78.1690368783069,66.87951274725273,26.309140952380957,26.309140952380957,Tallaght_min
268100003,912115772,22.072715151515148,22.191128484848484,53.21023709682325,45.45842441077442,47.21410620382733,38.61147921568629,22.072715151515148,Dublin_City_Centre_(CBD)_min
267102001,15852392,55.33152548355585,56.8966039039039,89.84738790779821,79.09701945945942,54.45764666666667,84.93931555555555,54.45764666666667,Blanchardstown_min
267146012,9945021622,51.817304430641805,50.26791776397514,49.40217978494622,73.53521368990111,56.32102860646598,15.315106666666662,15.315106666666662,Tallaght_min
267123016,3041741333,54.008373132832084,55.13902888572784,85.17541001594897,71.3163855137845,76.78577270955165,95.41321345029242,54.008373132832084,Dublin_City_Centre_(CBD)_min
268110018,10104419141,21.613799444444446,23.312979444444448,41.47362999999999,42.116579565772675,48.46561277777777,57.79241277777778,21.613799444444446,Dublin_City_Centre_(CBD)_min
267099031,254615366,46.956428571428575,47.6277731092437,78.12346545454542,54.1524547985348,69.73382814814815,88.36126888888887,46.956428571428575,Dublin_City_Centre_(CBD)_min
268009010,8958064882,17.445216283185836,21.680020607510155,53.32934961651918,44.947316533436116,46.502190216457976,63.17836294985252,17.445216283185836,Dublin_City_Centre_(CBD)_min
268138019,6347881235,8.714239999999998,15.228239999999996,43.20440909090908,38.49553592592592,28.597280952380956,53.886755757575756,8.714239999999998,Dublin_City_Centre_(CBD)_min
267003018,2384135251,54.47335111111109,45.03961777777776,84.29920444444446,58.62569777777776,81.39134814814815,91.93887777777779,45.03961777777776,IFSC___Docklands_min
267032010,3228470959,34.46371555555554,38.56844888888888,71.61136888888889,56.29728148148148,24.690621538461535,63.686555555555536,24.690621538461535,Blanchardstown_min
267074006/02,480013876,45.85059282051281,45.03727282051281,45.296859487179475,68.30456874643873,70.5357394871795,74.37381021888683,45.03727282051281,IFSC___Docklands_min
267067011,13441837808,38.45112592592593,37.30647691691692,43.47283855855856,60.573772842842835,63.95322074074072,75.93135855855859,37.30647691691692,IFSC___Docklands_min
267100086,8747642005,34.693944604810994,33.14455793814433,69.73945973708615,56.411853864070316,35.55566306634946,49.7669214035088,33.14455793814433,IFSC___Docklands_min
267140043,6516550812,52.6814933333333,51.132106666666644,68.00036739766084,72.43219503836322,58.918211794871766,27.88931017543859,27.88931017543859,Tallaght_min
267107003,11928602000,65.97051809523808,64.42113142857141,97.4403047619048,87.6884273544974,66.83223655677654,59.745198095238074,59.745198095238074,Tallaght_min
267157005,4698125485,47.54907272727273,45.99968606060606,58.671440000000004,69.266981986532,66.04412452214451,35.00040070175439,35.00040070175439,Tallaght_min
267001009/01,12817929815,36.396156190476205,37.79390765765767,68.75411666666669,30.027167619047614,45.48551619047622,73.81045666666665,30.027167619047614,Dublin_Airport_min
267131006,254489544,43.65603294117648,39.653366274509814,79.72961960784313,35.68944627450981,65.72132627450982,70.04654627450981,35.68944627450981,Dublin_Airport_min
268085004,2609826786,23.65862358974359,22.109236923076928,58.43218732558139,45.376532849002835,43.54103692307691,44.81148969696968,22.109236923076928,IFSC___Docklands_min
267084033,8219993089,56.05598666666665,58.509333333333316,46.73181999999997,74.43447764705881,70.38863401709402,30.362302222222226,30.362302222222226,Tallaght_min
267005004/02,10652929382,40.94612833333331,43.57067499999998,76.8302616666667,48.12086095238094,67.65825034246573,79.10286000000002,40.94612833333331,Dublin_City_Centre_(CBD)_min
267085014/02/01/267085014/02,13617170690,61.35156363636364,63.80491030303031,48.84783030303031,75.0480377540107,74.9169283166109,34.89059652173914,34.89059652173914,Tallaght_min
268080011,6976911023,13.52997841269841,17.634711746031744,50.677631746031736,38.3946606060606,28.055286956521737,60.53907987611304,13.52997841269841,Dublin_City_Centre_(CBD)_min
268040010,196360463,31.286286666666665,29.7369,66.33180179894181,53.004195925925934,51.16870000000001,42.62094787878788,29.7369,IFSC___Docklands_min
267132001/04,2596132646,60.93266666666668,57.571496140350845,95.38692,53.65757614035085,66.83869333333334,88.01467614035093,53.65757614035085,Dublin_Airport_min
268040012,2775857761,33.29348,31.74409333333334,68.33899513227514,55.011389259259275,53.17589333333334,44.407654545454555,31.74409333333334,IFSC___Docklands_min
267155005,10595011565,41.16208606060606,39.61269939393938,55.91288373626375,62.87999531986531,59.657137855477835,28.648880701754386,28.648880701754386,Tallaght_min
267050021,11761817684,30.708812380952384,29.159425714285717,56.461932380952376,52.426721640211646,43.946130313390306,31.763021375661385,29.159425714285717,IFSC___Docklands_min
267085024,12336035632,55.79776363636363,58.251110303030295,43.29403030303029,69.49423775401068,71.42868755399756,43.075055612648235,43.075055612648235,Tallaght_min
267028107,12925476230,34.635213333333326,38.18161333333333,71.78286666666666,57.25460571428571,22.849573333333332,60.058053333333326,22.849573333333332,Blanchardstown_min
268015012,3135860711,25.641360000000006,25.675724324324324,56.635933333333334,23.46486666666666,41.51237435897435,61.692273333333326,23.46486666666666,Dublin_Airport_min
268071028,5522720054,,,,,,,,
268136009,660263819,33.47491823899371,35.92826490566038,38.773036334231804,59.19556083158629,60.326731572327034,32.048023703703706,32.048023703703706,Tallaght_min
268015016,339241084,27.855673333333343,27.89003765765766,58.850246666666635,23.153757037037042,41.37789333333333,63.90658666666663,23.153757037037042,Dublin_Airport_min
267156002,8630510220,39.894529743589736,40.84208111613876,48.29264783882784,64.10937704206468,62.72576657748048,29.720591111111112,29.720591111111112,Tallaght_min
268043005,2416481195,28.733559999999994,31.403225454545446,63.59569154150199,49.53371582491584,55.20605423510469,73.83349497584544,28.733559999999994,Dublin_City_Centre_(CBD)_min
267122012,13395590027,40.60927259259259,39.79595259259259,36.33284178799489,63.06324851851852,65.29441925925926,69.13248999096656,36.33284178799489,Sandyford_Business_District_min
267029031,13094909154,,,,,,,,
267050037,13568465578,37.95084235294117,36.40145568627452,68.44842666666666,59.66875161220043,48.040358461538474,44.387245128205116,36.40145568627452,IFSC___Docklands_min
267158003,10291727393,35.79497083333334,39.899704166666666,72.94262416666665,53.6178775,25.192664166666667,68.41597393939394,25.192664166666667,Blanchardstown_min
268022013,242733610,37.620475555555544,44.00183555555554,72.13633797979801,44.14344888888887,55.51979555555554,74.66043683215133,37.620475555555544,Dublin_City_Centre_(CBD)_min
268091008,25973647,35.43832761904763,35.55674095238096,54.981664761904774,58.824036878306885,57.33071401709401,35.81154222222223,35.43832761904763,Dublin_City_Centre_(CBD)_min
267132001/02,253176820,46.62475228070174,42.572085614035096,82.69833894736844,38.65816561403508,68.69004561403509,73.01526561403509,38.65816561403508,Dublin_Airport_min
267085022,7856510490,55.01216842105261,57.465515087719275,47.997366666666636,75.70002431372555,71.67091846153845,31.644586666666658,31.644586666666658,Tallaght_min
267147001,4456038127,47.61232597701148,46.062939310344824,57.58139653256704,69.33023523627074,54.9441480911681,17.470339310344823,17.470339310344823,Tallaght_min
268003017,2377744133,11.678578461538466,11.498591794871798,47.681322597791485,34.76588772079773,32.15795238095238,48.56554666666667,11.498591794871798,IFSC___Docklands_min
268027006,649296648,25.797003137254908,29.90173647058824,62.05290556149732,38.29482523809523,38.05136313725489,72.73525222816401,25.797003137254908,Dublin_City_Centre_(CBD)_min
268162018,11817222508,23.33606444444444,25.856077777777774,41.15676899224805,49.1233737037037,50.18787777777777,41.48439188405796,23.33606444444444,Dublin_City_Centre_(CBD)_min
267040030,12829867581,38.64342888888887,40.86482888888887,75.79108222222224,64.1321248148148,29.22128585858586,71.71309948717952,29.22128585858586,Blanchardstown_min
267140032,9503726968,58.96123384615385,57.41184717948719,65.97143384615386,79.49648837169649,66.55330512820514,28.819247179487174,28.819247179487174,Tallaght_min
268135007,4212377766,33.66841617486339,36.12176284153006,36.28880761904762,59.38905876745598,60.52022950819672,35.51654352941177,33.66841617486339,Dublin_City_Centre_(CBD)_min
268076008,3009470222,31.377097499999998,34.001644166666665,67.26123083333334,46.22036931286551,58.089219509132434,77.11024416666665,31.377097499999998,Dublin_City_Centre_(CBD)_min
267088013,534896031,40.23902666666666,39.42570666666667,39.81023586206896,62.693002592592606,64.92417333333334,68.76224406504066,39.42570666666667,IFSC___Docklands_min
267095018,253240377,46.8934419047619,48.02409765765764,78.06047878787878,71.2913935835836,69.67084148148147,88.29828222222224,46.8934419047619,Dublin_City_Centre_(CBD)_min
267028023,12919317356,34.745755897435885,38.75952888888888,71.89340923076922,57.365148278388254,22.96011589743591,60.16859589743588,22.96011589743591,Blanchardstown_min
268048014,375809785,22.367670980392166,20.050550980392167,56.97568252189413,38.18104135076253,48.586045215496824,66.94981098039213,20.050550980392167,IFSC___Docklands_min
267046001/267057001,13495913669,32.590641159420294,39.20220593929451,27.833979487179484,62.46950186522042,61.16796229417206,46.11452606060607,27.833979487179484,Sandyford_Business_District_min
267022003,9051330945,31.465337142857148,30.65201714285715,33.183274047619044,53.91931306878305,56.150483809523784,59.9885545412311,30.65201714285715,IFSC___Docklands_min
268071023/02,5334535185,41.26534169934641,43.889888366013075,76.98072033549781,53.08266095238097,67.97746370847882,77.71525999999996,41.26534169934641,Dublin_City_Centre_(CBD)_min
267120005,244223077,48.8257818181818,48.012461818181805,44.5493510135841,71.27975774410774,73.51092848484846,77.34899921655578,44.5493510135841,Sandyford_Business_District_min
268047006,339328238,27.040481754385958,25.985936410256418,60.52519151515152,43.805380952380965,51.00516761904763,70.14580889564336,25.985936410256418,IFSC___Docklands_min
268128017,13474543508,21.53267130434781,24.486167179487193,30.197696124030994,47.75346310541308,49.98463384615382,47.70286614035086,21.53267130434781,Dublin_City_Centre_(CBD)_min
267132028,12791411961,38.12580421052633,34.073137543859644,74.199390877193,30.159217543859647,60.19109754385968,64.51631754385967,30.159217543859647,Dublin_Airport_min
267123009,5058354681,63.2466931328321,58.5426,94.41373001594893,72.12867999999999,86.02409270955162,104.65153345029238,58.5426,IFSC___Docklands_min
267106009,253311817,41.711434285714304,41.787690000000005,72.87847116883113,49.32377,64.48883386243388,83.11627460317452,41.711434285714304,Dublin_City_Centre_(CBD)_min
267122011,218432047,47.17484888888892,46.0301998798799,46.677695121328235,69.29749580580581,72.6769437037037,79.4773433242999,46.0301998798799,IFSC___Docklands_min
268055007,13866837867,33.499514775255896,33.31952810858923,60.61149617173525,56.586824034515146,52.201328108589216,37.97673999999999,33.31952810858923,IFSC___Docklands_min
268109017,2601639200,16.82710666666666,9.840053333333332,50.78330647887324,35.38538823361825,43.04232295287997,55.839646478873235,9.840053333333332,IFSC___Docklands_min
268060010,6352548406,20.242401212121205,26.782094545454537,54.75826363636364,39.720313333333344,43.00600216450217,64.3459212206573,20.242401212121205,Dublin_City_Centre_(CBD)_min
268023012,1432597210,29.64177830845772,32.266324975124384,65.52591164179104,44.13865666666666,55.51500333333333,74.65564460992904,29.64177830845772,Dublin_City_Centre_(CBD)_min
267040016,12991968764,33.09955888888888,35.32095888888888,70.24721222222222,58.58825481481482,23.67741585858585,70.83004437908497,23.67741585858585,Blanchardstown_min
267059008,260657492,36.49670527808884,35.504770526315795,29.755569963369958,58.772066452241724,61.00323719298247,46.55503719298247,29.755569963369958,Sandyford_Business_District_min
268023006,26389178,26.129732698412706,28.754279365079373,62.01386603174605,39.56625847953218,52.84185470754514,71.86287936507934,26.129732698412706,Dublin_City_Centre_(CBD)_min
267002012,4385300517,60.107720000000015,50.67398666666668,89.93357333333333,64.26006666666669,87.53590814814815,97.57324666666666,50.67398666666668,IFSC___Docklands_min
268139003,5154415470,7.465453333333332,17.1004123943662,46.45196,40.36770832029212,32.18499111111111,58.458102857142855,7.465453333333332,Dublin_City_Centre_(CBD)_min
267001010/02,170831448,34.1566504964539,38.10923294117647,68.67251292069635,26.700846274509804,56.92025144883486,65.3857462745098,26.700846274509804,Dublin_Airport_min
268159005,2373089942,28.164025000000002,34.70371833333334,62.679887424242416,27.25734666666667,50.92762595238094,65.94224666666666,27.25734666666667,Dublin_Airport_min
268127005,8297379012,39.51968999999999,41.85249613445377,44.67826666666666,65.1197920603797,66.37150333333332,36.303751111111104,36.303751111111104,Tallaght_min
268028005,28247331,20.12817407407407,24.232907407407406,56.38407649831649,38.388217777777776,37.13128381766382,67.06642316498316,20.12817407407407,Dublin_City_Centre_(CBD)_min
268104015,131034880,10.872826666666667,17.038284324324323,49.66818148148149,40.305580250250266,38.00903000000002,59.51719481481483,10.872826666666667,Dublin_City_Centre_(CBD)_min
268055004,4411143154,34.840079537160655,34.66009287049398,59.5089495050686,57.92738879641992,53.54189287049399,34.57411649122807,34.57411649122807,Tallaght_min
268016008/02,2407371411,29.44309712121213,29.477461445536445,60.43767045454546,23.63221212121213,38.90643692307693,65.49401045454546,23.63221212121213,Dublin_Airport_min
267100074,8743592895,32.107400000000005,30.55801333333334,67.15291513227513,53.82530925925926,32.969118461538464,50.03806,30.55801333333334,IFSC___Docklands_min
267076008,3645724770,43.31003878787877,42.16538977886976,51.216799999999964,65.4326857047957,68.8121336026936,80.8841175757576,42.16538977886976,IFSC___Docklands_min
268117023,6088993100,21.81454051282051,20.001220512820513,36.63571073170731,43.26851643874643,45.49968717948717,46.56805739837397,20.001220512820513,IFSC___Docklands_min
268127016,1218889413,32.67438490566038,35.12773157232705,37.97250300089848,58.39502749825297,59.526198238993715,32.011836521739134,32.011836521739134,Tallaght_min
268088003,2423092469,35.797159393939395,38.42170606060607,71.6812927272727,32.324223157894735,53.75056982456142,71.00912315789472,32.324223157894735,Dublin_Airport_min
267104005,366641066,58.45747384615384,49.55707384615384,90.86666051282057,53.97648717948718,84.00836717948725,88.33358717948724,49.55707384615384,IFSC___Docklands_min
268096005,132578414,10.413110476190475,11.846193333333332,39.70674545454545,35.11348925925926,37.2649238095238,50.38909212121212,10.413110476190475,Dublin_City_Centre_(CBD)_min
268127010/03,8819102602,33.15266666666666,35.60601333333334,42.97812966756514,58.87330925925927,60.004480000000015,36.96815686274512,33.15266666666666,Dublin_City_Centre_(CBD)_min
267078013/01,13432164878,42.26574978723405,42.53379157894736,21.744767017543854,65.80108750487328,68.03225824561403,52.15291999999998,21.744767017543854,Sandyford_Business_District_min
268023008,7490417929,32.159778308457724,34.78432497512439,68.04391164179104,43.10984238095238,54.48618904761905,73.62683032421481,32.159778308457724,Dublin_City_Centre_(CBD)_min
268108021/02,13304629141,19.953986666666673,10.709146122448978,52.18699586206896,28.839636492819363,46.05436148148148,57.608406122448955,10.709146122448978,IFSC___Docklands_min
267130004,257302492,36.51997079365079,37.65062654654654,67.68700767676768,60.170546666666674,59.297370370370366,77.92481111111108,36.51997079365079,Dublin_City_Centre_(CBD)_min
267028053,10574540508,37.82091749999996,39.308984166666626,74.96857083333339,62.57628009259255,31.437494776995308,68.64597477699526,31.437494776995308,Blanchardstown_min
268026001,11948426670,28.045125555555558,30.919672222222225,63.92925888888889,40.312090952380956,47.511877619047624,66.65251889564337,28.045125555555558,Dublin_City_Centre_(CBD)_min
267028095,25962023,37.91995215022251,39.48503057057058,72.43581457446491,61.6854461261261,30.017965000000004,67.226445,30.017965000000004,Blanchardstown_min
268128007,12519320714,24.78155130434782,27.957775,31.01173904761904,51.225070925925934,53.35887243909961,46.20500296296298,24.78155130434782,Dublin_City_Centre_(CBD)_min
267091001,439751787,112.86939238095235,103.43565904761908,142.1952457142856,119.52058039215679,110.51195238095238,147.72043238095225,103.43565904761908,IFSC___Docklands_min
268012011,13735352938,26.011599649122804,30.11633298245614,62.51750207336523,33.89719053763441,29.95035053763441,67.1588305376344,26.011599649122804,Dublin_City_Centre_(CBD)_min
267031017,12980733342,41.743679047619054,43.13700777777779,77.0877917816721,65.81002592592594,24.024413333333346,69.80532444444442,24.024413333333346,Blanchardstown_min
267134002,2381537856,41.529631111111094,35.39618666666667,76.02243999999997,33.563044444444444,63.59492444444444,67.92014444444443,33.563044444444444,Dublin_Airport_min
267040055,12965853777,31.677639047619046,33.07096777777778,67.02175178167212,55.74398592592592,22.502919999999985,66.77935897435897,22.502919999999985,Blanchardstown_min
268048015,3261985330,20.874955555555555,24.51478101010101,56.7590888888889,42.11046630136987,49.31025296803653,66.60810222222224,20.874955555555555,Dublin_City_Centre_(CBD)_min
267128002,3052180758,31.118184848484848,30.304864848484847,33.26732444444444,53.57216077441077,55.803331515151505,59.46346484848484,30.304864848484847,IFSC___Docklands_min
267131002,38411776,37.5734,33.57073333333334,73.6469866666667,29.60681333333334,59.63869333333333,63.963913333333316,29.60681333333334,Dublin_Airport_min
267085007,286041222,53.22711333333335,55.68046000000002,38.890046666666656,66.5927043137255,67.20467672240804,27.178344927536227,27.178344927536227,Tallaght_min
267147005,12111664354,41.32289679012346,39.7735101234568,51.79976345679013,63.040806049382724,51.75128191832859,11.944271038251367,11.944271038251367,Tallaght_min
267118018,2455293101,59.48005572392521,56.24882153846155,90.6470926070421,60.66823487179488,82.25745530064478,95.02533487179488,56.24882153846155,IFSC___Docklands_min
268142012,3163035662,20.086087407407412,23.570360416666666,35.86671565891472,46.837656342592595,47.90216041666667,41.77131175438596,20.086087407407412,Dublin_City_Centre_(CBD)_min
268012001,2375574711,24.881948115942027,28.986681449275363,61.387850540184466,35.101064444444454,31.15422444444445,68.36270444444445,24.881948115942027,Dublin_City_Centre_(CBD)_min
267028004/02/04,5064257040,41.0614823188406,42.934991623931616,75.88577562782604,63.68087469979298,29.27584231884058,66.4843223188406,29.27584231884058,Blanchardstown_min
268005017,3130235749,15.743298018018018,15.563311351351352,51.79604215427107,38.830607277277295,25.243995151515154,51.072396841547445,15.563311351351352,IFSC___Docklands_min
267147014,6225655675,51.962777777777774,50.41339111111111,62.43964444444444,73.68068703703706,60.401161424501396,21.820791111111102,21.820791111111102,Tallaght_min
267109015,4225762056,28.199478260869554,26.65009159420289,63.2449933931447,49.91738752012884,48.081891594202915,54.07320713178294,26.65009159420289,IFSC___Docklands_min
268079007/02,5869735439,27.970775686274514,26.421389019607847,63.01629081854966,49.68868494553379,47.85318901960786,35.87621882352941,26.421389019607847,IFSC___Docklands_min
267151002,8622642846,46.738691986532,45.189305319865326,59.32466666666667,68.45660124579125,65.0969063980464,26.527734603174604,26.527734603174604,Tallaght_min
268106015,411503251,4.25076,9.323164347826088,42.34796126984127,32.59046027375202,35.61639689922481,52.525175632183895,4.25076,Dublin_City_Centre_(CBD)_min
267078013/02,12777159924,36.66624312056738,39.7371212121212,16.14526035087719,63.004417138047124,65.23558787878787,52.39526666666667,16.14526035087719,Sandyford_Business_District_min
268130007,2473982673,24.705244444444453,31.316809224318664,29.23085904761906,54.584105150244575,53.28256557919621,43.74182189054727,24.705244444444453,Dublin_City_Centre_(CBD)_min
268133017,5079710496,19.712466666666664,24.202620512820506,32.63781612403101,47.469916438746445,48.289787801418434,43.443833508771945,19.712466666666664,Dublin_City_Centre_(CBD)_min
268096011,12975826049,15.087307234042553,15.614311570701132,40.58357390070922,38.88160749662707,41.93912056737589,51.26592056737589,15.087307234042553,Dublin_City_Centre_(CBD)_min
267002042,10674387478,50.322166666666675,40.88843333333334,80.14801999999999,54.47451333333334,77.90204370370368,87.78769333333331,40.88843333333334,IFSC___Docklands_min
267028110,11880049524,41.17748222222221,43.88221555555554,78.32513555555556,63.79687460317459,29.39184222222222,66.6003222222222,29.39184222222222,Blanchardstown_min
268141002,133318455,15.316382222222222,19.674535365990995,35.60818108527133,42.9418312919169,43.633717708333315,46.278620338983046,15.316382222222222,Dublin_City_Centre_(CBD)_min
267029013/01,32571777,34.39289727699531,38.49763061032864,71.54055061032865,57.012289657947676,21.639906666666665,59.81573727699529,21.639906666666665,Blanchardstown_min
267133013,255715089,41.63967333333334,36.503673333333346,77.12992666666668,33.67308666666666,63.70496666666668,68.03018666666667,33.67308666666666,Dublin_Airport_min
268150003,358424037,21.97681287049398,21.796826203827322,54.344443158914714,45.06412212975326,40.67862620382733,42.30539855855856,21.796826203827322,IFSC___Docklands_min
268022007,1432597595,36.50367259259259,39.12821925925926,71.78727575757576,41.137324444444445,55.170733333333345,74.31137460992908,36.50367259259259,Dublin_City_Centre_(CBD)_min
267100043,8766446616,33.396183750000006,31.84679708333334,68.44169888227515,55.11409300925927,34.25790221153846,44.95562269503547,31.84679708333334,IFSC___Docklands_min
268035012,2369219354,18.5684625,19.973629743589743,55.716115833333326,43.24092566951567,27.0802775,55.48271523378582,18.5684625,Dublin_City_Centre_(CBD)_min
267050018,8961155617,37.35127000000001,35.801883333333336,63.104389999999995,59.06917925925926,47.74541951417003,29.19924952380953,29.19924952380953,Tallaght_min
267040015,12992016987,34.84877111111111,37.070171111111115,71.99642444444453,60.33746703703703,25.426628080808086,72.57925660130726,25.426628080808086,Blanchardstown_min
267103001/13,11673065743,37.66292156862745,36.11353490196079,72.70843670090261,59.38083082788671,38.52464003016591,51.698308235294114,36.11353490196079,IFSC___Docklands_min
267103001/17,10229171319,41.495854901960776,39.94646823529411,76.54137003423592,63.213764161220034,42.357573363499235,55.531241568627436,39.94646823529411,IFSC___Docklands_min
267100011,2671701919,41.23841647058823,39.689029803921564,76.28393160286336,62.956325729847485,42.100134932126686,50.37502980392156,39.689029803921564,IFSC___Docklands_min
268104010,131037450,13.385653684210526,17.464066666666664,49.269787017543855,40.88775393446078,42.44262761748265,59.118800350877194,13.385653684210526,Dublin_City_Centre_(CBD)_min
268106012,532695401,7.085600000000001,10.328657681159418,44.12686818181819,33.595953607085356,37.59841446808511,49.81319275362319,7.085600000000001,Dublin_City_Centre_(CBD)_min
268002006,11748392831,20.408405128205125,20.22841846153846,56.41114926445818,43.49571438746441,37.53259254901962,54.45470666666667,20.22841846153846,IFSC___Docklands_min
268015008,8940020941,26.660313333333345,26.694677657657664,57.654886666666656,20.673890370370376,39.55701037037037,62.71122666666665,20.673890370370376,Dublin_Airport_min
268083003,196269182,24.644160000000007,23.094773333333343,59.689675132275106,46.36206925925924,44.52657333333332,53.25550436465496,23.094773333333343,IFSC___Docklands_min
268030023,6976776045,13.791898412698412,17.896631746031744,50.93955174603173,37.552376296296295,29.607100289855072,60.800999876113025,13.791898412698412,Dublin_City_Centre_(CBD)_min
268056004,1410014066,34.48336982456139,32.93398315789474,57.541624761904764,56.20127908382066,52.97842161943319,31.459249824561404,31.459249824561404,Tallaght_min
268143014,255234993,15.904252307692303,14.759603298683293,42.79598442890444,38.026899224609245,41.40634712250713,53.47833109557111,14.759603298683293,IFSC___Docklands_min
267153002,11167492563,41.74532771929824,42.69287909184727,50.14344581453634,65.9601750177732,64.63477951417003,26.331811428571434,26.331811428571434,Tallaght_min
267055007,260167428,34.58846498855836,33.44996701754386,32.35028833333333,56.717262943469784,58.94843368421052,47.28757818181818,32.35028833333333,Sandyford_Business_District_min
267131014,6108983560,45.02582941176471,41.02316274509805,81.09941607843137,37.05924274509804,64.92556627450982,71.41634274509804,37.05924274509804,Dublin_Airport_min
268158016/02,5381117121,25.516095714285715,32.05578904761905,60.03195813852813,30.235615555555555,45.320540833333325,63.689390324214784,25.516095714285715,Dublin_City_Centre_(CBD)_min
268129017,2496300136,35.54979941176469,34.73647941176469,36.22930476190474,58.00377533769064,60.23494607843138,51.139599999999994,34.73647941176469,IFSC___Docklands_min
267132009,296433072,36.16325948717949,32.11059282051282,72.23684615384614,28.19667282051282,58.22855282051281,62.5537728205128,28.19667282051282,Dublin_Airport_min
267092040/267092049,4341696576,47.057210574712634,50.92776496067756,11.266719999999998,74.19506088660351,75.63453170946444,61.20589775419982,11.266719999999998,Sandyford_Business_District_min
268127010/02,8557675322,34.46029333333334,36.91364000000001,42.884686153846154,60.180935925925944,61.31210666666668,38.27578352941179,34.46029333333334,Dublin_City_Centre_(CBD)_min
267100066,8729501621,34.38805041666667,32.83866375,69.4335655489418,56.105959675925924,35.249768878205124,47.55309230769232,32.83866375,IFSC___Docklands_min
268105008,2413658295,,,,,,,,
268012004,339624016,24.519679649122807,28.624412982456143,61.025582073365236,32.405270537634415,28.458430537634413,65.66691053763441,24.519679649122807,Dublin_City_Centre_(CBD)_min
268096019,31015308,18.114853900709218,19.026204904034465,43.611120567375885,42.2935008299604,44.96666723404255,54.29346723404255,18.114853900709218,Dublin_City_Centre_(CBD)_min
268128019,59702513,16.13176,22.533073846153847,29.459511746031744,45.80036977207978,44.70908113475176,43.49643350877192,16.13176,Dublin_City_Centre_(CBD)_min
268060002,1455443094,16.71586787878788,23.255561212121208,51.23173030303028,34.6711145539906,39.47946883116881,58.87268122065728,16.71586787878788,Dublin_City_Centre_(CBD)_min
268084006,3928702816,18.89443692307693,17.345050256410257,53.93995205535205,40.61234618233618,38.776850256410256,44.07575636363637,17.345050256410257,IFSC___Docklands_min
267088007,317552001,45.279050434782576,44.46573043478258,31.6686950191571,67.73302636070852,69.96419710144927,73.8022678331566,31.6686950191571,Sandyford_Business_District_min
267106010,11420725370,35.3815942857143,36.51225003861005,66.54863116883115,45.44070666666667,58.158993862433846,76.78643460317461,35.3815942857143,Dublin_City_Centre_(CBD)_min
267004022,11631523895,39.43809318681319,40.56874893970894,70.60513006993007,58.904101652421666,62.21549276353276,80.8429335042735,39.43809318681319,Dublin_City_Centre_(CBD)_min
267131010,5003150350,42.592579607843135,38.58991294117647,78.6661662745098,34.62599294117648,62.005302745098035,68.98309294117647,34.62599294117648,Dublin_Airport_min
268032001,789290763,21.476311351351356,21.296324684684688,57.529055487604424,44.56362061061065,30.723180000000006,56.8054101748808,21.296324684684688,IFSC___Docklands_min
267125013,1419944645,33.99957142857143,33.18625142857143,20.471299047619045,56.45354735449736,58.6847180952381,52.92981904761905,20.471299047619045,Sandyford_Business_District_min
267040034,12716068617,38.097812380952384,39.49114111111113,73.44192511500545,62.164159259259264,28.92309333333332,71.2142523076923,28.92309333333332,Blanchardstown_min
268051014,364875131,35.00670620382732,34.826719537160656,64.41254476190475,58.094015463086585,53.708519537160655,38.330169824561395,34.826719537160656,IFSC___Docklands_min
267120004,400809334,80.8108644444444,79.99754444444442,76.53443363984674,103.26484037037041,105.49601111111114,109.33408184281848,76.53443363984674,Sandyford_Business_District_min
267078013/03,11293059697,35.29652312056738,38.367401212121194,14.77554035087719,61.63469713804712,63.86586787878786,51.65060086369769,14.77554035087719,Sandyford_Business_District_min
267100038,11869074794,31.06707708333333,29.517690416666664,66.11259221560847,52.784986342592596,31.92879554487179,43.19282564102564,29.517690416666664,IFSC___Docklands_min
267027005,12816809255,27.9255511111111,32.03028444444444,65.07320444444443,46.309258333333325,17.323244444444448,60.58518666666666,17.323244444444448,Blanchardstown_min
267028024,12914916018,33.931362318840584,36.636095652173914,71.07901565217392,56.550754699792954,22.145722318840587,59.35420231884057,22.145722318840587,Blanchardstown_min
267055008,132204404,37.63062808510637,36.7305803508772,35.63090166666666,59.99787627680312,62.229047017543856,49.88221052631581,35.63090166666666,Sandyford_Business_District_min
268025008,82676984,22.48760175438597,26.627427208931426,58.37173508771928,40.262762009132416,47.46254867579908,66.60318995239483,22.48760175438597,Dublin_City_Centre_(CBD)_min
267127009,5535979075,34.816053333333336,34.00273333333334,17.034553684210525,57.27002925925926,59.501200000000004,51.792653333333334,17.034553684210525,Sandyford_Business_District_min
267028082,25961971,35.91345881688918,37.47853723723725,70.4293212411316,59.6789527927928,25.65725333333334,62.86573333333333,25.65725333333334,Blanchardstown_min
267076001,4960815927,38.52913212121212,37.384483112203114,53.042795650623894,60.65177903812906,64.03122693602694,76.10321090909092,37.384483112203114,IFSC___Docklands_min
267100028,2677020869,38.523558260869564,36.97417159420289,73.56907339314466,60.241467520128815,39.38527672240802,50.5564923076923,36.97417159420289,IFSC___Docklands_min
268100004,4415580189,20.296442298850568,20.1164556321839,56.659375632183895,43.38375155810983,43.66492229885056,46.01011921568631,20.1164556321839,IFSC___Docklands_min
267040026,4752751651,43.667055555555585,45.88845555555558,80.81470888888879,69.15575148148146,34.24491252525253,74.67959282051274,34.24491252525253,Blanchardstown_min
267119006/01,1001702120,51.070186666666665,49.5208,74.33038666666666,72.78809592592592,58.02357179487179,37.1782,37.1782,Tallaght_min
268114011,4890712525,24.721637869173527,23.471117460317462,34.52989873873874,46.73841338624339,48.3362507936508,51.47971746031747,23.471117460317462,IFSC___Docklands_min
267028010,12892167373,35.23158850574713,38.152988505747125,72.37924183908045,57.85098088669952,23.445948505747115,60.654428505747134,23.445948505747115,Blanchardstown_min
268048003,2601598823,21.784235238095235,22.876550980392153,56.646366779597216,41.007041350762535,48.25672947319991,66.88417021394065,21.784235238095235,Dublin_City_Centre_(CBD)_min
267084040,103117097,53.95833333333333,56.41168,48.41122666666666,79.17687303167422,62.46538793522267,22.43905614035088,22.43905614035088,Tallaght_min
267040059/02,12979532633,42.88298571428571,44.27631444444444,78.22709844833884,66.38345904761904,31.97842666666666,69.18690666666664,31.97842666666666,Blanchardstown_min
267109007,107665398,30.11266807017544,28.563281403508775,65.15818320245057,51.8305773294347,36.381604175824194,41.9980547368421,28.563281403508775,IFSC___Docklands_min
268067004,2400844796,28.236640000000005,28.87289873015873,62.823682734053094,39.109546666666674,32.18673333333333,71.39641540010601,28.236640000000005,Dublin_City_Centre_(CBD)_min
267144001,6425911240,44.7874091005291,43.23802243386243,50.058789999999995,66.50531835978838,49.29113327635327,4.653226666666667,4.653226666666667,Tallaght_min
268043004,13399639259,24.84538777777778,27.515053232323233,59.707519319279754,45.6455436026936,51.31788201288245,69.94532275362322,24.84538777777778,Dublin_City_Centre_(CBD)_min
268053001,1908255522,25.56904666666667,25.68746,50.2229213092162,48.954755925925944,51.01951287049401,35.219665185185185,25.56904666666667,Dublin_City_Centre_(CBD)_min
268148004/04,5733881041,20.422032688172035,18.87264602150537,55.4675478204472,42.13994194743133,40.304446021505406,48.585689934640556,18.87264602150537,IFSC___Docklands_min
267041018,5183398245,24.132165128205123,28.236898461538456,61.27981846153845,51.50419438746438,19.926512380952385,63.924525714285714,19.926512380952385,Blanchardstown_min
268001003,2366320317,17.024814545454547,21.129547878787882,54.17246787878786,42.97820393442621,25.53364695652174,64.63814787878786,17.024814545454547,Dublin_City_Centre_(CBD)_min
267078015,60940317,43.04455148936169,49.6561162692359,28.101733333333332,72.92341219516182,71.62187262411345,54.7244892753623,28.101733333333332,Sandyford_Business_District_min
268080005,701150588,14.661024561403504,21.17502456140351,49.409526985645925,41.12298,32.85717999999999,60.0918736523126,14.661024561403504,Dublin_City_Centre_(CBD)_min
268117020,836786311,,,,,,,,
267100092/01,12258744659,29.47363238095237,27.9242457142857,64.51914751322751,51.19154164021164,30.33535084249083,42.321468070175435,27.9242457142857,IFSC___Docklands_min
267050022,1269046225,31.955484761904764,30.4060980952381,57.70860476190476,53.67339402116402,44.41106364672364,32.2279547089947,30.4060980952381,IFSC___Docklands_min
267027013,12819758584,24.652673333333333,28.757406666666668,61.80032666666667,49.86958666666668,18.705873333333333,61.44303929824561,18.705873333333333,Blanchardstown_min
267078011/02,2368405134,38.22191929824562,37.40859929824562,18.959852631578947,60.67589522417155,62.907065964912285,47.71703999999999,18.959852631578947,Sandyford_Business_District_min
268140004,247416076,14.702693846153844,17.595324837144833,38.91506108527135,40.86262076307077,41.55450717948718,46.15726449612404,14.702693846153844,Dublin_City_Centre_(CBD)_min
268006026,3943761211,27.95446602409639,28.519544444444445,62.47032844833882,51.19256259259261,30.124894814814816,71.62290814814817,27.95446602409639,Dublin_City_Centre_(CBD)_min
267075006,679686577,36.35323515151515,35.20858614250613,39.1352900900901,58.47588206843211,61.85532996632999,71.59381009009005,35.20858614250613,IFSC___Docklands_min
268049003,9607391675,20.165874545454542,20.126859999999997,54.26957942028985,38.25735037037038,45.87994211389255,64.50738285463329,20.126859999999997,IFSC___Docklands_min
267092017,12720462570,,,,,,,,
267040063,255964094,29.848640000000003,32.070040000000006,66.99629333333333,55.33733592592593,21.52840848484849,67.57912549019608,21.52840848484849,Blanchardstown_min
267132044,1743599626,42.00325614035089,37.95058947368421,78.0768428070175,34.03666947368421,64.06854947368423,68.39376947368422,34.03666947368421,Dublin_Airport_min
267031007,13081593314,38.501625714285716,39.894954444444444,73.84573844833886,60.311287692307694,11.871426666666661,68.58959435897437,11.871426666666661,Blanchardstown_min
268074008,2941843770,29.454325962732934,30.58498171562868,60.62136284584981,51.858272610159595,52.231725539452505,70.85916628019326,29.454325962732934,Dublin_City_Centre_(CBD)_min
268100009,2364597266,17.636575862068963,17.456589195402294,49.02470232558139,40.723885121328244,41.00505586206898,43.800961904761884,17.456589195402294,IFSC___Docklands_min
267025004,2401592852,42.0536603508772,40.90901134186819,42.12509122807018,64.17630726779412,67.55575516569199,71.66694456140354,40.90901134186819,IFSC___Docklands_min
268158003,6396843156,27.874776190476194,31.97950952380953,62.49016020202021,32.2108358974359,39.20104544217688,66.14759238770687,27.874776190476194,Dublin_City_Centre_(CBD)_min
267029022,12886440409,28.42913195402298,31.350531954022983,65.57678528735633,51.048524334975376,16.643491954022988,53.851971954023,16.643491954022988,Blanchardstown_min
268132011,3597482940,23.63754857142857,26.09089523809524,38.16860917748918,49.35819116402117,50.489361904761914,37.89910441558441,23.63754857142857,Dublin_City_Centre_(CBD)_min
268003019,13444452970,12.605690322580642,12.425703655913974,48.65843445883369,35.69299958183992,30.781552380952384,46.450599999999994,12.425703655913974,IFSC___Docklands_min
267050028,2982806360,31.609204761904767,30.0598180952381,57.36232476190476,53.32711402116402,43.38423698005699,31.20112804232804,30.0598180952381,IFSC___Docklands_min
267154002,8612706523,43.279233580246924,45.73258024691359,43.525634471544684,68.99987617283952,64.89964179487178,26.330470000000002,26.330470000000002,Tallaght_min
267021008,6083791677,31.29882035087721,30.1541713418682,37.60701333333332,53.42146726779411,56.80091516569199,63.048344696223324,30.1541713418682,IFSC___Docklands_min
268153003,10744392275,,,,,,,,
267085010,11099818601,57.61035888888888,60.06370555555556,46.55671333333331,74.25937098039216,70.36602164994427,30.33968985507246,30.33968985507246,Tallaght_min
268063004,2686868910,32.339541666666676,36.44427500000001,68.84544409090908,35.972843333333344,32.64744691358025,73.66165333333333,32.339541666666676,Dublin_City_Centre_(CBD)_min
267039006,14051432652,40.141825000000004,39.328505,42.4520488095238,62.595800925925914,64.82697166666665,68.66504239837397,39.328505,IFSC___Docklands_min
267020011,701760703,36.86128,36.04796,31.532546666666665,59.31525592592593,61.54642666666667,63.99106666666667,31.532546666666665,Sandyford_Business_District_min
267078011/01,4828944013,37.451991578947364,36.63867157894736,18.1899249122807,59.90596750487329,62.137138245614025,46.44581333333333,18.1899249122807,Sandyford_Business_District_min
268080002,699457886,12.414851228070175,18.928851228070176,47.163353652312594,38.87680666666667,33.118605394736846,57.84570031897927,12.414851228070175,Dublin_City_Centre_(CBD)_min
268115019,10974576611,20.418145641025635,19.273496632016627,41.834986666666666,42.540792557942574,45.75730181818182,54.017307210884354,19.273496632016627,IFSC___Docklands_min
267094003,459536448,67.16283979949873,68.29349555239449,98.3298766826157,84.47085218045119,89.94023937621839,108.56768011695914,67.16283979949873,Dublin_City_Centre_(CBD)_min
267081008,1432631396,39.63104482269504,46.24260960256925,30.20043282051283,69.5099055284952,68.20836595744682,44.74571333333333,30.20043282051283,Sandyford_Business_District_min
267111002/03,10276931318,30.98633714285715,32.116992895752894,62.15337402597401,55.38428882167882,53.763736719576706,72.39117746031748,30.98633714285715,Dublin_City_Centre_(CBD)_min
267078006,60939447,49.07097824561401,48.25765824561401,29.80891157894737,71.52495417153993,73.75612491228068,54.18293333333332,29.80891157894737,Sandyford_Business_District_min
267106016,253313960,47.58773882352943,38.68733882352943,79.31359215686277,46.22341882352943,73.0305515094927,80.58051882352942,38.68733882352943,IFSC___Docklands_min
268053006,9966420865,27.80137142857144,27.919784761904776,52.88167270060758,51.18708068783068,51.87834137223615,37.878416576576576,27.80137142857144,Dublin_City_Centre_(CBD)_min
267026004,5281842922,32.465880000000006,31.652560000000005,30.44269777777778,54.91985592592594,57.151026666666674,59.711160000000014,30.44269777777778,Sandyford_Business_District_min
268104017,6937110774,6.584293333333333,11.92289765765766,44.5527948148148,35.19019358358358,36.074015897435885,54.40180814814814,6.584293333333333,Dublin_City_Centre_(CBD)_min
268056006,364875059,34.753219393939396,33.20383272727273,55.96831324675326,56.471128653198654,53.24827118881118,31.729099393939396,31.729099393939396,Tallaght_min
267002006,12676863846,60.21289142857142,50.77915809523809,90.03874476190477,64.36523809523808,86.64107957671959,97.6784180952381,50.77915809523809,IFSC___Docklands_min
267080018,3292448481,43.27093815602836,49.88250293590257,27.9112,73.14979886182849,71.84825929078012,48.75334095238097,27.9112,Sandyford_Business_District_min
268088010,3809343503,35.65781166666667,39.521,70.17367409090909,28.112613333333332,49.53896,66.79751333333333,28.112613333333332,Dublin_Airport_min
267148012,8626954261,48.41784242424243,46.86845575757577,61.94358112554114,70.13575168350168,66.91289421911421,31.22460333333333,31.22460333333333,Tallaght_min
268140017,8995851515,11.804450802919707,12.306197469586374,45.18245080291971,35.5734933955123,36.1207050187266,46.71417168539327,11.804450802919707,Dublin_City_Centre_(CBD)_min
267118024,9388570340,61.012668031617515,57.78143384615385,92.17970491473436,62.200847179487184,83.79006760833704,96.55794717948714,57.78143384615385,IFSC___Docklands_min
267040057,255716187,28.70096923076923,32.80570256410257,65.84862256410257,56.072998490028496,24.933831515151518,70.77217779788838,24.933831515151518,Blanchardstown_min
268021001,242739599,27.706970000000002,34.088330000000006,62.22283242424242,33.69316,45.60629000000001,64.74693127659575,27.706970000000002,Dublin_City_Centre_(CBD)_min
267084009,9437764245,60.563028717948704,63.01637538461538,49.25929538461537,76.96195303167421,69.23982512820508,29.21349333333334,29.21349333333334,Tallaght_min
268049008,4842760285,16.943426666666667,19.05361212121212,52.82755999999999,37.1841024915825,45.910966201550394,62.67657333333333,16.943426666666667,Dublin_City_Centre_(CBD)_min
267124001,1419916320,42.16396952380953,41.35064952380953,29.16078333333333,64.61794544973544,66.84911619047618,59.11294666666665,29.16078333333333,Sandyford_Business_District_min
267083018,3469030688,56.005691666666664,55.572923604651166,40.171344999999995,63.848362647058835,65.78281244704571,38.413198333333334,38.413198333333334,Tallaght_min
267085014/01,325842965,55.98808666666666,58.44143333333333,41.651019999999995,69.35367764705883,65.46032831661093,25.43399652173914,25.43399652173914,Tallaght_min
267133001/02,13443948250,57.48868666666665,52.35268666666665,92.97894000000001,49.52209999999997,79.55398,83.87920000000001,49.52209999999997,Dublin_Airport_min
267040047,290797991,47.02775999999999,49.749698461538465,84.17541333333337,69.64715238095236,35.24212000000001,72.45059999999998,35.24212000000001,Blanchardstown_min
268096014,3800663432,12.485710476190478,13.010894117647059,38.12982545454546,36.278190043573,38.76647151515153,48.812172121212136,12.485710476190478,Dublin_City_Centre_(CBD)_min
267013017,7820667050,51.794877192982455,54.24822385964912,41.49437904761906,63.0444043137255,64.97885411371237,31.673351111111117,31.673351111111117,Tallaght_min
268054016,26414317,35.963727619047624,36.08214095238096,56.16696732600733,59.349436878306896,59.140847350427364,37.62167555555557,35.963727619047624,Dublin_City_Centre_(CBD)_min
267086010,8079460721,47.65833391304347,50.11168057971013,42.1112272463768,72.92300322676903,65.90393179487178,25.877599999999994,25.877599999999994,Tallaght_min
267141001,9629735822,53.607796190476186,52.05840952380952,53.534662857142855,75.32570544973547,64.03618131868132,23.465809523809526,23.465809523809526,Tallaght_min
268127001,67079499,40.36621,42.81955666666667,47.553581624649865,66.08685259259259,67.21802333333333,39.96065777777778,39.96065777777778,Tallaght_min
267105017/01,11171963068,44.8394853968254,45.97014114972115,76.00652227994229,55.721224444444445,67.61688497354496,86.24432571428572,44.8394853968254,Dublin_City_Centre_(CBD)_min
267088010,13974664775,32.75118376811594,31.937863768115946,32.67141501915709,55.20515969404187,57.436330434782604,61.27440116648992,31.937863768115946,IFSC___Docklands_min
267122013,2394263092,46.67461111111109,45.86129111111109,42.3981803065134,69.12858703703702,71.35975777777776,75.19782850948508,42.3981803065134,Sandyford_Business_District_min
267044009,9309780679,45.850404822695026,50.66136666666667,36.41979282051282,70.31257279857398,72.24702259856085,42.78603282051282,36.41979282051282,Sandyford_Business_District_min
267019014,5764803401,30.81722666666667,30.003906666666673,36.81349333333333,53.27120259259259,55.50237333333333,59.323068505747116,30.003906666666673,IFSC___Docklands_min
268038002,2685695336,34.22393166666667,32.674545,69.09499897435894,55.94184092592593,48.68693076923075,38.035598974358955,32.674545,IFSC___Docklands_min
267078001,247803248,52.54588482269504,52.586880000000015,30.817908888888898,75.85417592592594,78.08534666666668,56.77998666666667,30.817908888888898,Sandyford_Business_District_min
267140009,12278308702,51.939195555555564,50.3898088888889,60.220466172839515,73.65710481481482,58.89258068376069,23.06827950617284,23.06827950617284,Tallaght_min
267103001/15,9156412515,36.86419111111112,35.31480444444445,71.90970624338625,58.58210037037038,37.72590957264958,50.89957777777777,35.31480444444445,IFSC___Docklands_min
268112008,3227957822,29.142085797101455,27.99743678809245,40.936970980392154,51.26473271401839,54.644180611916276,63.446546152805944,27.99743678809245,IFSC___Docklands_min
268134009,2375609784,35.046936973995265,39.39376000000001,34.21492031746032,62.66105592592593,63.62425810874706,42.74541555555557,34.21492031746032,Sandyford_Business_District_min
268143026,2368551440,20.029516666666662,21.728696666666664,45.52578333333334,44.9959925925926,46.881330000000005,56.208130000000004,20.029516666666662,Dublin_City_Centre_(CBD)_min
268003005,13703976172,12.760631794871792,12.580645128205125,48.76337593112484,35.84794105413107,33.70133904761906,46.806933333333326,12.580645128205125,IFSC___Docklands_min
268142020,4009924045,18.61344740740741,22.848228134556575,34.17580507936507,46.115524060482485,47.19076854215916,43.487245087719295,18.61344740740741,Dublin_City_Centre_(CBD)_min
267105001,2485147157,34.437607619047625,35.56826337194337,65.60464450216448,50.354133333333316,57.21500719576717,75.84244793650795,34.437607619047625,Dublin_City_Centre_(CBD)_min
267038012,13607978225,38.88653449275363,38.07321449275363,38.668755862069,61.34051041867954,63.57168115942029,67.4097518911276,38.07321449275363,IFSC___Docklands_min
268043008,3012552339,29.968301298701302,29.05545333333333,61.135338181818184,47.18594370370372,52.74570087542089,71.37314161616162,29.05545333333333,IFSC___Docklands_min
267133016,296510931,43.60706000000001,38.47106000000001,79.09731333333337,35.64047333333333,65.67235333333335,69.99757333333336,35.64047333333333,Dublin_Airport_min
267059003,13439672036,40.558133526570046,39.41963555555556,34.40566329670328,62.68693148148149,64.91810222222223,50.71434666666667,34.40566329670328,Sandyford_Business_District_min
267030004,876361023,24.64048888888889,28.74522222222222,61.788142222222206,46.474054814814814,16.65484888888889,53.86332888888887,16.65484888888889,Blanchardstown_min
268045005,4474816339,27.387487965367978,27.41588927536233,58.55452484848482,45.546379645732685,50.164887542087506,68.79232828282825,27.387487965367978,Dublin_City_Centre_(CBD)_min
267028004/01,4484656199,39.839444444444425,42.54417777777776,76.98709777777779,62.4588368253968,28.053804444444452,65.26228444444442,28.053804444444452,Blanchardstown_min
268071006,301827392,41.13162412698412,42.262279879879884,72.29866101010101,60.02240121212124,63.9090237037037,82.53646444444446,41.13162412698412,Dublin_City_Centre_(CBD)_min
267125006,1419944737,41.18266285714286,40.36934285714286,28.088467008547003,63.63663878306878,65.86780952380953,59.07454666666668,28.088467008547003,Sandyford_Business_District_min
267103030,13240875365,30.06117481481482,28.511788148148153,65.10668994708995,51.77908407407406,30.922893276353282,49.38822814814814,28.511788148148153,IFSC___Docklands_min
268104002,131037682,10.613720350877191,14.848524675201514,46.497853684210526,38.11582060112745,39.67069428414932,56.346867017543865,10.613720350877191,Dublin_City_Centre_(CBD)_min
268006006,11866137863,21.081225641025643,22.56095897435898,58.22887897435898,42.36246564102565,19.668400000000002,58.07004446455506,19.668400000000002,Blanchardstown_min
267125003,13369946987,40.72106,39.907740000000004,28.675027008546987,63.17503592592593,65.40620666666668,58.27046666666668,28.675027008546987,Sandyford_Business_District_min
268006032,2955540028,29.953295714285712,34.019397777777776,67.10094904761904,56.69241592592591,28.951974814814815,70.44998814814814,28.951974814814815,Blanchardstown_min
267002033,8177623402,70.28422222222224,60.85048888888888,100.11007555555551,74.43656888888891,97.71241037037034,107.74974888888885,60.85048888888888,IFSC___Docklands_min
268044001,3259960695,23.80327463203464,21.970066666666664,54.970311515151515,40.100557037037056,46.58067420875421,65.20811494949496,21.970066666666664,IFSC___Docklands_min
268047008,496215654,22.462295087719287,26.602120542264746,58.346428421052636,40.40395872146118,47.60374538812785,66.74438666472358,22.462295087719287,Dublin_City_Centre_(CBD)_min
268046008,42503330,26.612621298701296,27.743277051597047,57.77965818181817,43.909390000000016,49.390020875420866,68.01746161616161,26.612621298701296,Dublin_City_Centre_(CBD)_min
267111003,5247059906,40.65414380952382,41.78479956241957,71.8211806926407,65.0520954883455,63.43154338624338,82.05898412698414,40.65414380952382,Dublin_City_Centre_(CBD)_min
267066020,923008682,29.6487619047619,29.683126229086223,60.64333523809525,22.96198857142857,36.332561081081074,65.69967523809524,22.96198857142857,Dublin_Airport_min
268011001,4891651502,28.45526888888888,32.56000222222222,63.302837979798,34.919962162162165,42.84849647058823,73.30996309178747,28.45526888888888,Dublin_City_Centre_(CBD)_min
268117003,8676059188,23.237315151515144,20.736915151515145,40.334809523809504,44.00421107744107,45.60204848484848,48.86715619047618,20.736915151515145,IFSC___Docklands_min
267133007,253193178,,,,,,,,
267026003,5171529237,28.563399999999998,27.75008,26.540217777777777,51.01737592592594,53.24854666666668,55.80868000000001,26.540217777777777,Sandyford_Business_District_min
267111008,5610592813,40.76802380952381,41.89867956241956,71.93506069264068,65.1659754883455,63.54542338624337,82.17286412698414,40.76802380952381,Dublin_City_Centre_(CBD)_min
267138018/02,11283899342,49.070636521739125,47.52124985507246,67.74515652173912,65.39348083546463,60.782225128205106,29.876965925925933,29.876965925925933,Tallaght_min
267045004,243190183,44.44017,46.89351666666667,36.028659487179496,70.16081259259259,71.29198333333333,44.26384615384617,36.028659487179496,Sandyford_Business_District_min
267077007,1424141321,34.48203259259258,33.33738358358358,40.33691675675676,56.60467950950953,59.984127407407414,72.05611138047139,33.33738358358358,IFSC___Docklands_min
268083010,196269231,23.159719999999993,21.610333333333326,58.20523513227512,44.87762925925926,43.04213333333333,49.809931031321625,21.610333333333326,IFSC___Docklands_min
268011011,4894561111,24.76995874213837,28.874692075471707,59.61752783304746,29.617273548387104,41.698051111111134,69.62465294503694,24.76995874213837,Dublin_City_Centre_(CBD)_min
268099003,13706174435,15.758802298850574,15.578815632183908,52.121735632183906,38.84611155810985,39.127282298850574,43.86830476190476,15.578815632183908,IFSC___Docklands_min
267004004,11681807959,32.46006857142857,33.59072432432431,63.62710545454544,56.85802025025025,55.23746814814813,73.8649088888889,32.46006857142857,Dublin_City_Centre_(CBD)_min
268052011,13461363573,28.611514285714282,28.729927619047615,54.39028892826381,51.997223544973544,53.7329617593829,34.345035555555555,28.611514285714282,Dublin_City_Centre_(CBD)_min
268103003,2369352249,25.544395151515154,25.662808484848487,52.937233158914715,48.93010441077442,49.65314620382732,42.08315921568629,25.544395151515154,Dublin_City_Centre_(CBD)_min
267099008,3790044985,33.54110000000001,24.640700000000006,65.26695333333333,38.66541818181818,62.269741134751776,71.00662666666666,24.640700000000006,IFSC___Docklands_min
268129022,499551745,25.67589020833332,23.862570208333317,35.681499047619056,47.12986613425928,49.36103687500002,51.550229629629634,23.862570208333317,IFSC___Docklands_min
267156005,4856458103,45.20672631578945,44.300778518518534,53.60484441102756,67.56807444444445,64.34521698005697,30.93159487179487,30.93159487179487,Tallaght_min
268160005,9955211363,20.767898245614038,27.30759157894737,55.28376066985643,35.80694764705883,43.53149919799496,59.81352333333332,20.767898245614038,Dublin_City_Centre_(CBD)_min
268042020,8022196958,33.65241777777778,36.322083232323244,68.51454931927977,54.45257360269362,60.12491201288246,78.7523527536232,33.65241777777778,Dublin_City_Centre_(CBD)_min
268134006,8633616539,27.26654608695652,29.71989275362319,32.880245714285714,52.98718867954912,54.118359420289856,36.30182189054727,27.26654608695652,Dublin_City_Centre_(CBD)_min
267132025,12774955294,35.09980561403509,31.047138947368424,71.17339228070176,27.133218947368427,57.16509894736841,61.49031894736841,27.133218947368427,Dublin_Airport_min
267085006,9668562561,61.71765575757575,64.17100242424242,47.38058909090908,75.08324673796791,73.82739740752001,33.80106561264821,33.80106561264821,Tallaght_min
268046004,7499333341,24.517671641791047,27.142218308457714,60.40180497512437,40.80927,51.22979365092346,70.25081830845774,24.517671641791047,Dublin_City_Centre_(CBD)_min
268119011,305247974,40.862875032679725,43.4874216993464,76.74700836601306,53.70625764705881,67.57499704181214,77.71283333333334,40.862875032679725,Dublin_City_Centre_(CBD)_min
268023001,9478466908,36.34205269841272,38.966599365079375,72.22618603174604,44.709684444444434,57.07913571428572,76.21977699088147,36.34205269841272,Dublin_City_Centre_(CBD)_min
268004007,3366952453,19.541020952380958,17.991634285714287,54.58653608465608,41.258930211640205,35.303114343434345,49.69894666666666,17.991634285714287,IFSC___Docklands_min
268110014,9338992317,22.243479420289855,17.02350252873563,44.07112363636362,35.15399289910601,49.095292753623184,58.42209275362318,17.02350252873563,IFSC___Docklands_min
267132015,940272034,38.96074385964913,34.90807719298245,75.03433052631581,30.99415719298245,61.02603719298246,65.35125719298244,30.99415719298245,Dublin_Airport_min
267159001,7096520429,113.84407999999995,115.64857860465109,100.7356494117647,123.92401764705875,125.8584674470457,98.48885333333332,98.48885333333332,Tallaght_min
267101014,8828538252,34.412417777777776,32.863031111111106,69.45793291005292,56.13032703703705,35.274136239316235,53.739471111111115,32.863031111111106,IFSC___Docklands_min
267065021/01,3004307771,48.84508190476193,49.97573765765768,80.01211878787879,62.74823333333334,71.62248148148154,90.24992222222221,48.84508190476193,Dublin_City_Centre_(CBD)_min
267132043,4992350647,42.72802947368421,38.67536280701756,78.80161614035087,34.76144280701755,64.79332280701755,69.11854280701755,34.76144280701755,Dublin_Airport_min
267020003/267025001,10942561772,32.21127619047619,31.148940865677712,26.88254285714286,54.416236791603644,56.89642285714286,59.34106285714286,26.88254285714286,Sandyford_Business_District_min
268015002,339241281,26.920765000000003,26.95512932432432,57.91533833333333,20.088146666666667,38.97126666666667,62.97167833333332,20.088146666666667,Dublin_Airport_min
268105009,3978866945,10.98076,18.490319061032867,50.01748634920633,41.5085837037037,37.05177428571427,60.994855555555546,10.98076,Dublin_City_Centre_(CBD)_min
268110015,31931869,37.35725282051282,39.05643282051282,60.74864901098899,59.355392386285466,64.20906615384614,73.11919948717947,37.35725282051282,Dublin_City_Centre_(CBD)_min
267049017,8857701479,40.16698095238094,38.617594285714276,71.63676761904757,61.884890211640204,41.0286994139194,34.85236761904761,34.85236761904761,Tallaght_min
268061004,8733023798,24.67815956989247,23.12877290322581,59.72367470216761,46.39606882915174,40.48231465201465,41.1774176344086,23.12877290322581,IFSC___Docklands_min
268063003,12692168408,30.188881025641027,34.29361435897436,66.69478344988345,33.74424641975308,31.90454666666668,69.11302666666667,30.188881025641027,Dublin_City_Centre_(CBD)_min
267135011,253225306,37.128215000000004,33.12554833333333,73.20180166666664,29.16162833333333,59.19350833333336,63.51872833333335,29.16162833333333,Dublin_Airport_min
267007002,9543962905,45.969112002182236,47.71010717948721,29.261360512820502,70.12163764705882,72.05608744704568,44.68647333333334,29.261360512820502,Sandyford_Business_District_min
268119005,8079172217,36.79188666666668,39.416433333333345,72.67601999999998,51.63515847953216,63.504008675799085,82.52503333333333,36.79188666666668,Dublin_City_Centre_(CBD)_min
267135008,254493951,37.71456166666668,33.71189500000001,73.78814833333333,29.74797500000001,59.77985500000001,64.105075,29.74797500000001,Dublin_Airport_min
267072003,480110119,48.14346461538464,47.330144615384626,46.296333333333315,70.59744054131055,72.82861128205131,76.66668201375862,46.296333333333315,Sandyford_Business_District_min
267155004,2586681413,42.42675272727273,40.87736606060605,56.42829706959708,64.14466198653197,60.921804522144505,29.913547368421053,29.913547368421053,Tallaght_min
267131007,6108983578,42.131059259259246,38.12839259259259,78.20464592592593,34.1644725925926,64.19635259259259,68.52157259259258,34.1644725925926,Dublin_Airport_min
268006016,3054458096,30.047653333333336,31.52738666666667,67.19530666666665,51.328893333333326,29.817520000000002,67.03647215686274,29.817520000000002,Blanchardstown_min
268075006,301830309,36.738379296066256,37.869035048962004,67.90541617918315,49.01889454545455,59.51577887278584,78.14321961352657,36.738379296066256,Dublin_City_Centre_(CBD)_min
268095003,2952446242,22.53548,20.986093333333333,57.580995132275156,44.253389259259286,42.41789333333336,42.01184549019611,20.986093333333333,IFSC___Docklands_min
268025005,26389516,30.17234666666667,32.79689333333334,66.05648,43.349839999999986,54.08722428571427,73.22786556231003,30.17234666666667,Dublin_City_Centre_(CBD)_min
267122008,243758764,40.18630444444443,39.372984444444434,35.909873639846744,62.640280370370355,64.8714511111111,68.70952184281842,35.909873639846744,Sandyford_Business_District_min
267019002,2406479472,27.46776992907801,26.323120920069005,39.583690909090905,49.59041684599494,52.96986474389282,62.093266081504694,26.323120920069005,IFSC___Docklands_min
268086001,4939797778,38.28934166666668,40.91388833333335,74.173475,40.14696982456143,60.53564242424245,78.83186982456138,38.28934166666668,Dublin_City_Centre_(CBD)_min
268090007,26414288,38.24562095238095,38.25730962962964,54.722049689441015,61.524605555555574,58.3017480911681,36.7825762962963,36.7825762962963,Tallaght_min
268088009,305255477,37.51537166666666,41.37856,72.03123409090908,29.97017333333333,51.39652,68.65507333333333,29.97017333333333,Dublin_Airport_min
268160002/01,6370094262,18.35715157894737,24.896844912280702,52.87301400318979,33.78556098039217,41.120752531328314,57.79213666666666,18.35715157894737,Dublin_City_Centre_(CBD)_min
267060005,13945117918,34.89909985815602,33.75445084914703,49.41276338756778,57.02174677507295,60.40119467297083,72.47317864603481,33.75445084914703,IFSC___Docklands_min
268069008,12762474275,32.407262222222215,36.51199555555555,68.91316464646464,40.296835555555546,30.32162222222222,74.52514222222221,30.32162222222222,Blanchardstown_min
268051010,13727757364,28.962714775255893,28.78272810858923,64.13055565891473,52.050024034515154,47.66452810858923,40.6518711111111,28.78272810858923,IFSC___Docklands_min
267029010,13096348196,37.90729833333334,39.395365000000005,75.05495166666667,61.10886102564097,12.669,66.3003772769953,12.669,Blanchardstown_min
267040012,12768035941,31.18711555555556,33.40851555555556,68.33476888888889,56.67581148148147,21.76497252525253,68.91760104575164,21.76497252525253,Blanchardstown_min
267143017,440136730,57.910087093153734,56.36070042648707,53.86718256410258,79.62799635241306,68.33847222135887,26.38687030303031,26.38687030303031,Tallaght_min
268120007,305241654,37.50617833333332,40.130724999999984,73.39031166666668,52.04040242424241,64.21830034246574,83.23932500000002,37.50617833333332,Dublin_City_Centre_(CBD)_min
267133023,6516113919,47.64995333333334,42.51395333333335,83.14020666666666,39.68336666666667,69.71524666666667,74.04046666666666,39.68336666666667,Dublin_Airport_min
267115001,7798841899,48.405415397407666,50.14641057471264,31.697663908045968,61.493642163187864,63.428091963174744,36.05847784946236,31.697663908045968,Sandyford_Business_District_min
267061001,648262323,43.33021212121214,42.18556311220313,57.84387565062391,65.45285903812908,68.83230693602694,80.90429090909089,42.18556311220313,IFSC___Docklands_min
268072012,6102967309,33.96019428571429,35.09085003861004,65.12723116883117,58.358145964535986,56.73759386243387,75.3650346031746,33.96019428571429,Dublin_City_Centre_(CBD)_min
268111008,9384607369,,,,,,,,
267050003,4324854836,37.47996380952382,35.930577142857146,65.39904499999999,59.197873068783075,38.341682271062275,30.497978333333332,30.497978333333332,Tallaght_min
268088008,305255177,39.75834499999999,43.62153333333333,74.2742074242424,32.21314666666667,53.639493333333334,70.89804666666666,32.21314666666667,Dublin_Airport_min
268143006,12073659651,,,,,,,,
267085011/01,1195493589,67.51745696969695,69.97080363636361,55.01372363636361,81.21393108734405,83.14838088733092,53.013557279314874,53.013557279314874,Tallaght_min
267080023,247804951,57.89895148936168,57.93994666666664,36.50324222222222,81.1583176470589,83.09276744704577,55.72315333333332,36.50324222222222,Sandyford_Business_District_min
267038002,256084830,62.14297166666665,61.32965166666665,32.84974390804598,84.59694759259249,86.82811833333322,77.29636442086648,32.84974390804598,Sandyford_Business_District_min
267147018,11264969736,49.8842311111111,48.33484444444444,60.361097777777765,71.60214037037039,60.31261623931622,19.742244444444452,19.742244444444452,Tallaght_min
267156008,4204789002,41.65716444444444,40.62557777777777,53.30517091575091,63.8928737037037,60.67001623931623,31.400784761904767,31.400784761904767,Tallaght_min
267035003,9598491919,61.945053333333334,60.39566666666668,60.588586666666664,83.66296259259258,72.37343846153843,31.80306666666667,31.80306666666667,Tallaght_min
268148002,7540906292,24.505859354838723,22.956472688172045,59.55137448711385,46.22376861409797,44.388272688172044,49.1041619512195,22.956472688172045,IFSC___Docklands_min
267050002,13805822761,,,,,,,,
268116011,13248834259,24.040728484848486,21.540328484848487,37.434792323232344,44.80762441077442,46.40546181818183,49.698928484848494,21.540328484848487,IFSC___Docklands_min
268161011,10605160452,18.491191372549018,18.60960470588235,41.48199565891475,41.876900631808276,44.25605586206895,41.137795670995665,18.491191372549018,Dublin_City_Centre_(CBD)_min
267112014,5907124529,50.4770533333333,48.92766666666664,82.45391999999993,72.19496259259257,70.31364512820511,42.64691999999997,42.64691999999997,Tallaght_min
267027015,12815479803,30.376764444444447,34.48149777777778,67.52441777777777,49.98133833333333,15.956893333333332,57.59977333333333,15.956893333333332,Blanchardstown_min
267086013,8227743148,47.111407407407405,49.56475407407406,41.564300740740734,71.06047098039215,69.95712179487178,29.930790000000005,29.930790000000005,Tallaght_min
268120008,305245469,33.48703166666667,36.111578333333334,69.37116499999999,48.02125575757576,60.19915367579908,79.22017833333334,33.48703166666667,Dublin_City_Centre_(CBD)_min
268143005,946515421,20.081612203389838,17.581212203389825,41.47376691358024,40.84850812931578,42.44634553672318,51.62724469135803,17.581212203389825,IFSC___Docklands_min
267140012,10062653858,47.86864717948718,46.31926051282052,54.87884717948718,69.58655643874644,58.29703230769231,17.726660512820512,17.726660512820512,Tallaght_min
268007012,9911661940,22.412575714285722,24.31882031746033,59.560229047619046,44.120326984127004,19.588106666666672,59.827905807656414,19.588106666666672,Blanchardstown_min
268101003,4465035108,22.981370542635663,23.099783875968992,51.512520716385986,46.36707980189491,47.73158896551725,42.63534476190476,22.981370542635663,Dublin_City_Centre_(CBD)_min
267050024,2982806351,33.73348864864865,32.18410198198199,59.48660864864864,55.45139790790791,48.400143646723656,35.581468648648645,32.18410198198199,IFSC___Docklands_min
267028063,12947264691,38.87841609195401,41.58314942528735,76.02606942528729,61.49780847290639,27.092776091954036,64.30125609195402,27.092776091954036,Blanchardstown_min
268010014,736979920,15.149480350877191,19.384284675201513,51.03361368421053,42.651580601127456,41.616992061403515,60.88262701754387,15.149480350877191,Dublin_City_Centre_(CBD)_min
268133015,564323163,20.98287130434783,26.622327179487186,29.647896124031014,49.889623105413115,49.560192439099595,41.37358614035087,20.98287130434783,Dublin_City_Centre_(CBD)_min
268155002,364874984,34.631286060606065,33.081899393939395,52.42025142857142,56.34919531986532,53.12633785547785,31.607166060606065,31.607166060606065,Tallaght_min
267004016,255179285,41.31825523809524,42.44891099099099,72.48529212121214,64.12114074074074,64.09565481481482,82.72309555555562,41.31825523809524,Dublin_City_Centre_(CBD)_min
268154007,13418752515,32.675505555555546,31.126118888888886,55.37696561660561,54.39341481481483,51.17055735042736,27.71603719298245,27.71603719298245,Tallaght_min
267101004,2618718030,37.20919450980394,35.65980784313727,72.25470964207905,58.92710376906319,38.070912971342395,46.34580784313726,35.65980784313727,IFSC___Docklands_min
267107013,11929113883,60.344102857142865,58.7947161904762,90.51082666666667,82.0620121164021,61.20582131868132,53.35864,53.35864,Tallaght_min
268014010,4800065520,33.35860999999999,37.463343333333334,69.61451242424245,40.05410857142858,40.08489111111113,77.29337111111113,33.35860999999999,Dublin_City_Centre_(CBD)_min
268006021,262894958,26.70222602409639,27.26730444444445,61.2180884483388,49.94032259259259,28.87265481481482,70.37066814814816,26.70222602409639,Dublin_City_Centre_(CBD)_min
267027006,3649221499,29.352107407407402,33.45684074074074,66.49976074074071,46.61540811594203,18.74980074074074,62.95332074074072,18.74980074074074,Blanchardstown_min
267084038,10740016964,54.34146555555558,56.79481222222225,43.41155333333332,71.11421098039219,66.47682068376068,26.45048888888889,26.45048888888889,Tallaght_min
267007014,248100604,41.77245315602836,43.513448333333336,25.06470166666666,59.749137647058824,61.6835874470457,34.31397333333334,25.06470166666666,Sandyford_Business_District_min
268122006,305250986,42.78229636363638,45.406843030303044,78.66642969696973,52.42864742424243,69.4944183727688,86.89346969696977,42.78229636363638,Dublin_City_Centre_(CBD)_min
267073004,4092565124,48.983019999999996,47.920684675201514,43.65428666666666,71.18798060112745,73.66816666666665,76.11280666666666,43.65428666666666,Sandyford_Business_District_min
267039005,258837304,35.448265,34.634944999999995,37.7584888095238,57.90224092592591,60.13341166666665,63.971482398373965,34.634944999999995,IFSC___Docklands_min
267084024,10731097142,54.437351111111106,56.890697777777774,43.88640205128206,71.58905969834085,64.12986512820514,24.10353333333332,24.10353333333332,Tallaght_min
267017009,107805928,37.371331622103376,36.22668261309436,37.47918222222223,59.49397853902031,62.873426436918194,67.02103555555556,36.22668261309436,IFSC___Docklands_min
267140034,9503726806,56.799609411764685,55.25022274509802,66.52579384615383,78.517518671024,63.75299453996981,29.373607179487188,29.373607179487188,Tallaght_min
267058002,146640948,40.741403809523824,39.928083809523834,41.81854666666667,63.19537973544973,65.42655047619047,56.85860484848486,39.928083809523834,IFSC___Docklands_min
268099006,4877134824,18.637135862068963,18.457149195402295,52.097888992248045,41.724445121328245,42.005615862068986,43.861478095238105,18.457149195402295,IFSC___Docklands_min
267004006,1487131025,42.82348190476191,43.95413765765765,73.99051878787876,67.2214335835836,65.60088148148148,84.22832222222225,42.82348190476191,Dublin_City_Centre_(CBD)_min
268017003,2761848603,32.38638666666667,38.92607999999997,66.90224909090905,34.50420842105264,45.47079210884353,70.55968127659571,32.38638666666667,Dublin_City_Centre_(CBD)_min
268120004,4469377980,35.80589833333334,38.430445000000006,71.69003166666667,48.61756242424243,62.51802034246576,81.539045,35.80589833333334,Dublin_City_Centre_(CBD)_min
268043009,2398342322,27.48528796536796,26.572439999999986,58.65232484848486,44.70293037037038,50.26268754208755,68.8901282828283,26.572439999999986,IFSC___Docklands_min
268076001,5564939242,30.979919365079365,33.604466031746036,64.5520544400527,44.41644514619882,56.162417133655396,74.78985787439612,30.979919365079365,Dublin_City_Centre_(CBD)_min
268065008,4697245423,25.301017971014495,29.405751304347827,61.80692039525691,26.156448484848486,30.190377971014495,68.89413515151516,25.301017971014495,Dublin_City_Centre_(CBD)_min
267116002,7773666854,47.40995666666666,48.307801937984486,32.67930222222222,56.583240980392155,58.51769078037903,31.14807666666667,31.14807666666667,Tallaght_min
268108015/02,717533779,14.012584444444446,5.112184444444446,46.421771111111106,28.14813592592593,38.5672948148148,51.4781111111111,5.112184444444446,IFSC___Docklands_min
267049016,8931113152,37.543629696969695,35.994243030303025,69.01341636363637,59.26153895622896,38.405348158508154,32.22901636363636,32.22901636363636,Tallaght_min
268046006,1432597139,26.895165714285714,29.51971238095238,61.20863151515151,41.291231812865504,52.818994208754205,71.44643494949494,26.895165714285714,Dublin_City_Centre_(CBD)_min
268038001,9423841763,,,,,,,,
268092006,2380357255,35.44293333333333,35.26294666666667,51.95774805385556,58.53024259259259,57.93253287049399,43.403039487179484,35.26294666666667,IFSC___Docklands_min
268005010,2399638693,21.468002424242425,21.288015757575756,57.52074656049545,44.55531168350168,32.599021010101005,54.26720000000001,21.288015757575756,IFSC___Docklands_min
268043011,2418853487,28.076706666666674,30.746372121212126,62.93883820816863,48.876862491582486,54.54920090177133,73.17664164251208,28.076706666666674,Dublin_City_Centre_(CBD)_min
268143023,13188793030,20.104543333333325,21.803723333333327,45.60081,45.071019259259266,46.95635666666667,56.28315666666667,20.104543333333325,Dublin_City_Centre_(CBD)_min
267147022,6231340256,50.702407619047634,49.15302095238096,63.6792742857143,67.75812431372552,61.130792747252755,22.839229743589744,22.839229743589744,Tallaght_min
267028119,16344967,27.87248183908046,30.793881839080463,65.02013517241379,50.49187422003284,16.08684183908046,53.29532183908046,16.08684183908046,Blanchardstown_min
268024006,26389490,29.25269111111111,31.877237777777776,65.13682444444444,38.30357333333333,49.67992,68.82056127659574,29.25269111111111,Dublin_City_Centre_(CBD)_min
268041012,6770120981,26.98388422360249,26.76416869565218,58.15092110671935,44.894659066022534,49.76128380032205,68.38872454106279,26.76416869565218,IFSC___Docklands_min
267077001/02,727301442,33.838919259259264,32.694270250250256,38.045938571428565,55.96156617617619,59.341014074074074,68.64612523809524,32.694270250250256,IFSC___Docklands_min
267092016/01,12720462568,,,,,,,,
267100026,10245324684,47.78062999999998,46.231243333333325,82.82614513227509,69.49853925925922,48.64234846153844,53.93848444444442,46.231243333333325,IFSC___Docklands_min
267092025,12481115267,51.94002666666665,51.12670666666665,21.07864000000001,74.3940025925926,76.62517333333334,62.23647999999998,21.07864000000001,Sandyford_Business_District_min
267100017,316825463,33.72485777777777,32.1754711111111,68.77037291005291,55.442767037037044,34.58657623931624,39.79357777777778,32.1754711111111,IFSC___Docklands_min
267100055,8783874695,36.36062666666667,34.81124,71.40614179894177,58.07853592592592,37.22234512820513,51.38163487179486,34.81124,IFSC___Docklands_min
267074003,701760590,46.178984615384614,45.36566461538461,45.62525128205128,68.63296054131054,70.8641312820513,74.7022020137586,45.36566461538461,IFSC___Docklands_min
268042027,2416575586,34.20308484848485,33.78693333333332,65.86681818181819,51.91742370370371,57.477180875420885,76.10462161616167,33.78693333333332,IFSC___Docklands_min
268149004,4397272916,14.819485128205127,14.63949846153846,50.82222926445816,37.90679438746439,35.10277945355191,48.15026855325914,14.63949846153846,IFSC___Docklands_min
267103028,2872203628,38.83386666666665,37.28448,73.87938179894186,60.551775925925945,39.69558512820512,56.9077390990991,37.28448,IFSC___Docklands_min
267020001,9405408372,38.79920701754385,37.65455800853485,33.98918666666667,60.92185393446078,64.00306666666665,66.44770666666665,33.98918666666667,Sandyford_Business_District_min
267061005,8018544659,46.61287319148935,45.468224182480334,61.1265367209011,68.73552010840628,72.11496800630417,84.18695197936826,45.468224182480334,IFSC___Docklands_min
267095022,6644901613,39.25489523809524,40.385550990990986,70.42193212121211,63.65284691691692,62.032294814814804,80.65973555555561,39.25489523809524,Dublin_City_Centre_(CBD)_min
267028080/02,12914098738,39.538552150222515,41.10363057057057,74.05441457446493,63.304046126126124,30.217413333333333,67.42589333333333,30.217413333333333,Blanchardstown_min
267150006,2585187671,36.27189333333334,37.21944470588236,44.67001142857144,60.48674063180829,61.71324714370901,30.310742015503877,30.310742015503877,Tallaght_min
268138008,6977182262,8.896706666666669,15.410706666666668,43.38687575757576,38.6780025925926,29.24713428571429,54.069222424242426,8.896706666666669,Dublin_City_Centre_(CBD)_min
267002032,247797250,55.68962666666666,46.25589333333333,85.51547999999998,59.841973333333335,83.1178148148148,93.15515333333332,46.25589333333333,IFSC___Docklands_min
268106003,9071686844,7.805293333333335,14.421344136253039,47.29759746958637,37.68864006217896,37.586991111111125,52.613691685393285,7.805293333333335,Dublin_City_Centre_(CBD)_min
268134012,8880970826,27.175564444444447,29.83532273092369,31.701179047619057,53.10261865684962,54.233789397590364,38.432040346320335,27.175564444444447,Dublin_City_Centre_(CBD)_min
268155006,2670213055,34.062579393939394,32.51319272727273,55.457819913419925,55.78048865319865,52.557631188811186,31.03845939393939,31.03845939393939,Tallaght_min
267131025,2107718538,44.39695450980392,40.394287843137256,80.47054117647058,36.430367843137255,61.531499166666684,70.78746784313724,36.430367843137255,Dublin_Airport_min
267029023,12883272046,27.839695632183904,30.761095632183906,64.98734896551723,50.45908801313627,16.05405563218391,53.26253563218389,16.05405563218391,Blanchardstown_min
267002009,2455293095,64.57739555555557,55.14366222222223,94.40324888888884,68.72974222222223,92.00558370370366,102.04292222222217,55.14366222222223,IFSC___Docklands_min
267028051,12782110220,37.54335999999999,40.24809333333333,74.69101333333336,60.16275238095237,25.757719999999992,62.966199999999986,25.757719999999992,Blanchardstown_min
267051009,8703317171,34.41701886178862,32.86763219512196,69.46253399406372,56.13492812104784,40.29552159879334,42.652997192982426,32.86763219512196,IFSC___Docklands_min
268001007,13904119100,12.920072745098041,18.939686078431368,50.18260607843137,37.41287555555555,28.74713584541063,58.394054208512664,12.920072745098041,Dublin_City_Centre_(CBD)_min
267158020,304699521,37.74200952380952,41.846742857142864,74.88966285714288,54.2649161904762,27.13970285714286,67.53151619047618,27.13970285714286,Blanchardstown_min
268048012,9688825058,26.344257142857142,24.027137142857143,60.95226868435913,42.157627513227524,52.56263137796182,70.92639714285717,24.027137142857143,IFSC___Docklands_min
268092008/02,122814281,30.33983714285715,31.28738851540617,48.16078322344322,54.55468444133208,56.84589300492609,34.84127846153846,30.33983714285715,Dublin_City_Centre_(CBD)_min
267133031,254609379,70.16792095238095,65.03192095238097,105.65817428571424,62.201334285714296,92.23321428571428,96.55843428571426,62.201334285714296,Dublin_Airport_min
268059008,8954898931,21.24165269076305,27.78134602409637,55.757515115005475,47.58149333333335,44.00525364314401,66.34476157965193,21.24165269076305,Dublin_City_Centre_(CBD)_min
267103001/12,9158271540,35.379164444444434,33.82977777777777,70.42467957671958,57.09707370370369,36.24088290598289,49.414551111111095,33.82977777777777,IFSC___Docklands_min
268042010,241786529,31.962098181818185,33.031798095238095,66.82422972332016,51.16228846560846,58.434592416922854,77.06203315766362,31.962098181818185,Dublin_City_Centre_(CBD)_min
267084012,4867374075,57.23152717948717,59.68487384615384,45.49028666666666,73.19294431372552,66.61610512820512,26.589773333333333,26.589773333333333,Tallaght_min
267140020,9919526575,51.924620000000004,50.37523333333334,65.27176,73.64252925925929,58.87800512820513,28.119573333333335,28.119573333333335,Tallaght_min
267133008,9113671823,46.187454545454536,41.05145454545454,81.67770787878788,38.22086787878788,68.25274787878787,72.57796787878787,38.22086787878788,Dublin_Airport_min
268017018,1529891714,27.201058775510205,31.30579210884354,62.048627866419295,25.224981754385972,36.29041877551022,66.01439338543928,25.224981754385972,Dublin_Airport_min
267088001,481234326,54.78763833333333,53.97431833333333,31.47374252873563,77.24161425925924,79.47278499999997,75.92036304155614,31.47374252873563,Sandyford_Business_District_min
268081010,10557761268,11.990204102564105,18.009817435897443,49.25273743589742,40.704439569892465,32.038699859747545,59.71841743589743,11.990204102564105,Dublin_City_Centre_(CBD)_min
267078003,635746416,69.0192586688489,70.7602538461539,52.3115071794872,85.20149098039215,87.13594078037903,59.76632666666669,52.3115071794872,Sandyford_Business_District_min
267003027,479843962,54.79659047619045,45.36285714285712,84.62244380952383,58.948937142857126,80.56645481481482,92.26211714285715,45.36285714285712,IFSC___Docklands_min
267065014,12391442603,39.353921904761904,40.48457765765765,70.5209587878788,54.68360666666664,62.13132148148147,80.75876222222224,39.353921904761904,Dublin_City_Centre_(CBD)_min
267028028,12912646957,35.066568888888895,38.61296888888889,72.21422222222222,57.685961269841265,23.280928888888898,60.48940888888888,23.280928888888898,Blanchardstown_min
267040019,12966582323,34.733268888888894,36.9546688888889,71.8809222222222,60.22196481481482,25.31112585858586,66.83762564102565,25.31112585858586,Blanchardstown_min
267136006,4267160644,54.89933818181818,53.34995151515151,55.944353118279565,76.61724744107742,62.04141058275057,23.472238787878787,23.472238787878787,Tallaght_min
268117002,13013917406,23.602532307692304,21.308333333333337,42.29834666666668,44.57562925925927,46.17346666666668,52.28842721088436,21.308333333333337,IFSC___Docklands_min
268136007,8663486950,31.486606327683617,33.939952994350286,37.41496966756514,57.20724892027621,58.33841966101694,30.82867703703704,30.82867703703704,Tallaght_min
267147003,5285265432,40.98621679012346,39.4368301234568,51.46308345679013,62.70412604938272,51.414601918328586,11.282706666666668,11.282706666666668,Tallaght_min
267065006/01,10267111573,55.61024634920634,56.74090210210209,86.77728323232323,57.853631111111106,78.38764592592591,92.2107311111111,55.61024634920634,Dublin_City_Centre_(CBD)_min
267026007,690542712,37.649573939393946,36.836253939393956,34.94903714285716,60.10354986531988,62.334720606060614,66.17279133776793,34.94903714285716,Sandyford_Business_District_min
267036001,1411048308,45.92272,45.10939999999999,45.47455194050035,68.37669592592593,70.60786666666665,74.445937398374,45.10939999999999,IFSC___Docklands_min
268006023,4371272520,24.707932690763062,25.27301111111112,59.223795115005466,47.946029259259255,26.878361481481488,68.37637481481482,24.707932690763062,Dublin_City_Centre_(CBD)_min
268076005,1529977275,28.46647083333334,31.091017500000007,64.35060416666666,42.697733333333325,55.17859284246574,74.19961750000002,28.46647083333334,Dublin_City_Centre_(CBD)_min
268076007,301810690,29.82507083333333,32.4496175,65.70920416666667,44.66834264619884,56.53719284246576,75.55821749999998,29.82507083333333,Dublin_City_Centre_(CBD)_min
267050012,7614673842,36.23145666666666,34.68207,61.98457666666665,57.94936592592592,49.285950842490834,31.212089523809528,31.212089523809528,Tallaght_min
268082006,5597784485,14.602079999999997,17.45171291666667,52.48934413625303,40.719008842592594,36.89032695652174,54.65598793650793,14.602079999999997,Dublin_City_Centre_(CBD)_min
268104016,3821992821,12.491146666666664,18.656604324324327,51.28650148148149,41.92390025025026,39.62735000000001,61.13551481481482,12.491146666666664,Dublin_City_Centre_(CBD)_min
268133014,8390553659,26.038562730923704,28.49190939759037,36.33441904761907,51.7592053235163,52.89037606425703,37.088627012987004,26.038562730923704,Dublin_City_Centre_(CBD)_min
267028004/02/13,13556004982,49.254031111111104,51.95876444444444,85.452615627826,71.87342349206348,37.46839111111112,74.67687111111111,37.46839111111112,Blanchardstown_min
268118005,1660023203,17.21982095238096,15.67043428571429,52.26533608465609,38.93773021164022,37.070730965732096,45.70389333333334,15.67043428571429,IFSC___Docklands_min
267136002,6339626759,52.47317684210528,51.537625454545456,57.73229131364998,74.80492138047137,60.22908452214451,21.659912727272737,21.659912727272737,Tallaght_min
267100081,13173252513,29.23928313725491,27.689896470588238,64.28479826953001,50.95719239651415,30.101001598793367,41.775808627450964,27.689896470588238,IFSC___Docklands_min
268040001,3421375346,34.030753333333344,32.48136666666668,69.07626846560846,55.74866259259258,52.228589976689975,41.57725818181818,32.48136666666668,IFSC___Docklands_min
267092026/02,8105797717,44.95474390804597,48.825298294010885,14.656810574712642,72.0925942199368,73.53206504279775,59.10343108753315,14.656810574712642,Sandyford_Business_District_min
267028075,3518229404,36.42885086419751,39.133584197530844,73.57650419753085,59.04824324514989,24.64321086419753,61.85169086419751,24.64321086419753,Blanchardstown_min
268052008,4895260196,24.711441759382875,24.53145509271621,59.910174071613156,47.79875101864216,43.41325509271623,39.403737777777785,24.53145509271621,IFSC___Docklands_min
267038007,2397254998,42.00262406504066,41.18930406504067,30.10512919540231,64.4565999909666,66.68777073170733,70.52584146341466,30.10512919540231,Sandyford_Business_District_min
267119012,441847468,52.612457142857146,51.06307047619048,75.62265714285714,73.93283764705886,59.56584227106227,38.470470476190485,38.470470476190485,Tallaght_min
268009005,144841399,17.09824294985251,21.33304727417683,52.98237628318587,44.6003432001028,46.05544144927536,62.83138961651921,17.09824294985251,Dublin_City_Centre_(CBD)_min
268085015,6189373553,23.217580952380956,21.668194285714286,58.263096084656105,44.935490211640236,43.0999942857143,44.425594285714304,21.668194285714286,IFSC___Docklands_min
267044004,46660942,45.49052482269504,51.42642666666668,34.81812000000001,69.9625061319073,71.89695593189418,37.343840000000014,34.81812000000001,Sandyford_Business_District_min
268091007,25973700,39.18199999999999,39.00201333333332,52.23769142857143,62.269309259259245,61.671599537160645,38.918186666666664,38.918186666666664,Tallaght_min
268057007,5757421407,23.391360000000002,21.841973333333332,58.43687513227514,45.10926925925926,43.27377333333333,44.36707406162464,21.841973333333332,IFSC___Docklands_min
268070008,4358636075,22.494753333333335,25.369300000000003,58.37888666666666,36.59678904761904,43.79657571428571,62.937216990881446,22.494753333333335,Dublin_City_Centre_(CBD)_min
268053010,4903175728,28.94060666666667,29.059020000000007,53.58547270060758,52.326315925925925,54.25111953716067,38.58221657657657,28.94060666666667,Dublin_City_Centre_(CBD)_min
268091002,1410013788,33.74442666666667,33.564440000000005,51.83058805385557,56.83173592592594,56.234026203827334,41.55187555555555,33.564440000000005,IFSC___Docklands_min
268083005,196269172,24.979439999999997,23.43005333333333,60.02495513227515,46.697349259259276,44.86185333333335,49.45465103132163,23.43005333333333,IFSC___Docklands_min
267076010,694132496,44.12382545454545,42.97917644553643,58.097226666666636,66.2464723714624,69.6259202693603,81.69790424242427,42.97917644553643,IFSC___Docklands_min
268015014/02,6383209901,21.428266666666673,21.46263099099099,52.42284,20.372317037037035,39.25543703703705,57.47918,20.372317037037035,Dublin_Airport_min
267039004,480144564,37.11548000000001,36.30216,39.42570380952382,59.56945592592593,61.800626666666666,65.63869739837398,36.30216,IFSC___Docklands_min
268054014,4896219748,29.571113333333333,29.689526666666666,51.051656124031005,52.9568225925926,54.90288803890283,36.399158518518526,29.571113333333333,Dublin_City_Centre_(CBD)_min
268008014,4860582802,50.179405833333334,52.80395250000001,83.71022101010098,58.11900166666667,75.32058370370369,93.94802444444441,50.179405833333334,Dublin_City_Centre_(CBD)_min
267073002,664127760,48.50841333333333,47.44607800853485,43.17967999999999,70.71337393446078,73.19355999999998,75.63819999999997,43.17967999999999,Sandyford_Business_District_min
268022004,4524144741,34.24613777777778,36.87068444444446,69.51907575757573,41.526186666666675,52.902533333333345,72.04317460992904,34.24613777777778,Dublin_City_Centre_(CBD)_min
267053002,11983094405,37.047626666666666,35.49823999999999,67.59116,58.76553592592594,45.98496871794872,25.54967999999999,25.54967999999999,Tallaght_min
268072010,6070559251,32.06374095238097,33.194396705276716,63.23077783549781,56.461692631202624,54.84114052910051,73.4685812698413,32.06374095238097,Dublin_City_Centre_(CBD)_min
267050035,8946867977,38.58993238095239,37.04054571428573,64.34305238095239,60.30784164021165,51.28215084249084,36.26094285714286,36.26094285714286,Tallaght_min
268123007,295516503,40.35552333333333,42.98007,76.23965666666666,42.68910315789474,63.973093333333345,81.37400315789472,40.35552333333333,Dublin_City_Centre_(CBD)_min
267103014,2646176847,36.082524637681175,34.5331379710145,71.1280397699563,57.800433896940426,36.944243099219634,49.11791130434783,34.5331379710145,IFSC___Docklands_min
267082002,7369758768,32.9167114893617,39.52827626923592,23.48609948717949,62.79557219516185,61.49403262411349,47.959115555555556,23.48609948717949,Sandyford_Business_District_min
268006022,11836767667,26.4936660240964,27.058744444444457,61.0095284483388,49.731762592592595,28.664094814814824,70.16210814814816,26.4936660240964,Dublin_City_Centre_(CBD)_min
267030001,12760078633,29.55921333333334,33.663946666666675,66.70686666666666,47.40074916666666,14.174719999999995,54.98205333333332,14.174719999999995,Blanchardstown_min
267130008,257301601,30.61946857142857,31.750124324324318,61.78650545454546,55.017420250250275,53.39686814814816,72.0243088888889,30.61946857142857,Dublin_City_Centre_(CBD)_min
268006034/02,11542271545,25.568639357429717,26.133717777777772,60.08450178167213,47.89878857142856,27.739068148148142,69.2370814814815,25.568639357429717,Dublin_City_Centre_(CBD)_min
267056007/01,8506843819,30.658208717948707,29.84488871794871,35.75627319148938,53.11218464387466,55.3433553846154,52.85528652482271,29.84488871794871,IFSC___Docklands_min
267111002/04,6687936861,29.775630476190486,30.906286229086234,60.94266735930734,54.17358215501215,52.55303005291003,71.18047079365074,29.775630476190486,Dublin_City_Centre_(CBD)_min
268116006,804635351,24.72081020833333,22.90749020833333,36.31702372093023,46.17478613425927,48.40595687500001,51.84331871408046,22.90749020833333,IFSC___Docklands_min
267041014/01,255962881,24.638658461538462,28.743391794871798,61.7863117948718,52.010687720797726,25.679832380952366,66.70986702865761,24.638658461538462,Dublin_City_Centre_(CBD)_min
268029003,4906958945,11.818146024096386,18.357839357429718,46.334008448338814,37.312760000000004,33.96112338624338,56.92125491298527,11.818146024096386,Dublin_City_Centre_(CBD)_min
267028004/02/03,4472757422,39.74393987025022,41.30901829059828,74.25980229449266,63.50943384615383,31.80989555555556,69.01837555555556,31.80989555555556,Blanchardstown_min
268103009,4375856675,,,,,,,,
268150005,224036059,20.06437988700565,19.884393220338985,56.427313220338974,43.1516891462649,43.43285988700564,45.17051921568629,19.884393220338985,IFSC___Docklands_min
268048008,3262156679,18.871186666666674,18.577838787878793,50.447224874835314,36.708329158249164,42.057587568438,60.68502830917875,18.577838787878793,IFSC___Docklands_min
267126010,4254694942,32.58557269841269,31.772252698412693,34.10966424242424,55.03954862433863,57.270719365079366,61.108790096786684,31.772252698412693,IFSC___Docklands_min
267038006,256084762,58.39179833333331,57.578478333333315,29.098570574712646,80.84577425925917,83.07694499999992,73.54519108753317,29.098570574712646,Sandyford_Business_District_min
268138004,3575151648,8.08844,15.597999061032862,46.265113015873,38.86529498695878,34.36459,57.684575555555554,8.08844,Dublin_City_Centre_(CBD)_min
267048003,10822352554,39.75733333333333,38.207946666666665,67.66031272727271,61.47524259259259,41.52480417582415,32.75924606060606,32.75924606060606,Tallaght_min
267029016,12842692213,31.961891764705886,36.06662509803919,69.10954509803919,54.58128414565822,19.129025641025645,57.38473176470585,19.129025641025645,Blanchardstown_min
267133033,12766503659,45.618254285714286,40.48225428571428,81.10850761904759,37.65166761904761,67.68354761904762,72.00876761904763,37.65166761904761,Dublin_Airport_min
268136015,251007630,28.556232994350285,31.009579661016954,39.812909536846185,54.27687558694288,55.408046327683614,32.04028653594771,28.556232994350285,Dublin_City_Centre_(CBD)_min
267120012,4308722696,38.89530444444443,38.08198444444443,34.61887363984675,61.34928037037036,63.580451111111095,67.41852184281841,34.61887363984675,Sandyford_Business_District_min
268066011,2375495048,28.499457777777774,32.60419111111111,65.0053602020202,36.38903111111111,26.413817777777776,70.61733777777776,26.413817777777776,Blanchardstown_min
267133026/02,10712141731,,,,,,,,
268043001,5429845891,32.773929999999986,32.81637714285713,67.63606154150199,50.94686751322753,59.246424235104676,77.87386497584546,32.773929999999986,Dublin_City_Centre_(CBD)_min
267051003/02,10171761316,38.08109904761907,36.5317123809524,73.12661417989423,59.79900830687835,38.942817509157535,40.01648571428574,36.5317123809524,IFSC___Docklands_min
268016008/01,14003379821,31.998845000000006,32.033209324324325,62.99341833333333,25.16622666666667,42.67763919191919,68.04975833333332,25.16622666666667,Dublin_Airport_min
267114003,1284630786,50.19958,52.652926666666666,44.274514871794864,65.08486585218704,67.0193156521739,39.649701538461535,39.649701538461535,Tallaght_min
267092026/04,4341697217,42.449903908045975,46.3204582940109,10.337346666666665,69.58775421993681,71.02722504279777,56.59859108753316,10.337346666666665,Sandyford_Business_District_min
268121003,9939232259,50.99379750000001,53.61834416666668,86.8779308333333,58.364116491228096,77.7059195091324,96.72694416666664,50.99379750000001,Dublin_City_Centre_(CBD)_min
268129020,8851389496,25.985083333333332,24.331161126760563,34.76865725490197,47.59845705268651,49.82962779342725,53.26698963250771,24.331161126760563,IFSC___Docklands_min
268001006,13843848240,11.174779411764707,17.194392745098035,48.43731274509805,38.96867555555556,30.30293584541062,56.64876087517934,11.174779411764707,Dublin_City_Centre_(CBD)_min
267025003,10961750639,35.56108701754387,34.416438008534854,39.79113333333333,57.68373393446078,61.063181832358666,69.33298666666666,34.416438008534854,IFSC___Docklands_min
268130009,259594876,21.758054492753622,28.369619272627837,24.015269457364344,51.636915198553766,50.3353756275054,48.23130945736434,21.758054492753622,Dublin_City_Centre_(CBD)_min
268030003,614450739,21.22504507936508,25.329778412698413,58.372698412698405,43.32212296296297,37.04951362318841,68.2341465427797,21.22504507936508,Dublin_City_Centre_(CBD)_min
268020007,16711973,35.349444999999996,35.383809324324325,66.34401833333334,28.51682666666667,42.137424242424245,71.40035833333333,28.51682666666667,Dublin_Airport_min
267092009,694264896,56.00816482269506,56.04916000000002,37.600413333333336,79.31645592592591,81.54762666666664,60.24226666666669,37.600413333333336,Sandyford_Business_District_min
267140055/01,4386401584,47.66352583333332,46.114139166666654,67.41157333333331,69.27702170502985,54.616910961538444,30.259386666666675,30.259386666666675,Tallaght_min
268046009,42503367,27.009951641791044,28.433423718263718,58.46980484848484,43.30155,50.080167542087544,68.70760828282828,27.009951641791044,Dublin_City_Centre_(CBD)_min
267156007,106113376,40.819039487179474,39.83989882352941,49.21715758241758,63.10719474945534,59.88433728506787,34.64259809523809,34.64259809523809,Tallaght_min
267095024,5630506485,54.47849523809525,55.609150990991,85.6455321212121,78.87644691691692,77.2558948148148,95.88333555555555,54.47849523809525,Dublin_City_Centre_(CBD)_min
268072013/03,9595562105,40.68635428571429,41.81701003861004,71.85339116883117,62.947870979532155,63.46375386243387,82.09119460317463,40.68635428571429,Dublin_City_Centre_(CBD)_min
267150015,2484031256,40.097423703703704,42.55077037037037,45.39554179894181,65.8180662962963,66.94923703703704,30.253669999999996,30.253669999999996,Tallaght_min
267109004,8721636766,27.437410980392155,25.888024313725495,62.482926112667286,49.15532023965141,28.299129441930617,39.19983529411764,25.888024313725495,IFSC___Docklands_min
268038006,13177270346,36.106359569892476,34.556972903225805,71.15187470216763,57.82426882915176,52.45758322344325,41.80625142857146,34.556972903225805,IFSC___Docklands_min
267001009/03,13201272390,,,,,,,,
267092026/03,6465243793,44.02533057471263,47.895884960677556,13.727397241379315,71.16318088660348,72.60265170946444,58.17401775419982,13.727397241379315,Sandyford_Business_District_min
268014003,2375515787,28.225563137254905,32.330296470588245,64.48146556149733,39.45762523809525,38.77054444444446,74.31246666666661,28.225563137254905,Dublin_City_Centre_(CBD)_min
267140030,9576122073,51.51964296296295,49.970256296296284,61.89836717948718,73.23755222222222,57.75636142450141,22.665700229885054,22.665700229885054,Tallaght_min
267079006,256112314,39.50209333333333,38.68877333333333,23.50836034188034,61.95606925925926,64.18724,52.91823333333333,23.50836034188034,Sandyford_Business_District_min
268109007,5064276582,13.392165057471265,4.458239999999999,46.98155981220659,30.194247243755388,39.439349230769245,52.03789981220658,4.458239999999999,IFSC___Docklands_min
267103015,11331607115,34.59705333333332,33.047666666666665,69.64256846560846,56.31496259259258,35.45877179487177,49.170365765765744,33.047666666666665,IFSC___Docklands_min
267029011,296207805,37.484260952380936,38.972327619047604,74.63191428571433,58.989127692307605,10.549266666666664,65.03426666666668,10.549266666666664,Blanchardstown_min
268014008,5558630726,33.32430000000001,37.42903333333335,69.8302024242424,39.95898190476191,40.087723870967736,77.29620387096774,33.32430000000001,Dublin_City_Centre_(CBD)_min
268007011,6177760890,21.660401228070167,24.248467894736837,58.80805456140352,42.941641228070196,21.587146666666662,59.75755338493294,21.587146666666662,Blanchardstown_min
268030004,8977413610,22.662998974358977,26.990503917525764,58.57950564102565,45.00724296296297,33.939805930880716,69.77627684154744,22.662998974358977,Dublin_City_Centre_(CBD)_min
267088017,1281697538,39.32117166666665,38.507851666666646,36.15935586206897,61.775147592592575,64.00631833333331,67.84438906504063,36.15935586206897,Sandyford_Business_District_min
267158022,13375913544,,,,,,,,
267132021,2986597967,40.42961614035087,36.37694947368422,76.50320280701753,32.463029473684216,62.49490947368421,66.8201294736842,32.463029473684216,Dublin_Airport_min
268115022,443061982,25.045278974358975,23.90062996534997,48.457956190476224,47.16792589127591,50.54737378917379,60.72460054421767,23.90062996534997,IFSC___Docklands_min
268094014,6571075803,41.32216000000002,41.14217333333335,55.408118095238116,64.40946925925928,63.811759537160675,40.462944927536235,40.462944927536235,Tallaght_min
267092027,13847141111,54.66557333333335,53.85225333333335,19.461373333333334,77.11954925925923,79.35071999999997,64.96202666666667,19.461373333333334,Sandyford_Business_District_min
267039003,317562764,37.60221166666666,36.788891666666665,39.91243547619046,60.05618759259257,62.28735833333331,66.12542906504062,36.788891666666665,IFSC___Docklands_min
268140012,26912107,10.868586666666667,13.58603101449275,42.95479792841828,36.85332694041868,36.809819420289855,48.10145192982456,10.868586666666667,Dublin_City_Centre_(CBD)_min
268107005,7491020613,12.591136283185845,16.82594060751017,48.475269616519185,40.09323653343611,41.64811021645798,58.324282949852524,12.591136283185845,Dublin_City_Centre_(CBD)_min
267052002,8677851492,33.36279809523809,31.813411428571424,68.40831322751322,55.08070735449736,34.22451655677655,35.298184761904764,31.813411428571424,IFSC___Docklands_min
268043010,1095709444,28.940201904761903,26.6230819047619,60.25707151515153,44.75357227513228,51.867434208754226,70.49487494949496,26.6230819047619,IFSC___Docklands_min
267148016,8626897931,50.15822787878787,48.6088412121212,59.40378464698328,71.87613713804711,68.60217179487178,30.033000000000005,30.033000000000005,Tallaght_min
268133005,9216803665,21.715693333333338,25.858713846153865,31.114069457364348,49.12600977207979,50.293014468085104,44.25849280701753,21.715693333333338,Dublin_City_Centre_(CBD)_min
268151011,3133124892,23.020741372236156,22.84075470556949,52.798654825581394,46.108050631495416,41.722554705569486,41.08982522522522,22.84075470556949,IFSC___Docklands_min
268095007,2951477066,24.70221333333333,23.152826666666662,59.74772846560847,46.4201225925926,44.584626666666665,43.07172606990623,23.152826666666662,IFSC___Docklands_min
267079014,256112258,40.05669815602837,41.91147333333333,27.005491965811967,65.17876925925925,67.40993999999999,53.56359555555557,27.005491965811967,Sandyford_Business_District_min
268066001,2375495036,30.250966666666677,34.355700000000006,66.7568690909091,38.82878222222223,28.85356888888889,73.05708888888888,28.85356888888889,Blanchardstown_min
267049027,8934282589,43.093816231884034,41.544429565217385,74.56360289855076,64.81172549114329,43.95553469342249,37.779202898550714,37.779202898550714,Tallaght_min
267029027,12883783286,28.985022222222213,33.08975555555555,66.13267555555554,50.81858814814814,20.99938222222222,58.2078622222222,20.99938222222222,Blanchardstown_min
267043004,212614570,47.09310000000001,49.546446666666675,43.663286153846165,72.8137425925926,73.94491333333336,47.80245948717949,43.663286153846165,Sandyford_Business_District_min
267142014,4069935194,51.97753198653201,50.428145319865344,65.5032706878307,72.92288366331903,69.43352012997256,31.502121269841265,31.502121269841265,Tallaght_min
268098008,3660383746,11.66117568627451,11.481189019607845,48.02410901960785,34.74848494553377,35.38433945355192,48.36779558685444,11.481189019607845,IFSC___Docklands_min
267019012,3226506967,32.20724,31.215414253402336,37.863914047619026,54.48271017932826,56.89238666666666,60.71308183908045,31.215414253402336,IFSC___Docklands_min
268149003,10139051118,14.258663655913976,14.078676989247308,50.311407792167024,37.34597291517325,32.489845714285714,46.59688188659247,14.078676989247308,IFSC___Docklands_min
267140022,9921268423,53.055060000000005,51.505673333333334,63.5023,74.77296925925928,60.00844512820513,26.350113333333336,26.350113333333336,Tallaght_min
268007009,2399913731,22.697705591397845,25.285772258064515,59.84535892473117,44.433903243243236,24.685014814814824,60.7948577482606,22.697705591397845,Dublin_City_Centre_(CBD)_min
267028100,13076099555,33.55338712643677,37.09978712643682,70.70104045977011,56.17277950738921,21.767747126436763,58.976227126436825,21.767747126436763,Blanchardstown_min
267132038/01,923991372,39.39193894736842,35.339272280701756,75.4655256140351,31.425352280701766,61.45723228070175,65.78245228070175,31.425352280701766,Dublin_Airport_min
268026004,122550191,26.232542380952378,30.171491666666665,60.748404805194795,36.93207571428571,44.13186238095237,63.272503657548114,26.232542380952378,Dublin_City_Centre_(CBD)_min
268071005,301828345,37.42271746031746,38.55337321321322,68.58975434343434,55.08902666666665,60.20011703703703,78.8275577777778,37.42271746031746,Dublin_City_Centre_(CBD)_min
267147027,11260960228,49.200260229885046,47.65087356321838,59.1693307854406,70.9181694891443,55.68386809116808,19.058273563218396,19.058273563218396,Tallaght_min
267007011,9543930614,44.20281866884888,45.94381384615385,27.495067179487176,68.15154431372548,70.08599411371239,42.71637999999999,27.495067179487176,Sandyford_Business_District_min
268007001,464722508,21.12672238095239,25.23145571428572,58.27437571428571,48.49875164021164,20.957588148148158,62.45560148148148,20.957588148148158,Blanchardstown_min
267028074,2703263803,35.29023942028985,37.9949727536232,72.43789275362317,57.90963180124224,23.50459942028986,60.713079420289866,23.50459942028986,Blanchardstown_min
267115003,254345508,46.17741333333333,48.630759999999995,38.93854222222223,68.43403098039215,70.36848078037906,39.48936,38.93854222222223,Sandyford_Business_District_min
267101019,10280896196,29.24306363636363,27.693676969696966,64.28857876863877,50.96097289562291,30.104782097902092,50.87277135802468,27.693676969696966,IFSC___Docklands_min
267098001/01,12359600,54.150826666666624,58.25555999999995,90.6567290909091,58.17497333333329,66.19296387096772,95.09692974358974,54.150826666666624,Dublin_City_Centre_(CBD)_min
268142005,12832454610,19.512487407407413,23.131817909229987,35.339008992248054,46.39911383515591,47.09100025157232,42.47783175438596,19.512487407407413,Dublin_City_Centre_(CBD)_min
268052004,1271103692,27.45332175938287,27.273335092716206,58.562702325581405,50.540631018642166,46.155135092716236,42.145617777777794,27.273335092716206,IFSC___Docklands_min
267002036,2926159744,47.147819999999996,37.71408666666666,76.97367333333337,51.30016666666666,74.72769703703707,84.6133466666667,37.71408666666666,IFSC___Docklands_min
268006036,4697231285,24.960852307692303,26.44058564102564,62.108505641025644,46.24209230769232,23.54802666666666,61.94967113122173,23.54802666666666,Blanchardstown_min
267103025,11728827629,31.560426666666665,30.011039999999998,66.6059417989418,53.27833592592593,32.42214512820512,55.09545909909908,30.011039999999998,IFSC___Docklands_min
267155008,8657269684,43.57176222222222,42.54017555555556,56.81105213032583,65.80747148148149,62.58461401709401,33.105138064516126,33.105138064516126,Tallaght_min
268028011,1450564699,13.817466024096387,20.357159357429722,48.3333284483388,37.96943111111111,35.96044338624338,58.92057491298525,13.817466024096387,Dublin_City_Centre_(CBD)_min
267085011/02,9670712902,62.268030303030315,64.72137696969699,49.76429696969698,75.96450442067744,77.89895422066431,39.29090318840583,39.29090318840583,Tallaght_min
267019004,13685097901,31.88674666666667,31.07342666666667,31.303444444444445,54.34072259259263,56.571893333333364,59.1320266666667,31.07342666666667,IFSC___Docklands_min
268037012,4007440893,32.005788737060044,30.456402070393377,67.05130386933517,53.72369799631929,43.62037325145443,49.04377714285714,30.456402070393377,IFSC___Docklands_min
267111004,12057234134,43.24090666666667,44.37156241956242,74.40794354978352,66.93810424242423,66.01830624338623,84.64574698412697,43.24090666666667,Dublin_City_Centre_(CBD)_min
267020002,9403795130,37.01061333333333,36.19729333333334,31.681879999999992,59.46458925925927,61.695760000000014,64.14040000000001,31.681879999999992,Sandyford_Business_District_min
267001004,3819463793,41.791585000000005,44.59004099099098,75.55024999999999,36.82330095238094,51.45546285714287,77.79825777777778,36.82330095238094,Dublin_Airport_min
267100061,298494961,30.541320000000002,28.991933333333336,65.5868351322751,52.259229259259236,31.403038461538465,49.54957999999996,28.991933333333336,IFSC___Docklands_min
268115009,13234436509,,,,,,,,
267123021,253396282,52.01485313283209,53.14550888572785,83.18189001594897,69.32286551378448,74.79225270955165,93.41969345029241,52.01485313283209,Dublin_City_Centre_(CBD)_min
267116005,7565975501,51.79338666666667,53.42413347644602,36.54962666666667,61.699572518853685,63.634022318840564,36.26440820512821,36.26440820512821,Tallaght_min
268099014,1426048986,11.666562352941172,11.486575686274506,48.029495686274494,34.75387161220044,35.30573586206897,47.83794666666667,11.486575686274506,IFSC___Docklands_min
267109013,320034289,20.78531826086957,19.235931594202896,55.83083339314472,42.503227520128846,38.54788324038025,43.97128713178295,19.235931594202896,IFSC___Docklands_min
268111010,688693583,26.982078787878795,25.837429778869783,41.43456962962964,49.06294289910601,52.484173602693616,63.16509079365081,25.837429778869783,IFSC___Docklands_min
267015006,13363020664,46.47058222222222,45.65726222222222,37.55928475095786,68.92455814814817,71.1557288888889,74.9937996205962,37.55928475095786,Sandyford_Business_District_min
268114002,688693309,24.91035941176471,24.0970394117647,34.58000269662922,47.364335337690655,49.59550607843139,53.37108959101845,24.0970394117647,IFSC___Docklands_min
267026001,985253659,24.141333939393938,23.32801393939394,23.59535714285714,46.595309865319884,48.82648060606062,52.66455133776794,23.32801393939394,IFSC___Docklands_min
267034001/04,13078595627,38.81569444444444,42.92042777777777,75.96334777777778,60.64926037037037,29.084134444444448,66.29261444444442,29.084134444444448,Blanchardstown_min
267127001,4966722299,36.25714945736433,35.44382945736433,32.36936571428573,58.71112538329029,60.942296124031024,64.78036685573834,32.36936571428573,Sandyford_Business_District_min
268064009,16711953,26.05990666666667,30.164640000000006,62.56580909090909,31.55849975308642,30.949266666666674,73.06900813008129,26.05990666666667,Dublin_City_Centre_(CBD)_min
267132001/01,2108904873,58.51369614035086,54.461029473684185,94.58728280701752,50.54710947368418,74.59629333333332,84.90420947368422,50.54710947368418,Dublin_Airport_min
267153008,8626947878,42.5124849122807,43.46003628482972,50.9106030075188,66.72733221075565,64.14156703296702,25.57239523809524,25.57239523809524,Tallaght_min
267106021,659995684,45.03373595238097,40.77727666666667,76.20077283549783,48.31335666666667,67.81113552910053,82.67045666666665,40.77727666666667,IFSC___Docklands_min
268022012,242733690,38.482942222222206,44.86430222222221,72.99880464646465,45.00591555555554,56.382262222222195,75.52290349881797,38.482942222222206,Dublin_City_Centre_(CBD)_min
268079002,364875098,30.72806857142858,29.178681904761913,65.77358370370371,52.44597783068784,50.610481904761905,39.736698823529416,29.178681904761913,IFSC___Docklands_min
268021010,2516856509,27.55537219858156,34.09506553191489,62.071234622823994,37.88274550724637,50.31897315096252,65.72866680851065,27.55537219858156,Dublin_City_Centre_(CBD)_min
268105003,10797289843,12.683784561403511,19.197784561403513,47.432286985645916,40.571859999999994,33.38753872807018,58.11463365231259,12.683784561403511,Dublin_City_Centre_(CBD)_min
268017022,11470519228,32.86854358974359,34.526368112203116,65.48657712121215,28.35811692307692,41.957903589743616,70.54291712121213,28.35811692307692,Dublin_Airport_min
268129013,2479366238,31.465361418439716,36.81026385964912,30.63334476190477,60.07755978557507,60.0426825531915,45.637080000000005,30.63334476190477,Sandyford_Business_District_min
267053001/02,3076812138,,,,,,,,
268105005,1415542334,13.089329999999999,21.73649122807018,49.970993652312586,43.11056666666666,35.92624539473685,60.65334031897926,13.089329999999999,Dublin_City_Centre_(CBD)_min
268115010,13234436520,,,,,,,,
268105014,9646595907,12.36204,18.876039999999996,46.85220909090909,41.19624666666666,34.01192539473684,57.53455575757576,12.36204,Dublin_City_Centre_(CBD)_min
267013015,7814238775,49.86508350877194,52.31843017543861,44.317976842105274,69.22969764705881,71.16414744704572,33.341768888888886,33.341768888888886,Tallaght_min
268145010,4194410802,35.66193428571428,36.6094856582633,45.31580966756514,59.876781584189224,62.167990147783236,36.55869777777777,35.66193428571428,Dublin_City_Centre_(CBD)_min
268099020,3671800962,15.528189195402298,15.348202528735634,49.44532899224804,38.61549845466157,38.89666919540231,45.360335238095224,15.348202528735634,IFSC___Docklands_min
267059004,2461717617,39.61409815602837,46.13541052631578,30.183486153846165,69.4027064522417,68.19141929078013,54.05190222222223,30.183486153846165,Sandyford_Business_District_min
267078011/03,2367554665,38.486564912280706,37.6732449122807,19.224498245614033,60.94054083820663,63.17171157894737,47.48038666666666,19.224498245614033,Sandyford_Business_District_min
268109013,111887238,13.097418390804597,5.74356,46.68681314553991,31.288894900284905,39.14460256410256,51.7431531455399,5.74356,IFSC___Docklands_min
268142019,2435024229,18.07186074074075,22.242951242563315,33.852488992248055,45.510247168489244,46.20213358490566,40.99131175438596,18.07186074074075,Dublin_City_Centre_(CBD)_min
268134008,565063562,29.17515942028985,31.62850608695652,36.08989904761905,54.895802012882456,56.0269727536232,37.642646274509815,29.17515942028985,Dublin_City_Centre_(CBD)_min
267025011,4483056879,37.00224701754385,35.85759800853484,39.3313845614035,59.12489393446079,62.504341832358676,68.87323789473682,35.85759800853484,IFSC___Docklands_min
267152007,850175091,48.45391555555555,49.40146692810457,52.15046113821133,72.6687628540305,72.18078985938793,33.61161806451612,33.61161806451612,Tallaght_min
268058018,6379009815,25.530584301075272,32.070277634408605,60.046446725317686,40.822680980392164,48.29418525345622,64.82925666666667,25.530584301075272,Dublin_City_Centre_(CBD)_min
268006013,10180546754,,,,,,,,
268100010,912115840,19.618242298850575,19.438255632183907,51.41570205347254,42.70555155810983,42.98672229885056,41.62179809523809,19.438255632183907,IFSC___Docklands_min
267140053,4263153757,52.788965833333314,51.23957916666665,68.18542666666666,71.2162483716965,59.74235096153844,31.033240000000017,31.033240000000017,Tallaght_min
268015011,6381138536,23.63718666666666,23.67155099099098,54.631760000000014,21.474386666666657,43.74059703703706,59.688100000000006,21.474386666666657,Dublin_Airport_min
268082005,4041724829,15.492120000000003,21.29295746958637,54.169210802919714,44.560253395512305,39.35413777777778,58.626347936507926,15.492120000000003,Dublin_City_Centre_(CBD)_min
267079005,13365000625,31.597631489361696,38.20919626923592,18.934145299145293,61.47649219516185,60.17495262411349,46.05898260869565,18.934145299145293,Sandyford_Business_District_min
267051014/02,953177209,27.554787642276416,26.00540097560975,62.600302774551565,49.272696901535696,41.416629572649576,42.49029777777778,26.00540097560975,IFSC___Docklands_min
267123023,3046354659,57.06713313283207,58.197788885727824,88.23417001594899,74.37514551378445,79.84453270955167,98.47197345029242,57.06713313283207,Dublin_City_Centre_(CBD)_min
268071011,4892971642,41.74342412698413,42.87407987987989,72.91046101010099,59.6571878787879,64.52082370370371,83.14826444444445,41.74342412698413,Dublin_City_Centre_(CBD)_min
267123010,9112896233,61.39510646616545,62.32508000000001,92.56214334928227,75.91116000000001,84.17250604288496,102.79994678362571,61.39510646616545,Dublin_City_Centre_(CBD)_min
267138014,8514911242,56.46170031746029,54.91231365079362,69.77014528735633,74.66400837169654,63.41508544566542,32.61795862068964,32.61795862068964,Tallaght_min
267058009/02,2396484662,44.34108948616601,43.202591515151525,31.59713333333333,66.46988744107745,68.70105818181818,55.40285818181818,31.59713333333333,Sandyford_Business_District_min
267006003,11385212503,,,,,,,,
267058006,260214737,45.121720378250565,45.42762666666665,33.50832592592593,68.69492259259258,70.92609333333333,53.93479555555553,33.50832592592593,Sandyford_Business_District_min
267053010,8988554519,41.26756000000001,39.71817333333334,71.88459555555556,62.98546925925927,47.4620353846154,32.315999999999995,32.315999999999995,Tallaght_min
268021009,122500936,30.32066553191489,36.86035886524823,64.83652795615733,36.1784725925926,53.08426648429585,68.49396014184397,30.32066553191489,Dublin_City_Centre_(CBD)_min
267028093,6517969,39.56932666666667,42.104380392156855,76.71697999999999,62.18871904761906,27.78368666666668,64.99216666666668,27.78368666666668,Blanchardstown_min
267075004,648264740,37.551162116402125,36.406513107393124,36.13315855855856,59.673809033319074,63.05325693121696,68.59167855855858,36.13315855855856,Sandyford_Business_District_min
268126010,108019687,27.786125962732918,28.916781715628662,58.953162845849825,50.19007261015961,50.56352553945251,69.19096628019325,27.786125962732918,Dublin_City_Centre_(CBD)_min
268094006,10656346976,39.33315589743591,40.28070726998494,47.73127399267401,63.54800319591086,60.73059324414716,37.561057912939795,37.561057912939795,Tallaght_min
268050004,7507414576,25.846336283185845,29.76187333333333,61.730469616519144,45.33688098039215,52.47787999999999,69.34345666666665,25.846336283185845,Dublin_City_Centre_(CBD)_min
268121005,305252198,53.201757500000014,55.826304166666674,89.08589083333331,55.62828982456143,76.91228000000001,94.31318982456133,53.201757500000014,Dublin_City_Centre_(CBD)_min
268087002,11206654432,38.754232592592615,41.378779259259275,74.63836592592592,39.93160000000001,58.774613333333356,77.91525460992908,38.754232592592615,Dublin_City_Centre_(CBD)_min
267035014,10761858355,59.880310303030306,62.333656969696975,52.826576969696966,80.52923461675577,68.02397058275061,27.99763878787877,27.99763878787877,Tallaght_min
267143001/02,11051624063,56.81245948717947,55.263072820512804,56.739326153846136,78.53036874643884,67.24084461538459,26.670472820512824,26.670472820512824,Tallaght_min
268108028,31095513,18.722925057471254,10.507712222222226,52.35063222222224,28.638202592592595,40.37418814814816,57.40697222222223,10.507712222222226,IFSC___Docklands_min
267066004,2407198609,33.58806666666666,33.622430990990985,64.58264000000003,29.267236190476183,41.21149261261262,69.63898000000002,29.267236190476183,Dublin_Airport_min
267028036,345570396,36.143571666666666,37.63163833333333,73.29122500000001,60.89893425925925,29.760148943661978,66.96862894366195,29.760148943661978,Blanchardstown_min
268042015,2416543642,33.265092307692306,35.93475776223775,68.12722384919431,54.065248132608154,59.737586542797,78.36502728353771,33.265092307692306,Dublin_City_Centre_(CBD)_min
268014005,2375574775,33.94113,38.04586333333334,70.19703242424241,43.99284190476192,40.667411111111115,77.8758911111111,33.94113,Dublin_City_Centre_(CBD)_min
267110005,11417827766,43.44962666666667,44.58028241956242,74.61666354978355,61.36470424242425,66.22702624338623,84.85446698412699,43.44962666666667,Dublin_City_Centre_(CBD)_min
267066005,2407146630,29.527906666666663,29.56227099099099,60.52248000000002,26.752487619047617,40.866439279279284,65.57882000000002,26.752487619047617,Dublin_Airport_min
268003006,2369340282,12.034191794871793,11.854205128205127,47.30942726190475,35.121501054131066,35.426459047619055,47.178853333333336,11.854205128205127,IFSC___Docklands_min
267076006,2607788735,43.796525925925934,42.65187691691692,52.93733333333332,65.91917284284287,69.29862074074076,81.3706047138047,42.65187691691692,IFSC___Docklands_min
268113001,8733529204,26.726420317460317,25.913100317460316,31.103768888888883,49.18039624338625,51.41156698412699,55.23226215654078,25.913100317460316,IFSC___Docklands_min
267029030,12638397,30.37629777777778,34.48103111111111,67.52395111111112,52.99569015873016,15.587730256410255,55.79913777777778,15.587730256410255,Blanchardstown_min
267100027,10200690401,38.24083362318841,36.69144695652174,73.28634875546352,59.95874288244766,39.10255208472687,50.973592432432426,36.69144695652174,IFSC___Docklands_min
267133020,294013400,53.27908666666665,48.143086666666655,88.76933999999999,45.31249999999998,75.34438,79.66959999999999,45.31249999999998,Dublin_Airport_min
268141007,3577629911,15.527037708333335,18.419668699324315,37.67294933123112,41.68696462525025,42.378851041666664,43.38684700564973,15.527037708333335,Dublin_City_Centre_(CBD)_min
268067001,2380292203,28.665413333333337,32.77014666666667,65.17131575757574,38.14759053763441,34.20075053763442,71.4092305376344,28.665413333333337,Dublin_City_Centre_(CBD)_min
267134021,253315139,45.56188683473389,37.26159215686274,76.72892371785078,44.797672156862745,68.33928641145346,79.15477215686273,37.26159215686274,IFSC___Docklands_min
267065018,11541657154,54.03117523809523,55.161830990990985,85.1982121212121,58.07371333333334,76.8085748148148,92.43081333333333,54.03117523809523,Dublin_City_Centre_(CBD)_min
267092058,13453171723,51.72275724137932,55.59331162734424,21.424823908045973,78.86060755327016,80.30007837613108,65.8714444208665,21.424823908045973,Sandyford_Business_District_min
267039007,7546073407,44.481221754385956,43.66790175438595,46.79144556390977,66.93519768031189,69.16636842105264,73.00443915275994,43.66790175438595,IFSC___Docklands_min
268005005,2399638671,17.039049032258063,16.859062365591395,53.0917931685111,40.12635829151733,28.288261010101003,52.23926666666667,16.859062365591395,IFSC___Docklands_min
268016007,4403616259,30.643871666666676,30.678235990991002,61.638444999999976,24.47537333333333,42.973972525252535,66.69478499999997,24.47537333333333,Dublin_Airport_min
267119003,4840965713,71.37075999999998,69.8213733333333,78.38095999999999,93.08866925925925,80.06682068376067,41.228773333333315,41.228773333333315,Tallaght_min
267125015,1419916267,39.00357142857144,38.19025142857144,24.155352380952376,61.45754735449736,63.688718095238094,56.61387238095238,24.155352380952376,Sandyford_Business_District_min
268050006,13155146544,24.28722961651918,28.133652121212112,60.17136294985248,46.03438764705882,53.17538666666666,70.02037628318583,24.28722961651918,Dublin_City_Centre_(CBD)_min
268109003,6432546738,13.69470701754386,9.42097333333333,49.57884035087719,33.74167391042205,42.75168095081599,56.333286478873255,9.42097333333333,IFSC___Docklands_min
267104026,5192101062,57.190113846153885,48.28971384615389,89.59930051282043,52.709127179487226,82.7410071794871,87.06622717948709,48.28971384615389,IFSC___Docklands_min
268116009,13246855122,25.19815515151515,22.69775515151515,38.84821898989902,45.96505107744109,47.56288848484849,50.85635515151516,22.69775515151515,IFSC___Docklands_min
267075002,648318585,28.53300848484848,27.388359475839472,37.97465192982456,50.65565540176542,54.035103299663305,66.10708727272728,27.388359475839472,IFSC___Docklands_min
267101003,9421685906,30.538108148148144,28.98872148148148,65.58362328042328,52.25601740740741,31.399826609686606,49.86516148148148,28.98872148148148,IFSC___Docklands_min
267034004,12749895590,34.57017594771241,38.67490928104576,71.71782928104572,56.403741873638346,22.975953725490193,60.184433725490194,22.975953725490193,Blanchardstown_min
268127006,67079552,33.5699968627451,36.02334352941175,38.86811495798318,59.290639455337676,60.42181019607842,31.27519111111111,31.27519111111111,Tallaght_min
268008005,4892942098,40.278663673469396,42.90321034013608,76.16279700680269,52.17054666666669,66.99078568260182,86.01181034013598,40.278663673469396,Dublin_City_Centre_(CBD)_min
268128014,8828260397,25.929690208333326,24.116370208333322,35.20603238095238,47.38366613425925,49.614836874999995,51.0728162962963,24.116370208333322,IFSC___Docklands_min
267092016/02,2370758982,,,,,,,,
267002020,5380331732,63.38514222222221,53.95140888888888,93.21099555555556,67.53748888888887,90.81333037037037,100.85066888888888,53.95140888888888,IFSC___Docklands_min
267099012,6062523683,37.64864666666667,28.748246666666667,69.37450000000003,42.23032000000001,66.37728780141846,75.11417333333328,28.748246666666667,IFSC___Docklands_min
267036008,1411048399,40.33511999999999,39.521799999999985,42.645343809523794,62.78909592592591,65.02026666666664,68.85833739837396,39.521799999999985,IFSC___Docklands_min
268071017,187761769,37.251770505050516,39.87631717171717,73.0516059307359,52.095042317916,63.96389251418292,78.15062000000003,37.251770505050516,Dublin_City_Centre_(CBD)_min
268144006,122827620,34.0381719047619,34.98572327731093,48.25390424908425,58.253019203236846,60.54422776683086,34.93439948717949,34.0381719047619,Dublin_City_Centre_(CBD)_min
268091005,670986,37.57906666666664,37.39907999999998,54.82745472052224,60.66637592592593,60.06866620382733,41.23265333333333,37.39907999999998,IFSC___Docklands_min
268106019,11877130002,4.614773333333333,12.563724779874212,43.52627193798449,35.83102070580015,35.268076899224816,56.63655481481482,4.614773333333333,Dublin_City_Centre_(CBD)_min
267150003,8607478343,46.81040631578947,47.7579576883385,55.20852441102758,71.02525361426446,73.11667251961686,36.244937777777764,36.244937777777764,Tallaght_min
267032011,11963633671,40.803139487179486,44.90787282051282,77.95079282051282,64.65336811594202,30.200832820512804,73.04190489604295,30.200832820512804,Blanchardstown_min
268110017,692434327,27.592146111111106,27.109342528735628,46.751009523809486,45.239832899106005,54.44395944444443,63.77075944444444,27.109342528735628,IFSC___Docklands_min
267042004/267043001,11042609038,44.74650333333334,47.199850000000005,39.79089948717949,70.46714592592595,71.59831666666668,43.83407282051282,39.79089948717949,Sandyford_Business_District_min
267156011,8630510196,38.71604974358973,39.66360111613876,47.11416783882783,62.93089704206468,61.65491324414715,34.76069777777779,34.76069777777779,Tallaght_min
267155003,4204774705,40.33969882352942,39.308112156862755,50.939744249084235,62.575408082788684,59.35255061840121,34.85764102564103,34.85764102564103,Tallaght_min
267040049,12728842100,44.93270666666665,48.069685128205116,82.08036000000003,67.55209904761902,33.14706666666667,70.35554666666667,33.14706666666667,Blanchardstown_min
268034008,2369219556,26.871265591397847,27.73729873015872,61.6880827340531,46.03610333333333,27.703823333333332,64.68756856711916,26.871265591397847,Dublin_City_Centre_(CBD)_min
267133001/04,13230450898,95.19282666666666,91.19016,131.26641333333333,87.22623999999999,117.25811999999999,121.58333999999998,87.22623999999999,Dublin_Airport_min
267038004,13380678652,55.93704,55.123720000000006,41.70254252873564,78.39101592592593,80.62218666666666,84.46025739837397,41.70254252873564,Sandyford_Business_District_min
267032008,10673754597,32.163168888888876,36.267902222222205,69.31082222222223,53.9967348148148,24.177528888888887,61.38600888888887,24.177528888888887,Blanchardstown_min
267049024,8856919745,43.050293333333336,41.50090666666667,74.52007999999998,64.7682025925926,43.912011794871795,37.73568,37.73568,Tallaght_min
268042013,1426961798,36.58296444444445,39.252629898989895,71.44509598594642,57.38312026936026,63.05545867954911,81.68289942028989,36.58296444444445,Dublin_City_Centre_(CBD)_min
268041001,1427047543,24.800310890269156,25.930966643164904,55.967347773386024,47.20425753769582,47.57771046698872,66.20515120772946,24.800310890269156,Dublin_City_Centre_(CBD)_min
267074002/03,6053039369,45.801965714285714,44.9886457142857,45.24823238095237,68.25594164021165,70.48711238095237,74.32518311265972,44.9886457142857,IFSC___Docklands_min
268129011,13361266319,31.018668085106395,36.58561052631577,30.186651428571448,59.852906452241704,59.59598921985814,45.22515999999999,30.186651428571448,Sandyford_Business_District_min
268006024,3943761144,31.911442380952387,33.440624444444445,67.39140844833882,56.11364259259262,30.91012148148149,72.40813481481483,30.91012148148149,Blanchardstown_min
268043007,5429845873,,,,,,,,
268105010,2522661575,13.135996666666669,21.746345727699527,50.593793652312606,41.99466370370371,36.54904539473685,61.27614031897928,13.135996666666669,Dublin_City_Centre_(CBD)_min
267002027,2366275216,62.917048888888885,53.483315555555556,92.74290222222218,67.06939555555556,90.345237037037,100.38257555555552,53.483315555555556,IFSC___Docklands_min
268072013/05,9394918866,43.14719428571428,44.27785003861004,74.31423116883118,61.283834285714306,65.92459386243385,84.55203460317466,43.14719428571428,Dublin_City_Centre_(CBD)_min
268113002,4340077692,28.94260698412698,28.129286984126978,33.319955555555545,51.396582910052906,53.62775365079365,57.448448823207436,28.129286984126978,IFSC___Docklands_min
268044003,1426961849,25.536057142857135,23.218937142857136,60.14406868435913,41.34942751322752,51.75443137796182,70.11819714285713,23.218937142857136,IFSC___Docklands_min
267035011/05,247123968,62.1299503030303,64.58329696969696,55.07621696969696,82.77887461675577,70.93753257918549,30.911200784313724,30.911200784313724,Tallaght_min
267139003,943286607,51.44784717948719,53.447946878306915,56.70696165103189,76.71524280423287,59.50105772079775,18.337493333333327,18.337493333333327,Tallaght_min
267018002,13009235896,32.29543515151514,31.15078614250614,38.22851859649122,54.41808206843209,57.797529966329975,67.77037192982455,31.15078614250614,IFSC___Docklands_min
267029009,13096337928,37.98725727699532,40.39021833333333,75.13491061032862,60.60664965794769,15.123413333333337,63.41009727699531,15.123413333333337,Blanchardstown_min
268116002,14047306127,21.893894460093897,20.080574460093896,31.97528392156863,43.34787038601983,45.579041126760565,49.016402965841024,20.080574460093896,IFSC___Docklands_min
267013016,286035092,,,,,,,,
267083002,46563428,56.651798333333325,56.21903027131783,40.81745166666666,64.49446931372549,66.42891911371237,39.059304999999995,39.059304999999995,Tallaght_min
267065025,253337155,48.49656190476191,49.62721765765766,79.66359878787877,57.76044666666668,71.27396148148146,89.90140222222219,48.49656190476191,Dublin_City_Centre_(CBD)_min
267092047,768004027,43.50115724137931,47.371711627344226,5.814599999999999,70.63900755327016,72.07847837613107,57.64984442086649,5.814599999999999,Sandyford_Business_District_min
267003012,2384164507,50.615108571428586,41.51513714285714,80.77472380952382,55.101217142857145,73.39250814814817,88.41439714285715,41.51513714285714,IFSC___Docklands_min
268043003,3306521972,28.370556666666666,31.040222121212118,63.23268820816865,49.170712491582506,54.84305090177135,73.47049164251207,28.370556666666666,Dublin_City_Centre_(CBD)_min
267155007,8657333889,42.73968444444443,41.708097777777766,54.81842424908424,64.97539370370369,61.75253623931622,32.00167809523809,32.00167809523809,Tallaght_min
268052006,530577993,27.635792280701757,27.455805614035093,52.87737945736434,50.723101539961014,48.16046137223614,38.04807851851852,27.455805614035093,IFSC___Docklands_min
267135007,2367078993,37.705202051282065,33.70253538461538,73.77878871794867,29.738615384615382,59.7704953846154,64.09571538461539,29.738615384615382,Dublin_Airport_min
268067006,5280993960,29.281441449275363,33.3861747826087,65.78734387351777,40.60859612903227,36.66175612903227,73.87023612903222,29.281441449275363,Dublin_City_Centre_(CBD)_min
267147012,6226092163,44.84513777777777,43.295751111111116,55.322004444444445,66.56304703703704,55.2735229059829,14.703151111111106,14.703151111111106,Tallaght_min
268069001,3732193620,38.11831555555557,41.42593111111113,74.624217979798,46.00788888888888,36.03267555555557,80.2361955555556,36.03267555555557,Blanchardstown_min
268008017/02,12595107122,,,,,,,,
268008011,301824555,46.96677079365078,48.097426546546544,78.13380767676767,55.18076166666666,69.74417037037034,88.37161111111114,46.96677079365078,Dublin_City_Centre_(CBD)_min
267066012,12471777001,29.928439279279278,30.61134718146717,61.571556190476194,23.89020952380952,35.83446594594596,66.62789619047619,23.89020952380952,Dublin_Airport_min
268148001,433939074,21.42221261261261,21.242225945945947,57.785145945945935,44.50952187187186,43.09300195121951,44.15193528455284,21.242225945945947,IFSC___Docklands_min
267028006,14949619,31.840375172413793,34.76177517241379,68.98802850574711,54.45976755336616,20.05473517241379,57.26321517241378,20.05473517241379,Blanchardstown_min
268125001/01,295514379,38.44291746031745,38.710941538461526,69.60995434343435,56.84143190883189,61.220317037037034,79.84775777777777,38.44291746031745,Dublin_City_Centre_(CBD)_min
268062009,301804325,32.38604596273293,33.51670171562867,63.55308284584983,51.671881666666685,55.16344553945252,73.79088628019326,32.38604596273293,Dublin_City_Centre_(CBD)_min
268048009,3199793927,15.532999999999998,15.70413212121212,51.417133333333354,33.83462249158249,44.239626356316805,61.26614666666669,15.532999999999998,Dublin_City_Centre_(CBD)_min
267158023,2570916799,37.08234285714284,41.187076190476176,74.22999619047619,53.60524952380951,26.480036190476195,66.8718495238095,26.480036190476195,Blanchardstown_min
268133001,2980286508,21.816135238095235,24.269481904761903,35.132022510822516,47.536777830687825,48.66794857142857,34.86251774891775,21.816135238095235,Dublin_City_Centre_(CBD)_min
267003020,479843890,61.24412631578948,51.81039298245614,91.06997964912276,65.39647298245615,88.82400335282645,98.70965298245609,51.81039298245614,IFSC___Docklands_min
268074004,2941847902,34.20852596273293,35.339181715628676,65.37556284584979,54.17261703703705,56.98592553945249,75.61336628019322,34.20852596273293,Dublin_City_Centre_(CBD)_min
267143019,9624524711,57.67527809523809,56.12589142857143,57.60214476190476,79.39318735449734,68.10366322344322,27.53329142857143,27.53329142857143,Tallaght_min
268010010,13309231471,15.452316666666663,22.49549122807018,50.729993652312594,43.869566666666664,36.685245394736846,61.41234031897927,15.452316666666663,Dublin_City_Centre_(CBD)_min
268007002,1261494720,16.019775714285714,20.124509047619046,53.16742904761905,42.33310051282053,15.508333333333335,57.00634666666667,15.508333333333335,Blanchardstown_min
267147011,6225063341,43.31040444444443,41.76101777777776,53.787271111111096,65.02831370370369,53.73878957264956,13.16841777777778,13.16841777777778,Tallaght_min
267002002/03,6229223106,65.82828888888888,56.394555555555556,95.65414222222222,69.98063555555557,93.25647703703704,103.29381555555555,56.394555555555556,IFSC___Docklands_min
267029012,13084295751,37.52014285714286,39.00820952380953,74.66779619047618,58.126501025640955,9.68664,64.17164000000004,9.68664,Blanchardstown_min
268143024/04,9294899466,23.549503333333323,25.24868333333332,49.00576363636365,43.85093956577269,50.40131666666669,59.728116666666686,23.549503333333323,Dublin_City_Centre_(CBD)_min
267143018,9008466761,59.48745333333332,57.93806666666667,58.13098666666666,81.20536259259256,69.91583846153844,29.345466666666667,29.345466666666667,Tallaght_min
268005001,469313723,17.86967,17.68968333333333,53.92241413625304,40.95697925925926,31.01556767676767,49.73451999999999,17.68968333333333,IFSC___Docklands_min
268078008,2894522727,24.444543589743592,22.895156923076925,59.490058722018716,46.16245284900285,44.326956923076914,48.0991696969697,22.895156923076925,IFSC___Docklands_min
267088008,4214471327,40.33655710144929,39.52323710144928,32.166148352490424,62.79053302737521,65.02170376811596,68.85977449982326,32.166148352490424,Sandyford_Business_District_min
267030011,18238298,28.617014074074085,32.72174740740742,65.7646674074074,43.16784811594202,18.014707407407407,62.218227407407404,18.014707407407407,Blanchardstown_min
268007008,6176572942,22.279585641025633,23.75931897435897,59.42723897435897,43.56082564102564,20.86676,59.26840446455505,20.86676,Blanchardstown_min
267114002,7813629425,46.73515333333333,49.1885,42.6251524637681,67.73430585218705,69.66875565217391,38.15087246376812,38.15087246376812,Tallaght_min
267123004,1426131523,67.00671979949877,63.37090666666666,98.17375668261563,76.95698666666665,89.78411937621831,108.41156011695907,63.37090666666666,IFSC___Docklands_min
268061012,297387944,31.174199999999995,29.624813333333332,66.21971513227511,52.89210925925924,47.80282658478775,49.275984126984106,29.624813333333332,IFSC___Docklands_min
267140054,2120180024,52.36115365079361,50.81176698412694,71.58739072463769,69.2357150383632,59.31453877899874,34.53222528735633,34.53222528735633,Tallaght_min
267124009,4960767708,40.63403619047621,39.82071619047621,29.489325714285716,63.08801211640212,65.31918285714286,61.94784571428572,29.489325714285716,Sandyford_Business_District_min
268028001,6370510023,13.812714920634921,20.352408253968257,48.32857734487734,34.77997777777777,36.57631587301587,58.91582380952379,13.812714920634921,Dublin_City_Centre_(CBD)_min
267040044,12837001214,40.89062571428574,42.28395444444447,76.23473844833885,64.95697259259262,31.109586666666665,68.31806666666664,31.109586666666665,Blanchardstown_min
268154006,1396001358,35.103545555555556,33.554158888888885,61.67592402116402,56.821454814814814,53.59859735042734,34.90428070175438,33.554158888888885,IFSC___Docklands_min
267044006,2406333383,43.714344309874505,50.32590908974872,33.04193948717949,71.0251509803922,72.2916654446263,35.56765948717949,33.04193948717949,Sandyford_Business_District_min
268096007,10827085461,15.083814117647057,14.668191570701138,40.1880521212121,37.93548749662706,41.022138181818164,50.87039878787878,14.668191570701138,IFSC___Docklands_min
267147029,4352502246,43.318816790123456,41.76943012345679,52.044763537414966,65.03672604938272,53.74720191832858,12.55973333333333,12.55973333333333,Tallaght_min
267048002,3001074284,34.17809166666667,32.628705000000004,69.2236067989418,55.896000925925925,35.03981012820512,40.24681166666666,32.628705000000004,IFSC___Docklands_min
267100015,248975496,39.94963238095239,38.40024571428572,74.99514751322751,61.667541640211645,40.811350842490846,46.01835238095238,38.40024571428572,IFSC___Docklands_min
268044004,1426961872,25.455923809523807,23.138803809523804,60.0639353510258,41.269294179894196,51.67429804462849,70.03806380952382,23.138803809523804,IFSC___Docklands_min
267111010/02,3985799890,29.12468380952381,30.25533956241956,60.29172069264067,53.522635488345486,51.90208338624337,70.52952412698413,29.12468380952381,Dublin_City_Centre_(CBD)_min
267133027,2986146510,44.849437777777766,40.8467711111111,80.92302444444447,36.88285111111111,66.9147311111111,71.23995111111111,36.88285111111111,Dublin_Airport_min
267071003,657950351,43.115674782608686,42.05333945781021,37.78694144927536,65.32063538373615,67.80082144927535,70.24546144927535,37.78694144927536,Sandyford_Business_District_min
267147004,12558252119,39.87941679012345,38.330030123456794,50.35628345679012,61.597326049382715,50.30780191832858,10.454626666666664,10.454626666666664,Tallaght_min
268061002,192306725,23.701026666666667,22.151639999999997,58.74654179894181,45.418935925925936,43.58344000000001,43.17739215686276,22.151639999999997,IFSC___Docklands_min
268160011,1401680620,25.032673333333335,31.41403333333334,59.54853575757575,32.65971619047619,42.93199333333333,62.07263460992907,25.032673333333335,Dublin_City_Centre_(CBD)_min
267115014,11178258923,46.36156666666666,48.81491333333333,41.5982622222222,68.6181843137255,70.55263411371239,39.67351333333332,39.67351333333332,Tallaght_min
268079003,13356500776,26.127535686274506,24.578149019607842,61.17305081854964,47.84544494553377,46.00994901960784,34.73464549019608,24.578149019607842,IFSC___Docklands_min
268134010,3115546718,33.38944115942029,38.92350571428573,35.64665612403102,62.19080164021165,61.966762294172064,47.721127604832986,33.38944115942029,Dublin_City_Centre_(CBD)_min
268162013,4698140936,21.388920416666664,23.90893375,37.56011565891471,47.176229675925924,48.24073375,40.71733681159421,21.388920416666664,Dublin_City_Centre_(CBD)_min
267153004,8627014883,45.90829555555557,46.85584692810459,54.306413650793665,70.1231428540305,68.79774735042734,32.83244444444444,32.83244444444444,Tallaght_min
268015017,6381722825,23.452493333333326,23.486857657657648,54.44706666666669,20.569279999999996,44.323532307692325,59.503406666666685,20.569279999999996,Dublin_Airport_min
267049018,8857701522,42.96420289855071,41.41481623188406,74.43398956521732,64.68211215780997,43.82592136008917,37.64958956521739,37.64958956521739,Tallaght_min
267124004,8390500407,35.08729151515151,34.273971515151516,35.95708444444445,57.54126744107743,59.77243818181817,56.89372444444442,34.273971515151516,IFSC___Docklands_min
268159007/02,2761831277,25.786091666666657,32.32578499999999,60.30195409090909,25.64706666666666,47.96848848484849,63.959386276595744,25.64706666666666,Dublin_Airport_min
268132003/01,12205524054,25.26486222222222,26.21241359477124,43.34624454780363,49.47970952069718,51.77091808429119,37.63259166666668,25.26486222222222,Dublin_City_Centre_(CBD)_min
267050030,8949804922,34.021884761904765,32.472498095238095,59.77500476190476,55.73979402116403,45.832143646723644,33.64903470899472,32.472498095238095,IFSC___Docklands_min
267134020,253315374,43.41279215686275,34.51239215686274,75.13864549019607,42.04847215686275,68.32923150949267,76.40557215686273,34.51239215686274,IFSC___Docklands_min
267053019,3325561580,44.84052000000001,43.29113333333335,72.62697333333334,66.55842925925927,45.835690842490855,33.34257333333333,33.34257333333333,Tallaght_min
268161005,4064133392,19.65983137254902,19.77824470588235,41.45996899224807,43.04554063180828,45.42469586206895,41.22579612903227,19.65983137254902,Dublin_City_Centre_(CBD)_min
268016001,530807845,24.878353333333337,24.912717657657655,55.872926666666665,20.863983703703703,39.74710370370371,60.929266666666656,20.863983703703703,Dublin_Airport_min
268104003,1836351034,9.969533333333333,14.60918666666667,47.938034814814806,38.181393583583585,38.27289589743589,57.787048148148145,9.969533333333333,Dublin_City_Centre_(CBD)_min
267079008,12496934062,40.993328695652174,41.96783999999999,24.48256034188033,65.23513592592592,67.46630666666665,55.56895555555558,24.48256034188033,Sandyford_Business_District_min
267123022,568231597,43.53442646616541,44.665082219061155,74.70146334928229,60.84243884711779,66.31182604288497,84.93926678362574,43.53442646616541,Dublin_City_Centre_(CBD)_min
268094012,82661810,34.95120190476191,35.898753277310924,43.64733142857144,59.16604920323683,59.803073810375665,28.400568682170547,28.400568682170547,Tallaght_min
268009012,336142120,9.76273628318584,13.997540607510166,45.646869616519176,37.2648365334361,38.81971021645797,55.495882949852515,9.76273628318584,Dublin_City_Centre_(CBD)_min
268096015,3978749605,14.360504964539007,14.303871570701132,39.85677163120567,37.57116749662707,40.95061539452497,50.53911829787234,14.303871570701132,IFSC___Docklands_min
267097018,13464991690,51.094373333333344,50.28105333333335,43.64435222570532,73.54834925925928,75.77952000000002,79.61759073170734,43.64435222570532,Sandyford_Business_District_min
268042014,7500295161,33.917787777777775,36.587453232323234,68.77991931927977,54.71794360269361,60.39028201288246,79.01772275362319,33.917787777777775,Dublin_City_Centre_(CBD)_min
268036001,11961758383,18.713702499999997,19.396763076923076,55.62949387984279,42.664059002849015,27.009504166666662,54.905848567119165,18.713702499999997,Dublin_City_Centre_(CBD)_min
268113016,8911954096,,,,,,,,
267131024,26472844,45.53322117647058,41.53055450980392,81.60680784313722,37.566634509803926,62.106005833333334,71.92373450980388,37.566634509803926,Dublin_Airport_min
267085004,10795929032,60.52296666666666,62.97631333333333,46.18589999999999,73.88855764705886,69.99520831661094,29.96887652173914,29.96887652173914,Tallaght_min
267154004,2484031245,43.45764691358025,45.91099358024692,48.75576500881835,69.17828950617285,70.3094602469136,32.29371,32.29371,Tallaght_min
268104011/01,13790152400,11.446213684210527,15.681018008534847,47.330347017543865,38.94831393446079,40.50318761748266,57.179360350877204,11.446213684210527,Dublin_City_Centre_(CBD)_min
267017011,598194930,33.09083515151516,31.946186142506146,39.783122424242414,55.21348206843208,58.59292996632996,69.32497575757574,31.946186142506146,IFSC___Docklands_min
267029028,12883609870,27.49239555555555,31.597128888888886,64.64004888888888,49.325961481481485,19.506755555555557,56.715235555555545,19.506755555555557,Blanchardstown_min
268078002,7563217024,,,,,,,,
267127006,181285599,32.18133612403101,31.368016124031012,30.11000083333333,54.635312049956944,56.86648279069768,60.704553522405,30.11000083333333,Sandyford_Business_District_min
267080024,247804737,59.96137815602833,60.0023733333333,38.56566888888888,80.92174431372555,82.85619411371243,55.486580000000004,38.56566888888888,Sandyford_Business_District_min
267052009,8699712998,32.45109212121212,30.901705454545457,67.49660725348726,54.169001380471386,34.844029049773766,38.02020666666667,30.901705454545457,IFSC___Docklands_min
268084004,292680648,17.273873131313128,15.724486464646464,52.31938826358826,38.99178239057239,37.15628646464646,48.42362999999999,15.724486464646464,IFSC___Docklands_min
268127004,10276847622,36.55353755879059,39.178946666666654,35.72152090225564,62.44624259259258,63.57741333333332,42.07087999999999,35.72152090225564,Sandyford_Business_District_min
267058001/01,11833844382,47.247355384615375,46.434035384615385,35.8713125925926,69.70133131054129,71.93250205128201,56.2977822222222,35.8713125925926,Sandyford_Business_District_min
267026005,701760728,37.88164,36.76597134186819,37.36917047619049,60.03326726779412,62.566786666666665,66.22692,36.76597134186819,IFSC___Docklands_min
267092043,12710296619,46.95902390804597,50.82957829401088,7.4431199999999995,74.09687421993682,75.53634504279776,61.10771108753315,7.4431199999999995,Sandyford_Business_District_min
267002035,9413873488,52.13207333333331,42.69833999999999,81.95792666666671,56.284419999999976,79.71195037037042,89.59760000000004,42.69833999999999,IFSC___Docklands_min
268096001,540519806,12.354294468085104,14.431934021294014,39.143280952380934,37.69922994721996,39.20610780141843,50.6738980952381,12.354294468085104,Dublin_City_Centre_(CBD)_min
268129027,13983864245,25.673003333333334,24.019081126760565,34.45657725490196,47.28637705268651,49.517547793427255,52.95490963250771,24.019081126760565,IFSC___Docklands_min
267005001/01,9575309211,43.48332833333335,44.71279047619047,79.36746166666664,45.528017142857145,70.19545034246575,79.88511714285713,43.48332833333335,Dublin_City_Centre_(CBD)_min
267100083,8779260345,29.17397127147767,27.624584604811,64.2194864037528,50.89188053073692,30.035689733016127,52.28695074074074,27.624584604811,IFSC___Docklands_min
268082002,5152933613,14.004213333333329,21.518910769230775,52.761830769230784,44.174666236559155,33.801420289855066,61.79644813008131,14.004213333333329,Dublin_City_Centre_(CBD)_min
267104007,9444718205,52.26069128205129,43.360291282051286,84.66987794871793,47.779704615384624,77.8115846153846,82.13680461538459,43.360291282051286,IFSC___Docklands_min
267097002,674100088,51.881733333333344,51.06841333333334,47.605302528735635,74.33570925925923,76.56687999999998,80.40495073170729,47.605302528735635,Sandyford_Business_District_min
267126007,13726932742,37.60085898305083,36.78753898305084,28.65710666666666,60.05483490897678,62.28600564971752,58.56855757575758,28.65710666666666,Sandyford_Business_District_min
267087005,1333921854,38.00603710144928,37.19271710144928,40.31626091097309,60.4600130273752,62.691183768115934,66.52925449982325,37.19271710144928,IFSC___Docklands_min
268089009,2423092474,34.1492634920635,36.773810158730164,70.01247575757576,34.55292,53.39593333333333,72.53657460992908,34.1492634920635,Dublin_City_Centre_(CBD)_min
267132004,253181917,35.61878666666666,31.56612,71.69237333333335,27.6522,57.684080000000016,62.00930000000001,27.6522,Dublin_Airport_min
267103004/03,10210387164,41.45379047619049,39.90440380952382,76.49930560846562,63.17169973544974,42.31550893772895,50.36109333333333,39.90440380952382,IFSC___Docklands_min
268100006,914786444,19.39369563218391,19.213708965517245,52.22342232558136,42.48100489144318,42.76217563218391,42.58009142857143,19.213708965517245,IFSC___Docklands_min
267117002,11042609059,39.96261090909092,42.41595757575759,42.45087999999999,64.22789764705882,66.16234744704569,38.792733333333324,38.792733333333324,Tallaght_min
268006039,245807860,31.11633571428571,34.43690444444444,68.26398904761903,57.10992259259262,30.115014814814813,71.61302814814816,30.115014814814813,Blanchardstown_min
268021011,16712007,32.557718865248226,39.09741219858154,67.07358128949069,33.76997925925926,55.11167666666665,70.73101347517735,32.557718865248226,Dublin_City_Centre_(CBD)_min
267083006,9671884764,50.56473333333334,52.40659193798449,37.49366274509803,60.682030980392156,62.61648078037903,35.24686666666666,35.24686666666666,Tallaght_min
267035012,2379327169,119.5000133333333,121.30451193798444,106.39158274509802,129.57995098039208,131.51440078037905,98.37649227931492,98.37649227931492,Tallaght_min
267040048,290791711,43.95785333333331,46.67979179487178,81.1055066666667,66.57724571428568,32.172213333333346,69.38069333333331,32.172213333333346,Blanchardstown_min
268112004,8764059236,20.177819130434784,19.033170121425776,41.326990303030286,42.30046604735171,45.679913945249595,57.751897918313574,19.033170121425776,IFSC___Docklands_min
267031009,12981939867,42.50541833333333,43.993485,79.1166451150055,66.16153269230769,19.739493333333332,69.99868444444445,19.739493333333332,Blanchardstown_min
268018012/268018015,3927243640,29.200818775510207,30.62510955420938,61.58531856321837,23.75812689655173,38.29017877551018,66.64165856321837,23.75812689655173,Dublin_Airport_min
267094010,1523394179,62.29854646616541,63.42920221906117,93.46558334928231,72.22409333333333,85.07594604288501,103.70338678362576,62.29854646616541,Dublin_City_Centre_(CBD)_min
267053023,9555196219,49.00829333333333,47.458906666666664,82.31623555555552,70.72620259259256,56.97201084249087,42.74764,42.74764,Tallaght_min
267039016,267124210,45.55743833333334,44.74411833333333,47.867662142857135,68.01141425925924,70.242585,74.08065573170734,44.74411833333333,IFSC___Docklands_min
268136012,1499519378,33.8603968627451,36.313743529411774,39.15851495798321,59.581039455337695,60.71221019607844,30.00033777777778,30.00033777777778,Tallaght_min
267112005/01,4867470391,72.19278666666673,70.64340000000007,96.67841333333334,93.91069592592598,80.37159846153847,59.52622666666666,59.52622666666666,Tallaght_min
267110011,3647682701,41.73703532467532,42.86769107757107,72.90407220779221,55.14957166666667,64.51443490139488,83.14187564213564,41.73703532467532,Dublin_City_Centre_(CBD)_min
267029024,12881401341,30.695948965517253,33.61734896551726,67.84360229885054,53.315341346469594,18.910308965517263,56.11878896551721,18.910308965517263,Blanchardstown_min
267092016/03,11635890389,63.82779999999998,63.01447999999998,28.52762666666668,86.28177592592586,88.5129466666666,72.5206,28.52762666666668,Sandyford_Business_District_min
267096005,13463031178,52.03750424242424,51.22418424242424,43.12620677115988,74.49148016835011,76.72265090909083,80.56072164079815,43.12620677115988,Sandyford_Business_District_min
267067010,597119752,36.22284592592593,35.078196916916916,43.690292903225796,58.34549284284284,61.72494074074072,73.79692471380467,35.078196916916916,IFSC___Docklands_min
267040027,12966960508,35.619602222222234,37.84100222222225,72.17389844833879,60.8961325925926,26.197459191919183,66.39343897435897,26.197459191919183,Blanchardstown_min
267050029,4852743966,32.31782962962963,30.768442962962965,58.07094962962962,54.035738888888886,43.58542364672364,31.402314708994705,30.768442962962965,IFSC___Docklands_min
267004012,968717633,61.29941523809525,62.430070990991,92.46645212121214,80.76542370370375,84.07681481481485,102.70425555555558,61.29941523809525,Dublin_City_Centre_(CBD)_min
267075001,13009343716,32.82344848484848,31.67879947583947,40.68056811594202,54.94609540176542,58.3255432996633,70.35331859649119,31.67879947583947,IFSC___Docklands_min
267084015,9442545006,56.03392242424242,58.48726909090909,41.696855757575754,69.39951340463458,68.14366407418667,28.11733227931488,28.11733227931488,Tallaght_min
268093005,4898433740,36.874425238095235,37.821976610644256,51.090157582417575,61.08927253657018,63.38048110016418,37.77065282051282,36.874425238095235,Dublin_City_Centre_(CBD)_min
267103004/02,8828049910,37.651871111111106,36.10248444444445,72.69738624338622,59.369780370370364,38.51358957264957,51.687257777777766,36.10248444444445,IFSC___Docklands_min
268012005,1276534264,25.28072666666667,29.385460000000005,61.78662909090909,35.99099053763441,32.04415053763441,69.25263053763442,25.28072666666667,Dublin_City_Centre_(CBD)_min
268129001,2760559814,23.657412745098043,22.844092745098035,34.31695826086957,46.111388671023974,48.34255941176471,52.18063014347203,22.844092745098035,IFSC___Docklands_min
268106004,8063466704,8.436800000000002,15.052850802919705,47.929104136253045,38.32014672884563,36.95548444444446,53.24519835205995,8.436800000000002,Dublin_City_Centre_(CBD)_min
267067001/267067012,335575580,30.11544592592593,28.97079691691692,42.471852903225816,52.23809284284285,55.617540740740736,67.68952471380472,28.97079691691692,IFSC___Docklands_min
268032018,6204193903,24.60388468468468,23.639354285714298,60.2342560846561,46.90665021164023,35.3519,54.00717333333336,23.639354285714298,IFSC___Docklands_min
267020018,9399302278,33.86332279069769,33.05000279069768,36.17354660022149,56.31729871662362,58.548469457364355,62.38654018907167,33.05000279069768,IFSC___Docklands_min
267118022,6780530203,62.64715315982263,59.415918974358966,93.81419004293952,63.8353323076923,85.4245527365422,98.1924323076923,59.415918974358966,IFSC___Docklands_min
267028115,12726003403,40.46140137931035,43.1661347126437,77.60905471264364,63.08079376026273,28.675761379310355,65.88424137931035,28.675761379310355,Blanchardstown_min
267041001,16465356,30.731983859649127,32.95338385964913,67.87963719298246,56.148248484848494,16.878541818181816,64.42655515151516,16.878541818181816,Blanchardstown_min
267147024,4485947658,51.15692761904764,49.60754095238097,64.1337942857143,68.21264431372553,61.585312747252765,23.293749743589732,23.293749743589732,Tallaght_min
268009017,247176554,14.402176283185842,18.636980607510168,50.2863096165192,41.904276533436125,43.459150216457985,60.13532294985253,14.402176283185842,Dublin_City_Centre_(CBD)_min
267053005,11876240526,41.11368303030304,39.56429636363638,72.58346969696964,62.83159228956231,41.9754014918415,35.7990696969697,35.7990696969697,Tallaght_min
267103023,9015365376,32.83516,31.285773333333335,67.88067513227516,54.55306925925928,33.69687846153846,56.61261909909909,31.285773333333335,IFSC___Docklands_min
268159003,2373513260,25.223642380952377,31.763335714285713,59.739504805194805,27.26996,47.98724333333334,63.396936990881464,25.223642380952377,Dublin_City_Centre_(CBD)_min
268031010,8931357565,24.204252307692308,27.746218018018023,60.12075897435898,51.013513943943956,34.581666956521744,63.255303508214105,24.204252307692308,Dublin_City_Centre_(CBD)_min
268026008,4892641879,32.84160555555555,35.71615222222222,67.64117909090909,40.01526333333333,51.02463666666666,70.16527794326241,32.84160555555555,Dublin_City_Centre_(CBD)_min
268085002,2609826917,23.71529025641026,22.165903589743596,58.48885399224806,45.4331995156695,43.597703589743574,44.868156363636345,22.165903589743596,IFSC___Docklands_min
268045007,3490840133,27.06088796536797,26.6798,58.22792484848485,44.81029037037037,49.83828754208754,68.46572828282828,26.6798,IFSC___Docklands_min
268143018/01,3184268454,18.456187500000006,20.155367500000004,43.95245416666666,43.422663425925926,45.30800083333333,54.63480083333333,18.456187500000006,Dublin_City_Centre_(CBD)_min
267041011/01,12685875753,,,,,,,,
267045003,140405215,34.12614782608698,40.73771260596117,29.52737543859652,64.00500853188709,62.70346896083871,43.73859282051281,29.52737543859652,Sandyford_Business_District_min
267101015,21519305,32.234111111111105,30.68472444444444,67.27962624338626,53.952020370370384,33.09582957264957,51.56116444444445,30.68472444444444,IFSC___Docklands_min
268110006,654062761,23.11947944444444,24.818659444444442,42.87373666666668,43.527219565772654,49.971292777777784,59.29809277777779,23.11947944444444,Dublin_City_Centre_(CBD)_min
268043006,129978365,31.494387777777792,34.16405323232325,66.35651931927976,52.2945436026936,57.96688201288245,76.5943227536232,31.494387777777792,Dublin_City_Centre_(CBD)_min
267007012,9546098336,54.11900672745693,55.86000190476191,37.411255238095215,65.83751764705882,67.7719674470457,40.40235333333331,37.411255238095215,Sandyford_Business_District_min
267084039,9995200870,,,,,,,,
268136003,13255085713,29.998952994350283,32.45229966101695,39.19707633423181,55.71959558694288,56.850766327683615,33.236409855072466,29.998952994350283,Dublin_City_Centre_(CBD)_min
267154001,4842394914,39.93402024691358,42.387366913580244,45.23213834215168,65.65466283950617,66.78583358024692,30.58300333333332,30.58300333333332,Tallaght_min
268160003,8558506048,28.016290967741934,34.55598430107527,62.53215339198435,42.844214313725494,50.77989192012287,66.85078999999999,28.016290967741934,Dublin_City_Centre_(CBD)_min
268051009,13356294917,27.595234775255886,27.415248108589218,61.75392778012686,50.682544034515175,46.297048108589244,38.85984444444444,27.415248108589218,IFSC___Docklands_min
268067010,2372734220,22.314654782608688,26.419388115942024,58.82055720685111,32.666849462365604,28.720009462365606,65.92848946236558,22.314654782608688,Dublin_City_Centre_(CBD)_min
267095005,8942514618,53.80350857142855,54.9341643243243,84.97054545454549,78.20146025025029,76.58090814814817,95.20834888888892,53.80350857142855,Dublin_City_Centre_(CBD)_min
267150017,8660643776,41.13720190476189,42.08475327731092,50.16403395730705,65.35204920323683,65.89746047704232,34.494955348837216,34.494955348837216,Tallaght_min
268108008/03,2177304014,20.060009090909094,10.626275757575758,52.469195757575754,28.75676612794614,47.55870302418121,57.525535757575746,10.626275757575758,IFSC___Docklands_min
267139004,8533719852,50.873967179487195,53.327313846153864,56.1330816510319,76.59460977207978,62.216393461538466,22.60681333333333,22.60681333333333,Tallaght_min
267150007,8599862109,38.85209523809523,39.79964661064426,47.9094472906404,63.06694253657018,63.321127143708985,31.918622015503875,31.918622015503875,Tallaght_min
267064005,4960815483,38.150366524822665,37.00571751581368,52.66403005423443,60.2730134417396,63.65246133963748,75.72444531270148,37.00571751581368,IFSC___Docklands_min
268160010,9832322609,22.15647407407408,28.696167407407412,56.672336498316476,35.09925217391305,44.92007502645501,60.329768684003135,22.15647407407408,Dublin_City_Centre_(CBD)_min
267042002/02,11114888541,47.25805815602835,52.94535999999999,36.58565333333333,74.84863098039214,75.83537929078015,39.111373333333326,36.58565333333333,Sandyford_Business_District_min
267007021,248081901,51.25871315602836,52.999708333333345,34.550961666666666,65.49347764705882,67.42792744704572,40.05831333333333,34.550961666666666,Sandyford_Business_District_min
267143020,9008466814,56.657759999999975,55.108373333333326,55.30129333333331,78.37566925925924,67.0861451282051,26.515773333333346,26.515773333333346,Tallaght_min
267132003,2367031424,40.461066666666675,36.40840000000001,76.53465333333335,32.494479999999996,62.52636000000004,66.85158000000003,32.494479999999996,Dublin_Airport_min
268081018,4781416585,10.360937435897439,16.380550769230773,47.62347076923075,39.64784669515668,33.37637641025642,58.089150769230756,10.360937435897439,Dublin_City_Centre_(CBD)_min
268108017/02,3634969401,19.409811111111114,10.509411111111113,51.81899777777777,33.18242925925926,38.36476148148147,56.87533777777776,10.509411111111113,IFSC___Docklands_min
267098003,6323421199,51.9234,55.41744432432433,86.37765333333336,48.69630666666667,57.82942666666667,91.43399333333335,48.69630666666667,Dublin_Airport_min
268112003,8757669528,25.233318518518516,24.088669509509508,42.48845098039215,47.35596543543545,50.735413333333334,62.80739730639731,24.088669509509508,IFSC___Docklands_min
267014004/01,9672942379,94.46422666666669,90.46156000000002,130.53781333333333,86.49764000000002,116.52952000000002,120.85474,86.49764000000002,Dublin_Airport_min
267112010,9646116159,57.94972000000002,56.40033333333336,89.92658666666665,79.66762925925927,76.64858512820511,50.119586666666684,50.119586666666684,Tallaght_min
267038003,13295438184,,,,,,,,
268115017,9601747812,21.71250181818182,19.212101818181825,40.15492,42.47939774410774,44.077235151515154,52.337240544217686,19.212101818181825,IFSC___Docklands_min
267069001/04,12509144374,43.85908571428574,43.045765714285736,43.30535238095241,66.31306164021167,68.54423238095242,72.38230311265973,43.045765714285736,IFSC___Docklands_min
268021007,2375077228,24.31117219858156,30.85086553191489,58.827034622823994,34.63854550724637,47.07477315096252,62.484466808510646,24.31117219858156,Dublin_City_Centre_(CBD)_min
268035006,15413061,24.753089166666665,26.15825641025641,61.90074249999999,48.71320999999999,28.53472888888889,61.667341900452485,24.753089166666665,Dublin_City_Centre_(CBD)_min
267095030,253239408,44.28376190476193,45.414417657657665,75.45079878787874,68.6817135835836,67.06116148148149,85.68860222222222,44.28376190476193,Dublin_City_Centre_(CBD)_min
267118015,12556362300,61.273516236745714,58.04228205128206,92.44055311986261,62.46169538461538,84.0509158134653,96.8187953846154,58.04228205128206,IFSC___Docklands_min
267093001,11541780368,79.84564,70.41190666666667,109.67149333333333,83.99798666666668,107.27382814814816,117.31116666666667,70.41190666666667,IFSC___Docklands_min
267119004/02,11649653387,53.021506666666646,51.47211999999999,76.28170666666671,74.73941592592597,59.97489179487177,39.129519999999985,39.129519999999985,Tallaght_min
267046006,6433689573,35.79372482269503,42.405289602569226,26.363112820512832,65.67258552849515,64.37104595744678,50.23152888888888,26.363112820512832,Sandyford_Business_District_min
267100004,9012701478,34.86564242424243,33.31625575757576,69.91115755651755,56.583551683501675,35.727360885780875,44.61493909909911,33.31625575757576,IFSC___Docklands_min
268114001,5590812120,28.02798518518518,26.068408888888893,34.75107333333333,49.33570481481482,50.93354222222222,54.0770088888889,26.068408888888893,IFSC___Docklands_min
267130009,257306435,34.558455238095235,35.68911099099099,65.72549212121213,58.95640691691694,57.33585481481482,75.96329555555552,34.558455238095235,Dublin_City_Centre_(CBD)_min
268066009,2375495122,31.258472183908054,35.36320551724139,67.76437460815048,39.14804551724139,27.688837530864205,71.89235753086419,27.688837530864205,Blanchardstown_min
267095031,2380397777,53.4141752380953,54.54483099099104,84.58121212121208,77.81212691691695,76.19157481481487,94.81901555555555,53.4141752380953,Dublin_City_Centre_(CBD)_min
268061009,2964375028,26.96056,25.411173333333338,62.00607513227512,48.67846925925925,46.842973333333326,45.062344126984115,25.411173333333338,IFSC___Docklands_min
267078002,13102460420,56.21797815602837,56.258973333333344,34.49000222222223,79.52626925925924,81.75743999999999,60.45208000000001,34.49000222222223,Sandyford_Business_District_min
267028004/02/05,6190352557,41.32745987025022,42.89253829059828,75.84332229449268,64.0504080331263,29.645375652173914,66.85385565217392,29.645375652173914,Blanchardstown_min
268086002,4939797798,36.91811666666667,39.54266333333333,72.80225,44.6649490909091,63.507962424242436,82.64860370083815,36.91811666666667,Dublin_City_Centre_(CBD)_min
268161003,5967961084,13.81585568627451,13.635869019607844,44.14755441860468,36.90316494553378,39.42864252873563,45.46470666666667,13.635869019607844,IFSC___Docklands_min
267140050,11591274738,53.89688717948719,52.347500512820524,60.90708717948719,75.61479643874645,63.495696239316274,23.754900512820498,23.754900512820498,Tallaght_min
268010005,479669445,12.492171228070179,19.006171228070176,47.24067365231259,40.38024666666666,33.19592539473685,57.92302031897926,12.492171228070179,Dublin_City_Centre_(CBD)_min
267134005,12630265763,43.065933333333334,34.165533333333336,74.79178666666665,41.65716761904763,71.6890476190476,76.0142676190476,34.165533333333336,IFSC___Docklands_min
267105011,3870813568,54.24447873015875,55.37513448305449,85.41151561327557,65.12621777777778,77.02187830687825,95.64931904761902,54.24447873015875,Dublin_City_Centre_(CBD)_min
267097015,14015495436,46.55141985815602,45.40677084914701,52.00661889237199,68.67406677507294,72.05351467297082,84.12549864603481,45.40677084914701,IFSC___Docklands_min
267011003,230302711,44.320735193065396,48.60339703703703,30.159298823529408,71.87069296296296,72.89805632781717,47.256979999999984,30.159298823529408,Sandyford_Business_District_min
268032002,4935950136,18.572738018018015,18.392751351351347,54.625482154271076,41.6600472772773,30.303915151515138,53.90183684154746,18.392751351351347,IFSC___Docklands_min
267144002,243888691,54.5601366756514,53.010750008984736,62.92513960784313,75.60663098039223,60.182865128205115,20.595119999999994,20.595119999999994,Tallaght_min
267059001,257930255,36.247929486166,35.10943151515152,33.88628996336995,58.37672744107742,60.607898181818165,47.30969818181816,33.88628996336995,Sandyford_Business_District_min
268083001,2951477095,23.542013333333326,21.99262666666666,58.58752846560846,45.259922592592595,43.42442666666667,49.42763769798829,21.99262666666666,IFSC___Docklands_min
267051015,13175397852,28.590187642276415,27.04080097560975,63.635702774551554,50.308096901535684,41.731642905982916,42.80531111111112,27.04080097560975,IFSC___Docklands_min
267048001,13723229962,47.84534429906544,47.66535763239877,83.84808843531843,70.93265355832467,55.99958904977377,53.60975333333332,47.66535763239877,IFSC___Docklands_min
268050001,243910134,21.858479999999997,23.968665454545448,57.74261333333333,42.09915582491583,50.915453933272126,67.59162666666667,21.858479999999997,Dublin_City_Centre_(CBD)_min
268144015,585345781,29.339093333333338,30.28664470588236,47.42047565891472,53.55394063180827,55.84514919540228,37.18269641025641,29.339093333333338,Dublin_City_Centre_(CBD)_min
267125008,185384577,39.005826666666664,38.19250666666667,24.538872380952377,61.459802592592595,63.69097333333333,56.99739238095237,24.538872380952377,Sandyford_Business_District_min
267028094,353115871,38.12462898550726,40.829362318840595,75.27228231884061,60.744021366459634,26.338988985507246,63.54746898550726,26.338988985507246,Blanchardstown_min
268057001,196222358,25.76692000000001,24.21753333333334,60.81243513227513,47.48482925925925,45.64933333333332,43.30777940323954,24.21753333333334,IFSC___Docklands_min
267021009,984477528,37.408620350877186,36.26397134186819,39.618334920634915,59.531267267794114,62.77703111111111,66.43716444444445,36.26397134186819,IFSC___Docklands_min
267036006/01,13298256695,46.277807665056365,45.13315865604736,39.98377660280971,68.40045458197326,71.77990247987118,75.71266840579712,39.98377660280971,Sandyford_Business_District_min
267065023/01/267065010,715050317,61.85516079365079,62.98581654654654,93.02219767676769,64.09854555555555,84.63256037037038,98.45564555555556,61.85516079365079,Dublin_City_Centre_(CBD)_min
268123008,305245782,40.176688888888876,42.80123555555554,76.06082222222223,47.00376982456142,66.88881089802129,85.68866982456142,40.176688888888876,Dublin_City_Centre_(CBD)_min
267118017/02,12504980425,58.99023418546366,55.759,90.15727106858054,60.17841333333333,81.76763376218324,94.53551333333333,55.759,IFSC___Docklands_min
267074006/01,1351454912,39.9074323809524,39.094112380952396,39.35369904761907,62.361408306878324,64.59257904761907,68.43064977932637,39.094112380952396,IFSC___Docklands_min
267097014,14020902610,51.10020652482269,49.95555751581367,57.02647586206896,73.2228534417396,76.60230133963746,88.67428531270144,49.95555751581367,IFSC___Docklands_min
267151012,8622642924,47.10299865319866,45.55361198653199,58.857026666666684,68.8209079124579,65.46121306471305,26.892041269841265,26.892041269841265,Tallaght_min
268148004/03,5733881064,23.963552688172037,22.41416602150537,59.0090678204472,45.68146194743133,43.845966021505404,52.127209934640554,22.41416602150537,IFSC___Docklands_min
268117004,8661849756,24.500484761904772,24.130586666666666,37.27979619047619,47.397882592592595,48.99572,45.81214285714287,24.130586666666666,IFSC___Docklands_min
267033006,12823455923,28.45128952380953,29.939356190476197,65.59894285714286,47.95236769230769,0.9878533333333335,56.230674358974355,0.9878533333333335,Blanchardstown_min
267149009,8612020955,50.48535358024693,51.97116026143792,51.0989544715447,75.23845618736384,72.4729617948718,33.90379,33.90379,Tallaght_min
267082008,260022254,37.591871489361694,44.203436269235915,28.16125948717949,67.47073219516184,66.16919262411348,52.63427555555555,28.16125948717949,Sandyford_Business_District_min
267049001,5222541516,39.085838333333335,37.536451666666686,74.13135346560846,60.8037475925926,39.9475567948718,40.61051833333334,37.536451666666686,IFSC___Docklands_min
268128018,2989604050,22.95185333333333,23.706393846153844,34.341296124031004,46.97368977207977,49.20486051282051,48.74645280701754,22.95185333333333,Dublin_City_Centre_(CBD)_min
268004011,6201965273,24.63107135135135,24.45108468468468,60.68381548760441,47.71838061061064,35.37908666666667,55.08021333333337,24.45108468468468,IFSC___Docklands_min
267153003,10148550921,45.64300222222222,46.590553594771244,54.041120317460326,69.85784952069716,68.53245401709401,30.48663523809524,30.48663523809524,Tallaght_min
268108010,5602544837,18.501609090909092,9.067875757575758,50.910795757575755,27.198366127946137,46.000303024181214,55.96713575757575,9.067875757575758,IFSC___Docklands_min
268149005,3227988046,16.276423655913977,16.09643698924731,52.32916779216702,39.36373291517325,34.50760571428571,47.47256188659248,16.09643698924731,IFSC___Docklands_min
268005016,2399657810,17.196471351351352,17.016484684684684,53.24921548760439,40.28378061061061,29.975275151515156,52.52557017488076,17.016484684684684,IFSC___Docklands_min
267058001/02,14072621737,,,,,,,,
267143022,1420913459,58.60877575757576,57.59194891133557,51.55504242424242,79.25770007130127,63.05069257918551,23.024360784313725,23.024360784313725,Tallaght_min
268068002,1276542218,29.414560000000005,33.519293333333344,65.92046242424242,40.28746666666666,32.76445166666667,73.54910666666665,29.414560000000005,Dublin_City_Centre_(CBD)_min
267043003,212614601,44.938166666666675,47.39151333333334,46.752872820512835,70.65880925925929,71.78998000000006,48.469400000000014,44.938166666666675,Dublin_City_Centre_(CBD)_min
267108008,10309865066,24.182091594202895,22.63270492753623,59.22760672647804,45.90000085346217,41.18476324038022,46.60816713178293,22.63270492753623,IFSC___Docklands_min
267024002,658116655,38.091345287356326,37.02900996255783,32.76261195402298,60.296305888483765,62.77649195402299,65.22113195402298,32.76261195402298,Sandyford_Business_District_min
267025005,1424141485,30.78747368421052,29.642824675201513,40.25182456140352,52.91012060112746,56.28956849902534,68.36155247208934,29.642824675201513,IFSC___Docklands_min
268059005,6378526011,11.78611935742972,18.32581269076305,46.30198178167214,34.98131703703703,34.549720309810674,56.889228246318595,11.78611935742972,Dublin_City_Centre_(CBD)_min
267123017,4163496621,51.67938646616542,52.810042219061174,82.8464233492823,68.98739884711777,74.45678604288499,93.08422678362575,51.67938646616542,Dublin_City_Centre_(CBD)_min
268117009,13188793000,24.663340317460314,24.850020317460313,35.77440952380951,48.11731624338625,50.33182031746033,44.30675619047619,24.663340317460314,Dublin_City_Centre_(CBD)_min
268037010,6363690158,30.380891594202907,28.831504927536237,65.42640672647802,52.09880085346215,41.99547610859728,47.41887999999999,28.831504927536237,IFSC___Docklands_min
267009008,13048859484,40.711578156028374,46.066565490196076,26.616112156862748,68.60627859943979,69.28889929078015,43.17111428571429,26.616112156862748,Sandyford_Business_District_min
267147019,6231450020,48.37559111111112,46.826204444444464,58.852457777777786,70.09350037037039,58.80397623931625,18.233604444444445,18.233604444444445,Tallaght_min
268123006,295516509,42.41538349206351,45.03993015873017,78.27859575757573,40.37806315789476,61.662053333333354,79.0629631578947,40.37806315789476,Dublin_Airport_min
267148003,11025908280,48.00064891774892,46.45126225108225,61.52638761904762,69.71855817700815,60.81567128205128,22.24649948717948,22.24649948717948,Tallaght_min
268037014,4006179052,,,,,,,,
267132031,253182788,35.04293948717948,30.99027282051282,71.11652615384615,27.07635282051282,57.10823282051283,61.43345282051282,27.07635282051282,Dublin_Airport_min
267132029,12771754642,38.929623859649084,34.87695719298244,75.0032105263159,30.963037192982448,60.994917192982406,65.3201371929824,30.963037192982448,Dublin_Airport_min
267148018,8623798163,50.563490909090916,49.014104242424246,64.08922961038962,72.28140016835019,64.94267128205126,26.373499487179476,26.373499487179476,Tallaght_min
267117007,2474110723,38.76242,41.21576666666667,36.60425913043477,59.94506931372549,61.87951911371236,32.07436666666667,32.07436666666667,Tallaght_min
267013011/02,13856934593,45.96398666666667,48.41733333333334,37.18580820512821,57.996159185520376,59.93060898550725,32.56099487179487,32.56099487179487,Tallaght_min
267055003,12652243336,33.83421274509804,33.02089274509804,36.34683663003662,56.28818867102395,58.51935941176469,50.17993052631579,33.02089274509804,IFSC___Docklands_min
268030015,12867459,24.71447420289855,28.81920753623189,61.22037662714097,39.73468727272727,35.78784727272728,71.72357566631317,24.71447420289855,Dublin_City_Centre_(CBD)_min
267007008,9563305055,45.38194648936168,47.122941666666655,28.674194999999997,62.976844313725486,64.91129411371236,37.54167999999998,28.674194999999997,Sandyford_Business_District_min
267002029,2384198091,54.32645333333333,44.892720000000004,84.15230666666668,58.4788,81.7546414814815,91.79198000000001,44.892720000000004,IFSC___Docklands_min
267026008,11507854358,30.96452568665376,29.819876677644753,37.812115757575754,53.0871726035707,56.46662050146858,60.32169092998955,29.819876677644753,IFSC___Docklands_min
268119004,7503785086,34.96924666666668,37.593793333333345,70.85337999999999,49.81251847953216,61.68136867579908,80.70239333333332,34.96924666666668,Dublin_City_Centre_(CBD)_min
268022015,5421162069,30.901209523809527,34.778360000000006,65.41707194805194,34.19497333333334,48.800529523809516,67.94117080040526,30.901209523809527,Dublin_City_Centre_(CBD)_min
268087001,305405460,36.10200592592594,38.726552592592604,71.98613925925926,37.27937333333333,56.12238666666668,75.26302794326241,36.10200592592594,Dublin_City_Centre_(CBD)_min
268118002,5606170688,23.970951428571432,23.790964761904767,59.97369556482446,47.05826068783069,42.67276476190476,52.13413,23.790964761904767,IFSC___Docklands_min
268129002,5155929162,25.00413274509804,24.190812745098032,35.66367826086957,47.45810867102398,49.689279411764716,53.527350143472034,24.190812745098032,IFSC___Docklands_min
268144012,3647679549,31.13326,32.08081137254902,43.903648280893755,55.34810729847495,57.63931586206896,35.796438461538465,31.13326,Dublin_City_Centre_(CBD)_min
267036009,1411048434,44.26490666666666,43.45158666666666,46.575130476190466,66.71888259259258,68.95005333333332,72.78812406504062,43.45158666666666,IFSC___Docklands_min
267116004,7773666799,49.84810666666669,51.47885347644604,38.185093333333334,59.75429251885371,61.688742318840575,34.31912820512821,34.31912820512821,Tallaght_min
267040046,956568887,43.19493333333333,46.6100082051282,80.34258666666669,65.81432571428572,31.40929333333333,68.61777333333333,31.40929333333333,Blanchardstown_min
267091002,10686113354,129.95308571428575,120.51935238095238,159.27893904761902,136.60427372549012,127.59564571428574,164.80412571428562,120.51935238095238,IFSC___Docklands_min
268111013,8912352497,22.626005797101456,21.48135678809245,41.234864313725474,44.74865271401837,48.12810061191625,60.20008458498023,21.48135678809245,IFSC___Docklands_min
267144004,11571541508,47.46923576719578,45.91984910052911,50.1545488172043,69.18714502645504,51.97295994301995,5.663386666666668,5.663386666666668,Tallaght_min
267027016/02,12812002161,,,,,,,,
268028003,6370510047,15.107563809523807,21.647257142857143,49.62342623376622,37.360804444444426,37.871164761904765,60.21067269841267,15.107563809523807,Dublin_City_Centre_(CBD)_min
268103004,358540413,25.599456910569113,25.717870243902446,55.65262454780362,48.98516616982837,50.14557287049398,42.213807777777774,25.599456910569113,Dublin_City_Centre_(CBD)_min
268108026/01,10120757387,17.617655757575754,8.183922424242423,50.02684242424243,26.314412794612803,45.16270095490717,55.08318242424242,8.183922424242423,IFSC___Docklands_min
267103001/14,11720916899,36.22715111111111,34.677764444444456,71.27266624338624,57.94506037037037,37.08886957264958,50.26253777777777,34.677764444444456,IFSC___Docklands_min
268080007,4890431828,11.922451228070173,18.436451228070176,46.67095365231259,38.91738,30.870367500000008,57.35330031897926,11.922451228070173,Dublin_City_Centre_(CBD)_min
268091003,1410013756,39.58870666666668,39.40872000000002,56.284624761904766,62.67601592592594,62.07830620382733,41.49292888888889,39.40872000000002,IFSC___Docklands_min
268030010,616342187,21.203663917525773,25.3083972508591,57.414012307692325,43.32513629629629,32.77431259754738,68.14191300843487,21.203663917525773,Dublin_City_Centre_(CBD)_min
268119003,7503785098,37.5722,40.19674666666668,73.45633333333333,52.415471812865505,64.28432200913242,83.3053466666667,37.5722,Dublin_City_Centre_(CBD)_min
268058002,247417793,28.275717634408604,34.62639333333334,62.79158005865102,43.5678143137255,51.039318586789555,67.57439,28.275717634408604,Dublin_City_Centre_(CBD)_min
267084029,282730514,57.354854035087705,59.80820070175437,46.81864205128205,74.5212996983408,63.89558793522265,23.869256140350885,23.869256140350885,Tallaght_min
268113004,2499322728,26.800252745098046,25.98693274509804,36.44013602996253,49.254228671023974,51.48539941176471,55.23122292435178,25.98693274509804,IFSC___Docklands_min
267099015/01,1882280912,41.974180000000004,33.07378,73.70003333333334,45.40356484848485,70.70282113475177,79.43970666666664,33.07378,IFSC___Docklands_min
267028087,353011116,33.11865881688918,34.68373723723724,67.63452124113158,56.88415279279277,30.565936666666673,67.77441666666665,30.565936666666673,Blanchardstown_min
268067011,12692137191,31.636973333333337,35.74170666666668,68.14287575757575,41.86757720430107,37.92073720430108,75.12921720430107,31.636973333333337,Dublin_City_Centre_(CBD)_min
267007006,12198796831,45.0204133075435,46.940733333333334,28.49198666666666,61.11900431372549,63.05345411371237,35.68383999999999,28.49198666666666,Sandyford_Business_District_min
268137011,8907166767,28.574652753623184,31.027999420289852,40.81881177489178,54.29529534621578,55.42646608695652,37.98328855721392,28.574652753623184,Dublin_City_Centre_(CBD)_min
267092036,2371109677,45.13414390804596,49.00469829401088,13.064773333333331,72.27199421993683,73.71146504279774,59.28283108753315,13.064773333333331,Sandyford_Business_District_min
267080017,12269969427,47.24441031289109,51.52707215686273,32.07661882352944,70.26049193277312,72.19494173276,44.825327619047606,32.07661882352944,Sandyford_Business_District_min
267007018,2392870746,47.88963315602837,49.63062833333334,31.181881666666662,62.124397647058835,64.05884744704571,36.68923333333333,31.181881666666662,Sandyford_Business_District_min
268115005,8659081532,23.024212121212127,20.653293333333345,40.003234188034185,43.92058925925925,45.518426666666656,52.68959515151515,20.653293333333345,IFSC___Docklands_min
267040038,12836647167,41.349231794871805,43.57063179487181,78.49688512820514,65.14104571428572,30.736013333333332,67.94449333333334,30.736013333333332,Blanchardstown_min
268084002,1414512072,21.35679692307692,19.807410256410257,56.402312055352056,43.074706182336186,41.23921025641026,45.01142303030304,19.807410256410257,IFSC___Docklands_min
267118019,6780533803,66.503727518797,63.272493333333344,97.67076440191381,67.69190666666667,89.2811270955165,102.0490066666666,63.272493333333344,IFSC___Docklands_min
267003010,10920239237,48.02079047619047,38.58705714285714,77.84664380952381,52.17313714285714,75.10097481481483,85.48631714285715,38.58705714285714,IFSC___Docklands_min
267074002,4846317796,48.36061904761904,47.547299047619035,47.806885714285706,70.81459497354497,73.0457657142857,76.88383644599304,47.547299047619035,IFSC___Docklands_min
268140005,3203357427,,,,,,,,
267082003,260022359,34.372431489361695,40.98399626923593,24.941819487179483,64.25129219516185,62.949752624113486,48.810235555555586,24.941819487179483,Sandyford_Business_District_min
267050025,8998976761,30.519555315315323,28.97016864864866,56.2726753153153,52.23746457457457,45.792436980057,32.36753531531533,28.97016864864866,IFSC___Docklands_min
267085023,11349742873,56.188995087719285,58.64234175438595,49.174193333333314,76.87685098039218,72.84774512820512,32.821413333333325,32.821413333333325,Tallaght_min
268156001,4204774696,39.33403215686276,38.30244549019609,49.95539758241758,61.56974141612202,58.34688395173455,34.0203476923077,34.0203476923077,Tallaght_min
267028090,6711711206,38.806245483555855,40.371323903903914,73.32210790779823,62.46491180124222,28.059879420289864,65.26835942028984,28.059879420289864,Blanchardstown_min
268132006,585345788,31.548026666666665,32.49557803921569,45.7286917748918,55.76287396514163,58.05408252873564,40.86913333333335,31.548026666666665,Dublin_City_Centre_(CBD)_min
268150015,3594373525,,,,,,,,
267066003,6329809473,30.433645925925923,32.621956705276695,63.58216571428573,25.900819047619045,36.339672592592606,68.50257822843824,25.900819047619045,Dublin_Airport_min
267158009/02,9973592441,53.04085499999999,57.14558833333335,90.18850833333335,66.19628666666671,42.43854833333333,86.64206833333333,42.43854833333333,Blanchardstown_min
268095005,196401124,23.49757333333333,21.948186666666665,58.54308846560846,45.21548259259259,43.37998666666667,42.973938823529416,21.948186666666665,IFSC___Docklands_min
267118020,253485550,62.93507418546367,59.70384000000001,94.10211106858056,64.12325333333334,85.71247376218324,98.48035333333334,59.70384000000001,IFSC___Docklands_min
267057003,13449680455,38.51189194475548,37.519957192982446,31.77075663003662,60.78725311890837,63.01842385964911,48.57022385964911,31.77075663003662,Sandyford_Business_District_min
268112002,690147035,,,,,,,,
268143008,3977133335,15.566600833333332,17.192284904034466,41.06286749999999,40.45958082996039,42.41841416666666,51.745214166666656,15.566600833333332,Dublin_City_Centre_(CBD)_min
268073008,108037063,31.189357460317453,32.32001321321321,62.35639434343435,55.587309139139165,53.96675703703705,72.59419777777778,31.189357460317453,Dublin_City_Centre_(CBD)_min
268044009,7491576154,27.184675238095238,29.85434069264069,62.04680677959722,47.984831063011065,53.657169473199914,72.28461021394067,27.184675238095238,Dublin_City_Centre_(CBD)_min
267152001,8612706985,40.93385641025642,41.88140778280544,49.331974505494514,65.14870370873136,63.82330820512821,25.60249806451613,25.60249806451613,Tallaght_min
267028020,12925518213,33.91005333333333,37.45645333333334,71.05770666666668,56.52944571428572,22.124413333333333,59.33289333333334,22.124413333333333,Blanchardstown_min
268130003,8390553458,21.929031111111104,28.54059589098532,26.454645714285714,51.807891816911265,50.5063522458629,45.64196855721393,21.929031111111104,Dublin_City_Centre_(CBD)_min
268012010,339617038,36.63110000000002,40.73583333333334,73.1370024242424,44.37692857142858,43.39452387096773,80.60300387096775,36.63110000000002,Dublin_City_Centre_(CBD)_min
268149008,628884554,16.16544512820513,15.98545846153846,52.16818926445816,39.252754387464385,36.44873945355194,48.42065653021442,15.98545846153846,IFSC___Docklands_min
268064002,2686868877,27.26469391304348,31.369427246376816,63.77059633728591,30.55056641975309,31.171140000000012,71.29669333333331,27.26469391304348,Dublin_City_Centre_(CBD)_min
268099001,298693137,13.615788965517238,13.435802298850573,49.97872229885057,36.703098224776504,36.98426896551724,46.58162857142856,13.435802298850573,IFSC___Docklands_min
267053004,8923649488,40.222696363636345,38.67330969696968,71.69248303030304,61.94060562289561,41.0844148251748,34.90808303030304,34.90808303030304,Tallaght_min
267141010,5262665668,58.17565142857143,56.626264761904764,58.102518095238096,79.89356068783066,68.60403655677653,28.033664761904753,28.033664761904753,Tallaght_min
268144010,3647679549,31.13326,32.08081137254902,43.903648280893755,55.34810729847495,57.63931586206896,35.796438461538465,31.13326,Dublin_City_Centre_(CBD)_min
267103003/02,1695324575,32.38661791666667,30.83723125000001,67.43213304894181,54.10452717592594,33.24833637820514,51.71367125000001,30.83723125000001,IFSC___Docklands_min
267045001,50865852,40.301983333333325,42.755329999999994,39.715522105263176,66.02262592592592,67.15379666666666,45.592406862745094,39.715522105263176,Sandyford_Business_District_min
268114010,13137917911,24.71201913043479,23.567370121425782,35.751923636363635,46.83466604735171,50.131064126984135,53.274530793650804,23.567370121425782,IFSC___Docklands_min
267101018/267102004,5078837135,34.62006363636363,33.07067696969696,69.66557876863878,56.33797289562291,35.48178209790209,62.62353170653909,33.07067696969696,IFSC___Docklands_min
267100031,8783896706,38.280066666666656,36.73067999999999,73.32558179894177,59.9979759259259,39.14178512820513,52.67062117647063,36.73067999999999,IFSC___Docklands_min
267048007,8686012841,31.322302222222213,29.772915555555546,66.36781735449736,53.040211481481485,32.18402068376067,38.84794000000001,29.772915555555546,IFSC___Docklands_min
267040004,11366992999,53.66233047619049,55.88373047619049,90.80998380952384,79.1510264021164,44.24018744588747,82.9367577777778,44.24018744588747,Blanchardstown_min
268039001,4825289491,31.820590476190503,30.271203809523836,66.86610560846562,53.53849973544975,49.431367985347975,44.44020484848485,30.271203809523836,IFSC___Docklands_min
268135006,6412468111,31.656802841530055,34.11014950819672,38.22280761904762,57.377445434122656,58.50861617486339,35.951846535947716,31.656802841530055,Dublin_City_Centre_(CBD)_min
268088007,603162327,41.25530499999999,45.118493333333326,75.7711674242424,33.71010666666667,55.13645333333333,72.39500666666666,33.71010666666667,Dublin_Airport_min
268071025,6077628613,40.86621678571429,41.99687253861005,72.03325366883115,59.52817764619883,63.643616362433846,82.27105710317463,40.86621678571429,Dublin_City_Centre_(CBD)_min
267095033,255764394,51.27230476190477,52.40296051480051,82.43934164502166,75.67025644072646,74.04970433862435,92.6771450793651,51.27230476190477,Dublin_City_Centre_(CBD)_min
267015009,1411048192,48.62353333333332,47.81021333333332,39.71223586206896,71.07750925925926,73.30868,77.1467507317073,39.71223586206896,Sandyford_Business_District_min
267132042,58603358,39.95433285714286,35.9016661904762,76.02791952380954,31.98774619047619,62.019626190476195,66.34484619047619,31.98774619047619,Dublin_Airport_min
267038015,13381955273,43.98310000000001,43.16978000000001,25.44651586206896,66.43707592592594,68.66824666666668,69.89313637488952,25.44651586206896,Sandyford_Business_District_min
268108011,3209238017,19.222189616519174,15.162306086956518,55.10632294985252,33.292796457326894,48.27916354979131,62.061566086956525,15.162306086956518,IFSC___Docklands_min
267109002,13160571712,31.413384313725484,29.86399764705882,66.45889944600061,53.13129357298474,32.275102775263946,41.78128140350877,29.86399764705882,IFSC___Docklands_min
268014009,2375515803,32.94702980392157,37.051763137254916,69.20293222816397,41.26479746031747,41.2351905376344,78.44367053763443,32.94702980392157,Dublin_City_Centre_(CBD)_min
267003021,479844245,57.83127298245615,48.397539649122805,87.65712631578943,61.983619649122815,85.41115001949314,95.29679964912276,48.397539649122805,IFSC___Docklands_min
268061003,297388001,26.412377142857146,24.862990476190475,61.457892275132274,48.130286402116404,45.11178942928039,42.19379096774193,24.862990476190475,IFSC___Docklands_min
268021008,242783742,29.345772198581564,35.88546553191489,63.86163462282399,37.399112592592594,52.10937315096252,67.51906680851064,29.345772198581564,Dublin_City_Centre_(CBD)_min
267127002,190767259,34.85488279069768,34.041562790697675,34.10369904761906,57.30885871662361,59.54002945736435,63.37810018907167,34.041562790697675,IFSC___Docklands_min
267028041,12788176762,40.337239999999994,43.04197333333333,77.48489333333328,62.95663238095237,28.551599999999997,65.76007999999999,28.551599999999997,Blanchardstown_min
268077010,1427047579,28.956432629399597,30.08708838229534,60.12346951251647,51.36037927682626,51.73383220611916,70.36127294685993,28.956432629399597,Dublin_City_Centre_(CBD)_min
268081009,12738760198,12.07233743589744,18.09195076923077,49.33487076923076,41.35924669515669,30.99216307692308,59.80055076923077,12.07233743589744,Dublin_City_Centre_(CBD)_min
267127008,3267279278,28.325469457364342,27.51214945736434,30.635693266888147,50.77944538329027,53.01061612403101,56.84868685573833,27.51214945736434,IFSC___Docklands_min
267040001,5154336036,43.747119999999995,46.94347444444442,80.89425844833886,66.36651238095237,31.961479999999995,69.16996,31.961479999999995,Blanchardstown_min
267019001,3227845455,33.27057714285715,32.45725714285715,34.988514047619034,55.72455306878304,57.955723809523775,61.793794541231094,32.45725714285715,IFSC___Docklands_min
267112013,4260065852,51.71821333333333,50.16882666666667,83.69507999999996,73.43612259259258,71.60062666666663,43.888079999999995,43.888079999999995,Tallaght_min
267065027/267065031,253983265,53.32932079365079,54.459976546546535,84.49635767676766,55.57270555555555,76.10672037037035,89.92980555555553,53.32932079365079,Dublin_City_Centre_(CBD)_min
268041009,135686100,32.03221929606626,32.415440000000004,63.199256179183116,50.54593037037037,54.80961887278581,73.43705961352656,32.03221929606626,Dublin_City_Centre_(CBD)_min
267097011,13464593295,49.429686524822685,48.28503751581367,49.09033889237198,71.55233344173963,74.93178133963752,85.75783211101772,48.28503751581367,IFSC___Docklands_min
267028117,950977420,44.1238240860215,45.95355741935484,81.27147741935485,66.74321646697388,32.33818408602151,69.5466640860215,32.33818408602151,Blanchardstown_min
268148012,3124957079,17.72062960451977,17.540642937853104,54.08356293785311,40.807938863779036,38.308877632398755,42.05780561403508,17.540642937853104,IFSC___Docklands_min
268142001,12696444232,21.910547450980395,24.363894117647064,38.212848992248055,47.63119004357297,48.762360784313714,42.2484450877193,21.910547450980395,Dublin_City_Centre_(CBD)_min
267095012,253241662,40.91708190476192,42.04773765765766,72.0841187878788,65.31503358358361,63.694481481481496,82.32192222222223,40.91708190476192,Dublin_City_Centre_(CBD)_min
267123027,13525602941,58.55903979949876,59.68969555239451,89.72607668261563,75.86705218045113,81.33643937621831,99.96388011695906,58.55903979949876,Dublin_City_Centre_(CBD)_min
268007005,4382235957,20.864769523809525,23.452836190476194,58.01242285714285,46.72013211640212,27.10804137931035,58.96192168067227,20.864769523809525,Dublin_City_Centre_(CBD)_min
267134014,253312647,47.853079999999984,38.95267999999999,79.57893333333337,46.488759999999985,74.86929817615936,80.84586000000003,38.95267999999999,IFSC___Docklands_min
268045003,4906943494,26.771656811594205,24.454536811594206,59.47757818181815,42.58502718196457,51.087940875420855,69.7153816161616,24.454536811594206,IFSC___Docklands_min
267028088,353113889,35.058992150222515,36.624070570570574,69.57485457446491,58.824486126126104,29.686399420289856,66.89487942028985,29.686399420289856,Blanchardstown_min
267084020,9434513449,57.20948242424242,59.662829090909085,42.872415757575745,70.57507340463457,69.31922407418666,29.29289227931489,29.29289227931489,Tallaght_min
268109010,5064276594,,,,,,,,
268031014,264588150,23.209813333333333,26.31448396396397,60.35746666666666,49.581779889889916,31.90283030303031,61.823569454160065,23.209813333333333,Dublin_City_Centre_(CBD)_min
267144013,8570238157,45.02077333333332,43.471386666666646,63.69529333333332,61.34361764705882,55.09647846153844,22.657339999999998,22.657339999999998,Tallaght_min
268077003,12140823031,27.103977556935817,28.234633309831565,58.2710144400527,49.16244573268921,49.8813771336554,68.50881787439613,27.103977556935817,Dublin_City_Centre_(CBD)_min
268073005,4893019663,28.321450793650794,29.452106546546542,59.48848767676769,52.7194024724725,51.098850370370386,69.72629111111111,28.321450793650794,Dublin_City_Centre_(CBD)_min
267025008,3733416000,34.80360701754386,33.65895800853486,37.46690666666667,56.926253934460775,60.30570183235866,67.00876,33.65895800853486,IFSC___Docklands_min
268020004,7488137858,33.99501090909091,38.09974424242424,69.62547166666668,31.79828000000001,38.884370909090904,74.68181166666666,31.79828000000001,Dublin_Airport_min
268131008,563895169,26.09383111111112,32.70539589098533,30.619445714285728,55.97269181691125,54.671152245862885,42.26089367965368,26.09383111111112,Dublin_City_Centre_(CBD)_min
267092042,12710296580,47.06911724137932,50.939671627344225,7.553213333333335,74.20696755327018,75.6464383761311,61.21780442086649,7.553213333333335,Sandyford_Business_District_min
267144009,440118868,42.69605268292683,41.14666601626016,61.37057268292683,59.01889699665233,55.52953346330587,26.149750909090905,26.149750909090905,Tallaght_min
267146008,9464710976,53.36044345679013,51.811056790123466,51.64740645161291,75.07835271604935,57.94210918617614,14.465199999999998,14.465199999999998,Tallaght_min
267133004,2986146734,42.63569111111112,38.63302444444446,78.70927777777776,34.66910444444444,64.70098444444446,69.02620444444443,34.66910444444444,Dublin_Airport_min
268022002,5421563186,29.970371111111106,32.59491777777777,65.85450444444444,39.021253333333334,50.397600000000004,69.53824127659576,29.970371111111106,Dublin_City_Centre_(CBD)_min
267088012,13647469561,38.336703768115946,37.52338376811595,37.88906835249039,60.79067969404189,63.021850434782635,66.85992116648995,37.52338376811595,IFSC___Docklands_min
268016002,4693897768,25.551498333333345,25.585862657657664,56.54607166666664,22.797281904761913,41.95262666666668,61.602411666666626,22.797281904761913,Dublin_Airport_min
268156005,2763710405,38.78655768115943,37.75497101449276,53.98650302277436,61.022266940418675,57.7994094760312,35.44262736842104,35.44262736842104,Tallaght_min
268087007,2516833444,39.13217575757576,42.05491259259259,73.64803818181818,38.18848242424243,57.03149575757576,76.1721370341715,38.18848242424243,Dublin_Airport_min
268030006,4889112254,,,,,,,,
268104008,131037494,11.552413333333334,16.440973333333332,49.5209148148148,39.76427358358358,39.85577589743589,59.36992814814814,11.552413333333334,Dublin_City_Centre_(CBD)_min
268071009,49395794,42.19766412698413,43.328319879879864,73.36470101010104,63.53121037037037,64.97506370370371,83.60250444444439,42.19766412698413,Dublin_City_Centre_(CBD)_min
267001001,3819434007,39.17554500000001,45.715238333333346,73.69140742424246,36.49731777777778,53.18647619047619,75.18221777777778,36.49731777777778,Dublin_Airport_min
268021004,8592301840,29.447332198581552,35.98702553191489,63.963194622824034,37.0520942857143,52.001290000000004,67.62062680851069,29.447332198581552,Dublin_City_Centre_(CBD)_min
268067003,2375494649,29.778253333333335,33.88298666666667,66.28415575757575,40.65116,36.70432000000002,73.91280000000002,29.778253333333335,Dublin_City_Centre_(CBD)_min
268120001,305241877,40.271730833333336,42.8962775,76.15586416666666,49.369106590909105,66.98385284246575,86.0048775,40.271730833333336,Dublin_City_Centre_(CBD)_min
267086011,8075903378,50.50089391304347,52.95424057971014,44.953787246376805,75.765563226769,68.49467846153844,28.468346666666665,28.468346666666665,Tallaght_min
268012003,339617057,34.79419333333335,38.898926666666675,71.30009575757576,42.540021904761915,41.55761720430107,78.76609720430112,34.79419333333335,Dublin_City_Centre_(CBD)_min
268017020,11290217555,27.552578775510202,31.657312108843538,62.40014786641929,25.57650175438597,36.64193877551021,66.36591338543927,25.57650175438597,Dublin_Airport_min
267152003,8612706762,48.13182974358974,49.07938111613876,51.709181138211385,72.34667704206468,71.02128153846154,32.93136,32.93136,Tallaght_min
267103008,26446631,41.89232380952382,40.34293714285715,76.9378389417989,63.610233068783074,42.75404227106228,54.96619999999998,40.34293714285715,IFSC___Docklands_min
267120001,10703096888,,,,,,,,
268102005,2434542151,27.389485057471255,27.885378039215688,45.47086738305267,51.15267396514164,53.083495632183904,43.05908333333335,27.389485057471255,Dublin_City_Centre_(CBD)_min
268095002,196401062,21.42708,19.877693333333333,56.47259513227513,43.144989259259255,41.30949333333333,40.90344549019608,19.877693333333333,IFSC___Docklands_min
267027004,6042956993,27.2685961904762,28.756662857142867,64.41624952380953,48.17811435897436,5.745306666666667,55.348066666666675,5.745306666666667,Blanchardstown_min
267100016,12804881955,36.66603111111111,35.11664444444444,71.71154624338625,58.38394037037038,37.52774957264957,42.734751111111116,35.11664444444444,IFSC___Docklands_min
267099014,10738213172,33.990793333333336,25.090393333333335,65.71664666666668,39.862879999999976,62.719434468085105,71.45632,25.090393333333335,IFSC___Docklands_min
267085017,11349723671,53.349501754385955,55.80284842105262,46.334699999999984,74.03735764705884,70.0082517948718,29.98192,29.98192,Tallaght_min
267131013,254487384,44.583456078431375,40.58078941176471,80.65704274509804,36.616869411764704,63.18981333333333,70.97396941176471,36.616869411764704,Dublin_Airport_min
267004003,2437707249,33.008388571428576,34.139044324324324,64.17542545454545,57.40634025025026,55.78578814814814,74.41322888888894,33.008388571428576,Dublin_City_Centre_(CBD)_min
268119017,252650721,35.560941699346394,38.18548836601307,71.44507503267975,48.40432431372549,62.273063708478816,72.41090000000003,35.560941699346394,Dublin_City_Centre_(CBD)_min
268143027,8092047088,17.0085874829932,18.707767482993194,42.50485414965986,41.97506340891913,43.86040081632653,53.18720081632653,17.0085874829932,Dublin_City_Centre_(CBD)_min
268132002,4884429438,27.98826222222222,28.935813594771243,45.36981177489177,52.20310952069717,54.49431808429118,38.71277833333333,27.98826222222222,Dublin_City_Centre_(CBD)_min
268041007,2402697472,37.539005962732936,35.388604444444454,68.7060428458498,53.51909481481482,60.316405539452475,78.94384628019317,35.388604444444454,IFSC___Docklands_min
267074005,4960557289,39.73380571428572,38.92048571428572,39.18007238095239,62.18778164021165,64.41895238095239,68.25702311265971,38.92048571428572,IFSC___Docklands_min
268018010/268018011,4783851359,28.72235210884353,32.827085442176866,63.56992119975259,27.287275087719298,37.811712108843516,67.53568671877258,27.287275087719298,Dublin_Airport_min
267040036,6206727438,37.76062571428572,39.153954444444445,73.10473844833881,61.82697259259258,28.699079999999988,69.54065948717948,28.699079999999988,Blanchardstown_min
268113005,5721061670,25.783039411764708,24.9697194117647,35.33868269662922,48.237015337690636,50.46818607843137,54.12976959101843,24.9697194117647,IFSC___Docklands_min
267100003,2103212434,47.23989777777776,45.6905111111111,82.28541291005293,68.95780703703703,48.101616239316236,53.308617777777755,45.6905111111111,IFSC___Docklands_min
267005005/02,821808547,40.6984925,43.32303916666667,76.58262583333332,46.56544095238096,67.41061450913242,80.92254095238094,40.6984925,Dublin_City_Centre_(CBD)_min
268133011,2983557895,21.294067450980393,23.74741411764706,35.088549457364344,47.014710043573,48.14588078431373,37.09274614035088,21.294067450980393,Dublin_City_Centre_(CBD)_min
267096012,336221329,56.0800787878788,54.93542977886978,66.52409629629628,78.20272570479574,81.5821736026936,93.6541575757576,54.93542977886978,IFSC___Docklands_min
268138003,3575151645,8.73328,16.24283906103286,46.523366349206334,39.51013498695878,34.622843333333336,57.10937555555555,8.73328,Dublin_City_Centre_(CBD)_min
267109006,8719923348,30.118869803921566,28.569483137254903,65.1643849361967,51.83677906318083,30.980588265460028,40.20546823529413,28.569483137254903,IFSC___Docklands_min
267107009,4835935692,66.72437333333333,65.17498666666668,94.00900000000001,88.44228259259259,69.181607985348,56.856813333333314,56.856813333333314,Tallaght_min
268083011,5760547139,,,,,,,,
268116014,8526371063,27.370435151515153,24.870035151515154,37.72600540540541,48.137331077441075,49.73516848484848,53.02863515151515,24.870035151515154,IFSC___Docklands_min
268159009,6152800381,27.350706956521737,33.89040028985507,61.86656938076415,26.80145333333333,50.114307908902674,65.48635333333333,26.80145333333333,Dublin_Airport_min
268159004,3889456412,24.035066956521735,30.57476028985507,58.55092938076416,25.7148,46.79866790890269,62.20836156645081,24.035066956521735,Dublin_City_Centre_(CBD)_min
267070005,319029826,41.6839980952381,40.870678095238105,36.66356571428573,64.13797402116403,66.36914476190478,69.1220857142857,36.66356571428573,Sandyford_Business_District_min
267140015,441403004,53.006113333333325,51.456726666666654,60.301535238095234,74.7240225925926,59.95949846153845,23.14934857142857,23.14934857142857,Tallaght_min
267115008,7773412227,49.65563111111112,52.10897777777779,38.755662222222206,70.23874882985453,72.17319862984142,42.967577777777784,38.755662222222206,Sandyford_Business_District_min
268137003,564540054,23.966765901639345,26.420112568306013,36.94039100986446,49.68740849423194,50.81857923497268,33.3209662745098,23.966765901639345,Dublin_City_Centre_(CBD)_min
268045006,4893614151,24.859887965367975,24.478799999999996,56.02692484848486,42.609290370370374,47.63728754208755,66.2647282828283,24.478799999999996,IFSC___Docklands_min
268097004,6007637185,17.247636781609195,14.747236781609196,36.29651575757576,38.01453270753514,39.83637220338983,46.97886242424243,14.747236781609196,IFSC___Docklands_min
268145012,90399052,33.582251954022986,34.52980332657201,46.140216366843035,57.797099252497944,60.08830781609195,32.820711604938275,32.820711604938275,Tallaght_min
267020008,193313078,36.03239999999999,35.21908,30.70366666666667,58.48637592592593,60.717546666666664,63.16218666666666,30.70366666666667,Sandyford_Business_District_min
268109014,1025224311,,,,,,,,
267151005,8622642610,42.49665523809525,43.44420661064427,50.89477333333335,66.7115025365702,65.38610703296703,31.157966635944696,31.157966635944696,Tallaght_min
267084002,9470125025,56.62907030303031,59.07909557800225,47.96254871794872,75.66520636500756,62.92563724941725,22.899305454545452,22.899305454545452,Tallaght_min
268143009,6095328037,20.76756,18.26716,39.76280691358024,41.53445592592594,43.132293333333344,52.81813802469136,18.26716,IFSC___Docklands_min
268136014,2958830800,28.85520632768362,31.30855299435029,38.196223000898485,54.57584892027621,55.70701966101694,30.471570196078435,28.85520632768362,Dublin_City_Centre_(CBD)_min
267100085,8743592927,29.52630666666668,27.976920000000014,64.57182179894178,51.244215925925914,30.38802512820514,47.45696666666666,27.976920000000014,IFSC___Docklands_min
268112005,4894670529,26.85333913043478,25.708690121425775,37.020810980392156,48.97598604735172,52.3554339452496,59.530386152805946,25.708690121425775,IFSC___Docklands_min
268071004,4892983455,37.75017079365078,38.880826546546515,68.91720767676766,54.36145333333332,60.52757037037036,79.15501111111112,37.75017079365078,Dublin_City_Centre_(CBD)_min
268006017,16054040,28.673213333333326,30.15294666666666,65.82086666666666,49.95445333333334,28.443079999999995,65.66203215686275,28.443079999999995,Blanchardstown_min
267138023,6673487478,55.019849855072486,53.47046318840582,71.06344761904765,71.342694168798,67.49118512820516,30.22340307692308,30.22340307692308,Tallaght_min
268004010,5394214293,17.836700952380955,16.287314285714288,52.882216084656086,39.55461021164022,37.7191142857143,47.99462666666667,16.287314285714288,IFSC___Docklands_min
268038003,2775959359,34.44486583333333,32.89547916666667,66.98743897435897,56.16277509259259,46.57937076923076,35.92803897435896,32.89547916666667,IFSC___Docklands_min
268053003,1208286703,34.702371428571425,34.820784761904754,56.17237982558139,58.08808068783069,59.73671953716066,44.67524324324324,34.702371428571425,Dublin_City_Centre_(CBD)_min
267145006,967958797,53.38921109730849,51.839824430641826,50.10579311827957,75.10712035656775,57.892935273132665,17.406319999999997,17.406319999999997,Tallaght_min
267067005,659567964,38.96511259259261,37.82046358358359,44.601276666666664,61.087759509509524,64.46720740740741,73.67822739837398,37.82046358358359,IFSC___Docklands_min
267015001,13539044668,47.641144242424254,46.827824242424256,38.72984677115989,70.09512016835015,72.32629090909089,76.1643616407982,38.72984677115989,Sandyford_Business_District_min
267028047,12784360410,36.32835750000001,37.81642416666668,73.4760108333333,61.08372009259261,29.944934776995304,67.15341477699532,29.944934776995304,Blanchardstown_min
268126007,2601615457,38.1507526293996,39.281408382295346,69.31778951251643,60.53008370370369,60.928152206119144,79.55559294685989,38.1507526293996,Dublin_City_Centre_(CBD)_min
268113006,414605912,24.501519411764708,23.6881994117647,34.05716269662922,46.955495337690635,49.18666607843137,52.84824959101843,23.6881994117647,IFSC___Docklands_min
268108001,267594379,20.01506608695652,10.58133275362319,52.424252753623186,28.711823123993565,47.51376002022865,57.480592753623185,10.58133275362319,IFSC___Docklands_min
268148008,9998567486,19.758216271186438,19.578229604519773,56.121149604519765,42.84552553044569,40.931519537160646,43.985525614035076,19.578229604519773,IFSC___Docklands_min
268003009,13912463924,14.186730322580646,14.006743655913978,50.239474458833676,37.27403958183991,30.138499047619046,49.51582914611005,14.006743655913978,IFSC___Docklands_min
268162010,12844867692,25.370544444444437,27.890557777777772,42.80355565891473,51.1578537037037,52.22235777777777,41.68496500000001,25.370544444444437,Dublin_City_Centre_(CBD)_min
267095023,10024512979,49.75874857142857,50.88940432432432,80.92578545454548,74.15670025025028,72.53614814814816,91.16358888888891,49.75874857142857,Dublin_City_Centre_(CBD)_min
267085026/01,13822322572,,,,,,,,
267065015,2926161254,46.45457523809523,47.585230990990986,77.62161212121214,55.71846000000001,69.23197481481478,87.85941555555556,46.45457523809523,Dublin_City_Centre_(CBD)_min
268108029/01,11278404248,18.82481839080459,9.647202424242428,51.49012242424241,27.777692794612797,42.15445481481481,56.5464624242424,9.647202424242428,IFSC___Docklands_min
268145009,96782594,34.37285019607843,36.82619686274511,39.67096829131654,60.093492788671035,61.22466352941178,30.512791111111117,30.512791111111117,Tallaght_min
267051012,10816799151,43.78971238095236,42.240325714285696,78.83522751322754,65.50762164021162,44.651430842490804,45.725099047619025,42.240325714285696,IFSC___Docklands_min
267002008,247794166,60.817666666666675,51.38393333333334,90.64352000000002,64.97001333333334,88.24585481481485,98.28319333333336,51.38393333333334,IFSC___Docklands_min
267100052,252237477,36.52383826086957,34.974451594202904,71.56935339314471,58.24174752012883,37.38555672240803,48.10945904761904,34.974451594202904,IFSC___Docklands_min
267041009,13098421672,22.33878389937107,23.826850566037738,59.486437232704425,47.094146491963684,15.584439506172837,59.33593605623384,15.584439506172837,Blanchardstown_min
267118025,14045474380,61.31236957007904,58.08113538461539,92.47940645319596,62.50054871794872,84.08976914679866,96.85764871794875,58.08113538461539,IFSC___Docklands_min
267075003,26795837,33.92419651416122,32.779547505152216,36.32075675675676,56.04684343107815,59.426291328976035,68.77927675675677,32.779547505152216,IFSC___Docklands_min
268113012,2496325976,20.786905185185176,19.64225617617617,34.63781217391304,42.90955210210212,46.289,55.30827428571428,19.64225617617617,IFSC___Docklands_min
267126004,158307995,41.35682945736434,40.543509457364344,26.34893333333333,63.81080538329029,66.04197612403102,56.260384242424244,26.34893333333333,Sandyford_Business_District_min
268032007,2399617668,17.723644684684686,17.543658018018014,53.77638882093773,40.81095394394395,30.11943515151516,53.05274350821411,17.543658018018014,IFSC___Docklands_min
268020001,12283746,27.18089090909091,31.285624242424245,63.68679333333333,32.08012333333333,32.07025090909091,69.22055127659574,27.18089090909091,Dublin_City_Centre_(CBD)_min
268039009,320023071,28.394283809523817,26.844897142857146,63.43979894179895,50.11219306878308,46.00506131868131,44.17569763440861,26.844897142857146,IFSC___Docklands_min
267029006,12909556695,35.94568444444444,39.33005565217392,73.09333777777779,58.565076825396815,21.15711692307692,61.36852444444444,21.15711692307692,Blanchardstown_min
267065011,5305454682,47.04308190476194,48.173737657657696,78.21011878787878,61.74239428571431,69.82048148148151,88.44792222222219,47.04308190476194,Dublin_City_Centre_(CBD)_min
268150013,224036036,20.8691356321839,20.689148965517237,57.23206896551724,43.95644489144318,44.23761563218391,43.67307921568628,20.689148965517237,IFSC___Docklands_min
267137005,4453018852,48.21446666666666,46.66507999999999,66.88898666666665,64.53731098039216,58.979598461538444,28.17240307692309,28.17240307692309,Tallaght_min
267143007,9008464902,58.47173333333332,56.922346666666655,57.115266666666656,80.18964259259262,68.90011846153844,28.32974666666667,28.32974666666667,Tallaght_min
268092001,4232896580,28.693502222222218,29.64105359477124,46.77488454780363,52.90834952069718,55.19955808429119,39.41801833333334,28.693502222222218,Dublin_City_Centre_(CBD)_min
267132038/03,2986705565,36.05479228070176,32.0021256140351,72.12837894736843,28.088205614035097,58.12008561403509,62.44530561403508,28.088205614035097,Dublin_Airport_min
268062004,301804966,37.633650340136064,39.36478171562865,69.40116284584981,49.85546666666665,61.01152553945251,79.63896628019324,37.633650340136064,Dublin_City_Centre_(CBD)_min
267013001,10138723539,51.63393333333333,51.201165271317834,38.433040000000005,59.4766043137255,61.411054113712375,33.44942222222223,33.44942222222223,Tallaght_min
267058008,12753176854,38.712542051282064,37.89922205128207,35.58326393162393,61.16651797720799,63.39768871794873,53.82695111111112,35.58326393162393,Sandyford_Business_District_min
267133019,294013263,51.96819333333333,46.83219333333333,87.45844666666663,44.00160666666666,74.03348666666666,78.35870666666665,44.00160666666666,Dublin_Airport_min
268004004,2399638656,23.852287619047623,22.30290095238097,58.89780275132277,45.5701968783069,39.9767,52.67072000000003,22.30290095238097,IFSC___Docklands_min
268144002,2280550225,34.0610094117647,35.08102274509803,44.251212202462376,58.34831867102397,60.579489411764705,39.64177037037039,34.0610094117647,Dublin_City_Centre_(CBD)_min
267051011,8691263338,40.5600787878788,39.01069212121213,75.60559392015392,62.27798804713805,45.065538461538466,46.139206666666674,39.01069212121213,IFSC___Docklands_min
267092019,3498845394,45.98375724137933,49.854311627344245,10.657973333333338,73.12160755327017,74.56107837613109,60.132444420866506,10.657973333333338,Sandyford_Business_District_min
268006020,1472125202,23.289002380952375,27.393735714285707,60.436655714285735,50.13966925925925,22.287681481481478,63.78569481481483,22.287681481481478,Blanchardstown_min
267005004/01,5334535834,43.66971499999999,46.29426166666666,79.5538483333333,50.844447619047614,70.3818370091324,82.35605999999997,43.66971499999999,Dublin_City_Centre_(CBD)_min
268060005,5591375265,18.315259906103282,24.854953239436625,52.83112233034571,34.42123851662405,41.07886085848424,58.42781420289854,18.315259906103282,Dublin_City_Centre_(CBD)_min
267123006,1426131904,69.73742646616543,65.03333333333335,100.90446334928225,78.61941333333331,92.51482604288495,111.1422667836257,65.03333333333335,IFSC___Docklands_min
267050036,11867659928,34.14035142857143,32.59096476190476,59.89347142857143,55.8582606878307,44.39814364672364,32.21503470899471,32.21503470899471,Tallaght_min
268025001,9595988761,23.367820000000002,26.24236666666667,59.251953333333326,37.46985571428571,44.669642380952375,63.81028365754811,23.367820000000002,Dublin_City_Centre_(CBD)_min
268070022/02,13112619110,25.067558596491228,28.707384051036684,60.951691929824555,42.011480980392164,49.15248,66.01805666666665,25.067558596491228,Dublin_City_Centre_(CBD)_min
267085002,10771359401,55.178263859649135,57.631610526315804,40.84119719298246,68.54385484004129,65.4206749832776,25.39434318840579,25.39434318840579,Tallaght_min
267140011,9501236235,56.96963555555554,55.42024888888888,65.10828444444444,78.68754481481483,63.92302068376067,27.95609777777778,27.95609777777778,Tallaght_min
267080019,2370968926,48.054604822695005,51.28867999999999,27.896560000000004,74.55597592592599,76.63192595744685,55.085349999999984,27.896560000000004,Sandyford_Business_District_min
267140047,9481712991,55.132876078431345,53.58348941176469,66.39538051282051,76.85078533769065,62.08626120663647,27.968466666666668,27.968466666666668,Tallaght_min
268064012,5581566335,20.864880000000003,24.969613333333335,57.37078242424242,28.754453333333338,23.771680000000003,67.87398146341462,20.864880000000003,Dublin_City_Centre_(CBD)_min
268124001/01,3828519394,35.331072629399586,34.32284000000001,66.49810951251649,52.45333037037038,58.10847220611918,76.7359129468599,34.32284000000001,IFSC___Docklands_min
267105014/01,3870813415,51.478825396825414,52.60948114972116,82.64586227994229,62.36056444444445,74.25622497354496,92.88366571428574,51.478825396825414,Dublin_City_Centre_(CBD)_min
267092038,135525001,46.30821057471267,50.178764960677576,8.455266666666667,73.44606088660349,74.88553170946443,60.456897754199844,8.455266666666667,Sandyford_Business_District_min
267083015,4860999112,52.23227833333332,51.79951027131782,36.397931666666665,60.07494931372549,62.00939911371236,34.639784999999996,34.639784999999996,Tallaght_min
268160008,247958832,24.40026333333333,30.781623333333336,58.91612575757575,35.09979666666667,42.29958333333333,61.44022460992907,24.40026333333333,Dublin_City_Centre_(CBD)_min
267062005,262305648,55.3321987878788,54.187549778869794,51.12598962962963,77.45484570479567,80.83429360269358,83.58450962962965,51.12598962962963,Sandyford_Business_District_min
267002005,2366275134,62.64983809523808,53.216104761904745,92.47569142857148,66.80218476190474,89.0780262433863,100.11536476190481,53.216104761904745,IFSC___Docklands_min
267150013,8660643584,46.92059555555555,47.86814692810458,54.27968846560847,71.1354428540305,73.22686175938288,37.21641666666666,37.21641666666666,Tallaght_min
267080005,247804788,63.829726489361676,64.0558533333333,44.415228888888876,78.06449098039225,79.99894078037913,52.62932666666664,44.415228888888876,Sandyford_Business_District_min
268007004,9016096722,17.667423243243245,20.255489909909915,54.81507657657657,38.948663243243246,20.434681481481483,55.76457540010599,17.667423243243245,Dublin_City_Centre_(CBD)_min
267134019,5565524255,41.63696,32.736560000000004,73.36281333333332,40.27264,70.30451999999998,74.62973999999998,32.736560000000004,IFSC___Docklands_min
268002007,5306040127,17.725626666666667,18.807631794871796,54.3269205952381,42.07492772079774,36.111805882352954,53.033919999999995,17.725626666666667,Dublin_City_Centre_(CBD)_min
267133021,12695446686,52.41979333333332,47.283793333333314,87.91004666666664,44.453206666666645,74.48508666666666,78.81030666666666,44.453206666666645,Dublin_Airport_min
267158017,2986176060,35.75434285714286,39.85907619047618,72.90199619047621,52.27724952380951,25.1520361904762,65.5438495238095,25.1520361904762,Blanchardstown_min
268142013,12844867648,21.19174074074074,24.676013749999996,36.97236899224806,47.943309675925924,49.00781375,42.8769650877193,21.19174074074074,Dublin_City_Centre_(CBD)_min
267053031,797844399,39.78496,38.23557333333334,65.53808,61.502869259259256,41.308982271062256,30.63701333333332,30.63701333333332,Tallaght_min
267056004,336431567,34.69807047619049,33.88475047619049,39.15232066365009,57.15204640211639,59.38321714285713,54.5018,33.88475047619049,IFSC___Docklands_min
267088009,8916366006,42.67095710144927,41.857637101449264,38.29598424242425,65.12493302737522,67.35610376811596,67.83783757575758,38.29598424242425,Sandyford_Business_District_min
268110016,255237703,25.53565944444444,27.234839444444443,43.248196190476165,46.319126232439324,52.38747277777774,61.714272777777744,25.53565944444444,Dublin_City_Centre_(CBD)_min
267013009,8215550075,44.7258831372549,44.2931150752394,39.17995238095238,52.56855411764707,54.50300391763394,27.133389803921567,27.133389803921567,Tallaght_min
268072009,968117375,32.61780761904763,33.74846337194338,63.784844502164475,57.015759297869295,55.39520719576718,74.02264793650797,32.61780761904763,Dublin_City_Centre_(CBD)_min
267041011/02,7552749480,26.915938461538474,31.02067179487181,64.06359179487178,54.28796772079771,23.20260571428571,67.20061904761907,23.20260571428571,Blanchardstown_min
267040011,12974683489,34.303128888888885,36.524528888888916,71.45078222222217,59.79182481481484,24.88098585858586,72.03361437908492,24.88098585858586,Blanchardstown_min
267032013,3014728844,32.67294222222222,36.77767555555557,69.82059555555558,54.50650814814817,22.99717333333333,61.89578222222223,22.99717333333333,Blanchardstown_min
268075003,5591294297,33.961925962732934,35.09258171562867,65.12896284584978,55.02161454545453,56.73932553945248,75.3667662801932,33.961925962732934,Dublin_City_Centre_(CBD)_min
268158007,1259427227,22.911895714285723,29.45158904761906,57.427758138528134,27.72622888888889,45.289840997732426,61.085190324214786,22.911895714285723,Dublin_City_Centre_(CBD)_min
267064006,480187676,40.45869985815601,39.31405084914702,54.97236338756777,62.58134677507294,65.96079467297082,78.03277864603483,39.31405084914702,IFSC___Docklands_min
268114012,13130527816,,,,,,,,
267065007,12056316424,46.75790857142858,47.88856432432433,77.92494545454548,55.552833333333325,69.53530814814816,88.1627488888889,46.75790857142858,Dublin_City_Centre_(CBD)_min
267012002,7037188727,49.52105330754351,53.80371515151515,34.35326181818182,68.89695764705881,70.83140744704568,43.46179333333334,34.35326181818182,Sandyford_Business_District_min
267029033,13094909115,,,,,,,,
267052013,11037883843,,,,,,,,
267100033,2677020890,36.10426492753624,34.55487826086957,71.14978005981132,57.822174186795486,36.9659833890747,48.137198974358974,34.55487826086957,IFSC___Docklands_min
267108010,10313552103,30.825466666666664,29.276079999999997,65.87098179894178,52.543375925925915,48.85121369963368,49.92488190476188,29.276079999999997,IFSC___Docklands_min
268083002,2951477072,21.937960000000007,20.38857333333334,56.98347513227512,43.655869259259255,41.82037333333333,51.543205490196065,20.38857333333334,IFSC___Docklands_min
267076007,718457128,43.018798787878794,41.87414977886978,53.46911999999998,65.14144570479573,68.5208936026936,80.59287757575757,41.87414977886978,IFSC___Docklands_min
268061008,297388123,24.906760000000002,23.35737333333333,59.95227513227512,46.62466925925925,44.78917333333332,43.00854412698411,23.35737333333333,IFSC___Docklands_min
268160007,247958820,25.72958333333333,32.11094333333333,60.245445757575744,36.11471761904761,43.62890333333333,62.76954460992906,25.72958333333333,Dublin_City_Centre_(CBD)_min
268002002,10198038294,17.440582365591396,17.260595698924725,53.49332650184442,40.527891624850646,28.425047676767676,52.769681189120796,17.260595698924725,IFSC___Docklands_min
267123002,1426131816,66.7792531328321,62.075160000000004,97.94629001594896,75.66124,89.55665270955164,108.18409345029241,62.075160000000004,IFSC___Docklands_min
267100073,10275874658,31.254284539007084,29.70489787234042,66.29979967128222,52.97219379826635,32.11600300054555,45.98594153846154,29.70489787234042,IFSC___Docklands_min
267115010,11112449465,52.939591111111106,55.392937777777774,42.86420888888888,73.52206882985452,75.45651862984138,46.25153777777777,42.86420888888888,Sandyford_Business_District_min
268130004,2473982565,27.081204444444435,33.692769224318646,31.108669457364346,56.960065150244596,55.65852557919622,47.1251952238806,27.081204444444435,Dublin_City_Centre_(CBD)_min
268110019,31093631,21.85301944444444,23.55219944444444,41.54768333333333,43.335166232439335,48.70483277777778,58.03163277777778,21.85301944444444,Dublin_City_Centre_(CBD)_min
267097012,1411182214,54.31938666666669,53.50606666666668,50.042955862068986,76.77336259259265,79.0045333333334,82.8426040650407,50.042955862068986,Sandyford_Business_District_min
268101006,2748503053,27.54681054263566,27.665223875968994,50.161054049719304,50.93251980189491,52.538895632183895,45.26583921568628,27.54681054263566,Dublin_City_Centre_(CBD)_min
267145010,4906671779,52.67651892339545,51.12713225672879,46.39296,74.0956176470588,56.27885179487179,16.25252,16.25252,Tallaght_min
267028012,12896545195,32.93523333333332,36.35360183908049,70.08288666666667,55.55462571428572,21.149593333333325,58.35807333333334,21.149593333333325,Blanchardstown_min
267158012/03,9978426546,48.20893333333332,52.313666666666656,84.71483575757576,56.09850666666666,40.86952205128203,82.62800205128204,40.86952205128203,Blanchardstown_min
267030002,12757902336,29.983928888888897,34.08866222222223,67.13158222222218,50.60460249999999,17.299733333333332,57.177146666666665,17.299733333333332,Blanchardstown_min
267041002,12698901379,29.862210526315785,32.08361052631579,67.0098638596491,55.3509064522417,20.964688484848477,67.59269601651185,20.964688484848477,Blanchardstown_min
267106002,253314377,43.72901882352941,34.82861882352941,75.45487215686275,42.364698823529416,69.17183150949266,76.7217988235294,34.82861882352941,IFSC___Docklands_min
267030006,12752058685,30.61994974358975,34.724683076923085,67.76760307692307,52.84285641025641,20.017643076923083,60.69083555555558,20.017643076923083,Blanchardstown_min
267116015,1284630782,40.38859333333333,42.84194,36.2785924637681,62.62113598039216,64.55558578037903,31.804312463768106,31.804312463768106,Tallaght_min
268094005,4898462089,40.93543641025641,41.88298778280543,49.333554505494504,65.15028370873135,63.75775324414717,38.52388444444445,38.52388444444445,Tallaght_min
268108020,4043214036,,,,,,,,
268065012,5570930742,25.336386666666666,29.44112,61.84228909090908,32.002881904761914,30.22574666666667,72.34548813008129,25.336386666666666,Dublin_City_Centre_(CBD)_min
268060007,6352547582,22.314393239436622,28.85408657276996,56.830255663679054,36.80203333333334,41.94060065268065,63.545414202898556,22.314393239436622,Dublin_City_Centre_(CBD)_min
267095029,9585927626,46.365641904761944,47.496297657657685,77.53267878787872,70.76359358358361,69.1430414814815,87.7704822222222,46.365641904761944,Dublin_City_Centre_(CBD)_min
267050008,8951456880,39.78230083333334,38.23291416666667,65.53542083333333,61.500210092592596,48.592815604395604,31.76915619047619,31.76915619047619,Tallaght_min
268154001,8699271402,39.46858555555556,37.91919888888889,56.49349706959706,61.186494814814836,57.96363735042736,29.416960701754395,29.416960701754395,Tallaght_min
267119009,11650696462,56.648639999999986,55.09925333333332,79.90884000000001,78.36654925925927,63.60202512820511,42.756653333333325,42.756653333333325,Tallaght_min
267041014/02,13006313542,22.625018461538456,26.72975179487179,59.772671794871805,49.99704772079773,19.817285714285713,63.81529904761906,19.817285714285713,Blanchardstown_min
268099018,280000999,14.533722352941174,14.35373568627451,45.81186108527135,37.62103161220045,38.247709195402294,45.51562666666667,14.35373568627451,IFSC___Docklands_min
267133022,267708268,51.16913999999999,46.033139999999996,86.65939333333333,43.20255333333332,73.23443333333334,77.55965333333333,43.20255333333332,Dublin_Airport_min
268155003,8671840138,33.69644606060606,32.14705939393939,53.048190559006215,55.41435531986534,52.19149785547787,30.672326060606057,30.672326060606057,Tallaght_min
268053007,12290882389,31.73265142857143,31.851064761904762,50.80087315891472,55.11836068783068,56.76699953716066,42.02361657657657,31.73265142857143,Dublin_City_Centre_(CBD)_min
267032009,12837288946,34.212742222222225,38.31747555555557,71.36039555555557,56.046308148148164,24.536973333333336,63.43558222222223,24.536973333333336,Blanchardstown_min
267084007,287395983,61.99034385964911,64.44369052631578,47.653277192982436,75.35593484004129,71.66606512820513,31.639733333333332,31.639733333333332,Tallaght_min
267134006,12621505570,39.137013333333336,30.23661333333333,70.86286666666666,32.42879428571429,62.46067428571429,66.78589428571428,30.23661333333333,IFSC___Docklands_min
268026002,4892641834,26.497489047619045,30.43643833333333,61.013351471861476,37.19702238095239,44.39680904761906,63.537450324214795,26.497489047619045,Dublin_City_Centre_(CBD)_min
267100022,1262250828,39.15337777777778,37.60399111111112,74.19889291005289,60.87128703703703,40.015096239316236,45.22209777777776,37.60399111111112,IFSC___Docklands_min
268084008,2136737704,19.10483313131312,17.555446464646465,54.150348263588285,40.822742390572415,38.98724646464648,48.20106861788619,17.555446464646465,IFSC___Docklands_min
267049020,12003153157,38.72803384615385,37.17864717948718,70.19782051282053,60.445943105413114,39.58975230769231,33.413420512820515,33.413420512820515,Tallaght_min
268071014,2401015151,39.154604166666665,41.77915083333333,75.03873750000001,53.99787597953216,65.86672617579909,82.91083750000003,39.154604166666665,Dublin_City_Centre_(CBD)_min
267005004/03,4793204204,45.70500833333333,48.329555,81.58914166666665,52.879740952380956,72.41713034246575,84.26769999999998,45.70500833333333,Dublin_City_Centre_(CBD)_min
267035013,10761858384,57.98524363636363,60.438590303030296,50.931510303030294,78.63416795008906,66.12890391608394,26.102572121212113,26.102572121212113,Tallaght_min
267138016,8490680935,47.67987999999999,46.130493333333334,63.12239648148147,67.10312083546464,53.91659846153845,23.011339259259262,23.011339259259262,Tallaght_min
268108026/02,4230267778,37.26241999999999,28.362019999999987,69.67160666666668,49.49791037037039,65.99106113475177,74.72794666666665,28.362019999999987,IFSC___Docklands_min
268132024,4723328495,28.746055238095234,31.199401904761903,41.31819844155845,54.466697830687835,55.59786857142857,41.04869367965368,28.746055238095234,Dublin_City_Centre_(CBD)_min
267137003,8569706903,48.00576,46.45637333333334,66.68028,64.3286043137255,56.82642512820511,28.14252205128206,28.14252205128206,Tallaght_min
267040043,12977222733,37.163692380952405,38.55702111111115,72.50780511500541,61.2300392592593,27.680279999999982,72.55962564102563,27.680279999999982,Blanchardstown_min
267007010,9543963010,45.854718156028376,49.80918717948719,30.68692666666667,69.96477098039216,71.89922078037901,44.52960666666668,30.68692666666667,Sandyford_Business_District_min
267032005,12840332245,27.905408888888875,32.01014222222221,65.05306222222222,49.738974814814824,19.919768888888886,57.12824888888888,19.919768888888886,Blanchardstown_min
267099024,360859767,41.161286666666676,32.260886666666664,72.88714,43.1349866666667,69.88992780141845,77.49208666666665,32.260886666666664,IFSC___Docklands_min
267147025/03,12793855553,42.31711428571427,40.767727619047605,53.926056790123475,64.03502354497353,51.452639943019946,6.875733333333333,6.875733333333333,Tallaght_min
267158011/02,10262576661,46.965304166666684,51.07003750000001,84.11295750000001,64.78821083333335,36.36299749999999,79.58630727272728,36.36299749999999,Blanchardstown_min
268006025,3943761198,27.688159357429736,28.25323777777779,62.20402178167213,50.92625592592592,29.85858814814816,71.35660148148149,27.688159357429736,Dublin_City_Centre_(CBD)_min
267122014,13314504235,42.15874222222223,41.01409321321322,39.42741512132822,64.28138913913916,67.66083703703704,72.22706332429992,39.42741512132822,Sandyford_Business_District_min
267105021,253514111,44.98680138528142,46.117457138177166,76.1538382683983,60.075370909090935,67.76420096200098,86.39164170274175,44.98680138528142,Dublin_City_Centre_(CBD)_min
267035002,10857963721,115.17246909090908,117.62581575757572,100.83540242424242,128.53806007130123,127.28221074085332,87.25587894598162,87.25587894598162,Tallaght_min
267157006,4698125479,47.50548606060605,45.956099393939375,59.32896,69.22339531986532,66.00053785547783,34.95681403508772,34.95681403508772,Tallaght_min
268036007/01,11691284120,,,,,,,,
268061013,9211896661,,,,,,,,
268002018,5306037490,18.402418461538463,18.2224317948718,54.40516259779151,41.48972772079774,35.526605882352946,52.448719999999994,18.2224317948718,IFSC___Docklands_min
267115013,11178258918,46.96738,49.42072666666666,42.20407555555554,69.2239976470588,71.1584474470457,40.279326666666655,40.279326666666655,Tallaght_min
268150016,4877120215,16.679895632183904,16.499908965517236,53.04282896551725,39.767204891443185,40.04837563218392,45.953904761904774,16.499908965517236,IFSC___Docklands_min
268078006,5096143941,20.151613793103444,18.60222712643678,55.197128925378586,41.869523052362716,40.03402712643678,42.57569333333333,18.60222712643678,IFSC___Docklands_min
268057010,196244441,23.72472190476191,22.175335238095247,58.77023703703701,45.442631164021144,43.60713523809522,42.06312549019607,22.175335238095247,IFSC___Docklands_min
268075001,301805838,30.27892596273292,31.40958171562867,61.445962845849834,52.68287261015962,53.05632553945252,71.68376628019327,30.27892596273292,Dublin_City_Centre_(CBD)_min
267138020,6670306513,51.916729411764706,50.36734274509805,65.01252178362573,72.61220837169657,58.87011453996983,24.90146456140352,24.90146456140352,Tallaght_min
267152008,8612018703,47.92876307692308,48.876314449472105,52.729687804878026,72.14361037539804,70.81821487179486,33.29910476190476,33.29910476190476,Tallaght_min
268027009,315821321,26.45410303030302,30.558836363636356,62.71000545454545,42.169904444444455,43.09936727272729,73.39235212121213,26.45410303030302,Dublin_City_Centre_(CBD)_min
268116007,11772737939,26.29058779342724,24.47726779342724,35.76125725490197,47.74456371935319,49.975734460093925,53.413096299174384,24.47726779342724,IFSC___Docklands_min
267140044,8641824954,56.86730274509805,55.31791607843139,70.89631862068964,75.79018170502987,63.82068787330318,31.11385122807017,31.11385122807017,Tallaght_min
268111004,248896632,22.858092121212124,21.713443112203116,45.93838296296298,44.98073903812905,48.360186936026935,60.43217090909092,21.713443112203116,IFSC___Docklands_min
267063005,11508003369,44.38911319148935,43.24446418248036,58.90277672090111,66.51176010840628,69.89120800630418,81.96319197936815,43.24446418248036,IFSC___Docklands_min
268087005,4847674574,28.72756244897959,31.352109115646257,64.61169578231292,43.570834261845086,55.439684458112005,74.46070911564627,28.72756244897959,Dublin_City_Centre_(CBD)_min
267103024,248086091,28.511906666666665,26.962519999999998,63.5574217989418,50.22981592592593,29.373625128205124,52.04693909909908,26.962519999999998,IFSC___Docklands_min
268114005,688693392,26.51123246376811,25.3665834547591,39.87083030303031,48.633879380685045,52.01332727858293,56.813593623188424,25.3665834547591,IFSC___Docklands_min
267051008,8691262830,34.14425212121213,32.59486545454546,69.18976725348726,55.862161380471385,38.64971179487179,39.72338,32.59486545454546,IFSC___Docklands_min
268040011,320027260,34.65627333333334,33.10688666666667,69.70178846560844,56.37418259259259,52.56155465201464,43.40799151515151,33.10688666666667,IFSC___Docklands_min
267132016,253176533,46.157925614035086,42.105258947368434,82.23151228070176,38.191338947368415,68.22321894736841,72.54843894736842,38.191338947368415,Dublin_Airport_min
268158004,266999893,29.138243076923068,33.242976410256404,63.98581216783219,31.890559658119663,39.53737877551024,66.84919210992909,29.138243076923068,Dublin_City_Centre_(CBD)_min
268092003,12216218882,35.55233333333336,36.49988470588239,53.63371565891476,59.76718063180831,62.05838919540232,44.63992000000003,35.55233333333336,Dublin_City_Centre_(CBD)_min
268055009,14021947533,33.00161287049398,32.821626203827314,61.15822950506858,56.08892212975327,51.70342620382734,38.52347333333333,32.821626203827314,IFSC___Docklands_min
267084001,8301397067,49.14981403508772,51.60316070175439,43.60270736842106,73.89231461675578,58.378334601889335,18.352002807017545,18.352002807017545,Tallaght_min
267122006,11262868730,47.8310111111111,47.0176911111111,43.554580306513415,70.28498703703704,72.51615777777778,76.35422850948508,43.554580306513415,Sandyford_Business_District_min
268148010,10711120926,,,,,,,,
267065030,12399611048,56.21266412698414,57.34331987987989,87.37970101010097,58.4560488888889,78.99006370370368,92.81314888888886,56.21266412698414,Dublin_City_Centre_(CBD)_min
268113014,4894625276,25.08754518518518,23.942896176176173,34.00353217391304,47.21019210210212,50.58964,56.51310734632682,23.942896176176173,IFSC___Docklands_min
267028007,12894580105,31.491815172413794,34.41321517241381,68.63946850574709,54.11120755336615,19.70617517241379,56.91465517241377,19.70617517241379,Blanchardstown_min
267084035,10721820144,53.80480000000001,56.258146666666676,48.25769333333334,76.60638431372548,68.1803629059829,28.154031111111117,28.154031111111117,Tallaght_min
267003002,247795339,58.645866666666656,49.21213333333333,88.47172,62.79821333333333,86.07405481481483,96.11139333333334,49.21213333333333,IFSC___Docklands_min
267100009,10253754242,41.18083000000001,39.631443333333344,76.22634513227513,62.89873925925927,42.042548461538466,47.338684444444446,39.631443333333344,IFSC___Docklands_min
268073004,301796425,28.986477460317456,30.117133213213208,60.15351434343435,53.38442913913916,51.76387703703704,70.3913177777778,28.986477460317456,Dublin_City_Centre_(CBD)_min
268145015,9569904316,35.967733333333335,36.915284705882364,44.228460623973746,60.182580631808285,62.27399953716066,31.776021818181814,31.776021818181814,Tallaght_min
267120016,1657411753,36.51363428571428,35.700314285714285,32.237203481116595,58.967610211640206,61.19878095238094,65.03685168408826,32.237203481116595,Sandyford_Business_District_min
267050013,2982806316,27.578208648648648,26.028821981981984,53.33132864864864,49.29611790790791,44.08159377685377,29.42618864864865,26.028821981981984,IFSC___Docklands_min
267049029,7608596457,34.643629696969704,33.09424303030303,66.11341636363635,56.361538956228955,35.50534815850816,29.329016363636367,29.329016363636367,Tallaght_min
268049010,3201315210,20.49257333333334,21.007673333333333,55.150392753623194,39.13816370370372,46.76075544722588,65.38819618796663,20.49257333333334,Dublin_City_Centre_(CBD)_min
267121001,13607767693,54.09726222222229,52.952613213213276,53.60010845466161,76.21990913913912,79.59935703703698,86.3997566576332,52.952613213213276,IFSC___Docklands_min
267007016,8629064792,45.590552002182214,47.33154717948719,28.882800512820513,70.43729431372549,72.37174411371234,45.00212999999998,28.882800512820513,Sandyford_Business_District_min
268110009,336175859,22.05035942028986,18.119675862068966,44.18477696969696,36.25016623243934,48.90217275362318,58.22897275362318,18.119675862068966,IFSC___Docklands_min
267028009,717063452,33.711308965517254,36.63270896551726,70.85896229885056,56.33070134646962,21.925668965517243,59.13414896551724,21.925668965517243,Blanchardstown_min
268024001,247645359,25.12228497512439,27.746831641791058,61.006418308457704,39.619163333333326,50.995509999999996,70.1361512765957,25.12228497512439,Dublin_City_Centre_(CBD)_min
268153012,3089005870,16.584962937853106,16.40497627118644,52.94789627118644,39.67227219711237,38.67518620382732,41.72919228070175,16.40497627118644,IFSC___Docklands_min
267053008,8988554446,44.93906666666668,43.38968000000001,72.72551999999999,66.65697592592593,45.93423750915752,33.441120000000005,33.441120000000005,Tallaght_min
268017014,2424875156,30.0850987755102,34.02695477886978,64.9326678664193,27.8629035897436,39.17445877551022,68.89843338543929,27.8629035897436,Dublin_Airport_min
268071024/04,10276931445,47.207862222222246,49.22827253861003,79.26465366883119,56.66195428571428,70.87501636243385,84.55437999999997,47.207862222222246,Dublin_City_Centre_(CBD)_min
267020006,193302999,39.68532701754385,38.54067800853485,31.10358666666667,61.807973934460776,64.70028952380952,60.645439999999994,31.10358666666667,Sandyford_Business_District_min
267079012,13477873547,34.3009914893617,40.91255626923592,21.249785299145305,64.17985219516186,62.87831262411349,46.84994666666666,21.249785299145305,Sandyford_Business_District_min
267003008,2383129734,58.44960102564102,49.01586769230769,88.27545435897433,62.60194769230769,83.77588148148143,95.91512769230766,49.01586769230769,IFSC___Docklands_min
267140028,9481680718,51.49631384615387,49.94692717948721,58.50651384615387,73.21422310541313,60.39073623931623,21.35432717948719,21.35432717948719,Tallaght_min
267042002/01,10888496721,47.48037097654119,53.50026333333333,36.80796615384615,74.99523098039214,76.05769211129294,39.33368615384616,36.80796615384615,Sandyford_Business_District_min
268132016,4855284629,24.112840784313725,26.566187450980394,39.48261841269841,49.83348337690631,50.964654117647044,41.37248684210525,24.112840784313725,Dublin_City_Centre_(CBD)_min
268138010,6157615911,11.16556782608696,17.85896,45.83512909090909,40.98138370370371,31.695387619047608,56.51747575757577,11.16556782608696,Dublin_City_Centre_(CBD)_min
268117015,8669561247,25.862142372881355,24.048822372881357,36.646814705882356,47.316118298807275,49.54728903954801,46.83122850574713,24.048822372881357,IFSC___Docklands_min
268047007,3009456722,23.38112796536796,24.51178371826371,54.54816484848485,45.01282560846563,46.15852754208755,64.78596828282829,23.38112796536796,Dublin_City_Centre_(CBD)_min
267079001,13364661212,,,,,,,,
268141003,11085983327,12.444180653594774,15.892280544217689,37.58970108527132,39.15957647014362,39.2959939869281,48.16958333333332,12.444180653594774,Dublin_City_Centre_(CBD)_min
268046003,3009426684,30.093045714285715,32.71759238095238,64.5482715151515,44.489111812865495,56.158634208754194,74.78607494949496,30.093045714285715,Dublin_City_Centre_(CBD)_min
268062010,3469266778,27.197405962732926,28.32806171562867,58.364442845849815,49.6013526101596,49.97480553945251,68.60224628019324,27.197405962732926,Dublin_City_Centre_(CBD)_min
268106017,6592996726,7.196079999999999,14.748599061032861,46.12687193798448,38.015894986958784,34.37524333333334,57.66028952380953,7.196079999999999,Dublin_City_Centre_(CBD)_min
267158025,248817804,49.27594666666665,53.380679999999984,85.7818490909091,57.16551999999999,43.20586871794872,84.96434871794871,43.20586871794872,Blanchardstown_min
267151009,8657299969,47.117988571428555,48.065539943977576,55.51610666666666,71.3328358699035,70.00744036630034,35.77929996927805,35.77929996927805,Tallaght_min
267034005,12749895595,32.84566928104575,36.95040261437909,69.99332261437908,54.67923520697168,21.251447058823533,58.459927058823524,21.251447058823533,Blanchardstown_min
268130011,2582434886,28.78426782608695,35.39583260596116,31.04148279069767,58.66312853188708,57.361588960838716,43.496640000000006,28.78426782608695,Dublin_City_Centre_(CBD)_min
267131008,4686839473,47.014557777777775,43.01189111111111,83.08814444444445,39.04797111111111,67.52176,73.4050711111111,39.04797111111111,Dublin_Airport_min
267085015,10712736584,60.783767777777776,63.23711444444444,50.92573999999999,78.62839764705882,74.73504831661093,34.708716521739134,34.708716521739134,Tallaght_min
268022014,2526639615,29.30854333333333,35.68990333333333,63.824405757575754,35.831516666666666,47.207863333333336,66.34850460992908,29.30854333333333,Dublin_City_Centre_(CBD)_min
268110001,690284052,24.102272777777774,25.379323112203117,42.4221561904762,46.10041234355044,50.9540861111111,60.28088611111111,24.102272777777774,Dublin_City_Centre_(CBD)_min
267051007,8674508290,35.95794476190476,34.4085580952381,71.0034598941799,57.67585402116401,36.819663223443214,37.893331428571415,34.4085580952381,IFSC___Docklands_min
267089006,1514321479,31.420063157894738,30.60674315789474,33.73028696741854,53.87403908382067,56.105209824561406,59.943280556268725,30.60674315789474,IFSC___Docklands_min
268042023,241047659,32.01637777777778,34.68604323232323,66.87850931927976,52.81653360269362,58.48887201288246,77.11631275362319,32.01637777777778,Dublin_City_Centre_(CBD)_min
268006040/02,11289779546,25.193615714285713,29.259717777777777,62.341269047619065,51.932735925925925,24.192294814814815,65.69030814814816,24.192294814814815,Blanchardstown_min
267100013,9015365549,37.05588313725488,35.506496470588225,72.10139826953004,58.773792396514146,37.91760159879334,46.19249647058822,35.506496470588225,IFSC___Docklands_min
267002018,2366243305,65.23223555555556,55.79850222222223,95.05808888888883,69.38458222222224,92.66042370370366,102.69776222222217,55.79850222222223,IFSC___Docklands_min
268029002,701150931,14.800944561403504,21.314944561403514,49.54944698564593,38.866760000000006,35.31161438596492,60.204374912985266,14.800944561403504,Dublin_City_Centre_(CBD)_min
267052003,8681308382,32.815457254901965,31.266070588235298,67.86097238717711,54.53336651416124,33.67717571644042,36.55140666666667,31.266070588235298,IFSC___Docklands_min
267106019,13713651796,42.55454,33.654140000000005,74.28039333333332,41.190220000000004,67.65127307812013,75.54731999999998,33.654140000000005,IFSC___Docklands_min
267137006,4874041252,50.589999999999996,49.040613333333326,66.96911320037988,66.9128443137255,59.79871846153845,25.73976307692309,25.73976307692309,Tallaght_min
268026009,26389868,29.29938222222222,35.68074222222222,63.81524464646464,35.82235555555555,47.198702222222224,66.33934349881797,29.29938222222222,Dublin_City_Centre_(CBD)_min
268060012,3074541072,20.67570837606838,24.78044170940171,56.931610800310786,33.228260000000006,37.678818119658104,67.61395746697745,20.67570837606838,Dublin_City_Centre_(CBD)_min
267104025,253321672,55.14716717948719,46.24676717948719,87.55635384615385,50.66618051282053,80.69806051282053,85.02328051282052,46.24676717948719,IFSC___Docklands_min
267100012,9020727924,39.37298980392156,37.8236031372549,74.41850493619671,61.09089906318083,40.23470826546002,48.5096031372549,37.8236031372549,IFSC___Docklands_min
267050023,8998976750,31.09353238095238,29.544145714285715,56.84665238095238,52.81144164021165,45.13131698005699,32.94151238095238,29.544145714285715,IFSC___Docklands_min
267053017,8978171271,36.56030285714285,35.0109161904762,62.313422857142854,58.278212116402116,40.17538820512821,27.41235619047619,27.41235619047619,Tallaght_min
268009013,13089153777,11.74029628318584,15.975100607510166,47.6244296165192,39.24239653343613,40.79727021645799,57.47344294985253,11.74029628318584,Dublin_City_Centre_(CBD)_min
268080013,19080485,11.115237894736842,17.62923789473684,45.86374031897926,37.577193333333334,30.83934083333334,56.546086985645935,11.115237894736842,Dublin_City_Centre_(CBD)_min
268080015,699457895,10.377171228070177,16.891171228070178,45.1256736523126,37.47575333333335,28.32655416666667,55.808020318979274,10.377171228070177,Dublin_City_Centre_(CBD)_min
268027013,541012232,20.910641709401702,25.015375042735037,57.16654413364414,34.928266666666666,37.91375145299146,67.84889080031081,20.910641709401702,Dublin_City_Centre_(CBD)_min
267019007,12986622439,,,,,,,,
267118021,13351308515,60.94059315982267,57.709358974359006,92.10763004293952,62.12877230769234,83.7179927365422,96.4858723076923,57.709358974359006,IFSC___Docklands_min
267158007,634987972,35.36542909090909,39.47016242424244,72.51308242424244,51.888335757575774,24.76312242424243,65.15493575757577,24.76312242424243,Blanchardstown_min
267130010,257305656,32.588121904761906,33.718777657657654,63.75515878787879,56.9860735835836,55.36552148148148,73.99296222222218,32.588121904761906,Dublin_City_Centre_(CBD)_min
267105020,3517495183,34.046674285714296,35.177330038610044,65.21371116883118,49.05982666666669,56.82407386243388,75.45151460317456,34.046674285714296,Dublin_City_Centre_(CBD)_min
267017010,13002658212,39.89722495543671,38.7525759464277,37.61318222222223,62.01987187235365,65.39931977025154,67.15503555555556,37.61318222222223,Sandyford_Business_District_min
268064006,2686899149,23.624428333333338,27.729161666666673,60.13033075757575,31.514001666666672,24.868580000000005,69.0721,23.624428333333338,Dublin_City_Centre_(CBD)_min
268108012,2381205139,18.988402949852507,18.194235757575754,54.87253628318587,36.32472612794614,48.04537688312466,64.72154961651921,18.194235757575754,IFSC___Docklands_min
268129006,8766416191,37.53134354166665,35.71802354166665,43.005819047619056,58.98531946759262,61.216490208333354,59.150909629629645,35.71802354166665,IFSC___Docklands_min
267001006,1727143367,41.51042500000001,43.73792099099098,74.69813000000003,35.97118095238095,50.634622857142865,77.51709777777778,35.97118095238095,Dublin_Airport_min
268137008,8912197414,32.213946666666665,33.16149803921569,47.49502510822511,56.428793965141615,58.72000252873563,41.53505333333333,32.213946666666665,Dublin_City_Centre_(CBD)_min
268109016,10204133784,9.022920350877195,13.233293333333334,44.907053684210524,36.52502060112746,38.07989428414932,54.75606701754386,9.022920350877195,Dublin_City_Centre_(CBD)_min
268032014,5298760827,14.061561904761904,18.166295238095238,51.20921523809523,41.433591164021166,24.165848861283642,60.20747239710299,14.061561904761904,Dublin_City_Centre_(CBD)_min
267085026/03,6033862574,50.121679999999984,49.688911937984486,39.55013904761904,57.964350980392155,59.89880078037903,32.529186666666675,32.529186666666675,Tallaght_min
267096001,11229561600,,,,,,,,
267047001,8557905235,45.6629860162602,44.11359934959353,64.33750601626019,61.985830329985696,58.49646679663923,29.11668424242424,29.11668424242424,Tallaght_min
267150004,8660643647,45.10841037037039,46.889293594771246,50.406528465608496,70.15658952069718,71.96022370370375,35.37296333333334,35.37296333333334,Tallaght_min
267040054,12977682256,36.2661057142857,37.65943444444444,71.61021844833878,60.33245259259258,27.091386666666644,69.58062564102563,27.091386666666644,Blanchardstown_min
267100054,10896986884,29.75843602836879,28.209049361702125,64.80395116064393,51.47634528762806,30.62015448990725,35.8271560283688,28.209049361702125,IFSC___Docklands_min
267028070,12752899123,35.76282898550725,38.467562318840585,72.91048231884058,58.382221366459625,23.977188985507247,61.18566898550725,23.977188985507247,Blanchardstown_min
267022002,1302022071,29.385057142857146,28.57173714285715,30.01160738095238,51.839033068783074,54.07020380952381,57.90827454123112,28.57173714285715,IFSC___Docklands_min
267140049,9577651031,51.01752296296295,49.46813629629629,60.529230555555536,72.73543222222224,57.25424142450141,22.163580229885053,22.163580229885053,Tallaght_min
267092053,13450231194,55.26351724137932,59.13407162734424,21.783173333333348,82.40136755327019,83.84083837613115,69.41220442086652,21.783173333333348,Sandyford_Business_District_min
268072013/01/268072013/01,4793225818,31.38203428571429,32.512690038610046,62.54907116883116,55.77998596453598,54.159433862433865,72.7868746031746,31.38203428571429,Dublin_City_Centre_(CBD)_min
268134007,537203676,28.035057777777773,30.910656064257036,32.56067238095238,54.17795199018296,55.309122730923704,37.63834189054727,28.035057777777773,Dublin_City_Centre_(CBD)_min
267028004/02/07,12732144598,39.1531623188406,41.85789565217394,76.30081565217391,61.77255469979298,27.367522318840585,64.5760023188406,27.367522318840585,Blanchardstown_min
268072013/07,1528658103,39.18436761904763,40.31502337194339,70.35140450216451,63.58231929786932,61.9617671957672,80.58920793650799,39.18436761904763,Dublin_City_Centre_(CBD)_min
267025009,1029631506,32.695207017543865,31.550558008534853,38.78986456140352,54.81785393446078,58.19730183235866,68.33171789473683,31.550558008534853,IFSC___Docklands_min
268139001/268139013,4571260266,9.364546666666662,17.3488923943662,48.24090285714287,40.616188320292146,30.426337777777782,58.70658285714288,9.364546666666662,Dublin_City_Centre_(CBD)_min
268096018,3979498080,15.678891631205676,15.6222582373678,40.8635373160173,38.88955416329374,41.902324848484845,51.545883982683975,15.6222582373678,IFSC___Docklands_min
267020007,9403737187,33.361920000000005,32.5486,28.033186666666666,55.81589592592593,58.047066666666666,60.491706666666666,28.033186666666666,Sandyford_Business_District_min
268070013,3428788729,34.2051576344086,38.180988261563,68.72102005865102,49.046587647058836,56.187586666666675,73.05316333333332,34.2051576344086,Dublin_City_Centre_(CBD)_min
267084027,9611289432,57.60953538461538,60.06288205128205,46.30580205128204,74.00845969834089,64.87857300699301,24.852241212121207,24.852241212121207,Tallaght_min
268056005,1410014143,35.39284606060607,33.8434593939394,56.60793991341993,57.110755319865326,53.88789785547785,32.368726060606065,32.368726060606065,Tallaght_min
268145005,5526210602,35.80917142857144,36.75672280112046,41.65342300089848,60.02401872704639,62.3152272906404,32.50143111111111,32.50143111111111,Tallaght_min
267024007,4960302527,37.66913473684211,36.855814736842106,39.979358546365916,60.123110662768035,62.35428140350878,66.1923521352161,36.855814736842106,IFSC___Docklands_min
267006001,5316380114,127.35636363636368,126.30334,120.30263030303033,148.00528795008915,136.16394591251887,96.13761411764702,96.13761411764702,Tallaght_min
267094006/02,2399382805,75.16603979949875,71.53022666666668,106.33307668261561,85.11630666666663,97.9434393762183,116.57088011695905,71.53022666666668,IFSC___Docklands_min
268032017,6204396368,23.136071351351355,22.956084684684686,59.188815487604394,46.22338061061062,32.24942,58.46517017488077,22.956084684684686,IFSC___Docklands_min
267044001,7700144140,47.322431489361705,51.083151111111114,36.650026666666676,70.88642209150329,72.82087189149016,39.175746666666676,36.650026666666676,Sandyford_Business_District_min
267003026,4988287243,53.47669714285714,44.04296380952381,83.30255047619049,57.629043809523814,77.64281481481483,90.94222380952382,44.04296380952381,IFSC___Docklands_min
267102003,6910128344,44.63222222222224,43.08283555555558,79.67773735449737,66.3501314814815,45.49394068376069,63.959275555555564,43.08283555555558,IFSC___Docklands_min
268031005,2400869876,22.857265641025645,28.004828571428572,58.773772307692305,51.272124497354504,34.00438219461698,63.941103508214105,22.857265641025645,Dublin_City_Centre_(CBD)_min
268121001,822723172,48.07286416666667,50.697410833333336,83.95699749999997,57.17023992424243,74.78498617579908,93.80601083333332,48.07286416666667,Dublin_City_Centre_(CBD)_min
267103031,10258189543,32.03021791666667,30.48083125000001,67.07573304894179,53.748127175925916,32.89193637820514,51.35727124999998,30.48083125000001,IFSC___Docklands_min
268162016,13525132113,19.65427407407407,22.954364575896648,35.54156899224806,46.22166050182259,46.91354691823901,42.233736811594206,19.65427407407407,Dublin_City_Centre_(CBD)_min
268096017,11599631494,16.37573333333334,15.231084324324327,41.604203982683984,38.498380250250264,42.64299151515153,52.28655064935065,15.231084324324327,IFSC___Docklands_min
267107004/03,11897759518,61.24304380952377,59.693657142857106,92.36759999999998,82.96095306878308,62.10476227106223,55.01772380952377,55.01772380952377,Tallaght_min
267028061,12950291069,40.692533793103465,44.238933793103456,77.84018712643677,63.311926174055834,28.906893793103443,66.11537379310344,28.906893793103443,Blanchardstown_min
267095025,253238678,51.67306476190478,52.803720514800524,82.84010164502165,76.07101644072645,74.45046433862434,93.0779050793651,51.67306476190478,Dublin_City_Centre_(CBD)_min
268114004,718888949,25.951725797101446,24.807076788092434,36.773256969696966,48.074372714018374,50.05406412698412,53.19753079365079,24.807076788092434,IFSC___Docklands_min
267103029,2872203616,40.49977333333333,38.95038666666667,75.5452884656085,62.2176825925926,41.36149179487179,57.44679999999997,38.95038666666667,IFSC___Docklands_min
267134004,8239356727,41.82385333333332,32.923453333333335,73.54970666666668,40.41508761904761,70.44696761904763,74.77218761904763,32.923453333333335,IFSC___Docklands_min
267002043/03,4926629743,71.71280631578948,62.27907298245618,101.53865964912274,75.86515298245614,99.29268335282644,109.17833298245607,62.27907298245618,IFSC___Docklands_min
267040025/01,12800195011,49.85718888888891,52.078588888888916,87.00484222222212,75.3458848148148,40.435045858585866,80.86972615384609,40.435045858585866,Blanchardstown_min
267103016/01,9007340277,38.09806666666666,36.54868,73.14358179894181,59.81597592592593,38.95978512820512,52.36813333333335,36.54868,IFSC___Docklands_min
268098005,1408753903,13.745378461538467,13.565391794871799,49.53021392857142,36.83268772079772,31.098979453551912,46.87626494374799,13.565391794871799,IFSC___Docklands_min
267044011,8615514599,41.35501449275364,45.65823111111111,32.151526153846156,68.92552703703703,69.93233562750538,37.82109948717948,32.151526153846156,Sandyford_Business_District_min
268019005,12867357,36.147346666666664,39.49756932432433,70.45777833333331,32.63058666666667,41.75273090909092,73.18730794326241,32.63058666666667,Dublin_Airport_min
268161008,389356,15.59621568627451,15.416229019607844,42.44742108527135,38.683524945533776,40.95937168539326,45.29361811965812,15.416229019607844,IFSC___Docklands_min
267028104,12944395144,37.43911753086419,40.14385086419752,74.58677086419756,60.058509911816564,25.653477530864187,62.86195753086418,25.653477530864187,Blanchardstown_min
267086007,8073007710,52.242100740740746,54.69544740740741,46.69499407407408,74.33743098039211,73.23845179487176,33.21212,33.21212,Tallaght_min
268062001,4935194932,33.76235700680272,36.3869036734694,69.64649034013605,45.65424,60.47447901593514,79.49550367346937,33.76235700680272,Dublin_City_Centre_(CBD)_min
268126008,2601615460,38.30013929606627,39.43079504896202,69.46717617918311,60.67947037037036,61.07753887278581,79.70497961352658,38.30013929606627,Dublin_City_Centre_(CBD)_min
268016016/268016017,12140783094,27.76328378787879,27.79764811220311,58.75785712121213,21.952398787878792,37.226623589743596,63.814197121212125,21.952398787878792,Dublin_Airport_min
268081016,6223603968,5.746156111111111,11.765769444444443,43.00868944444444,35.03306537037038,29.753680952380947,53.47436944444444,5.746156111111111,Dublin_City_Centre_(CBD)_min
267142008,8541849001,50.01298531986531,48.463598653198645,63.538724021164015,70.93697699665236,65.89761512820512,27.32844333333333,27.32844333333333,Tallaght_min
268065007,4697245415,25.291106666666668,29.395840000000003,61.79700909090909,31.210526419753084,30.18046666666667,72.30020813008129,25.291106666666668,Dublin_City_Centre_(CBD)_min
267095009,49572989,54.677175238095245,55.807830990990986,85.84421212121207,75.79734814814816,77.45457481481478,96.08201555555553,54.677175238095245,Dublin_City_Centre_(CBD)_min
267123020,5809556925,61.2403464661654,62.37100221906115,92.40738334928236,70.48843000000001,84.01774604288504,102.64518678362579,61.2403464661654,Dublin_City_Centre_(CBD)_min
268162003,2421668781,24.061151372549013,24.17956470588234,43.02404899224806,47.44686063180828,49.82601586206896,40.3551694623656,24.061151372549013,Dublin_City_Centre_(CBD)_min
267142009,8534141894,46.5775053198653,45.02811865319863,60.103244021164,68.29541457912455,62.46213512820511,23.892963333333334,23.892963333333334,Tallaght_min
267100070,8773398155,29.577584604810998,28.028197938144334,64.62309973708612,51.29549386407026,30.439303066349456,47.172499999999985,28.028197938144334,IFSC___Docklands_min
267138022,9988827653,48.80474666666668,47.255360000000024,64.07366314814816,65.14045416879797,55.04146512820514,23.962605925925924,23.962605925925924,Tallaght_min
268068005,1276543008,29.933720000000005,34.038453333333344,66.43962242424242,40.80662666666667,33.13347555555556,74.06826666666666,29.933720000000005,Dublin_City_Centre_(CBD)_min
267034001/05,10284186163,39.111133333333335,43.21586666666668,76.25878666666664,60.94469925925926,31.125493333333335,68.33397333333332,31.125493333333335,Blanchardstown_min
267148006,8522735229,51.70300717948717,53.15296121212123,56.96212165103188,76.42025713804709,63.36946012820511,22.292040000000004,22.292040000000004,Tallaght_min
267052010,10157511842,32.274483921568624,30.725097254901964,67.31999905384376,53.99239318082789,33.13620238310708,39.645654901960796,30.725097254901964,IFSC___Docklands_min
267041012,13097927354,26.666477232704395,28.154543899371063,63.81413056603774,51.421839825297,19.425186172839503,63.663629389567156,19.425186172839503,Blanchardstown_min
268157007,6378950165,20.55190436781608,27.05759460992907,55.067766792058514,30.094198923654567,39.50888794326242,54.10077460992908,20.55190436781608,Dublin_City_Centre_(CBD)_min
267066009/01,2371420255,20.802965000000007,20.837329324324326,51.797538333333335,16.60243294117647,40.60591166666667,56.85387833333333,16.60243294117647,Dublin_Airport_min
268112014,256892243,28.82155246376811,27.676903454759106,40.61643764705881,50.944199380685056,54.32364727858294,63.12601281947261,27.676903454759106,IFSC___Docklands_min
268082004,9825396972,13.7938,15.76479291666667,50.47288059523809,39.03208884259261,36.68684886128365,51.11892813008129,13.7938,Dublin_City_Centre_(CBD)_min
267032003,243487223,24.337968888888877,28.442702222222213,61.485622222222226,46.17153481481483,16.35232888888889,53.56080888888889,16.35232888888889,Blanchardstown_min
267028033,13072626898,35.45150039215685,36.93956705882353,72.59915372549018,58.42307904761906,24.018046666666677,61.226526666666686,24.018046666666677,Blanchardstown_min
268064010,12867304,25.354413333333344,29.45914666666668,61.86031575757575,33.24398666666668,26.72231333333334,70.92583333333333,25.354413333333344,Dublin_City_Centre_(CBD)_min
268077005,4870667011,30.963866031746033,33.588412698412704,65.36392110671937,44.400391812865486,56.97428380032206,75.6017245410628,30.963866031746033,Dublin_City_Centre_(CBD)_min
267027017,11549093605,30.429426666666668,34.534160000000014,66.93532909090908,38.319,24.835180246913584,69.03870024691358,24.835180246913584,Blanchardstown_min
268080016,699457892,11.386794835309619,17.900794835309615,47.114566985645936,39.21371416666666,28.360674166666662,57.796913652312604,11.386794835309619,Dublin_City_Centre_(CBD)_min
267100006/01,254005470,36.42903393939393,34.87964727272728,71.4745490716691,58.1469431986532,37.2907524009324,49.4644206060606,34.87964727272728,IFSC___Docklands_min
267080012,243189068,36.40825815602837,40.13323692307694,21.824450256410255,63.400532849002865,64.98557929078015,41.0763435897436,21.824450256410255,Sandyford_Business_District_min
267100051,1264145628,32.4542115942029,30.904824927536236,67.49972672647803,54.172120853462154,33.31593005574136,44.487145641025634,30.904824927536236,IFSC___Docklands_min
267041013,12682485752,28.420317232704406,29.908383899371074,65.56797056603774,53.17567982529701,21.097812839506176,65.41746938956716,21.097812839506176,Blanchardstown_min
268080014,6935167523,8.977757894736841,15.491757894736843,43.72626031897926,34.78220666666667,29.68151206140351,54.40860698564593,8.977757894736841,Dublin_City_Centre_(CBD)_min
267002046,479843819,65.03723298245616,55.603499649122824,94.86308631578933,69.18957964912283,92.36917481481477,102.50275964912267,55.603499649122824,IFSC___Docklands_min
267045007,140404737,33.89737475177305,40.508939531647265,33.0653580952381,63.7762354575732,62.474695886524835,47.941880000000005,33.0653580952381,Sandyford_Business_District_min
268162017,12682489194,22.487904444444442,25.007917777777777,40.30860899224804,48.27521370370369,49.339717777777764,40.636231884057956,22.487904444444442,Dublin_City_Centre_(CBD)_min
268135010,564125902,30.565526338797813,33.01887300546448,36.95968031746031,56.286168931390414,57.41733967213115,35.48205960784313,30.565526338797813,Dublin_City_Centre_(CBD)_min
267030012,917120617,32.86974,36.97447333333334,70.01739333333332,46.8972863768116,22.61743333333334,66.82095333333332,22.61743333333334,Blanchardstown_min
267110009,253511189,43.34243835497836,44.473094107874104,74.50947523809523,58.43100787878788,66.11983793169792,84.74727867243867,43.34243835497836,Dublin_City_Centre_(CBD)_min
268108024,11697075456,21.25796294985251,15.30588909090909,57.142096283185865,33.43637946127948,50.31493688312466,62.20514909090907,15.30588909090909,IFSC___Docklands_min
267139007,6188054792,45.90090476190476,48.35425142857143,51.16001923344947,71.62154735449735,63.18532452214451,24.616152727272727,24.616152727272727,Tallaght_min
267128005,241277207,32.20366845771146,31.39034845771146,28.656480833333323,54.65764438363738,56.88881512437812,60.72688585608544,28.656480833333323,Sandyford_Business_District_min
267028035,345572696,36.156673725490194,37.64474039215686,73.30432705882353,60.91203631808279,27.537353333333353,64.74583333333335,27.537353333333353,Blanchardstown_min
267105023,254605717,35.9775542857143,37.108210038610046,67.14459116883116,51.516986666666675,58.754953862433844,77.3823946031746,35.9775542857143,Dublin_City_Centre_(CBD)_min
267146005,4881201906,52.976203456790145,51.42681679012348,60.47756388888888,74.69411271604942,62.70408235042734,21.660919999999997,21.660919999999997,Tallaght_min
267111005,7223729471,54.96086984126986,56.09152559416561,86.12790672438672,65.8426088888889,77.7382694179894,96.36571015873015,54.96086984126986,Dublin_City_Centre_(CBD)_min
267049010,8899423174,35.445903809523806,33.89651714285715,64.01697999999998,57.16381306878306,36.307622271062264,29.11591333333333,29.11591333333333,Tallaght_min
268127009,3112922390,29.959779661016963,32.41312632768363,37.111929667565136,55.68042225360954,56.81159299435028,30.58745019607844,29.959779661016963,Dublin_City_Centre_(CBD)_min
268005006,16157118,19.077542365591395,18.897555698924727,55.13028650184444,42.16485162485066,30.326754343434335,51.29781333333334,18.897555698924727,IFSC___Docklands_min
268057003,2951477047,26.518673043478262,24.969286376811592,61.56418817575338,48.2365823027375,46.40108637681158,41.18652606990621,24.969286376811592,IFSC___Docklands_min
267147006,6548669426,,,,,,,,
268105002,2522177373,12.905490000000002,20.150771228070184,48.38527365231258,41.524846666666654,34.34052539473685,59.06762031897925,12.905490000000002,Dublin_City_Centre_(CBD)_min
268099002,890800341,18.295469195402298,18.115482528735633,51.756222325581376,41.382778454661576,41.66394919540232,43.304371428571436,18.115482528735633,IFSC___Docklands_min
267023007,247968649,41.27911619047621,40.21678086567773,35.950382857142856,63.48407679160365,65.96426285714286,65.69646000000002,35.950382857142856,Sandyford_Business_District_min
268008008,301817295,44.709277006802736,47.33382367346942,80.53119434343436,53.49676121212123,71.42139901593514,90.44242367346929,44.709277006802736,Dublin_City_Centre_(CBD)_min
267158024,248817709,44.029986666666645,48.13471999999998,80.53588909090912,51.919559999999976,37.95990871794871,79.71838871794873,37.95990871794871,Blanchardstown_min
267067007,432485339,39.66988592592593,38.52523691691692,45.63992253968254,61.79253284284285,65.17198074074074,76.01539073170731,38.52523691691692,IFSC___Docklands_min
267049021,8875791863,38.35311666666666,36.803729999999995,69.82290333333334,60.07102592592592,39.21483512820512,33.03850333333334,33.03850333333334,Tallaght_min
267114007,8275210118,43.07741391304348,45.53076057971013,37.04697391304349,63.669381155830756,65.60383095581763,32.57269391304349,32.57269391304349,Tallaght_min
267044010,247414987,42.07816482269503,46.295251111111114,32.64755282051282,68.61221098039216,70.54666078037904,41.426379487179474,32.64755282051282,Sandyford_Business_District_min
267053020,9556553938,50.25982666666662,48.710439999999956,83.56776888888888,71.97773592592593,56.95239750915752,43.99917333333328,43.99917333333328,Tallaght_min
267086005,2582282592,,,,,,,,
267099010,253515813,41.528506666666665,32.62810666666668,73.25435999999998,40.16418666666668,70.19606666666665,74.52128666666664,32.62810666666668,IFSC___Docklands_min
268110007,10949988042,21.97334611111112,23.672526111111118,43.15963,41.96540623243932,48.82515944444444,58.15195944444444,21.97334611111112,Dublin_City_Centre_(CBD)_min
267125004,12155948172,41.77693333333333,40.963613333333335,26.83904571428571,64.23090925925926,66.46208,59.2975657142857,26.83904571428571,Sandyford_Business_District_min
267020010,11884134792,,,,,,,,
268111005,4894692802,19.33551246376812,18.19086345475911,40.48468363636361,41.45815938068504,44.83760727858292,56.9095912516469,18.19086345475911,IFSC___Docklands_min
267028114,6341487685,41.47987555555554,44.184608888888874,78.62752888888889,64.09926793650791,29.694235555555558,66.90271555555553,29.694235555555558,Blanchardstown_min
268128010,4689354115,24.36197333333333,22.548653333333334,35.49605331701346,45.81594925925927,48.047120000000014,42.99278385964913,22.548653333333334,IFSC___Docklands_min
268156006,1445223008,40.075779393939385,38.52639272727273,57.623498095238105,61.793688653198636,58.57083118881117,33.40989403508772,33.40989403508772,Tallaght_min
268108015/01,566889788,14.820197777777777,5.919797777777778,47.22938444444445,27.116162592592598,39.599268148148134,52.28572444444444,5.919797777777778,IFSC___Docklands_min
267146014,2463427009,47.261590123456806,45.71220345679014,56.612488333333324,68.97949938271607,57.689975251661934,15.94630666666667,15.94630666666667,Tallaght_min
267007013,9546098406,56.94982006079028,58.690815238095254,40.24206857142857,68.66833098039216,70.60278078037904,43.23316666666666,40.24206857142857,Sandyford_Business_District_min
268003001,4970167326,14.441338461538464,14.261351794871796,50.4440825977915,37.52864772079773,32.49347254901961,48.487639999999985,14.261351794871796,IFSC___Docklands_min
267140051,4511368796,51.9131005128205,50.363713846153836,58.9233005128205,73.63100977207979,61.4118029059829,21.771113846153835,21.771113846153835,Tallaght_min
267028078,12779238458,40.219334712643665,42.92406804597701,77.36698804597698,62.83872709359604,28.43369471264368,65.64217471264367,28.43369471264368,Blanchardstown_min
267005003,394879443,38.33487047619049,39.46552622908623,69.50190735930732,62.73282215501215,61.112270052910034,79.73971079365074,38.33487047619049,Dublin_City_Centre_(CBD)_min
268143024/01,223879861,21.996507482993195,21.885369195402294,45.170683636363634,40.01585956577267,48.848320816326535,58.17512081632653,21.885369195402294,IFSC___Docklands_min
268126001,243485680,37.738645962732896,38.86930171562863,68.90568284584978,57.079483703703694,60.5160455394525,79.14348628019327,37.738645962732896,Dublin_City_Centre_(CBD)_min
268006033,2760661749,27.67055935742973,28.23563777777779,62.18642178167213,48.83640190476191,29.840988148148156,71.33900148148153,27.67055935742973,Dublin_City_Centre_(CBD)_min
268070005,1706682932,26.73188777777778,29.606434444444446,61.78683337662338,37.97050428571429,45.17029095238096,64.3109322289767,26.73188777777778,Dublin_City_Centre_(CBD)_min
267003024,3280546326,56.78717714285713,47.3534438095238,86.61303047619047,60.939523809523806,82.55704148148148,94.25270380952381,47.3534438095238,IFSC___Docklands_min
267078024,13432542033,39.152883120567374,40.91787438596491,18.631900350877192,64.18517031189084,66.41634105263158,51.859173333333324,18.631900350877192,Sandyford_Business_District_min
268044006,2393840293,29.240030476190466,26.922910476190467,63.84804201769247,45.053400846560855,55.45840471129516,73.82217047619048,26.922910476190467,IFSC___Docklands_min
267132036,300735111,30.84327743589744,26.790610769230778,66.9168641025641,22.876690769230777,52.90857076923077,57.23379076923076,22.876690769230777,Dublin_Airport_min
268149007,2369340262,13.592108965517243,13.412122298850578,49.95504229885057,36.67941822477651,35.90507278688525,48.013346822612085,13.412122298850578,IFSC___Docklands_min
267084021,9434505967,57.73482909090909,60.188175757575756,43.397762424242416,71.10042007130123,69.84457074085336,29.818238945981555,29.818238945981555,Tallaght_min
267084018,9442669996,54.95145052631579,57.40479719298246,40.614383859649124,68.31704150670794,65.66842164994425,25.642089855072467,25.642089855072467,Tallaght_min
267150012,13100359155,,,,,,,,
267101009,6089379774,32.20446469135803,30.655078024691363,67.24997982363314,53.92237395061726,33.06618315289649,51.53151802469133,30.655078024691363,IFSC___Docklands_min
268002014,13234436624,17.073578461538464,16.893591794871796,53.0763225977915,40.16088772079773,34.19776588235295,51.11987999999999,16.893591794871796,IFSC___Docklands_min
268085010/01,6196929783,19.467188617886176,17.91780195121951,54.512703750161315,41.185097877145445,39.34960195121951,40.40853528455285,17.91780195121951,IFSC___Docklands_min
268023011,9419054724,31.371084975124397,33.995631641791064,67.25521830845771,43.11089571428574,54.4872423809524,73.62788365754811,31.371084975124397,Dublin_City_Centre_(CBD)_min
267056002,10044779979,36.04876698412699,35.23544698412698,35.517554999999994,58.50274291005285,60.733913650793596,50.54990166666665,35.23544698412698,IFSC___Docklands_min
267125011,8130710455,31.70606285714286,30.892742857142863,20.561352380952382,54.16003878306878,56.391209523809515,53.01987238095238,20.561352380952382,Sandyford_Business_District_min
268094008,269235575,42.02873333333334,42.97628470588236,52.47515324675325,66.24358063180829,65.69165620382732,39.15564848484849,39.15564848484849,Tallaght_min
267088016,404004068,37.07907833333332,36.26575833333332,39.389302142857126,59.53305425925925,61.76422499999999,65.6022957317073,36.26575833333332,IFSC___Docklands_min
267040040,12830926817,41.45795714285715,43.67935714285715,78.6056104761905,66.94665306878308,32.03581411255411,69.81228,32.03581411255411,Blanchardstown_min
267096004,13326756226,48.051153191489355,46.90650418248035,46.71580677115989,70.1738001084063,73.55324800630417,84.15032164079817,46.71580677115989,Sandyford_Business_District_min
267120003,1360746672,45.24771739837399,44.434397398374,37.23450252873564,67.70169332429992,69.93286406504066,73.770934796748,37.23450252873564,Sandyford_Business_District_min
267022001,5286048442,26.48756380952382,25.674243809523823,28.794994047619035,48.94153973544975,51.17271047619049,55.01078120789781,25.674243809523823,IFSC___Docklands_min
268089011,13228202,36.021638787878786,38.64618545454546,71.90577212121211,31.14832982456141,52.57467649122807,69.83322982456139,31.14832982456141,Dublin_Airport_min
267002024,2366243138,61.36275555555555,51.92902222222222,91.18860888888887,65.51510222222223,88.79094370370369,98.8282822222222,51.92902222222222,IFSC___Docklands_min
268148011,10711188259,,,,,,,,
267039011,480013986,52.601275087719294,51.78795508771929,49.803430000000006,75.05525101364522,77.286421754386,81.1244924860933,49.803430000000006,Sandyford_Business_District_min
268085010/02,335717395,22.404407619047625,20.85502095238096,57.44992275132277,44.1223168783069,42.286820952380964,43.612420952380965,20.85502095238096,IFSC___Docklands_min
267040041,26452950,38.87773047619047,41.099130476190474,76.0253838095238,64.3664264021164,29.45558744588745,68.15215777777777,29.45558744588745,Blanchardstown_min
267108011,10313572189,31.70222361111111,30.152836944444445,66.74773874338626,53.420132870370395,48.80992488052712,49.35819096774192,30.152836944444445,IFSC___Docklands_min
267105022,253514508,42.54374805194804,43.67440380484379,73.71078493506498,57.63231757575757,65.3211476286676,83.94858836940843,42.54374805194804,Dublin_City_Centre_(CBD)_min
267125007,1519165099,38.57854666666666,37.76522666666666,27.628493675213676,61.03252259259259,63.26369333333333,57.152986666666656,27.628493675213676,Sandyford_Business_District_min
268068006,3790819607,28.687900000000003,32.792633333333335,65.19380242424243,38.858721666666675,31.16503555555556,73.96647921568628,28.687900000000003,Dublin_City_Centre_(CBD)_min
267132027,5043314231,37.66506526315789,33.612398596491225,73.73865192982457,29.698478596491228,59.73035859649123,64.05557859649122,29.698478596491228,Dublin_Airport_min
268126004,243484814,32.332392629399585,33.46304838229533,63.49942951251649,54.26895703703705,55.10979220611919,73.73723294685996,32.332392629399585,Dublin_City_Centre_(CBD)_min
268106010,1204233410,3.121466666666666,14.603578113207542,45.29306793650793,37.8708740391335,31.221591111111113,55.975414603174606,3.121466666666666,Dublin_City_Centre_(CBD)_min
267105025,3512000994,33.017207619047625,34.14786337194337,64.18424450216449,48.55664000000001,55.79460719576718,74.42204793650792,33.017207619047625,Dublin_City_Centre_(CBD)_min
268145014,4904503730,35.88963555555556,36.83718692810458,41.471553957307066,60.10448285403051,62.195901759382885,30.818248888888895,30.818248888888895,Tallaght_min
267050011,8998937986,40.84865666666665,39.29926999999999,66.60177666666664,62.56656592592591,51.98280618083668,33.43663619047619,33.43663619047619,Tallaght_min
267092037,392911575,43.271903908045964,47.14245829401089,11.202533333333331,70.40975421993683,71.84922504279776,57.420591087533154,11.202533333333331,Sandyford_Business_District_min
267125012,1419944676,32.23722476190476,31.42390476190477,18.708952380952383,54.69120068783069,56.922371428571424,51.167472380952375,18.708952380952383,Sandyford_Business_District_min
267078009,60939427,51.71924491228067,50.90592491228067,32.45717824561404,74.17322083820659,76.40439157894734,56.83119999999998,32.45717824561404,Sandyford_Business_District_min
268125004,2422107554,27.325392629399587,28.456048382295332,58.492429512516466,49.72933927682626,50.10279220611916,68.7302329468599,27.325392629399587,Dublin_City_Centre_(CBD)_min
268085018,6189373539,26.425674285714287,24.876287619047616,57.445065402504476,48.143583544973566,45.97021509271622,41.960697777777774,24.876287619047616,IFSC___Docklands_min
268066008,333099181,29.883098850574722,33.98783218390806,66.38900127481715,37.77267218390806,26.313464197530877,70.51698419753085,26.313464197530877,Blanchardstown_min
267121002,13655033537,49.62910222222225,48.484453213213236,49.13194845466157,71.75174913913916,75.13119703703704,81.93159665763326,48.484453213213236,IFSC___Docklands_min
268075005,4935194577,33.22556596273293,34.35622171562867,64.3926028458498,52.45921454545454,56.00296553945248,74.63040628019323,33.22556596273293,Dublin_City_Centre_(CBD)_min
267002023,2366243103,66.11359555555555,56.67986222222222,95.93944888888889,70.26594222222222,93.54178370370371,103.57912222222222,56.67986222222222,IFSC___Docklands_min
267112005/02,17955726,67.19469333333335,65.6453066666667,91.34642666666666,88.91260259259258,75.03961179487177,54.19424000000001,54.19424000000001,Tallaght_min
267106008,943865203,35.852194285714305,36.98285003861006,67.01923116883118,49.465,58.62959386243388,77.25703460317456,35.852194285714305,Dublin_City_Centre_(CBD)_min
267104004,10589394383,54.699673846153836,45.79927384615384,87.10886051282051,50.21868717948717,80.25056717948719,84.57578717948718,45.79927384615384,IFSC___Docklands_min
268035001,2369219338,19.3614625,20.766629743589743,56.50911583333333,44.033925669515675,27.873277499999997,56.275715233785824,19.3614625,Dublin_City_Centre_(CBD)_min
267099007,2367643587,30.974993333333334,22.074593333333336,62.70084666666667,36.884644848484854,59.703634468085106,68.44052,22.074593333333336,IFSC___Docklands_min
268031004,5300258843,20.211278974358972,25.30457523809524,56.127785641025646,48.571871164021175,31.304128861283644,62.89223684154744,20.211278974358972,Dublin_City_Centre_(CBD)_min
267004001,257290131,34.36750857142859,35.49816432432433,65.53454545454545,58.76546025025026,57.14490814814814,75.7723488888889,34.36750857142859,Dublin_City_Centre_(CBD)_min
267021013/267026008,6373163335,24.59306035087719,23.448411341868184,36.278159999999986,46.71570726779411,50.09515516569199,62.16713913875597,23.448411341868184,IFSC___Docklands_min
268073010,5426458664,29.160930793650788,30.291586546546537,60.32796767676768,53.55888247247249,51.93833037037037,70.56577111111113,29.160930793650788,Dublin_City_Centre_(CBD)_min
267086009,8232377199,46.029848695652184,48.48319536231885,40.48274202898552,71.2945180093777,66.93323846153847,26.906906666666664,26.906906666666664,Tallaght_min
268142021,849020265,19.784225490196082,18.662273846153845,33.96855174603176,41.92956977207978,44.160740512820524,45.45636406504066,18.662273846153845,IFSC___Docklands_min
267033003,13069272113,26.753017777777778,29.281236190476196,63.900671111111066,49.80261179487176,9.17174666666667,58.080918461538424,9.17174666666667,Blanchardstown_min
268117017,8669582224,24.68489757575757,22.87157757575757,35.13378803921567,46.13887350168347,48.37004424242421,46.08264183908045,22.87157757575757,IFSC___Docklands_min
268032010,4634871139,15.531404684684682,15.351418018018018,51.58414882093775,38.618713943943966,27.262581818181804,50.86050350821412,15.351418018018018,IFSC___Docklands_min
267028050,12888193109,31.24143333333334,34.78783333333333,68.38908666666666,53.8608257142857,19.455793333333343,56.66427333333332,19.455793333333343,Blanchardstown_min
268030016,4889112254,,,,,,,,
268008002,4835872593,36.180957006802714,38.8055036734694,72.06509034013605,47.72269454545454,62.89307901593515,81.91410367346934,36.180957006802714,Dublin_City_Centre_(CBD)_min
267074006/04,6071682547,44.81289904761907,43.99957904761906,44.25916571428573,67.266874973545,69.49804571428572,73.33611644599306,43.99957904761906,IFSC___Docklands_min
268087004,291661893,38.41943083333333,41.043977500000004,74.30356416666662,43.34584000000002,62.188853333333356,81.3294946099291,38.41943083333333,Dublin_City_Centre_(CBD)_min
267009002,8764722171,44.097678156028365,48.38034000000002,28.92988666666667,68.61460764705883,70.5490574470457,43.17944333333333,28.92988666666667,Sandyford_Business_District_min
267117011,253133012,41.550578585858574,44.00392525252525,43.473653333333324,65.25067098039216,67.18512078037904,39.81550666666666,39.81550666666666,Tallaght_min
268070015,2758274350,27.927929999999996,33.362927777777784,62.44379242424241,38.62746333333333,45.82725,64.78818794326244,27.927929999999996,Dublin_City_Centre_(CBD)_min
267021002,3745575125,49.38087368421053,48.23622467520151,47.879490476190455,71.5035206011274,74.77600603773584,78.61407676944314,47.879490476190455,Sandyford_Business_District_min
268018016,4145737560,26.18507210884353,30.289805442176867,61.03264119975263,25.66606256410256,35.274432108843534,64.99840671877261,25.66606256410256,Dublin_Airport_min
268128006,12525167835,24.350967179487196,22.53764717948719,34.01748279069767,45.804943105413116,48.03611384615385,44.99052631578946,22.53764717948719,IFSC___Docklands_min
267134017,254611123,41.569653333333335,32.66925333333334,73.29550666666665,40.205333333333336,70.23721333333334,74.56243333333332,32.66925333333334,IFSC___Docklands_min
268002009,11541726006,,,,,,,,
268108009,330940506,22.68874242424242,13.255009090909091,55.0979290909091,31.385499461279462,49.73092148148148,60.15426909090908,13.255009090909091,IFSC___Docklands_min
267018006,732395593,37.54596848484848,36.401319475839465,39.50551555555556,59.66861540176543,63.04806329966331,69.0473688888889,36.401319475839465,IFSC___Docklands_min
268089005,9949400451,31.26400253968254,33.888549206349204,66.16594242424242,30.706386666666667,49.5494,68.69004127659575,30.706386666666667,Dublin_Airport_min
268090003,4898447530,39.959353846153846,38.44260296296297,53.02326302277435,61.70989888888891,58.487041424501435,36.40375826086957,36.40375826086957,Tallaght_min
267148017,8519233293,47.84136242424243,46.29197575757576,61.36710112554113,69.55927168350168,66.33641421911422,30.59652333333333,30.59652333333333,Tallaght_min
267109010,9029795662,30.294826666666662,28.74543999999999,65.34034179894181,52.012735925925945,43.17937623931621,44.25304444444442,28.74543999999999,IFSC___Docklands_min
268044007,241777591,28.35903666666667,27.822763809523803,63.22116820816866,45.9532541798942,54.83153090177135,73.45897164251208,27.822763809523803,IFSC___Docklands_min
268018005,1813017098,29.729703390804605,29.764067715128924,60.724276724137916,22.89708505747127,41.23433252525252,65.78061672413791,22.89708505747127,Dublin_Airport_min
267027001,249338163,30.800869565217386,32.28893623188405,67.94852289855072,55.316291794871795,16.046585128205123,60.46770074074074,16.046585128205123,Blanchardstown_min
268035003,13759641383,23.6722225,25.55339063063063,60.81987583333333,48.82068655655656,32.06034909090909,61.06247612082671,23.6722225,Dublin_City_Centre_(CBD)_min
267133011,4652653483,43.668574285714264,38.53257428571427,79.15882761904761,35.701987619047614,65.7338676190476,70.05908761904763,35.701987619047614,Dublin_Airport_min
268039007,320025541,29.51786666666667,27.96848,64.56338179894179,51.23577592592593,48.46697609594706,44.81953090909091,27.96848,IFSC___Docklands_min
267027016/01,12819816325,25.58258,29.687313333333336,62.73023333333332,49.156240000000004,19.63578,62.87806596491226,19.63578,Blanchardstown_min
267158021,2986176092,38.032822857142854,42.13755619047619,75.18047619047618,54.555729523809525,27.43051619047619,67.82232952380951,27.43051619047619,Blanchardstown_min
268060001,1696918569,14.726790476190475,21.266483809523802,49.2426529004329,36.774647887323944,37.49039142857143,59.829899365079356,14.726790476190475,Dublin_City_Centre_(CBD)_min
267144015,8570238091,44.56402666666668,43.014640000000014,60.69010000000001,60.88687098039218,51.65282512820513,18.648619999999994,18.648619999999994,Tallaght_min
267053012,8981503168,41.35614358974359,39.80675692307692,67.8061822222222,63.07405284900285,42.21786205128205,30.354319999999998,30.354319999999998,Tallaght_min
268154010,4596871759,33.88679999999999,32.33741333333332,56.13687324675327,55.604709259259266,52.38185179487179,32.54383272727272,32.33741333333332,IFSC___Docklands_min
267002017,2366243356,59.95722666666668,50.52349333333335,89.78308000000001,64.10957333333334,87.38541481481484,97.42275333333335,50.52349333333335,IFSC___Docklands_min
267056006/02,10745925246,29.86588380952381,29.05256380952381,32.586160663650084,52.31985973544973,54.55103047619047,49.24779999999999,29.05256380952381,IFSC___Docklands_min
267002041/02,641808471,93.03188666666668,83.59815333333331,122.85774000000009,97.18423333333337,116.83621270955162,130.4974133333334,83.59815333333331,IFSC___Docklands_min
268006014,2399920988,33.28858666666666,34.768319999999996,70.43623999999998,54.56982666666667,33.058453333333325,70.27740549019605,33.058453333333325,Blanchardstown_min
268098006,635060748,11.344962352941172,11.164975686274508,47.70789568627451,34.432271612200445,36.85227278688523,46.24625460317461,11.164975686274508,IFSC___Docklands_min
267157009,4829380157,40.49632606060605,38.946939393939374,54.307163736263725,62.2142353198653,58.99137785547783,27.936294035087716,27.936294035087716,Tallaght_min
267126002,185671312,40.48605612403101,39.672736124031005,30.832666666666668,62.940032049956955,65.17120279069769,60.744117575757585,30.832666666666668,Sandyford_Business_District_min
268072002,301841837,38.857948184955156,39.988603937850904,70.02498506807203,58.61513925925928,61.63534776167474,80.26278850241546,38.857948184955156,Dublin_City_Centre_(CBD)_min
268057005,695052235,25.843639999999997,24.294253333333334,60.88915513227515,47.56154925925928,45.72605333333335,46.50735273657286,24.294253333333334,IFSC___Docklands_min
267058007,146630997,44.695644822695016,44.57222888888889,31.392586666666666,67.83952481481482,70.07069555555556,53.74620888888888,31.392586666666666,Sandyford_Business_District_min
268108017/03,2800563659,16.151691111111113,7.2512911111111125,48.56087777777777,30.174335925925927,36.428188148148145,53.61721777777776,7.2512911111111125,IFSC___Docklands_min
267099021,822931038,50.29175,47.19134666666667,84.89298926406924,48.006573333333336,76.50335195767194,82.36367333333334,47.19134666666667,IFSC___Docklands_min
267135002,10737886307,35.9450219047619,31.942355238095235,72.0186085714286,27.978435238095237,58.01031523809523,62.33553523809522,27.978435238095237,Dublin_Airport_min
268049001,11825073314,21.650573333333334,23.158726666666666,57.301446086956524,41.28921703703705,48.91180878055922,67.38371999999998,21.650573333333334,Dublin_City_Centre_(CBD)_min
268127018,8611724179,33.002946666666666,35.45629333333333,33.539953650793656,58.723589259259256,59.85475999999999,38.18156,33.002946666666666,Dublin_City_Centre_(CBD)_min
267130012,5177364839,32.74912190476191,33.879777657657655,63.91615878787879,57.147073583583605,55.52652148148149,74.15396222222219,32.74912190476191,Dublin_City_Centre_(CBD)_min
267132022,12394364151,37.909602807017535,33.856936140350875,73.98318947368422,29.943016140350874,59.97489614035087,64.30011614035087,29.943016140350874,Dublin_Airport_min
267084010,9437764424,58.52227719298244,60.97562385964911,44.18521052631578,71.8878681733746,68.87869179487181,28.85236000000001,28.85236000000001,Tallaght_min
267049033,4868765162,40.54581333333333,38.99642666666667,72.01559999999999,62.26372259259259,41.407531794871794,35.231199999999994,35.231199999999994,Tallaght_min
268139006,2515675796,10.276840000000002,15.284592916666666,48.34686413625305,38.551888842592575,37.570577777777785,53.348734603174584,10.276840000000002,Dublin_City_Centre_(CBD)_min
267131005,26472402,44.49810666666668,40.49544000000001,80.57169333333339,36.53152,66.56340000000002,70.88862,36.53152,Dublin_Airport_min
267040020,12985798109,35.34243999999999,37.563840000000006,72.49009333333335,60.83113592592593,25.920296969696963,69.24386564102564,25.920296969696963,Blanchardstown_min
268093002,4213222389,39.35062666666666,40.298178039215685,49.79704658008657,63.56547396514161,65.65689287049399,36.47754181818182,36.47754181818182,Tallaght_min
267146002,9461771662,54.079205881032536,52.52981921436587,49.415595897435885,75.79711514029181,64.50759100923766,22.53638666666666,22.53638666666666,Tallaght_min
268091010,746555605,35.10265333333333,34.922666666666665,52.35104138718893,58.189962592592614,57.592252870494015,43.20475555555553,34.922666666666665,IFSC___Docklands_min
267092003,11900943118,,,,,,,,
267158016,25965411,34.92055619047619,39.025289523809526,72.06820952380953,51.44346285714286,24.31824952380953,64.71006285714284,24.31824952380953,Blanchardstown_min
267052006,8699713039,31.255137254901964,29.7057505882353,66.30065238717708,52.973046514161204,32.116855716440426,38.62630823529411,29.7057505882353,IFSC___Docklands_min
267007019,9543962965,41.03537866884889,42.77637384615387,24.327627179487177,66.0436697720798,68.27484051282053,41.603899999999996,24.327627179487177,Sandyford_Business_District_min
267066021,2433060439,30.410588571428566,30.444952895752888,61.40516190476192,23.723815238095238,37.094387747747746,66.4615019047619,23.723815238095238,Dublin_Airport_min
267131021,38411873,49.353863529411775,45.35119686274511,85.42745019607841,41.38727686274511,69.45508269607846,75.74437686274509,41.38727686274511,Dublin_Airport_min
268051003,13892216455,34.05450620382732,33.87451953716066,63.488491428571436,57.14181546308658,52.75631953716065,37.406116491228076,33.87451953716066,IFSC___Docklands_min
267040031,12827888606,41.58033555555557,43.80173555555557,78.72798888888883,67.0690314814815,32.158192525252524,72.75855282051279,32.158192525252524,Blanchardstown_min
268142002,5658872382,18.90452,23.254520784313726,31.53319174603175,46.52181671023966,47.48184113475177,40.873578421052635,18.90452,Dublin_City_Centre_(CBD)_min
267067008,10947665927,34.12604592592592,32.981396916916914,41.593492903225815,56.24869284284285,59.62814074074073,71.7001247138047,32.981396916916914,IFSC___Docklands_min
267067003,945443957,34.68889925925926,33.54425025025025,47.70269116279071,56.81154617617619,60.19099407407408,72.26297804713805,33.54425025025025,IFSC___Docklands_min
267143002,9624549782,53.839253333333325,52.28986666666666,52.48278666666666,75.55716259259258,64.26763846153845,23.69726666666667,23.69726666666667,Tallaght_min
267088002,11004369379,55.83007710144927,55.01675710144926,41.69562252873562,78.2840530273752,80.51522376811593,78.50259757575755,41.69562252873562,Sandyford_Business_District_min
267049019,9650459577,40.04942956521737,38.50004289855073,71.519216231884,61.76733882447664,40.91114802675584,34.73481623188407,34.73481623188407,Tallaght_min
268035007,15413045,25.278155833333333,26.683323076923077,62.42580916666666,49.950619002848995,29.98280888888889,62.19240856711915,25.278155833333333,Dublin_City_Centre_(CBD)_min
267004015,4488237763,45.07166857142857,46.20232432432432,76.2387054545455,65.73231407407408,67.84906814814815,86.47650888888897,45.07166857142857,Dublin_City_Centre_(CBD)_min
267150001,81624523,45.01351298245615,45.96106435500517,53.411631077694246,69.2283602809311,71.3197791862835,34.44804444444444,34.44804444444444,Tallaght_min
268116010,11243382666,24.409092121212122,22.182475151515145,37.6547141880342,45.44977107744109,47.047608484848496,50.19722285714287,22.182475151515145,IFSC___Docklands_min
267140003,9921234785,51.82884666666667,50.27946,62.276086666666664,73.54675592592592,58.7822317948718,25.123900000000003,25.123900000000003,Tallaght_min
267133030,7366888627,49.593459999999986,44.45745999999999,85.08371333333335,41.62687333333331,71.65875333333334,75.98397333333334,41.62687333333331,Dublin_Airport_min
267049038,1979383757,43.412560000000006,41.86317333333334,74.88234666666668,65.13046925925927,44.274278461538465,38.09794666666667,38.09794666666667,Tallaght_min
267047006,2587668619,37.1808319379845,35.63144527131783,53.80651999999999,51.57925764705885,47.96548078037904,27.45983333333334,27.45983333333334,Tallaght_min
268006031,1472129482,21.643189047619053,25.709291111111117,58.79084238095239,48.38230925925925,20.641868148148156,62.13988148148148,20.641868148148156,Blanchardstown_min
268099009,8872812166,17.26861803921569,17.38703137254902,46.0927956589147,40.65432729847493,41.09718919540231,42.089184761904754,17.26861803921569,Dublin_City_Centre_(CBD)_min
267110012,253511904,46.53869333333333,47.66934908622908,77.70573021645023,64.4537709090909,69.3160929100529,87.94353365079367,46.53869333333333,Dublin_City_Centre_(CBD)_min
267026010,925666468,35.34794035087719,34.20329134186818,38.08633492063492,57.470587267794116,60.850035165692,64.90516444444444,34.20329134186818,IFSC___Docklands_min
267096003,5652243812,54.849313191489344,53.70466418248033,46.09887141762454,76.9719601084063,79.69531555555558,83.53338628726287,46.09887141762454,Sandyford_Business_District_min
267028014,12735251917,33.175040459770116,36.72144045977015,70.32269379310347,55.79443284072252,21.389400459770116,58.597880459770145,21.389400459770116,Blanchardstown_min
267103011,11700697878,33.351349523809525,31.80196285714286,68.39686465608467,55.0692587830688,34.213067985347976,58.2117361904762,31.80196285714286,IFSC___Docklands_min
267109012,320034355,28.512746666666665,26.96336,63.558261798941786,50.230655925925916,46.335456573713536,50.80614857142855,26.96336,IFSC___Docklands_min
268158014,298536716,25.568865531914902,32.10855886524823,60.08472795615733,31.763265507246384,45.51116512820514,61.7531346099291,25.568865531914902,Dublin_City_Centre_(CBD)_min
268071018,187762110,38.572930505050515,41.197477171717175,74.3727659307359,53.416202317916,65.28505251418292,79.47178000000002,38.572930505050515,Dublin_City_Centre_(CBD)_min
267072009,8709155400,53.89369128205128,53.080371282051274,51.82758222222221,76.34766720797725,78.57883794871802,82.41690868042532,51.82758222222221,Sandyford_Business_District_min
268132019,12747991568,25.070855238095234,27.524201904761902,39.601915844155855,50.791497830687845,51.92266857142859,39.332411082251085,25.070855238095234,Dublin_City_Centre_(CBD)_min
268005013,1396426599,18.424935757575764,18.244949090909092,54.4776798938288,41.51224501683502,29.555954343434344,53.754034581105174,18.244949090909092,IFSC___Docklands_min
267027014,879095493,29.451257777777776,33.55599111111111,66.59891111111112,50.29928249999998,14.983920000000001,56.62679999999999,14.983920000000001,Blanchardstown_min
268024005,26389480,30.516997777777775,33.14154444444444,66.4011311111111,39.56787999999999,50.944226666666665,70.08486794326241,30.516997777777775,Dublin_City_Centre_(CBD)_min
268012009,4021255041,20.46393298245614,24.568666315789475,56.96983540669857,30.693049462365593,26.746209462365595,63.95468946236561,20.46393298245614,Dublin_City_Centre_(CBD)_min
268061005,297388015,27.231137142857143,25.681750476190473,62.27665227513227,48.9490464021164,45.071927985347976,43.01255096774193,25.681750476190473,IFSC___Docklands_min
268085005,2861487078,22.63769528455285,21.08830861788618,57.68321041682797,44.3556045438121,42.52010861788617,43.57904195121951,21.08830861788618,IFSC___Docklands_min
267055005,12652243359,33.97561475177303,35.176930526315786,32.394103296703285,58.444226452241736,60.67539719298247,46.22719719298247,32.394103296703285,Sandyford_Business_District_min
268135016,564453093,26.994012753623185,29.447359420289853,36.32267238095239,52.714655346215785,53.84582608695653,36.02928855721394,26.994012753623185,Dublin_City_Centre_(CBD)_min
267132030,253182802,33.45752615384615,29.40485948717949,69.53111282051282,25.490939487179492,55.5228194871795,59.848039487179484,25.490939487179492,Dublin_Airport_min
267092008/01,4805765443,61.27021815602833,61.3112133333333,32.68428000000003,84.57850925925933,86.80968000000007,65.50431999999996,32.68428000000003,Sandyford_Business_District_min
268144001,12001626729,34.5298580952381,35.477409467787126,46.273996334231825,58.744705393713055,61.035913957307066,38.5725777777778,34.5298580952381,Dublin_City_Centre_(CBD)_min
268042011,2401609736,37.35403111111112,39.33593681159421,70.76472484848482,57.4664271819646,62.37508754208753,81.00252828282822,37.35403111111112,Dublin_City_Centre_(CBD)_min
268082012,4224663970,13.304026666666667,19.10486413625304,51.98111746958638,42.37216006217897,37.166044444444445,56.43825460317459,13.304026666666667,Dublin_City_Centre_(CBD)_min
268102007,2477945992,27.21380916666667,28.619966928104574,45.295191492248065,51.88726285403052,54.0656225,42.91569666666668,27.21380916666667,Dublin_City_Centre_(CBD)_min
268050007,3637351813,23.355693333333328,25.465878787878783,59.239826666666666,43.596369158249175,52.20840393207437,69.08884000000002,23.355693333333328,Dublin_City_Centre_(CBD)_min
267002030,2366243488,60.957542222222216,51.52380888888889,90.78339555555551,65.10988888888889,88.38573037037034,98.42306888888885,51.52380888888889,IFSC___Docklands_min
267095011,6645311299,48.42737968253967,47.92956444444443,79.59441656565656,66.0600548148148,71.20477925925925,89.83221999999999,47.92956444444443,IFSC___Docklands_min
268028012,6370571203,13.986172690763054,20.525866024096388,48.50203511500547,39.48078666666666,36.12915005291005,59.089281579651924,13.986172690763054,Dublin_City_Centre_(CBD)_min
267103001/10,10217275479,43.46514823529411,41.91576156862745,78.51066336756922,65.18305749455337,44.32686669683257,57.500534901960776,41.91576156862745,IFSC___Docklands_min
267119013/03,11191245651,59.75336698412698,58.20398031746031,79.79138285714285,78.4543843137255,66.70675211233211,42.6391961904762,42.6391961904762,Tallaght_min
267116007,254345402,49.426520000000004,51.87986666666667,39.59724888888889,70.61851542483662,72.5529652248235,42.738466666666675,39.59724888888889,Sandyford_Business_District_min
267130020,2422099474,37.27698857142857,38.407644324324316,68.44402545454543,58.79125857549856,60.054388148148114,78.68182888888889,37.27698857142857,Dublin_City_Centre_(CBD)_min
268112015,3227958975,32.01224579710146,30.867596788092452,43.80713098039215,54.1348927140184,57.51434061191628,66.31670615280595,30.867596788092452,IFSC___Docklands_min
267101011,21519346,28.128758024691358,26.57937135802469,63.174273156966485,49.846667283950616,28.990476486229817,47.45581135802468,26.57937135802469,IFSC___Docklands_min
267103021,2872203633,35.97690158730159,34.42751492063492,71.02241671957671,57.69481084656086,36.838620048840056,56.47507999999997,34.42751492063492,IFSC___Docklands_min
268142009,6384129732,18.47343407407407,21.414028134556574,34.2675823255814,44.6813240604825,47.050755208825855,46.73056449438202,18.47343407407407,Dublin_City_Centre_(CBD)_min
267036002,5652325543,48.84551999999999,47.78318467520151,43.51678666666666,71.05048060112746,73.53066666666669,75.97530666666668,43.51678666666666,Sandyford_Business_District_min
267084025,10743668980,55.58770736842107,58.04105403508774,50.04060070175441,78.83992636500754,62.12844126855601,22.102109473684212,22.102109473684212,Tallaght_min
267147025/01,6543301273,,,,,,,,
267108013,5333589928,21.97182036613272,20.422433699466055,57.01733549840785,43.68972962539198,33.586404880527105,39.00980877192982,20.422433699466055,IFSC___Docklands_min
267156003,122586476,44.46512333333333,43.43353666666667,53.830684411027555,66.70083259259259,63.477975128205124,34.746244444444436,34.746244444444436,Tallaght_min
268017009,2373040923,35.391291666666675,40.01671477886977,69.90715409090912,33.85266358974361,45.68772544217689,73.56458627659576,33.85266358974361,Dublin_Airport_min
267028105,11880018263,37.85170898550726,40.556442318840595,74.99936231884057,60.471101366459635,26.066068985507243,63.27454898550726,26.066068985507243,Blanchardstown_min
268121002,822791548,52.074034285714326,54.69858095238099,86.9291372488038,44.868076491228074,66.29442315789477,83.55297649122808,44.868076491228074,Dublin_Airport_min
268116004,14054786492,23.76194999999999,22.699467793427225,32.545523921568616,45.96676371935314,48.197934460093876,50.67900189184092,22.699467793427225,IFSC___Docklands_min
268147003,255315675,36.425495897435894,38.87884256410256,41.723613992674,62.14613849002849,63.27730923076923,32.97038333333333,32.97038333333333,Tallaght_min
268072013/04,11159884600,44.93284761904761,46.06350337194337,76.09988450216451,60.625940952380994,67.71024719576718,86.33768793650799,44.93284761904761,Dublin_City_Centre_(CBD)_min
267113007,13689276848,48.63572333333333,51.08907,42.10499833333334,62.91534931372551,64.84979911371238,34.76161714285714,34.76161714285714,Tallaght_min
268101008,4729825826,24.161924705882363,24.280338039215696,47.06984899224808,47.54763396514161,49.79181586206894,43.7060894623656,24.161924705882363,Dublin_City_Centre_(CBD)_min
268122004,2752694897,41.79865333333333,44.4232,77.68278666666667,52.81805742424244,68.51077534246578,86.99829666666672,41.79865333333333,Dublin_City_Centre_(CBD)_min
267052008,13186193219,28.8507631372549,27.301376470588238,63.896278269530036,50.56867239651417,29.712481598793364,35.71373490196079,27.301376470588238,IFSC___Docklands_min
268116012,4890712483,,,,,,,,
267066002,5558247290,32.132106666666665,32.16647099099098,63.126679999999986,26.202201904761907,40.07856102564103,68.18301999999998,26.202201904761907,Dublin_Airport_min
268081006,6223634367,8.33598028985507,14.849980289855072,45.35771575757575,38.117276215781,30.669974285714293,56.040062424242414,8.33598028985507,Dublin_City_Centre_(CBD)_min
267115007,7773412271,48.82447111111112,51.27781777777779,38.698768888888885,69.40758882985455,71.34203862984144,42.13641777777778,38.698768888888885,Sandyford_Business_District_min
268069009,1230024645,29.495395555555557,33.6001288888889,66.00129797979797,37.384968888888885,27.40975555555556,71.61327555555555,27.40975555555556,Blanchardstown_min
267135006/267135010,13713290849,33.73185111111112,29.404184444444454,69.80543777777778,25.76526444444445,55.79714444444445,60.122364444444436,25.76526444444445,Dublin_Airport_min
267007003,248082501,44.09318648936168,45.83418166666665,27.385434999999994,62.069870980392146,64.00432078037902,36.63470666666665,27.385434999999994,Sandyford_Business_District_min
268130010,43551251,26.981307826086958,33.59287260596117,28.19614476190476,56.86016853188708,55.55862896083872,45.416826666666665,26.981307826086958,Dublin_City_Centre_(CBD)_min
268020002,6068997575,33.151837575757575,37.25657090909091,69.65773999999998,33.33581333333334,38.04119757575758,74.47647157962605,33.151837575757575,Dublin_City_Centre_(CBD)_min
268053008,2008926198,26.521944761904763,26.640358095238096,51.82763788113695,49.90765402116402,51.55629287049399,36.91352324324323,26.521944761904763,Dublin_City_Centre_(CBD)_min
268006027,14070124565,29.082735714285715,33.14883777777778,66.23038904761906,55.82185592592591,28.081414814814817,69.57942814814814,28.081414814814817,Blanchardstown_min
267066011,3137577712,26.713119999999996,26.74748432432432,57.70769333333335,25.64642857142857,41.85884102564103,62.764033333333344,25.64642857142857,Dublin_Airport_min
267112011,2677143215,54.845813333333325,53.29642666666666,86.82267999999999,76.56372259259261,74.72822666666666,47.01567999999999,47.01567999999999,Tallaght_min
268006038/04,11836770592,31.762052690763053,32.327131111111115,66.27791511500546,55.000149259259246,33.34197481481481,74.83998814814817,31.762052690763053,Dublin_City_Centre_(CBD)_min
268108023,330940569,20.93675575757576,11.503022424242427,53.345942424242416,29.633512794612802,46.06334814814815,58.402282424242415,11.503022424242427,IFSC___Docklands_min
268031001,12428301,19.321788571428566,23.426521904761902,56.46944190476191,46.69381783068784,29.42607552795031,61.01418350821411,19.321788571428566,Dublin_City_Centre_(CBD)_min
268075002,2423069858,24.581512629399587,25.71216838229533,55.74854951251646,46.985459276826255,47.35891220611916,65.9863529468599,24.581512629399587,Dublin_City_Centre_(CBD)_min
267049012,8898814523,40.794997142857156,39.245610476190485,69.32819166666668,62.51290640211641,41.65671560439561,34.427125000000004,34.427125000000004,Tallaght_min
267028067,12930518031,35.610709425287354,38.315442758620684,72.7583627586207,58.23010180623973,23.82506942528735,61.03354942528735,23.82506942528735,Blanchardstown_min
268036004,9110156246,23.307995833333337,23.15255942028985,59.385290223209566,46.419403333333335,27.033029999999997,58.66164491048594,23.15255942028985,IFSC___Docklands_min
267035010,10759648399,56.60187030303028,59.05521696969695,49.54813696969695,77.25079461675577,64.92794391608393,24.901612121212114,24.901612121212114,Tallaght_min
267083012,776658299,51.29973777777778,50.86696971576228,36.56734666666667,59.14240875816995,61.07685855815682,33.70724444444445,33.70724444444445,Tallaght_min
268007010,1667301947,22.083972258064513,24.67203892473118,59.231625591397844,43.820169909909914,24.07128148148149,60.18112441492727,22.083972258064513,Dublin_City_Centre_(CBD)_min
268096003,10031983251,10.466240000000003,9.32159099099099,41.448153681495796,32.58888691691693,38.05851637509849,47.70793555555554,9.32159099099099,IFSC___Docklands_min
267071001,667334606,39.99675478260868,38.93441945781021,34.66802144927536,62.201715383736136,64.68190144927534,67.12654144927534,34.66802144927536,Sandyford_Business_District_min
267120011,5655615615,40.14812000000001,39.33480000000001,35.87168919540231,62.60209592592594,64.83326666666667,68.67133739837398,35.87168919540231,Sandyford_Business_District_min
268027007,568520115,22.0083296969697,26.11306303030303,58.264232121212096,37.7241311111111,39.01143944055943,68.94657878787878,22.0083296969697,Dublin_City_Centre_(CBD)_min
267018007,385021677,37.493715151515154,36.34906614250613,36.028648888888895,59.616362068432096,62.99580996632998,65.57050222222223,36.028648888888895,Sandyford_Business_District_min
267140008,9595688921,49.23179555555555,47.68240888888889,57.61231111111111,70.94970481481482,56.18518068376068,20.460124444444453,20.460124444444453,Tallaght_min
268080006,699457883,12.394531228070173,18.908531228070178,47.14303365231259,39.49311333333333,29.844686666666668,57.825380318979256,12.394531228070173,Dublin_City_Centre_(CBD)_min
267148010,10804755281,50.86880350877193,53.3221501754386,56.12791798031663,76.58944610136449,65.56974512820513,27.000573333333328,27.000573333333328,Tallaght_min
267140035,6656233399,52.87812698412695,51.32874031746028,70.54034666666668,69.7526883716965,59.83151211233208,33.388160000000006,33.388160000000006,Tallaght_min
267143015,10124418110,56.64939254769922,55.10000588103256,52.49542256410257,78.36730180695847,67.07777767590434,25.12617575757576,25.12617575757576,Tallaght_min
268144008,12213743600,31.462863809523814,32.41041518207284,45.33582056847545,55.67771110799875,57.96891967159276,34.96779948717949,31.462863809523814,Dublin_City_Centre_(CBD)_min
267028055,12953994832,33.039400459770114,36.585800459770105,70.18705379310349,55.658792840722484,21.253760459770113,58.4622404597701,21.253760459770113,Blanchardstown_min
267141008,9622568725,52.86452615384615,51.31513948717949,52.79139282051282,74.58243541310544,63.29291128205128,22.722539487179485,22.722539487179485,Tallaght_min
268115021,8722887509,25.19759897435897,24.052949965349963,46.6720628571429,47.32024589127593,50.699693789173814,60.87692054421769,24.052949965349963,IFSC___Docklands_min
267028004/02/01,5247466652,39.952455652173924,42.657188985507254,76.60796124113158,62.5718480331263,28.166815652173923,65.37529565217392,28.166815652173923,Blanchardstown_min
267049026,8934236913,45.62768303030303,44.078296363636376,77.09746969696971,67.3455922895623,46.4894014918415,40.31306969696971,40.31306969696971,Tallaght_min
267066001,6328467204,48.85154666666668,52.345590990991006,83.3058,45.62445333333335,54.75757333333335,88.36214,45.62445333333335,Dublin_Airport_min
268066006,2375495252,28.03084551724138,32.13557885057472,64.53674794148381,35.92041885057472,23.82536691358025,68.02888691358024,23.82536691358025,Blanchardstown_min
268052007,13105989721,31.624480000000002,31.444493333333337,55.0425746425495,54.711789259259255,50.649055092716225,38.72688888888889,31.444493333333337,IFSC___Docklands_min
268104012,10289971957,13.887893684210527,17.966306666666664,49.772027017543856,41.38999393446078,42.249938728070184,59.62104035087719,13.887893684210527,Dublin_City_Centre_(CBD)_min
267034001/03,4850246357,40.61318583333333,44.717919166666675,77.76083916666668,62.44675175925928,29.04162916666667,66.25010916666668,29.04162916666667,Blanchardstown_min
267115002,7715058097,53.139144516129036,55.3021572413793,36.85341057471263,64.51242882985453,66.44687862984141,39.07726451612903,36.85341057471263,Sandyford_Business_District_min
267105024,254605448,34.09731428571429,35.22797003861004,65.26435116883115,49.636746666666674,56.87471386243384,75.50215460317462,34.09731428571429,Dublin_City_Centre_(CBD)_min
268068001,2372746804,30.441808888888886,34.54654222222222,66.94771131313132,38.84674222222222,28.8715288888889,73.07504888888889,28.8715288888889,Blanchardstown_min
268031012,6106803165,17.43468,20.71615135135135,54.58233333333333,43.983447277277286,27.02283818181818,56.22523684154744,17.43468,Dublin_City_Centre_(CBD)_min
267146003,9461811769,59.41748345679014,57.868096790123474,56.33510256410254,81.13539271604938,67.66474918617615,23.03621333333333,23.03621333333333,Tallaght_min
268006018,9057998103,,,,,,,,
267160004,6099498391,32.782171666666656,39.32186499999998,67.29803409090908,29.940504444444453,51.697208484848474,68.62540444444443,29.940504444444453,Dublin_Airport_min
268046010,339328195,24.246459047619048,26.871005714285715,60.13059238095238,38.706685146198836,50.95858105675146,69.97960571428573,24.246459047619048,Dublin_City_Centre_(CBD)_min
267043002,230303163,40.19147666666666,42.64482333333333,38.81012615384615,65.91211925925926,67.04329,45.48190019607843,38.81012615384615,Sandyford_Business_District_min
267014003/01,11423370894,91.92348000000001,87.92081333333336,127.99706666666667,83.95689333333334,113.98877333333334,118.31399333333334,83.95689333333334,Dublin_Airport_min
267100023,4854786890,35.20998909090909,33.66060242424242,70.2555042231842,56.92789835016835,36.071707552447556,46.58695243243244,33.66060242424242,IFSC___Docklands_min
267028057,12925861870,33.71542712643678,37.261827126436756,70.86308045977016,56.334819507389135,21.929787126436782,59.13826712643675,21.929787126436782,Blanchardstown_min
268162009,2371613065,23.35572505747126,25.875738390804596,41.437107383052656,49.14303431673052,50.207538390804594,40.138471884057964,23.35572505747126,Dublin_City_Centre_(CBD)_min
267103022,9015365220,35.617506666666664,34.06812,70.66302179894186,57.33541592592595,36.47922512820512,57.20915125000002,34.06812,IFSC___Docklands_min
267118008,5515218137,55.628562390591874,52.39732820512821,86.79559927370873,56.81674153846154,78.40596196731141,91.17384153846152,52.39732820512821,IFSC___Docklands_min
268006009,2399921048,26.826145641025644,28.30587897435898,63.97379897435895,48.10738564102562,25.413320000000002,63.81496446455503,25.413320000000002,Blanchardstown_min
267099023,1560032947,43.50311999999999,34.60272,75.22897333333334,42.13880000000001,72.17067999999999,76.49589999999999,34.60272,IFSC___Docklands_min
267121004,5650653487,44.599834074074096,43.7865140740741,40.3234032694764,67.05381000000003,69.28498074074076,73.12305147244804,40.3234032694764,Sandyford_Business_District_min
268095009,3179678920,22.640346666666662,21.090959999999995,57.68586179894182,44.35825592592595,42.52276000000003,42.11671215686277,21.090959999999995,IFSC___Docklands_min
267088015,317554110,46.75687833333332,45.94355833333331,36.08950252873563,69.21085425925926,71.44202500000002,75.2800957317073,36.08950252873563,Sandyford_Business_District_min
267100021,10201863511,36.13076444444446,34.581377777777774,71.17627957671957,57.84867370370371,36.99248290598292,42.199484444444444,34.581377777777774,IFSC___Docklands_min
267042001,13395695306,,,,,,,,
268157012,28240749,21.91710436781609,28.42279460992908,56.43296679205849,31.45939892365458,40.8740879432624,55.465974609929056,21.91710436781609,Dublin_City_Centre_(CBD)_min
268146001,2377422605,36.22803862068965,37.99888884381338,41.52615671592775,61.26618476973931,63.079851954022985,31.979950804597703,31.979950804597703,Tallaght_min
268109005,111887327,15.372738390804598,7.94772,48.962133145539916,33.5642149002849,41.41992256410256,54.01847314553991,7.94772,IFSC___Docklands_min
268125006,4435870019,29.864499296066256,30.995155048962,61.031536179183135,52.26844594349292,52.64189887278583,71.26933961352657,29.864499296066256,Dublin_City_Centre_(CBD)_min
267040039,12833215502,41.60912512820513,43.83052512820513,78.75677846153845,65.13301904761904,30.72798666666667,67.93646666666666,30.72798666666667,Blanchardstown_min
267049009,8898814473,37.15375166666665,35.604364999999994,62.90687166666665,58.871660925925916,38.65456227106227,28.005805,28.005805,Tallaght_min
267100058,8758558415,32.25217787234042,30.702791205673755,67.29769300461555,53.97008713159968,33.113896333878884,44.84135897435896,30.702791205673755,IFSC___Docklands_min
267140016,4406981126,53.599721904761914,52.05033523809525,60.60992190476191,75.31763116402118,61.834874017094016,23.457735238095236,23.457735238095236,Tallaght_min
267140014,5305480288,57.38447555555555,55.83508888888888,65.66574617283949,79.10238481481481,64.33786068376067,28.513559506172843,28.513559506172843,Tallaght_min
268065013,5619650357,27.53634,31.641073333333335,64.04224242424242,28.909869696969693,32.4257,71.64755636363637,27.53634,Dublin_City_Centre_(CBD)_min
267101013,11572027354,39.187351111111084,37.63796444444442,74.23286624338621,60.90526037037031,40.04906957264954,58.514404444444374,37.63796444444442,IFSC___Docklands_min
268102001,2374666483,29.019090833333344,31.346326928104578,47.10047315891473,54.61362285403051,55.75320229885055,45.83253666666668,29.019090833333344,Dublin_City_Centre_(CBD)_min
268113013,8734630127,,,,,,,,
267142004,440103515,45.07057268292684,43.52118601626017,63.74509268292683,61.39341699665234,57.90405346330588,28.524270909090898,28.524270909090898,Tallaght_min
268126012,301843576,29.138232629399585,30.268888382295334,60.30526951251646,51.542179276826246,51.915632206119156,70.5430729468599,29.138232629399585,Dublin_City_Centre_(CBD)_min
268077004,1427047548,21.924164223602485,23.054819976498234,53.09120110671936,44.328110871029146,44.701563800322056,63.329004541062794,21.924164223602485,Dublin_City_Centre_(CBD)_min
268042006,1426961083,29.99394461538462,32.66361006993007,64.8560761568866,50.794100440300454,56.466438850489304,75.09387959123006,29.99394461538462,Dublin_City_Centre_(CBD)_min
268046013,3009394248,26.46342129870131,24.22992347826087,57.63045818181816,42.36041384863124,49.24082087542085,67.8682616161616,24.22992347826087,IFSC___Docklands_min
267100049,11606543800,34.782529361702125,33.23314269503546,69.82804449397727,56.5004386209614,35.64424782324059,40.85124936170214,33.23314269503546,IFSC___Docklands_min
267140005,9923051785,52.89763333333333,51.34824666666666,61.52736190476191,74.61554259259259,59.85101846153846,24.37517523809523,24.37517523809523,Tallaght_min
268006037,2958484455,22.44303897435897,23.922772307692306,59.590692307692315,43.72427897435899,20.628840000000004,59.4318577978884,20.628840000000004,Blanchardstown_min
267028031,12919488234,32.63237275362319,35.337106086956524,69.78002608695651,55.25176513457557,20.84673275362319,58.055212753623195,20.84673275362319,Blanchardstown_min
267085016,11349552890,57.889247777777776,60.342594444444444,48.02301999999999,75.72567764705882,71.83232831661093,31.80599652173913,31.80599652173913,Tallaght_min
267070001,4960362088,38.02518175438597,37.21186175438596,37.678565714285725,60.4791576803119,62.71032842105264,66.54839915275996,37.21186175438596,IFSC___Docklands_min
267072007,8758232628,47.21961212121211,46.07496311220311,61.06715282051282,69.34225903812904,72.72170693602695,84.79369090909087,46.07496311220311,IFSC___Docklands_min
268117005,461626114,22.677293333333335,20.176893333333336,39.57292,43.44418925925926,45.042026666666665,48.8702761904762,20.176893333333336,IFSC___Docklands_min
267104011,10689600079,48.86839282051281,39.96799282051281,81.27757948717951,44.38740615384615,74.41928615384617,78.74450615384617,39.96799282051281,IFSC___Docklands_min
268007007,3048154980,20.163313650793654,21.64304698412699,57.31096698412698,41.44455365079365,19.140386666666675,57.15213247432306,19.140386666666675,Blanchardstown_min
268063008,2686926438,25.109075,29.213808333333336,61.61497742424242,32.998648333333335,24.888214814814816,69.09173481481481,24.888214814814816,Blanchardstown_min
267104019,8014711457,56.593713846153854,47.693313846153856,89.00290051282049,52.11272717948719,82.14460717948715,86.46982717948714,47.693313846153856,IFSC___Docklands_min
267158012/04,9044412914,41.7617624242424,45.86649575757573,78.90941575757579,58.284669090909055,31.159455757575763,71.55126909090906,31.159455757575763,Blanchardstown_min
268085001/01,2894532452,23.640010256410264,22.090623589743597,58.41357399224806,45.35791951566951,43.522423589743575,44.792876363636346,22.090623589743597,IFSC___Docklands_min
267092015/02,6358057273,,,,,,,,
268132022,8191121855,27.26528888888889,28.21284026143791,45.346671214470284,51.48013618736384,53.77134475095785,38.277298333333334,27.26528888888889,Dublin_City_Centre_(CBD)_min
267100078,3001440318,37.668143750000006,36.11875708333334,72.71365888227514,59.38605300925926,38.52986221153846,48.226831111111125,36.11875708333334,IFSC___Docklands_min
267077008,31906775,31.007459259259253,29.862810250250245,39.85724504504505,53.13010617617618,56.50955407407407,68.58153804713805,29.862810250250245,IFSC___Docklands_min
268110008,909041926,24.094692753623185,21.7225291954023,45.48440363636363,39.853019565772684,50.94650608695653,60.27330608695653,21.7225291954023,IFSC___Docklands_min
267152006,8639033708,43.8151649122807,44.76271628482972,52.213283007518804,68.03001221075564,65.44424703296703,26.87507523809524,26.87507523809524,Tallaght_min
267154008,4860939819,38.985610370370345,41.43895703703702,44.283728465608455,64.70625296296295,65.83742370370368,28.957230000000003,28.957230000000003,Tallaght_min
268071021,301623864,44.11397678571428,45.244632538610034,75.28101366883112,62.77593764619881,66.89137636243383,85.5188171031746,44.11397678571428,Dublin_City_Centre_(CBD)_min
268065005,16711966,28.343146666666666,32.447880000000005,64.84904909090906,30.021668571428574,33.23250666666667,72.75935523809524,28.343146666666666,Dublin_City_Centre_(CBD)_min
268085011,12150536071,23.266943589743597,21.71755692307693,58.040507325581395,44.98485284900284,43.14935692307691,44.41980969696968,21.71755692307693,IFSC___Docklands_min
268135003,8614841483,29.557149508196712,32.010496174863384,42.530774616421844,55.27779210078932,56.40896284153006,35.13587320261438,29.557149508196712,Dublin_City_Centre_(CBD)_min
267061004,480079704,44.40011878787878,43.25546977886977,58.91378231729055,66.52276570479572,69.9022136026936,81.97419757575761,43.25546977886977,IFSC___Docklands_min
268087006,12110111639,31.46372416666667,34.08827083333333,67.34785749999999,39.754373333333334,58.17584617579908,77.19687083333334,31.46372416666667,Dublin_City_Centre_(CBD)_min
268027008,3055031217,22.775117575757577,26.879850909090912,57.62268666666666,31.048015495495495,39.01961904761905,67.62981177865612,22.775117575757577,Dublin_City_Centre_(CBD)_min
268049004,314504504,21.345962949852506,24.72183942028986,57.23009628318583,42.85232979066024,50.402936883124625,67.07910961651916,21.345962949852506,Dublin_City_Centre_(CBD)_min
268006019,2958484454,18.10438904761905,20.907104375000003,55.252042380952375,40.70861104166667,15.27992,56.41618986519608,15.27992,Blanchardstown_min
267105003,6017654331,43.29214095238094,44.42279670527669,74.45917783549787,57.3685,66.06954052910052,84.69698126984125,43.29214095238094,Dublin_City_Centre_(CBD)_min
267106004,12592995557,46.55936261904764,42.161036666666675,77.72639950216447,49.69711666666667,69.3367621957672,84.05421666666665,42.161036666666675,IFSC___Docklands_min
268010007,1540699139,15.786529999999996,22.049471341868184,51.33014031897927,44.46971333333334,37.28539206140352,62.01248698564594,15.786529999999996,Dublin_City_Centre_(CBD)_min
267003019,2384121888,52.876417777777775,43.442684444444446,82.7022711111111,57.02876444444444,80.45629481481481,90.34194444444444,43.442684444444446,IFSC___Docklands_min
267128006,8120614335,29.37474484848484,28.56142484848484,30.52364444444444,51.82872077441077,54.05989151515151,57.72002484848485,28.56142484848484,IFSC___Docklands_min
267063007,480187660,41.64676652482267,40.50211751581368,56.16043005423443,63.7694134417396,67.14886133963748,79.22084531270148,40.50211751581368,IFSC___Docklands_min
268010011,9830721990,11.844612690763055,18.384306024096382,46.36047511500547,37.899267719298244,33.42325872807018,56.947721579651926,11.844612690763055,Dublin_City_Centre_(CBD)_min
267049011,8899474516,42.24533047619049,40.69594380952382,70.09401833333337,63.96323973544974,43.10704893772894,35.19295166666666,35.19295166666666,Tallaght_min
268078004,7392111049,21.52816549019608,19.978778823529414,56.573680622471215,43.246074749455346,41.41057882352941,36.759586666666664,19.978778823529414,IFSC___Docklands_min
267115011,11078667654,51.96620206407434,53.70719724137931,35.258450574712654,64.84556216318788,66.78001196317476,39.41039784946237,35.258450574712654,Sandyford_Business_District_min
267125010,185350179,37.23074666666667,36.41742666666667,22.130672380952376,59.6847225925926,61.91589333333334,54.589192380952376,22.130672380952376,Sandyford_Business_District_min
267094007,7209731961,,,,,,,,
268057011,2955929605,22.259859710144934,20.710473043478263,57.30537484242006,43.97776896940419,42.142273043478255,39.460019403239556,20.710473043478263,IFSC___Docklands_min
268119015/268119016,298919526,38.46396836601306,41.08851503267973,74.34810169934637,49.76928761904764,65.17609037514548,74.49080666666664,38.46396836601306,Dublin_City_Centre_(CBD)_min
267148007,8522735384,50.00461684210526,50.85554787878789,55.263731313649956,74.12284380471381,63.4986651282051,24.17318666666667,24.17318666666667,Tallaght_min
267123011,253394981,58.74791979949876,59.878575552394516,89.91495668261562,75.40988000000006,81.5253193762183,100.15276011695907,58.74791979949876,Dublin_City_Centre_(CBD)_min
267100068,8743592981,37.16857333333335,35.619186666666685,72.21408846560846,58.88648259259259,38.03029179487181,55.099233333333345,35.619186666666685,IFSC___Docklands_min
267106013,253312220,44.89004261904761,41.54318333333332,76.05707950216448,49.07926333333332,67.66744219576718,83.43636333333332,41.54318333333332,IFSC___Docklands_min
268100001,10653135969,18.91746896551724,18.737482298850573,53.884262325581375,42.0047782247765,42.285948965517235,44.437531428571425,18.737482298850573,IFSC___Docklands_min
267142005,8551934809,47.88482601626016,46.33543934959349,66.55934601626015,64.20767032998566,60.718306796639204,31.338524242424242,31.338524242424242,Tallaght_min
268132027,4897922807,25.88837523809524,28.341721904761908,38.46162510822512,51.60901783068784,52.740188571428575,38.19212034632036,25.88837523809524,Dublin_City_Centre_(CBD)_min
268082008,621545498,14.432799999999999,16.40379291666667,51.111880595238084,39.671088842592596,36.38130219461697,51.69735479674795,14.432799999999999,Dublin_City_Centre_(CBD)_min
268129008,2479367126,33.08580141843971,38.03278607843136,32.25378476190476,61.300082004357314,61.663122553191485,48.41140000000003,32.25378476190476,Sandyford_Business_District_min
268047001,241003242,22.505068421052624,25.49648307692308,58.38920175438596,40.41529016949152,47.83557534246575,66.9762166190615,22.505068421052624,Dublin_City_Centre_(CBD)_min
267074004,8521962752,45.46021948717949,44.64689948717948,44.906486153846146,67.91419541310542,70.14536615384615,73.98343688555346,44.64689948717948,IFSC___Docklands_min
268129026,3974588366,28.396466078431384,27.583146078431376,38.26490166666667,50.8504420043573,53.081612745098035,53.297248333333336,27.583146078431376,IFSC___Docklands_min
267073006,7578681526,52.84617629629629,51.78384097149781,47.51744296296295,75.05113689742376,77.53132296296297,79.97596296296297,47.51744296296295,Sandyford_Business_District_min
267119008,11654506630,56.31491999999998,54.765533333333316,79.57512000000004,78.03282925925932,63.26830512820511,42.42293333333331,42.42293333333331,Tallaght_min
268112017,3227957845,22.27571246376812,21.131063454759115,38.26279764705882,44.39835938068506,47.77780727858294,59.84979125164691,21.131063454759115,IFSC___Docklands_min
268114017,8764130497,18.13817913043478,16.99353012142577,38.36532363636363,40.26082604735172,43.640273945249604,54.967073623188405,16.99353012142577,IFSC___Docklands_min
267053013,3197072585,38.546200000000006,36.996813333333336,66.33265333333333,60.264109259259264,39.54137084249085,27.04825333333334,27.04825333333334,Tallaght_min
267065016,12712884858,43.477961904761905,44.60861765765766,74.64499878787875,56.102433333333344,66.25536148148147,84.8828022222222,43.477961904761905,Dublin_City_Centre_(CBD)_min
267028092,13074070146,36.20735333333334,38.64390039215687,73.35500666666663,58.82674571428573,24.421713333333333,61.630193333333345,24.421713333333333,Blanchardstown_min
268151008,13858027923,26.15469287049398,25.97470620382732,50.97444315891473,49.24200212975327,44.856506203827344,41.33944324324325,25.97470620382732,IFSC___Docklands_min
267013011/01,286033599,44.50640571428573,46.95975238095239,32.002672380952376,59.227858233139415,61.1623080331263,33.79269391941392,32.002672380952376,Sandyford_Business_District_min
267116014,2068145900,51.9528311111111,54.40617777777777,40.623782222222225,65.97823542483663,67.91268522482349,40.543071111111125,40.543071111111125,Tallaght_min
268157011,5337558030,23.70994105263158,27.814674385964917,58.55751014354067,27.71626,37.56171777777777,67.3038096099291,23.70994105263158,Dublin_City_Centre_(CBD)_min
267022007,2407229567,33.13825714285715,32.324937142857145,32.96576765957447,55.59223306878309,57.823403809523825,61.66147454123114,32.324937142857145,IFSC___Docklands_min
267107008,9290690586,,,,,,,,
267028032,13074072287,36.89624666666667,39.332793725490205,74.04389999999995,59.51563904761906,25.110606666666673,62.31908666666668,25.110606666666673,Blanchardstown_min
267103003/01,3281659226,46.136908235294115,44.58752156862746,81.18242336756926,67.85481749455337,46.99862669683258,60.172294901960775,44.58752156862746,IFSC___Docklands_min
268124001/02,8914804858,36.43299262939958,35.42476,67.60002951251649,53.55525037037037,59.21039220611918,77.83783294685992,35.42476,IFSC___Docklands_min
267133010,26472621,44.47332666666667,39.33732666666667,79.96357999999996,36.50674000000001,66.53862000000001,70.86383999999998,36.50674000000001,Dublin_Airport_min
267118007,12542966974,62.34503213418163,59.11379794871796,93.5120690172985,63.5332112820513,85.12243171090118,97.89031128205129,59.11379794871796,IFSC___Docklands_min
267088019,481194665,38.73541166666665,37.92209166666666,32.617001685823745,61.18938759259257,63.42055833333331,67.25862906504062,32.617001685823745,Sandyford_Business_District_min
268073011,3650706749,31.754197460317457,32.884853213213205,62.92123434343435,50.56421333333333,54.531597037037045,73.15903777777775,31.754197460317457,Dublin_City_Centre_(CBD)_min
268150006,13103567280,18.132099887005655,17.95211322033899,54.49503322033897,41.219409146264894,41.30283763239874,45.051592280701726,17.95211322033899,IFSC___Docklands_min
267053030,8923649279,37.36210969696968,35.81272303030302,68.83189636363636,59.08001895622895,38.223828158508134,32.04749636363637,32.04749636363637,Tallaght_min
267028058,12927883047,35.252053793103435,38.798453793103434,72.39970712643678,57.871446174055805,23.466413793103452,60.67489379310343,23.466413793103452,Blanchardstown_min
267028004/03,874398879,40.70965555555554,43.41438888888888,76.41176229449262,63.32904793650792,28.92401555555556,66.13249555555554,28.92401555555556,Blanchardstown_min
267158012/06,10282177418,49.34435999999998,53.449093333333316,85.85026242424244,57.23393333333332,42.00494871794869,83.76342871794873,42.00494871794869,Blanchardstown_min
268017012,9408834646,34.022978775510204,38.127712108843546,68.87054786641929,32.04690175438597,43.11233877551022,72.83631338543931,32.04690175438597,Dublin_Airport_min
268027005,305413792,26.825370000000003,30.93010333333334,63.081272424242414,39.06866444444446,35.12182444444446,72.33030444444444,26.825370000000003,Dublin_City_Centre_(CBD)_min
268124008,4431091441,28.24776596273292,29.37842171562867,59.4148028458498,50.65171261015959,51.0251655394525,69.65260628019327,28.24776596273292,Dublin_City_Centre_(CBD)_min
267003028,10920043576,56.41111298245614,46.977379649122796,86.23696631578946,60.563459649122805,82.19281481481481,93.8766396491228,46.977379649122796,IFSC___Docklands_min
267010008,247390910,52.191098156028374,54.81914666666668,37.257995151515146,68.01057098039217,69.94502078037905,42.57540666666666,37.257995151515146,Sandyford_Business_District_min
268112001,8718459521,23.102158518518518,21.95750950950951,40.81771884057971,45.22480543543544,48.604253333333325,60.676237306397304,21.95750950950951,IFSC___Docklands_min
267108002,1257101966,27.945356944444438,26.395970277777774,62.99087207671958,49.663266203703714,45.05305821386044,48.4714419047619,26.395970277777774,IFSC___Docklands_min
268096009,3977179422,,,,,,,,
267138002/01,13347714300,52.710244057971025,51.16085739130436,71.3847640579709,69.0330883716965,59.39655846153846,32.84221684210528,32.84221684210528,Tallaght_min
267039010,5787046736,,,,,,,,
267101007,8828538579,33.38224444444443,31.832857777777768,68.4277595767196,55.100153703703725,34.2439629059829,52.70929777777779,31.832857777777768,IFSC___Docklands_min
268150001,3133124795,22.86719024390243,22.985603577235768,51.49590454780362,46.25289950316169,48.69555953716065,38.342567777777774,22.86719024390243,Dublin_City_Centre_(CBD)_min
268135008,8300914813,30.428202841530048,32.88154950819672,42.80177365079364,56.14884543412265,57.280016174863384,35.47551294117647,30.428202841530048,Dublin_City_Centre_(CBD)_min
267157007,8633054630,47.96129523809524,47.46047272727273,56.35941333333334,70.72776865319865,67.50491118881118,36.24294793650793,36.24294793650793,Tallaght_min
267132002,300738968,58.02225614035087,53.96958947368419,94.09584280701753,50.05566947368418,66.62602666666668,84.41276947368424,50.05566947368418,Dublin_Airport_min
267137002,4874041303,44.1102,42.56081333333334,62.78472,60.43304431372551,54.02503846153844,24.246962051282058,24.246962051282058,Tallaght_min
267099033,6018353588,41.506546666666665,32.60614666666667,73.23240000000001,40.14222666666668,70.17410666666667,74.49932666666668,32.60614666666667,IFSC___Docklands_min
267053011,8988554489,46.447653333333356,44.898266666666686,77.06468888888888,68.16556259259261,50.49535750915753,37.49609333333333,37.49609333333333,Tallaght_min
268078012,7392125695,21.789925490196076,20.24053882352941,56.83544062247121,43.50783474945534,41.672338823529415,37.514680000000006,20.24053882352941,IFSC___Docklands_min
267024001,658116675,40.15492380952381,39.09258848472532,34.826190476190476,62.35988441065126,64.84007047619048,67.28471047619047,34.826190476190476,Sandyford_Business_District_min
267028091,353115356,38.11891215022251,39.68399057057057,72.63477457446493,61.8844061261261,30.280346086956524,67.48882608695651,30.280346086956524,Blanchardstown_min
268011005,4264983838,27.721892075471708,31.826625408805043,62.5694611663808,32.56920688172044,40.702757575757595,71.51421460992907,27.721892075471708,Dublin_City_Centre_(CBD)_min
268119013/268119014,297567440,36.27712836601305,38.90167503267972,72.16126169934638,48.29739098039215,62.98925037514547,72.30396666666665,36.27712836601305,Dublin_City_Centre_(CBD)_min
267099006,2365684195,31.190913333333338,22.29051333333334,62.916766666666675,38.904804848484865,59.91955446808511,68.65643999999999,22.29051333333334,IFSC___Docklands_min
268158012,2374889708,24.08019770114943,30.619891034482766,58.59606012539184,32.6575095652174,42.09333846153846,58.33530794326241,24.08019770114943,Dublin_City_Centre_(CBD)_min
268135004,12051608188,25.952153005464485,28.405499672131153,38.925778113689596,51.67279559805707,52.803966338797814,33.213219607843136,25.952153005464485,Dublin_City_Centre_(CBD)_min
268148003,3124514444,,,,,,,,
267150018,4852675610,42.80835555555556,43.75590692810457,51.47456846560846,67.02320285403052,67.83926047704232,36.43675534883722,36.43675534883722,Tallaght_min
268115014,1115719694,21.247305641025637,20.10265663201663,44.744306666666674,43.36995255794258,46.749400455840465,56.92662721088435,20.10265663201663,IFSC___Docklands_min
267138006,6670240809,49.448453333333326,47.89906666666666,63.456487397660815,67.87602170502986,55.685171794871785,23.345430175438604,23.345430175438604,Tallaght_min
267051003/03,436633024,31.524192380952385,29.97480571428572,66.56970751322751,53.24210164021165,32.385910842490844,33.45957904761905,29.97480571428572,IFSC___Docklands_min
268129007,12177917466,29.961934751773047,36.57349953164725,29.1299180952381,59.840795457573186,58.53925588652482,50.84773333333332,29.1299180952381,Sandyford_Business_District_min
268051008,364875174,28.648772870493985,28.46878620382732,63.84750518272425,51.73608212975325,47.35058620382732,39.036337777777774,28.46878620382732,IFSC___Docklands_min
267158005,247483898,35.308010833333334,39.41274416666666,72.45566416666666,53.130917499999995,24.705704166666674,67.70990909090911,24.705704166666674,Blanchardstown_min
267140041,9498877066,54.43231607843136,52.88292941176471,68.98134845029243,76.15022533769069,61.38570120663649,28.87029122807018,28.87029122807018,Tallaght_min
268079005,11179593640,26.10649416666668,24.55710750000001,61.1520092989418,47.82440342592592,45.988907499999996,36.184405490196085,24.55710750000001,IFSC___Docklands_min
267101017,2572909601,31.47879555555555,29.929408888888887,66.5243106878307,53.196704814814844,32.34051401709401,50.80584888888891,29.929408888888887,IFSC___Docklands_min
268157006,6378950158,23.181611034482746,29.687301276595736,57.69747345872518,32.72390559032123,41.9236317948718,56.73048127659574,23.181611034482746,Dublin_City_Centre_(CBD)_min
267095010,49572923,53.85688634920634,53.3590711111111,85.02392323232327,71.48956148148149,76.63428592592595,95.26172666666669,53.3590711111111,IFSC___Docklands_min
267080010,38980512,39.1323114893617,45.74387626923591,26.46882529914531,64.35490526610644,66.28935506609331,38.91974095238094,26.46882529914531,Sandyford_Business_District_min
267118001,9728003234,59.23989880084826,56.008664615384596,90.40693568396519,60.428077948717934,82.01729837756787,94.78517794871797,56.008664615384596,IFSC___Docklands_min
267100053,3001074682,34.20493041666666,32.65554375,69.25044554894178,55.92283967592592,35.06664887820512,44.666617777777766,32.65554375,IFSC___Docklands_min
268099015,10693005357,14.118562528735628,13.938575862068962,47.524927751938016,37.20587178799489,37.48704252873563,47.10741333333333,13.938575862068962,IFSC___Docklands_min
267099011/02,12599775451,37.07852666666667,28.178126666666664,68.80438000000001,42.98817818181819,65.80716780141844,74.5440533333333,28.178126666666664,IFSC___Docklands_min
267106005,5250067807,44.6539142857143,45.78457003861005,75.82095116883121,56.31294666666668,67.4313138624339,86.05875460317462,44.6539142857143,Dublin_City_Centre_(CBD)_min
267065013,9791099514,37.588548571428575,38.71920432432433,68.75558545454545,52.91823333333332,60.36594814814815,78.99338888888889,37.588548571428575,Dublin_City_Centre_(CBD)_min
268078003,4658435479,24.540756078431368,22.9913694117647,59.58627121070651,46.25866533769064,44.423169411764704,37.32193333333334,22.9913694117647,IFSC___Docklands_min
268129014,8384777227,31.70085666666666,30.04693446009389,37.58397904761905,53.31423038601984,55.545401126760574,53.729069629629635,30.04693446009389,IFSC___Docklands_min
268054005,2992744414,33.28910051282051,31.77234962962963,53.581638095238105,55.039645555555566,51.81678809116809,30.297616296296294,30.297616296296294,Tallaght_min
267151010,8633054768,43.24069555555556,44.18824692810458,51.63881365079366,67.45554285403051,66.13014735042735,30.961111397849454,30.961111397849454,Tallaght_min
268010001,6935165762,9.707957894736841,16.221957894736843,44.45646031897926,36.798233333333336,30.411712061403513,55.138806985645935,9.707957894736841,Dublin_City_Centre_(CBD)_min
267118011,4365164490,68.11315213418162,64.88191794871794,99.28018901729853,69.3013312820513,90.89055171090122,103.65843128205132,64.88191794871794,IFSC___Docklands_min
267002034/267002002,5987046307,66.83978222222223,57.4060488888889,96.66563555555554,70.99212888888887,93.99175957671956,104.30530888888887,57.4060488888889,IFSC___Docklands_min
268056010,1410014086,33.903,32.353613333333335,55.92859809523811,55.62090925925927,52.3980517948718,30.87888,30.87888,Tallaght_min
267117001,2474110507,41.11899878787879,43.572345454545456,39.44445913043478,63.136055980392165,65.07050578037904,34.97017913043478,34.97017913043478,Tallaght_min
267040050,26453081,33.64679719298245,35.86819719298244,70.79445052631579,59.13549311890838,22.92238181818181,70.47039515151513,22.92238181818181,Blanchardstown_min
267108012,147049696,31.189010277777772,29.63962361111111,66.23452541005295,52.906919537037076,48.2967115471938,48.476177634408586,29.63962361111111,IFSC___Docklands_min
268009007,8962998751,12.301362949852507,16.53616727417683,48.18549628318583,39.80346320010276,41.35833688312462,58.034509616519166,12.301362949852507,Dublin_City_Centre_(CBD)_min
267084030,10731099954,56.930783703703696,59.38413037037037,47.259246666666655,74.9619043137255,67.28074793522265,27.254416140350884,27.254416140350884,Tallaght_min
267147030/02/267137004,440121566,41.484973333333336,39.93558666666667,60.15949333333334,57.80781764705884,52.59069179487179,21.621735384615384,21.621735384615384,Tallaght_min
267108014,848699019,24.642903611111105,23.093516944444442,59.688418743386265,46.360812870370395,41.75060488052712,47.174008771929834,23.093516944444442,IFSC___Docklands_min
267021011,11074268594,39.60207368421056,38.45742467520154,41.13710380952382,61.72472060112744,65.03712444444444,68.69725777777778,38.45742467520154,IFSC___Docklands_min
268001005,13904175207,12.643372075471698,18.662985408805024,49.90590540880503,39.47408888888889,30.80834917874396,58.11735353888633,12.643372075471698,Dublin_City_Centre_(CBD)_min
268139011,13398439558,7.826386666666665,15.8107323943662,46.70274285714285,39.07802832029212,28.88817777777778,57.16842285714286,7.826386666666665,Dublin_City_Centre_(CBD)_min
268142006,12832459903,16.82541523809524,19.71804622908622,35.3198223255814,42.98534215501214,43.67722857142856,42.5717111610487,16.82541523809524,Dublin_City_Centre_(CBD)_min
268056007,1410013956,31.79659272727273,30.247206060606064,53.0116865800866,53.51450198653199,50.29164452214452,28.772472727272728,28.772472727272728,Tallaght_min
267008006,248516915,47.06859997421017,50.802815238095256,31.90080848484849,63.16825098039219,65.10270078037907,37.73308666666666,31.90080848484849,Sandyford_Business_District_min
268128009,1260858711,23.26084903954802,21.447529039548023,35.32641971014492,44.71482496547393,46.945995706214674,46.32290850574712,21.447529039548023,IFSC___Docklands_min
268004014/268004015,972197996,22.192551351351348,22.012564684684676,58.2452954876044,45.279860610610626,32.94056666666667,56.20101333333336,22.012564684684676,IFSC___Docklands_min
268153006,2761359916,20.65003927927928,20.470052612612616,57.01297261261261,43.737348538538534,42.32082861788618,43.379761951219514,20.470052612612616,IFSC___Docklands_min
268094004,4904502719,39.68254666666667,40.63009803921568,50.128966580086576,63.89739396514161,65.66746953716066,36.809461818181816,36.809461818181816,Tallaght_min
268098010,4397272904,13.360042528735631,13.180055862068965,49.65540059523811,36.4473517879949,33.97219278688524,49.16299777777778,13.180055862068965,IFSC___Docklands_min
267138001/02,6750946890,47.917980317460305,46.368593650793635,63.38859862068965,65.52718170502985,54.87136544566543,26.236411954022987,26.236411954022987,Tallaght_min
267124005,5048491381,37.15123818181817,36.33791818181818,34.83547238095239,59.60521410774411,61.83638484848485,54.75239111111111,34.83547238095239,Sandyford_Business_District_min
268140008,13726263206,16.974282352941174,16.79429568627451,42.41199441860467,40.06159161220044,42.33743835205992,45.64045333333335,16.79429568627451,IFSC___Docklands_min
267100091,4836028867,32.19835793814432,30.648971271477656,67.24387307041948,53.916267197403606,33.060076399682785,47.691681403508795,30.648971271477656,IFSC___Docklands_min
268132007,585345784,30.122613333333334,31.070164705882355,47.40315844155844,54.33746063180829,56.628669195402296,39.443720000000006,30.122613333333334,Dublin_City_Centre_(CBD)_min
268131003,11817429121,22.9423511111111,29.553915890985312,27.467965714285707,52.82121181691127,51.51967224586291,46.691901890547264,22.9423511111111,Dublin_City_Centre_(CBD)_min
268154004,4381839613,32.15561222222222,30.606225555555557,58.10177894993895,53.873521481481475,50.650664017094,30.440850526315785,30.440850526315785,Tallaght_min
268071026/268071027/268071002/02/02,4072345666,40.24176345238096,41.372419205276714,71.4088003354978,58.90372431286549,63.01916302910051,81.64660376984128,40.24176345238096,Dublin_City_Centre_(CBD)_min
268066007,798843307,32.58857333333334,36.69330666666668,69.09447575757575,40.47814666666669,26.994326913580256,71.19784691358026,26.994326913580256,Blanchardstown_min
267030003,12755468407,29.637311111111096,33.74204444444443,66.78496444444443,49.912045,19.035004444444446,59.42365333333333,19.035004444444446,Blanchardstown_min
267050034,4870985831,35.092029629629636,33.542642962962965,60.845149629629645,56.809938888888915,45.193916980057004,33.01080804232804,33.01080804232804,Tallaght_min
268066002,3796280071,30.725313333333343,34.830046666666675,67.23121575757577,39.09440444444445,29.119191111111114,73.3227111111111,29.119191111111114,Blanchardstown_min
267132038/02,5825365405,37.19139228070176,33.138725614035096,73.26497894736845,29.224805614035095,59.25668561403509,63.58190561403509,29.224805614035095,Dublin_Airport_min
267100007,597694518,37.91668444444445,36.36729777777779,72.96219957671954,59.634593703703715,38.77840290598292,43.985404444444455,36.36729777777779,IFSC___Docklands_min
268160002/02,2519340959,21.425642758620693,27.965336091954025,55.9415051828631,33.121588017429204,42.53627703703703,57.128163703703684,21.425642758620693,Dublin_City_Centre_(CBD)_min
268022011,242733700,39.11970222222222,45.50106222222222,73.63556464646466,45.64267555555555,57.01902222222221,76.15966349881798,39.11970222222222,Dublin_City_Centre_(CBD)_min
267002039,10674387264,56.60920666666666,47.175473333333336,86.43506000000004,60.76155333333333,84.18908370370374,94.07473333333337,47.175473333333336,IFSC___Docklands_min
267007009,12327594091,57.820406727456934,59.561401904761915,41.11265523809523,69.53891764705881,71.47336744704566,44.10375333333332,41.11265523809523,Sandyford_Business_District_min
268036008,7995865944,20.441969166666663,21.59021641025641,57.58962250000001,44.85751233618235,26.05920137931035,57.0993019004525,20.441969166666663,Dublin_City_Centre_(CBD)_min
267097006,13945022967,39.826868045977015,39.013548045977025,35.55043724137931,62.28084397190295,64.51201471264368,68.350085444351,35.55043724137931,Sandyford_Business_District_min
267105014/02,1708092935,52.93759873015873,54.06825448305448,84.1046356132756,63.81933777777777,75.71499830687827,94.34243904761905,52.93759873015873,Dublin_City_Centre_(CBD)_min
267158004,6356399790,34.62486500000001,38.72959833333334,71.77251833333334,52.447771666666675,24.02255833333334,67.39186545454547,24.02255833333334,Blanchardstown_min
268082011,635148537,11.549013333333335,15.036646250000002,48.89255746958636,38.303942175925926,38.84275111111113,52.24092126984126,11.549013333333335,Dublin_City_Centre_(CBD)_min
267019008,1420096743,28.196346666666667,27.38302666666667,26.173164444444446,50.650322592592595,52.88149333333333,55.44162666666667,26.173164444444446,Sandyford_Business_District_min
267051006,8674508165,32.289571428571435,30.740184761904764,67.33508656084656,54.00748068783069,33.151289890109894,34.2249580952381,30.740184761904764,IFSC___Docklands_min
267125002,1519196010,42.56867536231885,43.87526,26.057907008547,67.14255592592592,69.37372666666666,59.9622866666667,26.057907008547,Sandyford_Business_District_min
268158011,6378950085,25.1591443678161,31.698837701149436,59.675006792058504,31.973025507246383,43.172285128205125,59.41425460992908,25.1591443678161,Dublin_City_Centre_(CBD)_min
267145001,982965386,58.03823892339545,56.48885225672879,51.91650666666666,79.61916431372553,61.80239846153845,21.776066666666665,21.776066666666665,Tallaght_min
268015009,3135862448,25.86013333333332,25.894497657657645,56.85470666666667,22.968959999999996,42.63804102564101,61.91104666666667,22.968959999999996,Dublin_Airport_min
268030008,1427522277,13.068445079365082,17.173178412698412,50.21609841269842,37.395500606060615,28.01830028985507,60.077546542779714,13.068445079365082,Dublin_City_Centre_(CBD)_min
267028049,25961828,36.288344999999985,37.776411666666675,73.43599833333334,61.04370759259259,27.480760459770114,64.68924045977009,27.480760459770114,Blanchardstown_min
267151004,4069914260,46.47602857142858,47.42357994397759,54.87414666666667,70.69087586990354,67.81731973137971,29.248147936507937,29.248147936507937,Tallaght_min
268110010,690284032,20.756346086956516,18.805115862068966,42.14605696969696,36.93560623243934,47.60815942028986,56.93495942028986,18.805115862068966,IFSC___Docklands_min
267028025,12917887456,35.61089743589743,39.29798898550726,72.75855076923075,58.23028981684982,23.825257435897434,61.03373743589744,23.825257435897434,Blanchardstown_min
267004021,1487177415,35.399641904761914,36.53029765765767,66.56667878787879,59.797593583583584,58.177041481481474,76.80448222222222,35.399641904761914,Dublin_City_Centre_(CBD)_min
267100019,10199731534,38.07581777777777,36.526431111111116,73.1213329100529,59.79372703703704,38.937536239316245,44.14453777777778,36.526431111111116,IFSC___Docklands_min
267043006,11034513463,42.659130000000005,45.11247666666667,37.33429948717949,68.3797725925926,69.51094333333332,42.08315282051282,37.33429948717949,Sandyford_Business_District_min
268042019,2771943366,31.077271111111124,33.28293142857144,65.93940265261308,51.41342179894181,57.54976534621578,76.17720608695656,31.077271111111124,Dublin_City_Centre_(CBD)_min
268115006,14031978595,,,,,,,,
268162007,4469411018,20.885415238095238,21.31792470588235,41.27100899224807,44.585220631808276,46.964375862068955,41.47219612903226,20.885415238095238,Dublin_City_Centre_(CBD)_min
267123003,479986280,65.26610646616544,61.630293333333334,96.4331433492823,75.21637333333334,88.04350604288499,106.67094678362575,61.630293333333334,IFSC___Docklands_min
267112008/02,9330391818,57.65599999999996,56.1066133333333,89.63286666666669,79.37390925925932,77.53747179487182,49.825866666666634,49.825866666666634,Tallaght_min
268068008,8042970976,30.12922000000001,34.23395333333334,66.63512242424244,41.90986833333334,32.757715555555556,75.26866588235292,30.12922000000001,Dublin_City_Centre_(CBD)_min
268075010,301802141,39.20525929606626,40.335915048962,70.37229617918314,47.43874787878788,61.98265887278583,80.61009961352656,39.20525929606626,Dublin_City_Centre_(CBD)_min
267134023,3797229610,43.628258823529414,34.72785882352941,75.35411215686275,42.263938823529415,68.54469817615933,76.62103882352942,34.72785882352941,IFSC___Docklands_min
267111006,3087418073,32.42123047619047,33.55188622908623,63.588267359307345,56.81918215501216,55.19863005291004,73.82607079365079,32.42123047619047,Dublin_City_Centre_(CBD)_min
267090003,13149735489,32.69647076923077,31.88315076923077,33.45463757575758,55.150446695156695,57.38161743589743,61.21968816760475,31.88315076923077,IFSC___Docklands_min
268126005,243485103,38.499819296066235,39.63047504896198,69.66685617918317,57.84065703703705,61.277218872785845,79.90465961352659,38.499819296066235,Dublin_City_Centre_(CBD)_min
267053006,4868783546,43.88756303030301,42.33817636363635,75.35734969696972,65.60547228956229,44.749281491841465,38.57294969696969,38.57294969696969,Tallaght_min
268020009,52202414,33.345055833333326,36.51896622908624,67.47917523809524,29.797828571428578,38.23441583333336,72.53551523809524,29.797828571428578,Dublin_Airport_min
268032012,15413088,20.846359999999997,21.044951351351347,57.27768215427107,44.312247277277294,30.434518181818177,56.55403684154745,20.846359999999997,Dublin_City_Centre_(CBD)_min
267023003,3472735157,41.54369195402298,40.48135662922449,34.46777333333333,63.748652555150436,66.22883862068966,64.00962666666665,34.46777333333333,Sandyford_Business_District_min
268042007,1426961229,28.741509999999998,31.41117545454545,63.60364154150199,49.54166582491584,55.21400423510468,73.84144497584543,28.741509999999998,Dublin_City_Centre_(CBD)_min
268096006,3972513382,15.1734674509804,13.496170114942537,37.5155262745098,36.76346604086845,38.99463678160919,48.19787294117647,13.496170114942537,IFSC___Docklands_min
268160006,2375593259,25.480103333333336,31.86146333333334,59.99596575757575,36.17963666666667,43.379423333333335,62.52006460992907,25.480103333333336,Dublin_City_Centre_(CBD)_min
268081017,6217214332,12.888564102564105,18.908177435897436,50.15109743589744,42.17547336182337,32.989496410256415,60.61677743589745,12.888564102564105,Dublin_City_Centre_(CBD)_min
267140018,9501236061,55.615980512820514,54.06659384615385,62.62618051282051,77.33388977207977,62.83622068376068,25.47399384615385,25.47399384615385,Tallaght_min
268159007/01,12754229761,24.80173166666667,31.341425000000005,59.31759409090909,23.895053333333337,47.565332619047616,62.579953333333336,23.895053333333337,Dublin_Airport_min
267035011/01,10778237444,62.381416969696986,64.83476363636366,52.058615384615365,79.76127303167426,70.45747724941727,30.431145454545426,30.431145454545426,Tallaght_min
268083004,196269175,24.608560000000008,23.05917333333334,59.65407513227511,46.32646925925925,44.490973333333315,53.219904364654965,23.05917333333334,IFSC___Docklands_min
267147026,11302932514,53.86828761904762,52.31890095238096,66.84515428571429,70.92400431372555,64.29667274725276,26.005109743589756,26.005109743589756,Tallaght_min
267104027,5825389327,55.20547384615387,46.305073846153874,87.61466051282044,50.72448717948721,80.75636717948711,85.0815871794871,46.305073846153874,IFSC___Docklands_min
268022003,5421563183,31.18131111111111,33.80585777777778,66.45424909090907,38.46135999999999,49.83770666666666,68.9783479432624,31.18131111111111,Dublin_City_Centre_(CBD)_min
267143011,10124592035,58.62119254769922,57.07180588103256,54.28126909090909,80.33910180695847,65.77691924585218,25.750587450980394,25.750587450980394,Tallaght_min
267142002,8555229546,44.42667934959351,42.87729268292684,63.1011993495935,60.74952366331901,57.26016012997255,27.880377575757574,27.880377575757574,Tallaght_min
268157010,3895050805,20.995078742138368,25.0998120754717,55.84264783304745,27.381300215053777,37.99818848572811,65.84977294503692,20.995078742138368,Dublin_City_Centre_(CBD)_min
267028046,25961862,32.956691666666664,34.44475833333333,70.10434500000001,57.712054259259254,26.57326894366197,63.78174894366196,26.57326894366197,Blanchardstown_min
267122017,10299475695,51.946008484848484,51.13268848484849,47.66957768025078,74.39998441077442,76.63115515151516,80.46922588322249,47.66957768025078,Sandyford_Business_District_min
267108003,4687322689,19.444758260869566,17.895371594202896,54.49027339314469,41.16266752012882,37.093563240380234,42.516967131782934,17.895371594202896,IFSC___Docklands_min
267092055/03,2368308820,39.70163666666666,42.61112000000001,12.38912,65.87841592592594,68.10958666666667,53.85032384615384,12.38912,Sandyford_Business_District_min
268117013,13191865302,22.39844903954802,20.58512903954802,34.464019710144925,43.85242496547394,46.08359570621469,44.920708505747136,20.58512903954802,IFSC___Docklands_min
268085009,6188736393,19.33068761904762,17.781300952380953,54.376202751322744,41.048596878306874,39.21310095238095,40.53870095238095,17.781300952380953,IFSC___Docklands_min
268132020,746555592,29.63190222222223,30.579453594771255,43.47622510822511,53.846749520697166,56.13795808429118,40.35641833333333,29.63190222222223,Dublin_City_Centre_(CBD)_min
268014007,2375574727,26.13642980392157,30.241163137254905,62.392332228163994,37.36849190476191,37.353837777777784,72.22333333333329,26.13642980392157,Dublin_City_Centre_(CBD)_min
267002004,929935243,61.035371428571416,51.60163809523808,90.86122476190472,65.18771809523808,87.46355957671955,98.50089809523806,51.60163809523808,IFSC___Docklands_min
267116013,8270061729,42.924653333333325,45.37799999999999,38.90848579710143,65.18127098039216,67.11572078037902,34.43420579710144,34.43420579710144,Tallaght_min
268108008/01,12121901528,18.861369090909093,9.427635757575757,51.27055575757576,27.55812612794614,44.52933481481482,56.32689575757575,9.427635757575757,IFSC___Docklands_min
267028016,12741161454,34.70269379310345,38.24909379310342,71.8503471264368,57.32208617405579,22.917053793103456,60.12553379310341,22.917053793103456,Blanchardstown_min
267017004/267018005,634656772,38.85952998050683,37.71488097149782,35.269869629629625,60.98217689742377,64.36162479532166,64.81172296296297,35.269869629629625,Sandyford_Business_District_min
267027011,26624337,30.500044444444438,34.60477777777778,67.64769777777776,48.88375166666666,19.897737777777785,64.10125777777776,19.897737777777785,Blanchardstown_min
268003012,9448495257,15.569104586288415,15.389117919621748,51.571848722541446,38.656413845547675,34.27091791962175,45.675813333333316,15.389117919621748,IFSC___Docklands_min
268129015,8376341717,32.537596874999984,30.724276874999983,38.01207238095238,53.991572800925944,56.22274354166668,54.15716296296297,30.724276874999983,IFSC___Docklands_min
267140024,4485931478,50.36378857142856,48.814401904761894,57.373988571428555,72.08169783068783,58.611818461538434,20.221801904761904,20.221801904761904,Tallaght_min
267151006,2700232976,46.74678531986534,45.19739865319867,59.795093333333334,68.46469457912458,64.51505306471306,25.945881269841262,25.945881269841262,Tallaght_min
268075008,9810435318,37.884572629399585,39.01522838229534,69.05160951251649,48.37421454545454,60.66197220611917,79.28941294685988,37.884572629399585,Dublin_City_Centre_(CBD)_min
267084022,9447654130,67.00453575757574,69.45788242424241,52.667469090909066,80.37012673796795,76.52401179487181,36.49767999999999,36.49767999999999,Tallaght_min
267066019/01,2682644536,25.670274042553192,29.378090038610033,60.33829904761907,22.65695238095238,31.57630070921986,65.39463904761905,22.65695238095238,Dublin_Airport_min
268058014,280123262,14.998561212121215,21.53825454545455,49.514423636363624,38.25749236403996,37.76216216450215,60.10167010101008,14.998561212121215,Dublin_City_Centre_(CBD)_min
267138007,8635139787,52.39192,50.842533333333336,67.69607406432749,72.12790170502988,58.62863846153846,27.585016842105265,27.585016842105265,Tallaght_min
267143004,9627352221,53.01234476190475,51.462958095238086,52.93921142857142,74.730254021164,63.44072989010988,22.870358095238096,22.870358095238096,Tallaght_min
268072008,1528655636,31.07263428571429,32.20329003861004,62.23967116883116,55.47058596453598,53.85003386243386,72.47747460317461,31.07263428571429,Dublin_City_Centre_(CBD)_min
267032001,12878797134,28.342022222222212,32.44675555555555,65.48967555555558,50.17558814814818,20.356382222222216,57.56486222222224,20.356382222222216,Blanchardstown_min
267019003,2607498330,37.61255659574467,36.467907586735684,35.98687432624113,59.735203512661606,63.11465141055949,65.73074666666666,35.98687432624113,Sandyford_Business_District_min
268150014,2372266795,17.760748965517237,17.580762298850573,54.12368229885057,40.84805822477651,41.129228965517235,47.90746476190477,17.580762298850573,IFSC___Docklands_min
268036002,2399584257,18.29098630630631,18.11099963963964,54.34373044255935,41.37829556556557,26.582690833333334,53.620085129835715,18.11099963963964,IFSC___Docklands_min
267109009,11093482139,27.13657333333333,25.58718666666666,62.18208846560848,48.85448259259261,40.021122905982885,41.09479111111109,25.58718666666666,IFSC___Docklands_min
267079004,13366476288,31.746418156028366,38.357982935902584,19.08293196581196,61.62527886182852,60.32373929078015,46.207769275362324,19.08293196581196,Sandyford_Business_District_min
267049022,6917202628,34.678456231884056,33.12906956521739,66.14824289855072,56.39636549114332,35.540174693422514,29.363842898550725,29.363842898550725,Tallaght_min
267008007,12308313855,46.50203997421018,50.784701818181816,31.334248484848484,61.829957647058826,63.764407447045706,36.39479333333333,31.334248484848484,Sandyford_Business_District_min
268014006,305412427,24.530096470588237,28.63482980392157,60.785998894830655,37.02791857142857,36.8499631372549,71.46834556149733,24.530096470588237,Dublin_City_Centre_(CBD)_min
268030022,1427527140,13.993818412698413,18.09855174603174,51.10633967510152,36.07205629629629,29.952153623188394,61.00291987611302,13.993818412698413,Dublin_City_Centre_(CBD)_min
268043002,12017472054,33.72919666666665,33.771643809523795,68.59132820816866,51.902134179894205,60.20169090177135,78.82913164251212,33.72919666666665,Dublin_City_Centre_(CBD)_min
267052012,8719944322,31.182176470588228,29.632789803921565,66.22769160286337,52.900085729847504,32.04389493212669,40.54714823529413,29.632789803921565,IFSC___Docklands_min
268151012,349176528,20.95234620382731,20.77235953716065,52.9862948255814,44.03965546308659,39.654159537160666,40.43767855855855,20.77235953716065,IFSC___Docklands_min
267095032,9404762943,50.21001714285715,51.34067289575289,81.37705402597402,74.60796882167882,72.9874167195767,91.61485746031745,50.21001714285715,Dublin_City_Centre_(CBD)_min
268104013,3142939616,9.920906666666665,14.560560000000004,47.889408148148135,38.132766916916914,38.22426923076922,57.738421481481474,9.920906666666665,Dublin_City_Centre_(CBD)_min
268094003,269235578,41.49544000000001,42.442991372549024,51.94185991341991,65.71028729847495,65.15836287049399,38.62235515151516,38.62235515151516,Tallaght_min
267033004,12714464152,32.848591111111126,35.35958285714288,69.99624444444439,53.93235435897432,5.492493333333331,62.21066102564099,5.492493333333331,Blanchardstown_min
267012006,9535298461,46.82509815602837,49.54067333333334,36.886833333333335,68.52389098039217,70.45834078037903,43.088726666666666,36.886833333333335,Sandyford_Business_District_min
267065023/03,10265078462,53.791228571428555,54.92188432432431,84.95826545454541,60.98192666666667,76.56862814814811,95.19606888888883,53.791228571428555,Dublin_City_Centre_(CBD)_min
267049030,11795443731,39.74705636363637,38.197669696969704,71.21684303030301,61.46496562289562,40.60877482517482,34.43244303030303,34.43244303030303,Tallaght_min
267121003,2004573322,42.3689525925926,41.5556325925926,38.09252178799489,64.82292851851852,67.05409925925927,70.8921699909666,38.09252178799489,Sandyford_Business_District_min
268129023,12756522712,,,,,,,,
267086001,7850331179,53.08928057971012,55.54262724637679,47.542173913043456,74.4622576470588,72.0390117948718,32.01268000000001,32.01268000000001,Tallaght_min
267100001,10200883055,39.482380606060616,37.93299393939396,74.52789573833573,61.20028986531988,40.34409906759908,52.51776727272728,37.93299393939396,IFSC___Docklands_min
268070003,6386076388,30.39353096774194,36.93322430107527,64.90939339198435,45.22532098039217,53.15713192012287,69.23189666666669,30.39353096774194,Dublin_City_Centre_(CBD)_min
268157002,6303224736,27.922977283950615,32.02771061728395,62.7705463748597,34.9253354954955,44.926087027540355,72.77767148684919,27.922977283950615,Dublin_City_Centre_(CBD)_min
268037004,2627332689,24.696866666666665,23.147479999999998,59.74238179894179,46.41477592592592,44.57928,50.17485493118986,23.147479999999998,IFSC___Docklands_min
268102010,10609112847,21.769431372549022,21.887844705882355,43.37306738305267,45.15514063180829,47.44634919540229,40.019431111111125,21.769431372549022,Dublin_City_Centre_(CBD)_min
268112011,428957672,24.601345185185174,23.45669617617617,42.456092173913035,46.72399210210211,50.10343999999999,62.17542397306397,23.45669617617617,IFSC___Docklands_min
267100005,8796702970,34.08094028985507,32.53155362318841,69.12645542213022,55.79884954911434,34.94265875139353,46.99183243243244,32.53155362318841,IFSC___Docklands_min
268082009,621545482,13.776986666666668,15.585632916666672,50.093160595238096,38.8529288425926,36.51583552795031,50.418448130081295,13.776986666666668,Dublin_City_Centre_(CBD)_min
267116008,7798841986,50.353146666666674,52.80649333333334,38.34102222222223,69.38787542483662,71.32232522482347,43.66509333333334,38.34102222222223,Sandyford_Business_District_min
268029007,1421429079,14.2021146031746,20.716114603174606,48.950617027417024,37.21924190476191,33.27240190476191,59.6329636940837,14.2021146031746,Dublin_City_Centre_(CBD)_min
268019006,339246721,37.48334666666667,41.33950265765767,71.99920909090909,34.47252000000001,43.59466424242426,74.52330794326241,34.47252000000001,Dublin_Airport_min
268059002,249085647,21.512696283185836,25.747500607510155,56.03550178167214,47.85948000000001,44.28324030981068,66.6227482463186,21.512696283185836,Dublin_City_Centre_(CBD)_min
268108007,4773311560,19.68993628318584,15.71740909090909,55.5740696165192,33.847899461279475,48.746910216458,62.61666909090907,15.71740909090909,IFSC___Docklands_min
268145013,4207770497,36.09207862068966,38.2991688438134,41.390196715927765,61.566464769739326,62.943891954023,32.28023080459769,32.28023080459769,Tallaght_min
267092056/02,14048980812,65.06873523809526,64.25541523809525,34.59258857142858,87.52271116402117,89.75388190476193,75.36518857142856,34.59258857142858,Sandyford_Business_District_min
267143003,9627352272,53.51409142857142,51.964704761904756,53.44095809523809,75.23200068783066,63.94247655677655,23.372104761904765,23.372104761904765,Tallaght_min
268094002,4896168379,37.43156549019609,36.39997882352942,49.422489689440994,59.66727474945535,56.44441728506788,32.80298492753624,32.80298492753624,Tallaght_min
267058010,260214653,45.18078281949935,44.04228484848486,32.43682666666666,67.30958077441078,69.54075151515153,56.24255151515152,32.43682666666666,Sandyford_Business_District_min
268143029,12804264320,17.597023333333333,18.5930432986833,43.09329000000001,41.86033922460924,44.44883666666668,53.77563666666668,17.597023333333333,Dublin_City_Centre_(CBD)_min
267052001,11056556752,34.854219047619054,33.304832380952384,69.8997341798942,56.5721283068783,35.7159375091575,36.789605714285706,33.304832380952384,IFSC___Docklands_min
268138017,3575151668,7.700173333333334,15.209732394366197,45.43471301587301,38.47702832029212,33.53419,57.21824952380952,7.700173333333334,Dublin_City_Centre_(CBD)_min
267103004/04,11709497285,41.11144444444446,39.56205777777779,76.15695957671957,62.82935370370372,41.97316290598292,48.20136,39.56205777777779,IFSC___Docklands_min
267041016,13952298113,26.19397846153845,30.298711794871785,63.341631794871795,53.56600772079773,19.169952380952378,63.16796571428572,19.169952380952378,Blanchardstown_min
268035005,264586660,25.309409166666665,26.71457641025641,62.45706249999999,46.98882333333331,28.37521481481481,62.223661900452484,25.309409166666665,Dublin_City_Centre_(CBD)_min
268118003,2391540648,20.700300392156862,20.520313725490197,56.703044528409905,43.787609651416126,39.402113725490196,49.46684444444444,20.520313725490197,IFSC___Docklands_min
267032002,12879281588,28.346302222222196,32.45103555555553,65.49395555555557,50.179868148148174,20.36066222222221,57.56914222222223,20.36066222222221,Blanchardstown_min
268155007,2030004152,28.868046060606062,27.3186593939394,51.72965991341992,50.58595531986532,47.36309785547785,25.843926060606062,25.843926060606062,Tallaght_min
267098001/02,60139146,61.97818666666667,57.97552,98.05177333333333,54.01160000000001,70.82940000000002,88.36869999999999,54.01160000000001,Dublin_Airport_min
267158019,9732098722,35.16538285714286,39.270116190476195,72.31303619047618,51.68828952380953,24.563076190476192,64.95488952380953,24.563076190476192,Blanchardstown_min
268058003,60001709,28.291197634408608,34.830890967741944,62.807060058651025,43.583294313725496,51.05479858678955,67.58986999999999,28.291197634408608,Dublin_City_Centre_(CBD)_min
267158010,637792615,35.95537583333333,40.06010916666666,73.10302916666666,52.82579619047619,25.353069166666675,66.09239619047618,25.353069166666675,Blanchardstown_min
267100002,9755853099,41.74168727272729,40.19230060606063,76.78720240500238,63.459596531986556,42.60340573426575,53.44073777777775,40.19230060606063,IFSC___Docklands_min
267097001,761139215,48.08606666666665,47.272746666666656,43.80963586206895,70.5400425925926,72.77121333333334,76.60928406504063,43.80963586206895,Sandyford_Business_District_min
267028077/01,1091458863,36.633188045977,39.337921379310345,73.78084137931033,59.25258042692938,24.847548045977017,62.056028045976994,24.847548045977017,Blanchardstown_min
268102009,1426048721,25.673738390804594,26.543991372549023,43.75512071638601,49.81128729847497,52.09441586206895,41.34333666666669,25.673738390804594,Dublin_City_Centre_(CBD)_min
267086003,775509659,47.69752057971014,50.150867246376805,42.15041391304347,72.96218989343564,67.79643846153846,27.770106666666663,27.770106666666663,Tallaght_min
267138001/05,9902889001,55.43251072463766,53.883124057971,74.1070307246377,71.75535503836318,62.830565445665414,38.23862528735633,38.23862528735633,Tallaght_min
267110007,253510703,41.88270502164503,43.01336077454077,73.0497419047619,56.97127454545455,64.6601045983646,83.28754533910534,41.88270502164503,Dublin_City_Centre_(CBD)_min
267118002,9730823966,65.84306495469441,62.61183076923075,97.01010183781135,67.03124410256409,88.62046453141404,101.38834410256413,62.61183076923075,IFSC___Docklands_min
268111011,3227846987,28.977165797101453,27.832516788092448,43.37610666666669,51.09981271401839,54.479260611916274,64.30742412698413,27.832516788092448,IFSC___Docklands_min
268132023,2380689111,25.190022222222225,26.137573594771247,43.27140454780362,49.40486952069717,51.69607808429118,35.91453833333333,25.190022222222225,Dublin_City_Centre_(CBD)_min
267118009,12527588664,53.93584033930982,50.70460615384616,85.10287722242668,55.12401948717949,76.71323991602937,89.48111948717947,50.70460615384616,IFSC___Docklands_min
267100024,8793316035,36.86222028985507,35.31283362318842,71.90773542213022,58.58012954911433,37.72393875139353,49.54560576576577,35.31283362318842,IFSC___Docklands_min
267129008,2122603482,43.968512704402535,43.15519270440254,41.75714380952382,66.42248863032844,68.65365937106918,72.49173010277647,41.75714380952382,Sandyford_Business_District_min
267092002,81390009,70.53108,69.71776,35.28602666666666,92.98505592592593,95.21622666666667,80.82753333333335,35.28602666666666,Sandyford_Business_District_min
268017002/268017019,3882445414,29.943514242424236,34.04824757575757,64.79108333333335,32.1150758974359,39.30399210884355,68.61123238770685,29.943514242424236,Dublin_City_Centre_(CBD)_min
267028002,5560626652,37.087453333333336,40.965710570570586,73.91649457446495,59.70684571428571,25.301813333333335,62.51029333333334,25.301813333333335,Blanchardstown_min
267132014,4077571981,41.5287305263158,37.476063859649116,77.60231719298245,33.56214385964912,63.59402385964913,67.91924385964911,33.56214385964912,Dublin_Airport_min
267092010,13046763924,53.833706666666664,53.02038666666667,18.62950666666667,76.28768259259259,78.51885333333333,64.13015999999999,18.62950666666667,Sandyford_Business_District_min
267028097,392106170,38.2848375,39.77290416666668,75.4324908333333,63.0402000925926,31.901414776995306,69.1098947769953,31.901414776995306,Blanchardstown_min
268065002,339635743,25.066193333333334,29.170926666666666,61.57209575757573,32.6455963963964,30.73530666666667,71.92774127659574,25.066193333333334,Dublin_City_Centre_(CBD)_min
267084034,10101829245,53.079719999999995,55.53306666666666,46.28568666666665,73.98834431372546,67.80447179487179,27.778139999999993,27.778139999999993,Tallaght_min
268128023,5245010411,21.058857971014486,25.561614999999996,29.723882790697665,48.82891092592593,49.63617910576628,43.80884296296298,21.058857971014486,Dublin_City_Centre_(CBD)_min
267069005,479963147,42.259565925925926,41.11491691691692,45.280025225225216,64.38221284284283,67.76166074074072,77.07883622190343,41.11491691691692,IFSC___Docklands_min
267148002,4427603557,50.29978701298701,48.75040034632034,61.03534076923075,72.01769627224628,59.42526923076921,20.85609743589744,20.85609743589744,Tallaght_min
267074002/01,7419874923,49.303712380952376,48.49039238095237,48.74997904761904,71.7576883068783,73.98885904761904,77.82692977932638,48.49039238095237,IFSC___Docklands_min
267024006,257531137,34.55926807017544,33.74594807017544,36.86949187969925,57.013243996101366,59.24441473684211,63.08248546854942,33.74594807017544,IFSC___Docklands_min
267130018,257298899,36.475695238095234,37.60635099099099,67.6427321212121,60.488248465608486,59.253094814814816,77.88053555555558,36.475695238095234,Dublin_City_Centre_(CBD)_min
268031003,16054386,19.56590857142857,23.670641904761904,56.7135619047619,46.93793783068783,29.67019552795031,59.40885017488076,19.56590857142857,Dublin_City_Centre_(CBD)_min
268017007,3883139225,34.72881333333333,41.26850666666666,69.24467575757573,40.02810888888887,50.78427210884353,72.9021079432624,34.72881333333333,Dublin_City_Centre_(CBD)_min
267107001,14190318,84.36043809523808,82.8110514285714,115.83022476190484,106.07834735449745,85.22215655677653,78.13511809523808,78.13511809523808,Tallaght_min
267008008,7788435891,45.695844822695,47.43683999999998,28.988093333333328,61.61511098039214,63.54956078037902,36.17994666666665,28.988093333333328,Sandyford_Business_District_min
268084003,2893532815,17.89453095238095,16.345144285714284,52.94004608465609,39.61244021164022,37.77694428571429,43.57624549019608,16.345144285714284,IFSC___Docklands_min
267130005,257303187,35.869268571428556,36.99992432432431,67.03630545454547,60.26722025025028,58.646668148148166,77.27410888888893,35.869268571428556,Dublin_City_Centre_(CBD)_min
267100082,13100302665,36.78066375,35.23127708333333,71.8261788822751,58.49857300925925,37.642382211538454,47.2423511111111,35.23127708333333,IFSC___Docklands_min
267073003,480100491,52.95694666666667,51.90656689742375,47.640168888888894,75.17386282334967,77.64209333333332,80.09868888888886,47.640168888888894,Sandyford_Business_District_min
267040042/02,6644167657,46.368352820512776,48.58975282051277,83.51600615384618,71.85704874643874,36.946209790209785,75.2100088888889,36.946209790209785,Blanchardstown_min
267118005,11429171965,60.83064239059186,57.599408205128206,91.99767927370878,62.01882153846154,83.60804196731146,96.37592153846158,57.599408205128206,IFSC___Docklands_min
268154009,4586517695,32.781213333333326,31.23182666666666,55.03128658008659,54.499122592592585,51.27626512820511,31.438246060606062,31.23182666666666,IFSC___Docklands_min
268008004,2438128053,37.45706367346939,40.08161034013607,73.3411970068027,49.348946666666684,64.16918568260182,83.19021034013599,37.45706367346939,Dublin_City_Centre_(CBD)_min
268006008,2399921024,28.538892307692315,30.01862564102565,65.68654564102562,49.8201323076923,27.12606666666667,65.52771113122171,27.12606666666667,Blanchardstown_min
267062003,294903137,47.23458545454546,46.08993644553645,56.0902562962963,69.3572323714624,72.73668026936028,84.8086642424242,46.08993644553645,IFSC___Docklands_min
268132026,11167487287,,,,,,,,
268021002,8595011637,29.001318865248226,35.54101219858155,63.51718128949067,36.60608095238094,49.17016888888889,67.17461347517732,29.001318865248226,Dublin_City_Centre_(CBD)_min
267093003,843683873,79.31374666666669,69.88001333333334,109.13960000000002,83.46609333333336,106.74193481481484,116.77927333333335,69.88001333333334,IFSC___Docklands_min
268036010,9036368864,24.51212952380952,24.427149090909094,60.65987989382881,45.39548000000001,26.009106666666664,59.93623458110518,24.427149090909094,IFSC___Docklands_min
267046004/267057001,258069177,42.4822581560284,42.657463859649106,33.05164615384616,65.92475978557503,68.15593052631577,53.70773052631578,33.05164615384616,Sandyford_Business_District_min
268099017,2385329727,12.424442352941172,12.244455686274506,46.93072775193801,35.51175161220044,37.09546919540231,46.828133333333334,12.244455686274506,IFSC___Docklands_min
268052001,13901490875,30.784540952380954,30.90295428571429,56.56331559493048,54.17025021164021,54.990500683760686,33.47132888888889,30.784540952380954,Dublin_City_Centre_(CBD)_min
268115023,2366161690,25.19417230769231,24.0495232986833,48.606849523809565,47.31681922460925,50.69626712250713,60.87349387755101,24.0495232986833,IFSC___Docklands_min
268034006,9032450675,28.33363111111111,30.56805641025641,65.48128444444443,50.54702,30.102848888888886,66.07714190045247,28.33363111111111,Dublin_City_Centre_(CBD)_min
268138002/01,6146071346,,,,,,,,
267028005,2868654262,37.581608888888894,41.68634222222223,74.72926222222222,59.41517481481483,28.210948505747133,65.41942850574712,28.210948505747133,Blanchardstown_min
267030008,12815005175,24.711244444444436,28.81597777777777,61.85889777777778,44.973338333333324,14.108937777777781,58.31245777777778,14.108937777777781,Blanchardstown_min
267089005,3245058223,34.202223157894736,33.38890315789474,36.51244696741855,56.65619908382067,58.88736982456141,62.72544055626872,33.38890315789474,IFSC___Docklands_min
268074006,4431091471,32.32228596273294,33.45294171562869,63.48932284584983,54.72623261015961,55.099685539452516,73.72712628019325,32.32228596273294,Dublin_City_Centre_(CBD)_min
267002041/01,391036976,55.70487333333332,46.27113999999998,85.53072666666668,59.857219999999984,83.28475037037039,93.17040000000001,46.27113999999998,IFSC___Docklands_min
267129005,181285607,36.262656124031004,35.44933612403101,34.51965333333332,58.716632049956914,60.94780279069765,64.78587352240497,34.51965333333332,Sandyford_Business_District_min
267145008,4100848259,56.82588848484849,55.27650181818182,51.775606451612916,78.54379774410772,61.874811794871796,21.848479999999995,21.848479999999995,Tallaght_min
267126005,12513799384,31.756332698412695,30.943012698412698,33.28042424242424,54.21030862433863,56.44147936507937,60.279550096786686,30.943012698412698,IFSC___Docklands_min
267084005,4867382328,64.47684242424243,66.93018909090911,50.13977575757576,77.8424334046346,73.47183846153847,33.44550666666667,33.44550666666667,Tallaght_min
267143023,10124308356,52.88685575757576,54.003148911335565,45.833122424242426,73.53578007130128,57.32877257918551,17.30244078431372,17.30244078431372,Tallaght_min
267050026,8946868079,31.093218095238097,29.54383142857143,56.84633809523809,52.81112735449735,44.62621031339031,32.44310137566137,29.54383142857143,IFSC___Docklands_min
268100008,1426048820,22.61779972789115,22.73621306122448,52.26895565891478,46.00350898715043,46.63125563218391,42.985464761904765,22.61779972789115,Dublin_City_Centre_(CBD)_min
268088001,13371932684,40.8058725925926,43.43041925925927,76.62744795615733,35.98869925925926,57.41504592592594,74.67359925925923,35.98869925925926,Dublin_Airport_min
268010012,6378526000,12.767384561403505,19.28138456140351,47.515886985645935,38.26936105263158,33.47113872807019,58.19823365231261,12.767384561403505,Dublin_City_Centre_(CBD)_min
268101002,358472581,24.554383875968995,24.672797209302324,49.93950738305266,47.94009313522824,48.892802298850576,44.20835809523808,24.554383875968995,Dublin_City_Centre_(CBD)_min
267138001/01,1420971452,48.334137142857124,46.78475047619046,70.67194285714287,70.0520464021164,55.28752227106225,33.51975619047618,33.51975619047618,Tallaght_min
267114010,7813629314,42.87866724637681,45.332013913043475,36.848227246376815,64.05946115583076,65.99391095581763,32.37394724637681,32.37394724637681,Tallaght_min
267043005,212614500,43.548854492753655,47.14991666666667,34.34536615384616,70.4172125925926,71.54838333333335,38.70528615384615,34.34536615384616,Sandyford_Business_District_min
268126003,1427047502,36.66435262939957,37.79500838229532,67.8313895125165,58.60091703703704,59.44175220611918,78.06919294685994,36.66435262939957,Dublin_City_Centre_(CBD)_min
268054001,2993737772,30.180616666666666,30.299030000000002,55.959391309216194,53.56632592592593,55.04653846153846,33.527366666666666,30.180616666666666,Dublin_City_Centre_(CBD)_min
268100007,746555588,19.34121054263566,19.45962387596899,50.65931286821705,42.72691980189492,44.42200229885057,40.820998095238096,19.34121054263566,Dublin_City_Centre_(CBD)_min
268133003,4897386671,21.026800784313718,23.480147450980386,35.35167756892231,46.74744337690632,47.87861411764706,35.08217280701754,21.026800784313718,Dublin_City_Centre_(CBD)_min
267065028,802562084,62.470241904761906,63.60089765765766,93.63727878787878,64.71362666666667,85.24764148148147,99.07072666666666,62.470241904761906,Dublin_City_Centre_(CBD)_min
267128001,11846570600,35.474718181818176,34.66139818181818,27.39693904761905,57.92869410774413,60.159864848484865,59.85545904761905,27.39693904761905,Sandyford_Business_District_min
267024005,4960393648,35.148851954022994,34.086516629224505,29.82011862068965,57.353812555150434,59.833998620689655,62.278638620689655,29.82011862068965,Sandyford_Business_District_min
268059006,241895329,16.809746024096384,23.349439357429706,51.325608448338805,43.14958666666668,39.57334697647734,61.91285491298526,16.809746024096384,Dublin_City_Centre_(CBD)_min
268002020,693895810,14.91787,14.737883333333334,50.97061413625304,38.005179259259265,29.382179215686268,50.246968823529414,14.737883333333334,IFSC___Docklands_min
267121005,1411316105,42.994128888888895,41.849479879879894,42.79444178799487,65.11677580580583,68.49622370370369,75.59408999096665,41.849479879879894,IFSC___Docklands_min
267123029,254623870,57.207426466165415,58.33808221906118,88.37446334928235,74.51543884711785,79.98482604288503,98.61226678362578,57.207426466165415,Dublin_City_Centre_(CBD)_min
268012007,13180691867,24.84227333333333,28.947006666666667,61.34817575757576,35.552537204301075,31.605697204301073,68.81417720430109,24.84227333333333,Dublin_City_Centre_(CBD)_min
268005003,1396434057,18.12363,17.943643333333334,54.17637413625303,41.210939259259256,29.55110101010101,51.715479999999985,17.943643333333334,IFSC___Docklands_min
267002037,257315767,48.917533333333346,39.48380000000001,78.74338666666667,53.06988000000001,76.49741037037036,86.38305999999999,39.48380000000001,IFSC___Docklands_min
267133024,12593995806,51.12044666666667,45.98444666666668,86.61070000000001,43.15386,73.18574000000004,77.51096000000003,43.15386,Dublin_Airport_min
267103013,3313359455,36.51157797101449,34.962191304347826,71.55709310328965,58.22948723027375,37.37329643255295,49.54696463768115,34.962191304347826,IFSC___Docklands_min
268071001,966738704,40.18993050505051,42.81447717171717,75.98976593073591,55.033202317916,66.90205251418293,81.08878000000003,40.18993050505051,Dublin_City_Centre_(CBD)_min
268054010,2315607566,29.959234285714288,30.077647619047625,54.3371613092162,53.344943544973574,55.409700489541635,35.512942222222236,29.959234285714288,Dublin_City_Centre_(CBD)_min
268105012,2522661578,13.50671666666667,22.117065727699526,50.964513652312604,42.365383703703706,36.91976539473685,61.64686031897928,13.50671666666667,Dublin_City_Centre_(CBD)_min
268075007,301829321,43.32687262939961,44.45752838229535,74.49390951251648,51.390601666666655,66.10427220611919,84.7317129468599,43.32687262939961,Dublin_City_Centre_(CBD)_min
267156010,4204789011,44.80439111111111,43.77280444444444,54.72543107769423,67.04010037037037,63.817242905982894,33.16182153846153,33.16182153846153,Tallaght_min
268133009,252311731,19.386240784313724,21.839587450980392,34.75601841269841,45.10688337690632,46.23805411764705,36.64588684210526,19.386240784313724,Dublin_City_Centre_(CBD)_min
268019001,5591395073,29.182253333333332,34.00128771929825,63.69811575757574,29.08178666666667,34.82983757575758,66.22221460992907,29.08178666666667,Dublin_Airport_min
268117010,13147443501,25.522145454545466,23.29552848484849,38.767767521367524,46.56282441077441,48.160661818181815,47.44522285714286,23.29552848484849,IFSC___Docklands_min
267077006,717399189,37.77769544973544,36.63304644072644,36.35969189189189,59.90034236665238,63.279790264550265,68.81821189189189,36.35969189189189,Sandyford_Business_District_min
267046002,11035870134,31.258601159420305,37.870165939294516,26.659828771929842,61.13746186522042,59.83592229417206,44.391272820512796,26.659828771929842,Sandyford_Business_District_min
267160001,2443612643,32.134165,33.108828571428575,66.65002742424242,21.700441904761906,54.89776595238096,60.38534190476191,21.700441904761906,Dublin_Airport_min
267052011,8719941003,31.110683137254895,29.56129647058823,66.15619826953004,52.82859239651417,31.972401598793354,35.77197490196079,29.56129647058823,IFSC___Docklands_min
267097008,14020614305,49.46466666666665,48.651346666666655,45.18823586206895,71.91864259259259,74.14981333333331,77.98788406504066,45.18823586206895,Sandyford_Business_District_min
268058016/01,6378973164,20.63877714285714,27.178470476190476,55.154639567099586,43.26082122065729,43.402378095238106,65.74188603174603,20.63877714285714,Dublin_City_Centre_(CBD)_min
267028080/01,8279690330,36.62547942028984,39.33021275362317,73.40964124113161,59.24487180124222,24.83983942028986,62.04831942028984,24.83983942028986,Blanchardstown_min
267092030/01,13448839023,44.23699724137931,48.107551627344236,12.165040000000003,71.37484755327013,72.81431837613108,58.3856844208665,12.165040000000003,Sandyford_Business_District_min
268055001,4748008381,33.142136666666666,33.26055,57.4639895050686,56.52784592592594,55.81360810858923,34.829233333333335,33.142136666666666,Dublin_City_Centre_(CBD)_min
268002005,1660023096,19.938294545454546,24.043027878787882,57.08594787878789,46.416097267759575,28.447126956521743,61.45383684154744,19.938294545454546,Dublin_City_Centre_(CBD)_min
267146006,9464710876,57.86876345679012,56.31937679012346,54.00998666666663,79.58667271604942,63.626051794871756,21.351999999999997,21.351999999999997,Tallaght_min
267013012,7820666885,51.67149684210525,54.12484350877192,46.124390175438585,67.43087098039216,69.36532078037904,35.14818222222222,35.14818222222222,Tallaght_min
268127015,3113246802,29.54673157232704,32.00007823899371,34.84484966756515,55.26737416491964,56.39854490566038,27.470503703703702,27.470503703703702,Tallaght_min
267076005,8402819875,44.80718545454544,43.662536445536425,56.4867333333333,66.9298323714624,70.30928026936029,82.38126424242427,43.662536445536425,IFSC___Docklands_min
267013003,7732511133,49.91006666666666,49.47729860465116,36.894756363636354,57.75273764705882,59.6871874470457,32.317573333333335,32.317573333333335,Tallaght_min
267123024,12658305660,51.004026466165406,52.134682219061155,82.17106334928233,68.31203884711779,73.78142604288502,92.40886678362578,51.004026466165406,Dublin_City_Centre_(CBD)_min
267040014,12769785481,33.54663555555554,35.76803555555556,70.69428888888893,59.03533148148149,24.124492525252514,71.2771210457517,24.124492525252514,Blanchardstown_min
268097003,4738754976,,,,,,,,
268143020,7168553922,16.262556666666665,17.961736666666663,41.75882333333334,41.2290325925926,43.11437000000001,52.441170000000014,16.262556666666665,Dublin_City_Centre_(CBD)_min
267068010,480002844,38.59011878787878,37.44546977886978,47.18596549019607,60.71276570479572,64.0922136026936,76.16419757575756,37.44546977886978,IFSC___Docklands_min
267040033,12966211867,35.283052380952384,36.676381111111134,70.62716511500541,59.349399259259265,26.108333333333306,68.282918974359,26.108333333333306,Blanchardstown_min
267002014,8177442894,55.32818666666666,45.89445333333333,85.15403999999997,59.480533333333334,82.75637481481479,92.7937133333333,45.89445333333333,IFSC___Docklands_min
267148011,440726383,50.23628121212123,48.686894545454564,56.7049446469833,71.95419047138044,65.00969179487178,26.440519999999996,26.440519999999996,Tallaght_min
267100032,1264105392,38.16476784313723,36.61538117647058,73.2102829754124,59.88267710239648,39.026486304675686,46.73152571428571,36.61538117647058,IFSC___Docklands_min
268131002,4951752754,20.03964463768116,26.65120941755537,28.704669457364343,49.91850534348131,48.61696577243294,46.17307947368419,20.03964463768116,Dublin_City_Centre_(CBD)_min
267148004,2671282460,52.4948147985348,50.945428131868134,56.69512215053763,74.21272405779408,56.99853897435897,16.48046666666667,16.48046666666667,Tallaght_min
268072004,2941539912,33.20012761904762,34.330783371943376,64.3671645021645,57.59807929786931,55.977527195767195,74.60496793650796,33.20012761904762,Dublin_City_Centre_(CBD)_min
267092001/02,91408741,86.03320482269501,86.07419999999999,65.1608819047619,109.34149592592591,111.57266666666665,90.26730666666664,65.1608819047619,Sandyford_Business_District_min
267035004,9604477135,60.36343999999999,58.81405333333333,59.00697333333333,82.0813492592593,70.79182512820515,30.22145333333333,30.22145333333333,Tallaght_min
267132045,253183643,40.135065263157905,36.082398596491224,76.20865192982454,32.16847859649123,62.20035859649124,66.52557859649123,32.16847859649123,Dublin_Airport_min
268154005,5841692219,28.104398888888888,26.55501222222222,59.10583190476191,49.82230814814815,46.59945068376068,33.46502625730993,26.55501222222222,IFSC___Docklands_min
267152005,8627358288,47.92903157894738,48.876582951496395,56.32714967418547,72.14387887742232,69.5581136996337,30.988941904761905,30.988941904761905,Tallaght_min
267053001/01,13751685139,47.63689623188405,46.0875095652174,79.10668289855072,69.35480549114332,48.49861469342251,42.32228289855073,42.32228289855073,Tallaght_min
268023002,26389301,34.07371936507938,36.698266031746044,69.85166480519482,40.28113777777777,53.235122380952376,72.37576365754813,34.07371936507938,Dublin_City_Centre_(CBD)_min
268145001,12979684067,38.251838620689654,39.199389993238675,47.14608729064038,62.46668591916461,64.7578944827586,35.48831160493827,35.48831160493827,Tallaght_min
268082007,665668861,15.280626666666667,17.317326250000004,52.524610802919725,40.584622175925944,36.16700695652173,53.34262146341463,15.280626666666667,Dublin_City_Centre_(CBD)_min
268058008,3648633159,20.738748356807523,27.278441690140856,55.25461078104993,39.73642569737329,43.50234930918846,63.743001383647794,20.738748356807523,Dublin_City_Centre_(CBD)_min
267065023/02,5038840809,51.684895238095244,52.815550990991,82.85193212121212,60.94878000000002,74.46229481481483,93.08973555555554,51.684895238095244,Dublin_City_Centre_(CBD)_min
268071029,5522720068,,,,,,,,
268137002,4982560202,33.029799420289855,34.594154074074076,43.76434353143842,57.861450000000005,59.8816127536232,41.42947294117648,33.029799420289855,Dublin_City_Centre_(CBD)_min
268140011,305307160,11.948465555555554,13.959170802919708,45.5927465079365,37.22646672884564,37.64797168539326,47.76936478632479,11.948465555555554,Dublin_City_Centre_(CBD)_min
267092044/03,6216972480,56.05302666666667,55.23970666666666,20.752853333333352,78.50700259259254,80.73817333333328,66.34948,20.752853333333352,Sandyford_Business_District_min
267077010,11229797010,27.735699259259256,26.591050250250248,40.7494911627907,49.858346176176184,53.23779407407407,65.30977804713805,26.591050250250248,IFSC___Docklands_min
267028048,12724544758,36.94868045977012,39.31635833333333,74.09633379310343,59.56807284072247,25.163040459770112,62.37152045977009,25.163040459770112,Blanchardstown_min
268060013,4894741101,19.01293090909091,23.117664242424247,53.860499999999995,32.2200154954955,36.01604065268065,63.86762511198946,19.01293090909091,Dublin_City_Centre_(CBD)_min
267143012,6624453389,56.933999999999976,55.38461333333331,55.577533333333314,78.65190925925923,67.3623851282051,26.79201333333333,26.79201333333333,Tallaght_min
267099018,3790044982,34.711286666666666,25.81088666666667,66.43714000000001,39.83560484848486,63.43992780141845,72.17681333333331,25.81088666666667,IFSC___Docklands_min
268127014,2790271850,35.11694352941177,37.57029019607843,40.415061624649866,60.83758612200436,61.968756862745096,32.82213777777778,32.82213777777778,Tallaght_min
268153002,4444957302,28.264065945945944,26.927721951219507,57.12525343669252,50.19501787714545,48.35952195121953,47.18559111111111,26.927721951219507,IFSC___Docklands_min
267100020,8849429474,35.96872444444444,34.41933777777778,71.01423957671956,57.686633703703706,36.830442905982906,42.03744444444444,34.41933777777778,IFSC___Docklands_min
268072014,49397371,34.5687307936508,35.69938654654654,65.73576767676767,58.96668247247248,57.34613037037036,75.97357111111113,34.5687307936508,Dublin_City_Centre_(CBD)_min
267068005,9583979466,40.75939259259259,39.61474358358358,46.310733333333324,62.8820395095095,66.26148740740739,76.39865406504063,39.61474358358358,IFSC___Docklands_min
268124005,32435477,34.90364596273292,36.03430171562866,66.0706828458498,57.307592610159595,57.6810455394525,76.30848628019326,34.90364596273292,Dublin_City_Centre_(CBD)_min
268031006,2400869887,22.67637230769231,27.823935238095242,58.592878974358975,51.091231164021174,33.82348886128365,65.37066350821411,22.67637230769231,Dublin_City_Centre_(CBD)_min
267130016,257296688,32.334201904761905,33.46485765765765,63.50123878787878,56.732153583583596,55.11160148148148,73.73904222222225,32.334201904761905,Dublin_City_Centre_(CBD)_min
267100029,3010089997,34.60380444444444,33.05441777777778,69.64931957671959,56.32171370370371,35.46552290598291,40.67252444444444,33.05441777777778,IFSC___Docklands_min
267084019,9437764468,54.76043719298246,57.213783859649126,40.42337052631579,68.12602817337462,65.47740831661092,25.451076521739132,25.451076521739132,Tallaght_min
268068009,469849120,31.140786666666664,35.24551999999999,67.64668909090909,40.834422222222216,30.85920888888889,75.06272888888891,30.85920888888889,Blanchardstown_min
268041010,241132990,30.991645962732928,32.12230171562867,62.15868284584978,52.425357037037045,53.76904553945248,72.39648628019322,30.991645962732928,Dublin_City_Centre_(CBD)_min
268050005,1610330949,23.862919999999995,25.97310545454545,59.74705333333334,44.10359582491584,52.355373333333326,69.22094999999996,23.862919999999995,Dublin_City_Centre_(CBD)_min
267088006,11510003587,53.372517101449276,52.55919710144927,37.923982528735635,75.82649302737521,78.05766376811594,76.04503757575756,37.923982528735635,Sandyford_Business_District_min
268033004,2369219709,24.474686976477333,25.039765396825388,58.99054940071974,43.74392666666666,30.645115767195758,68.0082577482606,24.474686976477333,Dublin_City_Centre_(CBD)_min
267134013,253312786,47.85237333333332,38.95197333333332,79.5782266666667,46.488053333333326,74.86859150949269,80.84515333333336,38.95197333333332,IFSC___Docklands_min
267080021,2370551454,51.49773815602835,51.53873333333332,30.10202888888889,74.80602925925926,77.0372,55.731839999999984,30.10202888888889,Sandyford_Business_District_min
268009003,6370761533,18.69434961651917,22.9291539408435,54.57848294985252,46.19644986676945,43.306733643144,64.42749628318586,18.69434961651917,Dublin_City_Centre_(CBD)_min
267083016,7797341761,56.31060000000003,56.243816937984505,40.84223833333335,64.51925598039217,66.45370578037904,39.08409166666668,39.08409166666668,Tallaght_min
268085014,2373223778,22.50819428571429,20.95880761904762,57.553709417989424,44.22610354497355,42.39060761904762,43.71620761904762,20.95880761904762,IFSC___Docklands_min
268069004,2400844995,33.15271935742973,33.71779777777779,67.66858178167212,44.72852666666667,34.753313333333345,76.82116148148151,33.15271935742973,Dublin_City_Centre_(CBD)_min
267031003,12983414955,37.2073723809524,38.60070111111112,72.55148511500548,61.27371925925929,17.970653333333335,74.68882102564098,17.970653333333335,Blanchardstown_min
268144004,12959300045,39.60384476190477,40.5513961344538,50.20571633423182,63.818692060379725,66.10990062397373,40.02296493827162,39.60384476190477,Dublin_City_Centre_(CBD)_min
268003002,6988023647,15.499605128205129,15.319618461538461,51.50234926445817,38.5869143874644,32.91584588235295,49.54590666666665,15.319618461538461,IFSC___Docklands_min
267104009,97019803,50.297647179487186,41.39724717948719,82.70683384615384,45.81666051282052,75.84854051282052,80.17376051282051,41.39724717948719,IFSC___Docklands_min
268137009,684995636,31.648855238095248,34.10220190476192,44.12187844155845,57.369497830687834,58.50066857142858,42.464632941176454,31.648855238095248,Dublin_City_Centre_(CBD)_min
267051002,8718709793,33.106459047619055,31.55707238095239,68.15197417989417,54.824368306878306,33.96817750915752,35.041845714285714,31.55707238095239,IFSC___Docklands_min
268085001/03,12150536068,24.000423589743598,22.45103692307693,58.77398732558139,45.718332849002834,43.8828369230769,45.15328969696967,22.45103692307693,IFSC___Docklands_min
268119007,2752694914,37.679793333333336,40.30434000000001,73.56392666666665,52.52306514619884,64.39191534246575,83.41293999999995,37.679793333333336,Dublin_City_Centre_(CBD)_min
267103001/04,9780315383,,,,,,,,
267126011,4758734364,30.453759365079364,29.640439365079366,31.977850909090908,52.907735291005295,55.13890603174603,58.976976763453344,29.640439365079366,IFSC___Docklands_min
267090001,614656315,33.32135231638418,32.50803231638418,25.906370909090906,55.77532824231013,58.00649898305087,55.448224242424246,25.906370909090906,Sandyford_Business_District_min
268032009,4935950147,14.945483963963964,14.765497297297296,50.998228100217005,38.03279322322323,25.416389166666665,50.27458278749338,14.765497297297296,IFSC___Docklands_min
268069007,2686926190,37.0260888888889,41.130822222222214,73.5319913131313,44.91566222222221,32.54779358024692,76.7513135802469,32.54779358024692,Blanchardstown_min
268161010,2454609669,19.255804705882362,19.37421803921569,42.34810232558141,42.64151396514161,45.02066919540229,41.90240900432901,19.255804705882362,Dublin_City_Centre_(CBD)_min
267024004,658115992,,,,,,,,
268037002,12793767486,31.222081904761897,29.67269523809523,66.26759703703704,52.939991164021166,45.51065325145442,50.93405714285713,29.67269523809523,IFSC___Docklands_min
267061002,480079660,47.237932121212125,46.09328311220312,61.7515956506239,69.36057903812907,72.74002693602694,84.81201090909093,46.09328311220312,IFSC___Docklands_min
267160002,248037654,37.94031833333334,44.480011666666655,72.45618075757572,35.098651111111124,56.85535515151515,73.78355111111107,35.098651111111124,Dublin_Airport_min
268142023,8392300525,17.18496,23.468433846153843,29.555231746031748,46.73572977207978,45.76228113475179,42.10484508771931,17.18496,Dublin_City_Centre_(CBD)_min
267131018,53470613,46.85422117647059,42.851554509803925,82.92780784313724,38.887634509803924,63.98876583333335,73.2447345098039,38.887634509803924,Dublin_Airport_min
268136008,10897690492,35.90872095238095,36.856272324929975,42.84243633423181,60.123568250855904,62.414776814449915,36.11742370370371,35.90872095238095,Dublin_City_Centre_(CBD)_min
267004018,257286994,38.050255238095254,39.180910990991,69.2172921212121,62.448206916916924,60.82765481481481,79.45509555555554,38.050255238095254,Dublin_City_Centre_(CBD)_min
268130005,563887686,23.498911111111106,30.110475890985317,28.024525714285712,53.37777181691126,52.0762322458629,47.478221890547275,23.498911111111106,Dublin_City_Centre_(CBD)_min
267065029,12415332925,56.169961904761905,57.30061765765766,87.33699878787874,58.413346666666676,78.94736148148144,92.77044666666663,56.169961904761905,Dublin_City_Centre_(CBD)_min
268117022,6089168348,23.635244242424243,21.821924242424245,36.861007356321835,45.08922016835014,47.320390909090875,45.04335402298849,21.821924242424245,IFSC___Docklands_min
268117012,13785551011,26.92476903954802,25.11144903954802,38.990339710144916,48.378744965473935,50.60991570621467,48.56852952380953,25.11144903954802,IFSC___Docklands_min
268120009,2438129198,35.45825034013605,38.08279700680272,71.34238367346939,50.30152215300155,62.170372349268476,81.19139700680272,35.45825034013605,Dublin_City_Centre_(CBD)_min
267132020,253179603,37.66406947368421,33.61140280701755,73.73765614035086,29.697482807017547,59.729362807017544,64.05458280701754,29.697482807017547,Dublin_Airport_min
268136006,2696353648,34.22448633879781,36.16091607843138,44.92420966756514,59.42821200435731,61.07629967213116,38.894299869281035,34.22448633879781,Dublin_City_Centre_(CBD)_min
267097020,11218257309,49.96386804597702,49.15054804597703,41.81959222570533,72.41784397190288,74.64901471264368,78.48708544435092,41.81959222570533,Sandyford_Business_District_min
268128020,4222394789,17.947346666666665,22.345660512820515,31.27509841269841,45.612956438746444,46.52466780141844,45.05190017543858,17.947346666666665,Dublin_City_Centre_(CBD)_min
268015004,2407397957,29.334285000000005,29.36864932432432,60.328858333333315,22.50166666666667,41.384786666666656,65.3851983333333,22.50166666666667,Dublin_Airport_min
268059007,280379061,13.691359357429718,20.231052690763043,48.20722178167214,41.80213333333334,36.45496030981067,58.794468246318594,13.691359357429718,Dublin_City_Centre_(CBD)_min
267003025,2384152307,51.8776038095238,42.44387047619047,81.70345714285716,56.02995047619047,77.64746814814816,89.3431304761905,42.44387047619047,IFSC___Docklands_min
267092044/01,12710296639,48.60957057471265,52.480124960677564,9.09366666666667,75.74742088660348,77.1868917094644,62.758257754199825,9.09366666666667,Sandyford_Business_District_min
267050020,8949804629,32.38447142857142,30.83508476190476,58.13759142857144,54.10238068783071,44.89894364672365,32.715834708994706,30.83508476190476,IFSC___Docklands_min
268156002,2763710371,43.00307272727272,41.45368606060606,53.252284761904775,64.72098198653197,61.4981245221445,32.065547368421036,32.065547368421036,Tallaght_min
268132017,4897796305,19.90861411764706,22.361960784313727,35.441698412698415,45.62925671023966,46.760427450980394,37.33156684210527,19.90861411764706,Dublin_City_Centre_(CBD)_min
268065009,52199957,31.6709225,35.77565583333333,67.61894857142858,29.937601904761905,36.56028250000001,72.67528857142857,29.937601904761905,Dublin_Airport_min
268013008,4891651431,30.475136470588236,34.579869803921575,66.73103889483065,40.22170190476191,42.795003137254895,76.56204,30.475136470588236,Dublin_City_Centre_(CBD)_min
268042001,410715194,30.467000000000002,33.13666545454546,65.32913154150197,51.26715582491581,56.93949423510466,75.56693497584544,30.467000000000002,Dublin_City_Centre_(CBD)_min
267114013,14052128860,,,,,,,,
267040061,3811565661,33.95442666666666,36.17582666666667,71.10208000000004,59.443122592592594,25.63419515151515,71.6849121568628,25.63419515151515,Blanchardstown_min
267028099,16544651,33.24130712643679,36.78770712643679,70.38896045977013,55.860699507389164,21.455667126436786,58.66414712643678,21.455667126436786,Blanchardstown_min
267002013,4385300502,60.00821333333334,50.57448000000001,89.83406666666669,64.16056,87.4364014814815,97.47374,50.57448000000001,IFSC___Docklands_min
268143028,13234864187,16.85132081632653,18.55050081632653,42.347587482993184,41.81779674225245,43.70313414965985,53.02993414965986,16.85132081632653,Dublin_City_Centre_(CBD)_min
268117001,13480083374,23.211648484848478,20.71124848484848,40.601187210884355,43.978544410774404,45.576381818181815,49.133533877551024,20.71124848484848,IFSC___Docklands_min
267132006,12609366854,32.57532615384615,28.52265948717949,68.64891282051282,24.608739487179488,54.6406194871795,58.96583948717949,24.608739487179488,Dublin_Airport_min
268090002,26414214,36.92482666666667,35.893240000000006,48.811489689441004,59.16053592592593,55.937678461538454,32.19198492753623,32.19198492753623,Tallaght_min
268025007,4892641883,26.947186111111115,29.82173277777778,62.83131944444442,41.69965571428569,48.89944238095236,68.0400836575481,26.947186111111115,Dublin_City_Centre_(CBD)_min
268061010,297387949,29.853599999999993,28.30421333333333,64.89911513227513,51.57150925925926,47.989693251454426,47.955384126984114,28.30421333333333,IFSC___Docklands_min
267084013,11073669568,54.237709090909085,56.691055757575754,39.90064242424241,67.60330007130123,66.34745074085335,26.32111894598155,26.32111894598155,Tallaght_min
267123028,6281316535,57.50889313283207,58.63954888572782,88.675930015949,74.81690551378448,80.28629270955169,98.91373345029245,57.50889313283207,Dublin_City_Centre_(CBD)_min
267133028,26472647,46.18731777777778,42.18465111111111,82.26090444444448,38.22073111111113,68.25261111111111,72.57783111111111,38.22073111111113,Dublin_Airport_min
267148001,8522735308,53.632628131868124,52.08324146520146,57.832935483870955,75.35053739112742,58.13635230769229,17.618280000000006,17.618280000000006,Tallaght_min
267096011,480079600,52.47247319148937,51.32782418248036,66.98613672090113,74.59512010840632,77.97456800630421,90.0465519793682,51.32782418248036,IFSC___Docklands_min
267012004,7037167063,51.77820482269501,55.76368666666666,37.83474181818182,72.37843764705882,74.3128874470457,46.943273333333345,37.83474181818182,Sandyford_Business_District_min
268130013,2423624417,29.178361418439724,35.78992619831392,28.346344761904778,59.05722212423985,57.755682553191484,40.445013333333335,28.346344761904778,Sandyford_Business_District_min
267050006,8989972661,35.86222285714284,34.3128361904762,61.61534285714285,57.580132116402105,43.69839846153844,26.714276190476195,26.714276190476195,Tallaght_min
268035008,2369219448,22.613662500000007,24.01882974358975,59.76131583333333,47.28612566951566,31.125477500000006,59.52791523378582,22.613662500000007,Dublin_City_Centre_(CBD)_min
267037005,14019893675,44.007466666666645,43.19414666666664,39.73103586206894,66.46144259259258,68.69261333333331,72.5306840650406,39.73103586206894,Sandyford_Business_District_min
267110003,253510775,40.22389471861472,41.35455047151047,71.3909316017316,55.31246424242424,63.00129429533429,81.62873503607504,40.22389471861472,Dublin_City_Centre_(CBD)_min
267155006,4858282735,40.95796444444444,39.92637777777778,53.036704249084245,63.1936737037037,59.970816239316235,30.219958095238095,30.219958095238095,Tallaght_min
267051003/01,10171771742,34.83225904761904,33.28287238095239,69.8777741798942,56.55016830687832,35.69397750915751,36.76764571428571,33.28287238095239,IFSC___Docklands_min
267148009,8511530451,49.737083508771924,52.19043017543859,54.99619798031663,75.45772610136454,64.43802512820511,25.868853333333334,25.868853333333334,Tallaght_min
268015014/01,2494582411,22.438640000000003,22.47300432432432,53.43321333333335,16.818320000000003,42.54205037037039,58.48955333333334,16.818320000000003,Dublin_Airport_min
267100008,10199991864,41.918457777777775,40.369071111111104,76.96397291005287,63.636367037037026,42.78017623931623,47.98717777777776,40.369071111111104,IFSC___Docklands_min
267007015,9554715330,48.95295315602838,50.69394833333335,32.24520166666667,63.187717647058854,65.12216744704573,37.752553333333346,32.24520166666667,Sandyford_Business_District_min
268143011,872550493,14.4256275,16.1248075,39.92189416666667,39.39210342592593,41.27744083333334,50.60424083333334,14.4256275,Dublin_City_Centre_(CBD)_min
268077008,26384666,28.014310890269144,29.144966643164892,59.18134777338603,48.84980514619881,50.791710466988725,69.41915120772948,28.014310890269144,Dublin_City_Centre_(CBD)_min
268108005,330940545,21.456456283185844,15.427946086956524,57.270866086956524,33.5584364573269,50.51343021645796,62.327206086956515,15.427946086956524,IFSC___Docklands_min
267004013,314502404,41.28385079365081,42.414506546546555,72.45088767676766,63.84153481481482,64.06125037037036,82.68869111111107,41.28385079365081,Dublin_City_Centre_(CBD)_min
267079007,256112283,39.26653815602836,42.146928717948725,26.215331965811956,65.41422464387465,67.64539538461538,48.6946888888889,26.215331965811956,Sandyford_Business_District_min
268089003,2423092520,34.106705454545455,36.73125212121212,69.99083878787879,33.038966666666674,53.96950666666667,71.72386666666665,33.038966666666674,Dublin_Airport_min
267101002,4489576505,33.53945333333334,31.990066666666674,68.58496846560844,55.25736259259258,34.40117179487181,50.53081647058823,31.990066666666674,IFSC___Docklands_min
268115003,5436094730,20.91471897435898,19.77006996534997,46.724617777777766,42.89932623243932,46.41681378917379,57.474960816326515,19.77006996534997,IFSC___Docklands_min
267140042,9498837114,52.036489411764705,50.48710274509804,66.44721511695906,73.75439867102395,58.98987453996983,26.336157894736854,26.336157894736854,Tallaght_min
267146011,11450628862,52.609892256728784,51.06050559006212,46.53275999999998,72.88111098039214,54.490011794871776,14.463680000000002,14.463680000000002,Tallaght_min
267085005/267085009,292410998,55.438855757575766,57.892202424242434,41.101789090909094,68.80444673796792,67.54859740752002,27.522265612648212,27.522265612648212,Tallaght_min
267053007,8923649397,42.98421636363636,41.43482969696969,74.45400303030306,64.70212562289562,43.84593482517481,37.66960303030303,37.66960303030303,Tallaght_min
267156009,4204789023,44.36608444444443,43.33449777777776,54.43730546365916,66.60179370370369,63.37893623931622,30.056008205128204,30.056008205128204,Tallaght_min
267082001,256073925,29.406631489361708,36.0181962692359,19.976019487179492,59.28549219516184,57.98395262411347,44.44903555555554,19.976019487179492,Sandyford_Business_District_min
267147007,12558252197,42.174403456790124,40.62501679012346,52.48428353741497,63.89231271604938,52.602788584995245,11.412146666666668,11.412146666666668,Tallaght_min
268145007,5526233246,36.99776571428572,39.45111238095238,42.295883809523815,62.71840830687831,63.849579047619045,33.754711111111114,33.754711111111114,Tallaght_min
267135004,255416377,38.84526833333333,33.97875492063492,74.60500825396825,30.87868166666667,60.910561666666666,65.23578166666665,30.87868166666667,Dublin_Airport_min
268076002,1427047646,35.22385755693582,36.35451330983157,66.39089444005268,53.086205146198836,58.00125713365537,76.62869787439611,35.22385755693582,Dublin_City_Centre_(CBD)_min
267111010/03,13931847073,30.15345714285714,31.28411289575289,61.32049402597402,54.551408821678834,52.93085671957672,71.55829746031743,30.15345714285714,Dublin_City_Centre_(CBD)_min
267114006,1284630562,48.659226666666655,51.11257333333332,42.628786666666656,64.34003598039217,66.27448578037904,38.103203809523784,38.103203809523784,Tallaght_min
268071023/04,12760677017,38.531635032679745,41.15618169934641,74.41576836601308,49.788887619047635,65.24375704181215,74.98155333333331,38.531635032679745,Dublin_City_Centre_(CBD)_min
267132001/05,6749358676,43.312112280701776,39.25944561403511,79.38569894736845,35.345525614035104,65.37740561403511,69.7026256140351,35.345525614035104,Dublin_Airport_min
268070012,2758274183,21.3613750877193,25.20424323232324,57.24550842105263,39.369855342465755,46.56964200913242,65.71028328572817,21.3613750877193,Dublin_City_Centre_(CBD)_min
267133029,2986146528,44.777717777777774,40.09152000000002,80.71777333333334,36.81113111111113,66.84301111111111,71.1682311111111,36.81113111111113,Dublin_Airport_min
267029035,13096028295,38.49498285714285,39.98304952380953,75.64263619047621,59.108154358974296,10.66829333333334,65.14648000000003,10.66829333333334,Blanchardstown_min
267035001,2598864931,147.87811030303027,150.33145696969692,140.8243769696969,168.52703461675586,156.68569257918548,116.65936078431369,116.65936078431369,Tallaght_min
268017010,2424873933,34.506485442176874,38.61121877551022,69.2742668686869,32.530408421052634,43.59584544217689,72.93169905437352,32.530408421052634,Dublin_Airport_min
267028106,11880018239,37.75752231884057,40.46225565217391,74.90517565217391,60.37691469979295,25.97188231884058,63.18036231884057,25.97188231884058,Blanchardstown_min
268095004,192308488,26.850239999999996,25.30085333333333,61.895755132275106,48.568149259259236,46.73265333333331,45.22857940323956,25.30085333333333,IFSC___Docklands_min
268008009,4892956240,41.66480583333335,44.289352500000014,75.37522101010103,49.604401666666675,66.98558370370371,85.61302444444445,41.66480583333335,Dublin_City_Centre_(CBD)_min
268048006,1699406003,,,,,,,,
267103001/16,11690933472,37.076591111111114,35.52720444444444,72.12210624338624,58.794500370370365,37.93830957264957,51.11197777777777,35.52720444444444,IFSC___Docklands_min
268094010,4898455688,38.67806666666667,39.62561803921569,47.07618476190476,62.89291396514162,64.51886512820512,34.07988444444444,34.07988444444444,Tallaght_min
268127008,8297765160,37.83318950819671,40.28653617486339,42.47264761904762,63.55383210078932,64.68500284153006,39.38418352941176,37.83318950819671,Dublin_City_Centre_(CBD)_min
267065005,253339415,42.27972190476189,43.41037765765764,73.44675878787876,51.54360666666666,65.05712148148146,83.68456222222218,42.27972190476189,Dublin_City_Centre_(CBD)_min
267092014,280431603,59.111160000000005,58.29784,23.810986666666675,81.56513592592592,83.79630666666665,69.40761333333334,23.810986666666675,Sandyford_Business_District_min
267117010,2474110580,38.491958787878794,40.945305454545455,36.817419130434786,60.50901598039217,62.44346578037904,32.34313913043478,32.34313913043478,Tallaght_min
267051013,3292810278,39.348485714285715,37.799099047619045,74.39400084656086,61.06639497354497,40.21020417582416,41.28387238095238,37.799099047619045,IFSC___Docklands_min
268071002,6071968121,42.202768888888905,44.775392538610056,74.81177366883115,55.02840761904765,66.42213636243386,79.66100666666664,42.202768888888905,Dublin_City_Centre_(CBD)_min
268071010,187761519,42.542290793650785,43.67294654654655,73.70932767676767,60.456054545454556,65.31969037037037,83.94713111111112,42.542290793650785,Dublin_City_Centre_(CBD)_min
268115011,13234436516,,,,,,,,
267028039,7177404061,41.1518,43.85653333333334,78.2994533333333,63.77119238095238,29.366159999999994,66.57464,29.366159999999994,Blanchardstown_min
268117018,9732504486,23.50289757575757,21.68957757575757,33.951788039215685,44.95687350168348,47.18804424242422,44.91100735632183,21.68957757575757,IFSC___Docklands_min
267013008,8215454099,50.96981333333333,50.53704527131783,40.36169904761904,58.81248431372549,60.74693411371236,33.37732,33.37732,Tallaght_min
268092008/03,12806034585,30.20868666666667,31.15623803921569,47.826594947560444,54.423533965141615,56.71474252873563,35.17285641025641,30.20868666666667,Dublin_City_Centre_(CBD)_min
267057005,13439603401,37.33087861142216,36.33894385964912,30.589743296703283,59.60623978557505,61.837410526315786,47.389210526315786,30.589743296703283,Sandyford_Business_District_min
268112016,428957685,29.842592463768128,28.697943454759123,41.637477647058816,51.965239380685055,55.34468727858294,64.1470528194726,28.697943454759123,IFSC___Docklands_min
267134010/267134011,9578004353,46.97681333333332,41.84081333333333,82.46706666666665,39.01022666666667,69.04210666666667,73.36732666666666,39.01022666666667,Dublin_Airport_min
267126006,158709919,36.70125898305084,35.88793898305085,31.424666666666667,59.155234908976794,61.38640564971753,61.168544242424254,31.424666666666667,Sandyford_Business_District_min
268101005,2742541294,24.344943875968998,24.463357209302327,54.80704071638601,47.730653135228245,49.33702896551723,42.494679215686276,24.344943875968998,Dublin_City_Centre_(CBD)_min
268070001,6378829672,25.422504301075268,31.962197634408604,59.938366725317685,40.2542943137255,48.186105253456205,64.26087,25.422504301075268,Dublin_City_Centre_(CBD)_min
268132012,10817104887,,,,,,,,
268005015,2399584155,19.04884468468468,18.86885801801801,55.101588820937735,42.13615394394396,30.05898303030303,54.37794350821411,18.86885801801801,IFSC___Docklands_min
268006029,245807840,25.38280238095239,29.448904444444455,62.53045571428571,52.12192259259257,24.381481481481494,65.8794948148148,24.381481481481494,Blanchardstown_min
267031001,13083931816,37.738137777777794,40.249129523809565,74.88579111111112,60.78773179487179,12.746080000000001,69.06603846153844,12.746080000000001,Blanchardstown_min
267100077,11897667555,37.318930416666674,35.76954375000001,72.36444554894177,59.03683967592592,38.180648878205126,45.94999111111111,35.76954375000001,IFSC___Docklands_min
267141003,9629735657,54.11730051282051,52.56791384615385,56.99603904761905,75.83520977207982,64.2911017948718,23.97531384615385,23.97531384615385,Tallaght_min
267084016,11114103419,57.81208242424244,60.26542909090911,43.47501575757577,71.17767340463458,69.92182407418669,29.895492279314887,29.895492279314887,Tallaght_min
268162001,4858081768,24.47555137254902,24.593964705882353,44.292622325581405,47.86126063180828,50.15246919540229,41.12203612903226,24.47555137254902,Dublin_City_Centre_(CBD)_min
267059005,5149666987,37.674698156028384,44.2862629359026,28.244086153846148,67.55355886182853,66.25201929078017,52.71710222222223,28.244086153846148,Sandyford_Business_District_min
267130017,12860200756,33.860655238095234,34.99131099099099,65.02769212121213,58.25860691691694,56.63805481481482,75.26549555555557,33.860655238095234,Dublin_City_Centre_(CBD)_min
267028052,12778217260,39.856770833333286,41.344837499999954,77.00442416666672,62.51076709359604,28.105734712643685,65.31421471264365,28.105734712643685,Blanchardstown_min
268047011,241003256,25.72228796536796,24.181295238095238,56.889324848484854,42.15432205128206,48.49968754208755,67.1271282828283,24.181295238095238,IFSC___Docklands_min
267103001/07,10249332292,39.564576363636355,38.0151896969697,74.61009149591149,61.28248562289562,40.42629482517482,54.27496303030303,38.0151896969697,IFSC___Docklands_min
268109009/268109018,5267884634,13.454805057471264,2.4916266666666664,46.57878347826086,26.46532724375539,39.57035428824047,51.63512347826085,2.4916266666666664,IFSC___Docklands_min
267028089,12955252,36.515092753623186,39.21982608695651,72.73634790779829,59.13448513457556,24.729452753623193,61.93793275362318,24.729452753623193,Blanchardstown_min
268158017,5388335438,,,,,,,,
267094006/03,4264152297,75.92113313283211,72.28532000000001,107.08817001594896,85.8714,98.69853270955166,117.32597345029241,72.28532000000001,IFSC___Docklands_min
268092005,122614708,33.00302380952381,33.95057518207283,50.24900989010989,57.217871107998754,59.50907967159276,36.92950512820513,33.00302380952381,Dublin_City_Centre_(CBD)_min
267104001,11425554519,87.23547487179488,78.33507487179492,119.64466153846148,82.75448820512821,112.78636820512816,117.11158820512814,78.33507487179492,IFSC___Docklands_min
267079013,256112268,40.335326666666674,39.52200666666668,27.453731965811965,62.7893025925926,65.02047333333334,53.34447555555557,27.453731965811965,Sandyford_Business_District_min
268099016,10656297074,15.594669195402298,15.414682528735632,51.957602528735634,38.68197845466156,38.963149195402295,45.40658857142856,15.414682528735632,IFSC___Docklands_min
267031016,1272240230,38.982471111111096,43.08720444444443,76.13012444444445,61.60186349206347,21.98005333333333,64.40531111111109,21.98005333333333,Blanchardstown_min
268081007,6217539841,11.091412121212121,17.11102545454545,48.35394545454547,40.3783213804714,36.32983974025974,58.819625454545466,11.091412121212121,Dublin_City_Centre_(CBD)_min
268113015,8496751096,24.666345185185182,23.521696176176174,34.33450550724638,46.788992102102114,50.16844,55.812860952380966,23.521696176176174,IFSC___Docklands_min
268115015,255235000,22.128238974358975,20.98358996534996,48.311920000000015,44.250885891275935,47.63033378917382,59.08445414965986,20.98358996534996,IFSC___Docklands_min
267138002/03,6982634614,44.871221818181795,43.32183515151514,72.99168146464648,66.58913107744107,51.10794027972026,32.88062424242425,32.88062424242425,Tallaght_min
267104018,10712531175,50.11003384615386,41.209633846153864,82.51922051282052,45.629047179487195,75.66092717948719,79.98614717948719,41.209633846153864,IFSC___Docklands_min
268118007,11295587637,,,,,,,,
267085003,9670780185,61.476726666666686,63.930073333333354,47.13966000000002,74.84231764705879,70.94896831661093,30.922636521739143,30.922636521739143,Tallaght_min
268145008,3563871829,33.810862380952386,36.26420904761904,39.108980476190474,59.53150497354497,60.662675714285704,32.56315111111111,32.56315111111111,Tallaght_min
268144005,4194418314,41.13983142857143,42.08738280112046,51.74170300089848,65.35467872704639,67.64588729064039,41.55895160493829,41.13983142857143,Dublin_City_Centre_(CBD)_min
267049025,11833521986,43.37555999999999,41.82617333333334,74.84534666666664,65.09346925925927,44.23727846153846,38.06094666666666,38.06094666666666,Tallaght_min
267150016,1500360781,44.14920444444445,45.09675581699347,50.513341798941816,68.3640517429194,70.45547064827174,35.371469999999995,35.371469999999995,Tallaght_min
268049009,8623278777,17.07390666666667,19.18409212121212,52.95803999999999,37.3145824915825,46.130880599938784,62.80705333333333,17.07390666666667,Dublin_City_Centre_(CBD)_min
268118006,4161475233,,,,,,,,
268156011,8694163664,36.630573333333345,35.598986666666676,48.51723635610768,58.866282592592604,55.64342512820513,31.89773159420289,31.89773159420289,Tallaght_min
267153007,8618091792,49.85976491228071,50.80731628482973,58.25788300751881,74.0746122107556,69.68676290598289,31.117591111111103,31.117591111111103,Tallaght_min
267100036,10939902658,39.859559999999995,38.31017333333333,74.90507513227514,61.57746925925924,40.72127846153845,57.79021999999999,38.31017333333333,IFSC___Docklands_min
267052004,8681308434,30.75100392156862,29.201617254901958,65.79651905384377,52.468913180827904,31.612722383107084,38.063452307692316,29.201617254901958,IFSC___Docklands_min
268120003,4057378954,37.670875555555554,40.29542222222222,73.55500888888888,46.70774315789474,64.38299756468797,83.40402222222222,37.670875555555554,Dublin_City_Centre_(CBD)_min
268077002,26384754,28.472297556935814,29.602953309831562,59.6393344400527,47.72936514619881,51.249697133655395,69.87713787439613,28.472297556935814,Dublin_City_Centre_(CBD)_min
268070016,3428783056,32.6431976344086,36.619028261562995,67.15906005865102,47.48462764705883,54.62562666666667,71.49120333333332,32.6431976344086,Dublin_City_Centre_(CBD)_min
268151004,4218636554,26.547216910569105,26.61570620382732,50.400171214470284,49.88300212975324,45.497506203827314,38.99540324324324,26.547216910569105,Dublin_City_Centre_(CBD)_min
267116006,7799535523,52.92490666666667,54.54268014311271,42.00776820512821,62.81811918552037,64.75256898550725,37.38295487179487,37.38295487179487,Tallaght_min
268134003,4211639635,30.64001449275363,36.17407904761905,32.897229457364354,59.44137497354497,59.21733562750538,44.97170093816631,30.64001449275363,Dublin_City_Centre_(CBD)_min
268056011,364875063,35.29931272727273,33.749926060606064,56.51440658008659,57.017221986531986,53.79436452214451,32.27519272727273,32.27519272727273,Tallaght_min
268136005,4544313997,33.11619607843137,34.13620941176471,43.30639886912906,57.403505337690646,59.63467607843139,37.183170370370384,33.11619607843137,Dublin_City_Centre_(CBD)_min
268089008,2516833460,33.16003682539683,35.7845834920635,69.02324909090909,33.56369333333333,52.406706666666665,71.5473479432624,33.16003682539683,Dublin_City_Centre_(CBD)_min
268151005,8575560357,26.58641287049398,26.40642620382732,50.249683158914735,49.673722129753266,45.288226203827335,40.722709909909916,26.40642620382732,IFSC___Docklands_min
268068003,3739628523,31.389386666666667,35.494119999999995,67.89528909090907,42.262293333333325,32.31324666666667,75.52393333333335,31.389386666666667,Dublin_City_Centre_(CBD)_min
268006002,462683764,18.821709047619045,22.92644238095238,55.9693623809524,46.19373830687833,19.117988148148147,60.6160014814815,18.821709047619045,Dublin_City_Centre_(CBD)_min
267019006,5283739020,32.001360000000005,31.188040000000008,31.418057777777783,54.455335925925944,56.68650666666668,59.24664000000002,31.188040000000008,IFSC___Docklands_min
268051004,4426065301,25.78690274509805,24.23751607843138,60.83241787737315,47.504812004357284,45.66931607843136,34.935320000000004,24.23751607843138,IFSC___Docklands_min
267029021,12873322796,28.96397195402302,31.88537195402302,66.11162528735632,51.58336433497537,17.178331954022987,54.38681195402299,17.178331954022987,Blanchardstown_min
268011007,305411686,32.41514980392157,36.51988313725492,67.89035970819306,39.60338018018019,44.73501647058823,77.89748482018247,32.41514980392157,Dublin_City_Centre_(CBD)_min
268056003,4895330489,32.76484,31.215453333333336,54.790438095238095,54.48274925925926,51.25989179487179,29.74072,29.74072,Tallaght_min
268032015,13361732657,17.491001212121212,21.595734545454544,54.63865454545455,43.968803934426234,25.999833623188405,60.13539684154744,17.491001212121212,Dublin_City_Centre_(CBD)_min
268159002,5414758353,22.016415714285714,28.55610904761905,56.53227813852814,26.33512222222222,44.780016666666675,60.1897103242148,22.016415714285714,Dublin_City_Centre_(CBD)_min
267069001/08,11974236243,42.81881520128824,41.67416619227923,41.77366522522522,64.94146211820517,68.32091001610306,72.26519944965607,41.67416619227923,IFSC___Docklands_min
267158012/02,13374120557,54.90021575757575,59.00494909090908,92.04786909090913,71.42312242424241,44.29790909090911,84.68972242424239,44.29790909090911,Blanchardstown_min
268136004,2371878845,34.37913617486338,36.83248284153005,44.43686300089848,60.09977876745598,61.23094950819672,38.40695320261438,34.37913617486338,Dublin_City_Centre_(CBD)_min
268067005,527838192,28.590960000000003,32.69569333333334,65.09686242424242,38.80540387096776,34.85856387096775,72.06704387096771,28.590960000000003,Dublin_City_Centre_(CBD)_min
268039010,4938221197,28.3946,26.84521333333333,63.44011513227512,50.112509259259255,47.34370942928038,44.42571096774192,26.84521333333333,IFSC___Docklands_min
268025006,4892641884,24.36690842105264,28.506733875598094,60.251041754385945,41.49328238095236,48.693069047619026,67.83371032421476,24.36690842105264,Dublin_City_Centre_(CBD)_min
268076009,6202677751,27.42022911564626,30.04477578231293,63.304362448979596,42.26350092851176,54.13235112477868,73.15337578231295,27.42022911564626,Dublin_City_Centre_(CBD)_min
268084001,1414486395,20.97611761904761,19.426730952380947,56.021632751322755,42.694026878306886,40.85853095238096,45.79247215686275,19.426730952380947,IFSC___Docklands_min
268114014,8755842494,24.126358518518508,22.981709509509503,34.50209999999999,46.24900543543546,49.62845333333334,55.79716825396826,22.981709509509503,IFSC___Docklands_min
267150008,8607900608,48.0626488888889,49.010200261437916,51.759194471544674,72.27749618736381,73.13320179487174,34.56403000000001,34.56403000000001,Tallaght_min
267083011,11077223893,49.14774333333334,50.045588604651165,33.50681333333333,58.321027647058834,60.255477447045706,32.88586333333333,32.88586333333333,Tallaght_min
267102004,2870063973,43.992835555555565,42.443448888888916,79.03835068783069,65.71074481481483,44.854554017094024,63.31988888888889,42.443448888888916,IFSC___Docklands_min
267104006,97013029,59.0127005128205,50.112300512820504,91.42188717948724,54.531713846153835,84.56359384615392,88.88881384615391,50.112300512820504,IFSC___Docklands_min
267140027,9911624888,54.24853916666665,52.69915249999999,69.64500000000001,73.06579503836313,61.20192429487178,32.49281333333333,32.49281333333333,Tallaght_min
267097004,14023172206,54.14546666666668,53.332146666666674,49.86903586206897,76.59944259259255,78.83061333333329,82.66868406504061,49.86903586206897,Sandyford_Business_District_min
267011005,9537832422,38.3559914893617,42.63865333333333,28.838200000000008,65.90594925925926,66.93331262411348,46.28423333333334,28.838200000000008,Sandyford_Business_District_min
267131001,5755765465,62.44557333333332,58.44290666666666,98.51916,54.478986666666664,82.8534956140351,88.83608666666666,54.478986666666664,Dublin_Airport_min
267104008,5721165621,53.39169128205128,44.49129128205128,85.80087794871794,48.91070461538462,78.94258461538462,83.2678046153846,44.49129128205128,IFSC___Docklands_min
267092055/01,8909717827,50.87263710144929,50.05931710144929,43.82750424242426,73.32661302737526,75.55778376811595,73.3693575757576,43.82750424242426,Sandyford_Business_District_min
267116003,6298298353,54.823111111111096,54.506636382428916,38.700946666666674,62.78207542483658,64.71652522482346,37.34691111111112,37.34691111111112,Tallaght_min
267065024,10267146342,50.162815238095234,51.29347099099098,81.32985212121211,54.20284666666668,72.94021481481478,88.55994666666662,50.162815238095234,Dublin_City_Centre_(CBD)_min
267096009,653542729,55.02691878787878,53.88226977886976,62.199002962962936,77.14956570479579,80.52901360269365,92.60099757575765,53.88226977886976,IFSC___Docklands_min
268127002,7501522988,36.95233755879058,39.57774666666665,36.12032090225564,62.84504259259258,63.97621333333332,42.46967999999999,36.12032090225564,Sandyford_Business_District_min
268133002,2371748432,24.142576064257028,26.595922730923697,35.80222510822511,49.86321865684962,50.99438939759035,35.53272034632035,24.142576064257028,Dublin_City_Centre_(CBD)_min
268030024/268030025,18896440,,,,,,,,
268143015,11183713522,17.680574166666666,19.37975416666666,43.17684083333332,42.647050092592586,44.53238749999999,53.85918749999999,17.680574166666666,Dublin_City_Centre_(CBD)_min
268093004,269233869,37.4755719047619,38.42312327731092,51.62112658008657,61.69041920323684,61.41647870382734,38.301621818181815,37.4755719047619,Dublin_City_Centre_(CBD)_min
268060008,6352548394,22.16828657276995,28.707979906103287,56.684148997012386,38.46798,43.60654731934731,63.39930753623189,22.16828657276995,Dublin_City_Centre_(CBD)_min
267020017,1514093873,31.46684279069767,30.653522790697668,33.549431515151504,53.92081871662361,56.15198945736435,59.99006018907166,30.653522790697668,IFSC___Docklands_min
268143021,12804264320,17.597023333333333,18.5930432986833,43.09329000000001,41.86033922460924,44.44883666666668,53.77563666666668,17.597023333333333,Dublin_City_Centre_(CBD)_min
267138001/07,6750944603,47.78419365079365,46.234806984126976,67.82220952380952,69.50210291005291,54.737578778998774,30.67002285714286,30.67002285714286,Tallaght_min
267110014,11015857702,42.822091688311694,43.952747441207435,73.98912857142855,57.91066121212121,65.59949126503126,84.22693200577199,42.822091688311694,Dublin_City_Centre_(CBD)_min
267058009/01,2386796932,45.79792948616601,44.65943151515152,33.461573333333334,67.92672744107743,70.15789818181818,56.85969818181818,33.461573333333334,Sandyford_Business_District_min
268115020,428959227,23.599665641025638,22.45501663201663,44.862519999999996,45.72231255794257,48.784835151515146,57.04484054421768,22.45501663201663,IFSC___Docklands_min
268143024/02,11599631496,19.96756999999999,21.666749999999993,45.46383666666668,44.93404592592594,46.81938333333335,56.146183333333354,19.96756999999999,Dublin_City_Centre_(CBD)_min
268056009,4384607655,35.186446060606066,33.637059393939396,56.401539913419924,56.90435531986532,53.68149785547784,32.162326060606055,32.162326060606055,Tallaght_min
268041011,241135378,28.678272629399597,29.808928382295342,59.84530951251645,50.61928592592594,51.45567220611915,70.08311294685988,28.678272629399597,Dublin_City_Centre_(CBD)_min
267080007,2392908039,40.10015148936171,46.71171626923592,27.436665299145297,67.5779719327731,68.67747262411349,42.142807619047595,27.436665299145297,Sandyford_Business_District_min
267138001/03,12716901215,47.12027365079363,45.570886984126965,68.8513295238095,67.42130170502986,54.073658778998755,31.699142857142864,31.699142857142864,Tallaght_min
268104004/268104005,11645489308,9.993586666666662,15.33219099099099,47.96208814814815,38.59948691691692,37.363710000000005,57.81110148148149,9.993586666666662,Dublin_City_Centre_(CBD)_min
267036007,1411048378,43.99668,43.18335999999999,45.73053860716701,66.45065592592591,68.68182666666665,72.519897398374,43.18335999999999,IFSC___Docklands_min
267090004,481234476,38.970165649717515,38.15684564971752,26.886570909090903,61.42414157564345,63.65531231638419,56.42842424242424,26.886570909090903,Sandyford_Business_District_min
268013006,3005570701,36.01774000000002,40.12247333333335,72.52364242424238,42.652421904761916,42.78116387096774,79.98964387096773,36.01774000000002,Dublin_City_Centre_(CBD)_min
268139004,11530760889,9.524159999999997,19.064905727699532,48.51066666666668,42.332201653625496,32.14235111111111,59.496851685393295,9.524159999999997,Dublin_City_Centre_(CBD)_min
268114008,8755169115,23.16699246376811,22.0223434547591,33.0357103030303,45.28963938068504,48.66908727858292,52.312184126984135,22.0223434547591,IFSC___Docklands_min
268032016,4743415883,21.539604684684694,21.359618018018022,57.59234882093772,44.62691394394395,30.65295333333334,56.868703508214104,21.359618018018022,IFSC___Docklands_min
267053018,9865840276,45.30016000000001,43.75077333333334,73.08661333333335,67.01806925925926,46.295330842490856,33.802213333333334,33.802213333333334,Tallaght_min
268117006,13189821543,23.035012121212123,20.803306666666675,37.39115418803419,44.070602592592586,45.66844,49.2944361904762,20.803306666666675,IFSC___Docklands_min
268158013,298538036,28.534141960784314,35.07383529411765,63.05000438502673,35.134652173913054,45.53776717948719,63.62786794326242,28.534141960784314,Dublin_City_Centre_(CBD)_min
267002019,2366275259,61.86070222222223,52.4269688888889,91.68655555555551,66.0130488888889,89.28889037037034,99.32622888888885,52.4269688888889,IFSC___Docklands_min
268107001,7491020623,13.609869616519173,17.844673940843496,49.494002949852515,37.77528979066022,42.66684354979131,59.343016283185854,13.609869616519173,Dublin_City_Centre_(CBD)_min
267082010,260022392,34.819164822695036,41.43072960256925,25.38855282051282,64.69802552849518,63.396485957446814,49.86156888888889,25.38855282051282,Sandyford_Business_District_min
267021010,183666871,34.85414035087721,33.709491341868194,41.162333333333315,56.976787267794094,60.35623516569198,66.60366469622332,33.709491341868194,IFSC___Docklands_min
267052005,8689231309,32.54237212121212,30.992985454545455,67.58788725348727,54.26028138047139,34.047682383107094,36.16019333333334,30.992985454545455,IFSC___Docklands_min
267142006,4878124550,50.564568917748915,49.015182251082244,64.0903076190476,71.0120443137255,60.13433179487177,25.494806153846163,25.494806153846163,Tallaght_min
267099009,253515547,38.24072000000002,29.340320000000013,69.96657333333332,36.87640000000003,66.90828000000002,71.23349999999998,29.340320000000013,IFSC___Docklands_min
268140013,434149496,12.240317469586374,12.742064136253042,44.15607441860465,36.009360062178985,37.455726086956524,47.71487859649124,12.240317469586374,Dublin_City_Centre_(CBD)_min
267132034,2987438320,36.22625333333334,32.17358666666667,72.29983999999997,28.259666666666668,58.291546666666676,62.61676666666666,28.259666666666668,Dublin_Airport_min
267141009,443324661,53.090631111111115,51.54124444444446,58.25361722222223,74.80854037037038,60.480135683760686,22.948644444444447,22.948644444444447,Tallaght_min
268140009,3562601809,15.596811041666665,18.489442032657653,40.95427348837211,41.75673795858359,42.44862437500001,43.36280900432901,15.596811041666665,Dublin_City_Centre_(CBD)_min
267126009,158709971,35.46299231638418,34.64967231638418,28.45003757575757,57.91696824231011,60.148138983050856,57.991890909090905,28.45003757575757,Sandyford_Business_District_min
267040002,6239647351,45.47072,48.885794871794864,82.61837333333334,68.09011238095238,33.68508,70.89355999999998,33.68508,Blanchardstown_min
267134012,11364540056,41.483368172043015,36.34736817204301,76.97362150537634,33.51678150537634,63.548661505376344,67.87388150537633,33.51678150537634,Dublin_Airport_min
268011010,4891651478,27.670150617283948,31.774883950617284,62.51771970819302,34.230740180180184,44.67326036087368,72.52484482018251,27.670150617283948,Dublin_City_Centre_(CBD)_min
268072011,6070559255,30.506247619047624,31.636903371943376,61.673284502164485,54.904199297869305,53.28364719576719,71.91108793650797,30.506247619047624,Dublin_City_Centre_(CBD)_min
268146006,90366437,37.86435308641975,40.317699753086416,43.16247118165784,63.58499567901234,64.71616641975308,29.490196666666666,29.490196666666666,Tallaght_min
268091013,11841365466,38.67698666666665,38.496999999999986,52.762944761904755,61.764295925925914,61.166586203827315,38.688933333333324,38.496999999999986,IFSC___Docklands_min
268028002,6370510038,16.37162158730159,22.91131492063493,50.887484011544004,37.338884444444446,39.13522253968254,61.47473047619046,16.37162158730159,Dublin_City_Centre_(CBD)_min
267087002,4581496495,33.72791076923077,32.91459076923077,36.038134578754565,56.181886695156706,58.41305743589745,62.25112816760476,32.91459076923077,IFSC___Docklands_min
268135005,2958855246,31.721019661016957,34.17436632768363,37.31006095238096,57.44166225360955,58.572832994350286,32.34869019607843,31.721019661016957,Dublin_City_Centre_(CBD)_min
267016001,19080342,99.95341999999997,90.51968666666662,129.7792733333333,104.10576666666665,127.53329703703702,137.41894666666664,90.51968666666662,IFSC___Docklands_min
268008016,301816526,33.809943673469384,36.43449034013607,69.69407700680271,45.701826666666676,60.52206568260181,79.543090340136,33.809943673469384,Dublin_City_Centre_(CBD)_min
267092013,603799846,55.400906666666664,54.58758666666667,20.100733333333345,77.85488259259252,80.08605333333325,65.69735999999999,20.100733333333345,Sandyford_Business_District_min
267030005,12878675216,27.182648888888878,31.287382222222213,64.3303022222222,49.01621481481481,19.197008888888888,56.40548888888887,19.197008888888888,Blanchardstown_min
268060011,26496144,20.661747878787875,27.201441212121207,55.177610303030306,40.303180000000005,43.42534883116884,64.76526788732397,20.661747878787875,Dublin_City_Centre_(CBD)_min
267138021,9988827682,49.665729855072456,48.1163431884058,68.14320981481482,65.98857416879797,59.111011794871814,28.032152592592592,28.032152592592592,Tallaght_min
267090005,319488380,43.94329043478259,43.12997043478258,42.30962424242425,66.39726636070854,68.62843710144928,71.85147757575761,42.30962424242425,Sandyford_Business_District_min
267143014,4932695226,60.04159254769924,58.49220588103258,54.18371030303027,81.7595018069585,65.99527924585217,25.96894745098039,25.96894745098039,Tallaght_min
268050008,4794342754,24.54125628318584,28.77606060751016,60.42538961651916,46.9597637037037,53.59823021645796,70.27440294985254,24.54125628318584,Dublin_City_Centre_(CBD)_min
267056005/03,10177802175,28.113435384615368,27.30011538461537,32.9413665248227,50.56741131054134,52.798582051282075,50.04037985815604,27.30011538461537,IFSC___Docklands_min
267103001/05,5656951187,39.66822969696968,38.11884303030302,74.71374482924485,61.38613895622895,40.52994815850814,52.74533797101449,38.11884303030302,IFSC___Docklands_min
267112001,7124660836,111.16184,109.61245333333333,124.53813999999993,132.87974925925934,118.11522512820517,87.38595333333323,87.38595333333323,Tallaght_min
267029002,12923357189,33.9435356521739,36.64826898550725,71.09118898550729,56.56292803312631,22.157895652173906,59.36637565217393,22.157895652173906,Blanchardstown_min
267147015,11159606254,,,,,,,,
267150014,8669987876,40.08417037037035,42.53751703703702,45.382288465608454,65.80481296296294,66.93598370370368,30.13089666666667,30.13089666666667,Tallaght_min
267100047,247330575,36.10608444444445,34.556697777777785,71.15159957671956,57.82399370370372,36.967802905982914,42.174804444444455,34.556697777777785,IFSC___Docklands_min
267156004,55457257,38.46832561403509,39.41587698658411,46.86644370927319,62.68317291251004,64.77459181786242,27.578711111111108,27.578711111111108,Tallaght_min
267002026,10673999356,59.4011288888889,49.96739555555556,89.2269822222222,63.553475555555565,86.82931703703703,96.86665555555554,49.96739555555556,IFSC___Docklands_min
267029017,5546461152,31.560166274509804,34.93622482758621,68.70781960784316,54.179558655462195,19.112772307692317,56.98300627450981,19.112772307692317,Blanchardstown_min
268138001,3978871173,14.204207826086959,21.005926666666667,49.8940490909091,44.273222592592596,35.360294285714296,60.576395757575774,14.204207826086959,Dublin_City_Centre_(CBD)_min
267065009,253339206,42.39070857142857,43.52136432432432,73.55774545454545,53.41891333333332,65.16810814814814,83.79554888888885,42.39070857142857,Dublin_City_Centre_(CBD)_min
268051007,364875114,31.05966620382731,30.879679537160644,65.6152223255814,54.14697546308657,49.76147953716064,39.641619999999996,30.879679537160644,IFSC___Docklands_min
268006038/03,9510970411,30.278412690763055,30.843491111111113,64.79427511500545,53.51650925925924,32.44884148148148,73.94685481481487,30.278412690763055,Dublin_City_Centre_(CBD)_min
268071020,8908361239,38.23600888888891,40.86055555555558,74.12014222222221,53.079280701754406,64.94813089802133,79.59703333333336,38.23600888888891,Dublin_City_Centre_(CBD)_min
268010013,1506481638,14.81830602409639,21.35799935742972,49.334168448338794,40.56566771929825,35.76744539473684,59.92141491298525,14.81830602409639,Dublin_City_Centre_(CBD)_min
268040007,196360273,31.82089333333333,30.271506666666664,66.86640846560847,53.538802592592596,51.70330666666667,42.93506787878788,30.271506666666664,IFSC___Docklands_min
267028038,6833215668,39.51976,42.224493333333335,76.6674133333333,62.139152380952375,27.73412,64.9426,27.73412,Blanchardstown_min
26701100,9537829067,38.6636314893617,42.94629333333333,29.145840000000007,66.21358925925925,67.24095262411348,46.56684666666665,29.145840000000007,Sandyford_Business_District_min
268092008/01,3423545144,34.46888666666667,35.416438039215684,52.221316556776564,58.683733965141606,60.97494252873561,38.901811794871804,34.46888666666667,Dublin_City_Centre_(CBD)_min
267039012,8328793254,51.314123333333335,50.25178800853485,45.98539,73.5190839344608,75.99927000000001,78.44391,45.98539,Sandyford_Business_District_min
268148009,11226626554,19.647500540540545,19.467513873873877,56.01043387387386,42.73480979979979,41.311732870493984,44.36573894736841,19.467513873873877,IFSC___Docklands_min
268036009,13103815293,19.650009166666663,20.798256410256407,56.797662500000015,44.06555233618236,25.267241379310345,56.307341900452506,19.650009166666663,Dublin_City_Centre_(CBD)_min
267031010,25974257,38.69591111111111,42.800644444444444,75.8435644444444,61.315303492063485,23.693796923076928,64.11875111111111,23.693796923076928,Blanchardstown_min
268081011,2523754088,8.54363611111111,14.563249444444441,45.80616944444444,37.83054537037038,32.55116095238095,56.27184944444445,8.54363611111111,Dublin_City_Centre_(CBD)_min
267122015,218904211,45.04397925925927,44.23065925925927,40.76754845466156,67.49795518518519,69.72912592592597,73.56719665763329,40.76754845466156,Sandyford_Business_District_min
267103020,8830535251,37.46531125,35.915924583333336,72.51082638227516,59.183220509259264,38.32702971153845,56.79236458333333,35.915924583333336,IFSC___Docklands_min
268056001,252322901,33.80600941176472,32.25662274509805,60.30375809523809,55.52391867102395,53.68842274509802,34.221383157894735,32.25662274509805,IFSC___Docklands_min
267112006,5994369600,65.67388000000003,64.12449333333338,91.33898666666668,87.39178925925924,75.03217179487181,54.18680000000001,54.18680000000001,Tallaght_min
268036003,377095062,24.800409166666668,25.05049275362319,61.28322355654291,47.967789999999994,28.581416666666673,60.55957824381928,24.800409166666668,Dublin_City_Centre_(CBD)_min
267158014,2990170593,34.11870285714286,38.22343619047619,71.2663561904762,50.64160952380953,23.516396190476193,63.908209523809525,23.516396190476193,Blanchardstown_min
267120017,12378460522,38.65029925925926,37.836979259259266,34.373868454661554,61.104275185185195,63.33544592592593,67.17351665763324,34.373868454661554,Sandyford_Business_District_min
267155002,8588329206,44.23364549019608,43.20205882352942,54.8336909157509,66.46935474945535,63.246497285067875,34.35027809523809,34.35027809523809,Tallaght_min
267040042/03,5582753641,45.70801948717945,47.929419487179445,82.85567282051284,71.1967154131054,36.285876456876466,74.54967555555554,36.285876456876466,Blanchardstown_min
268104007,131037709,11.796399999999998,16.81188432432433,49.76490148148148,40.07918025025025,40.170682564102556,59.61391481481482,11.796399999999998,Dublin_City_Centre_(CBD)_min
268051005,13856999876,30.864489411764715,29.315102745098045,64.7151399134199,52.58239867102394,50.74690274509801,40.01290666666664,29.315102745098045,IFSC___Docklands_min
268142007,133287064,16.93461523809524,19.827246229086224,33.4167423255814,43.09454215501215,43.786428571428566,42.42635116104869,16.93461523809524,Dublin_City_Centre_(CBD)_min
268010006,699457870,11.677371228070177,18.191371228070178,46.42587365231259,38.767646666666664,32.38112539473685,57.108220318979264,11.677371228070177,Dublin_City_Centre_(CBD)_min
267134016,11363037625,42.09339999999999,33.193000000000005,73.81925333333334,38.92251428571429,68.95439428571427,73.27961428571429,33.193000000000005,IFSC___Docklands_min
268131009,8593585621,24.251231111111114,28.339655000000008,28.60276571428572,51.606950925925915,52.82855224586288,46.58688296296295,24.251231111111114,Dublin_City_Centre_(CBD)_min
268022008,12040093658,35.57461777777778,38.199164444444456,70.84755575757575,41.971097777777786,54.231013333333344,73.37165460992907,35.57461777777778,Dublin_City_Centre_(CBD)_min
268053009,2373975816,27.083220000000004,27.20163333333334,50.92449464254951,50.46892925925925,52.533686203827315,35.92123851851851,27.083220000000004,Dublin_City_Centre_(CBD)_min
268108029/02,9122356827,16.74843945578231,7.314706122448979,49.15762612244898,25.44519649281936,44.14306814814814,54.21396612244897,7.314706122448979,IFSC___Docklands_min
267099002,2367643598,34.15254000000001,25.252140000000004,65.87839333333332,37.32790666666668,62.881181134751756,71.61806666666668,25.252140000000004,IFSC___Docklands_min
268105001,10288509687,14.884067017543858,19.118871341868182,50.7682003508772,42.38616726779413,42.51761872807018,60.61721368421054,14.884067017543858,Dublin_City_Centre_(CBD)_min
268099004,298693141,12.232202298850574,12.052215632183907,48.595135632183904,35.319511558109845,35.60068229885057,46.65344015594542,12.052215632183907,IFSC___Docklands_min
268054004,364875038,36.428039999999996,35.396453333333326,51.42312968944099,58.663749259259255,55.44089179487178,33.92172,33.92172,Tallaght_min
267040003,956527854,44.23828444444444,48.343017777777774,81.38593777777773,66.85767682539682,29.236170256410258,69.66112444444443,29.236170256410258,Blanchardstown_min
267056001,10826928975,27.908657142857155,27.095337142857154,35.245100714285705,50.36263306878305,52.59380380952379,53.09443999999999,27.095337142857154,IFSC___Docklands_min
267095019/267095021,370327598,,,,,,,,
268085017,6190170633,25.30638095238095,23.75699428571428,60.35189608465609,47.02429021164021,45.18879428571429,45.0599511111111,23.75699428571428,IFSC___Docklands_min
267039013/02,7277503526,44.85985333333335,44.046533333333336,46.43872666666666,67.31382925925926,69.54500000000002,73.38307073170732,44.046533333333336,IFSC___Docklands_min
268033001,14653160,26.838732258064514,27.833978730158723,61.78476273405306,46.00356999999998,28.257581176470595,64.93588441492724,26.838732258064514,Dublin_City_Centre_(CBD)_min
268151007,9181606901,25.057079537160647,24.877092870493986,50.20596315891474,48.14438879641993,43.75889287049401,41.09968324324326,24.877092870493986,IFSC___Docklands_min
268030007,1427521499,12.715948571428573,16.820681904761905,49.86360190476189,38.99787060109289,26.898566956521737,60.32928190476189,12.715948571428573,Dublin_City_Centre_(CBD)_min
268020008,59931806,34.589055833333326,37.76296622908624,68.72317523809524,31.04182857142858,39.47841583333335,73.77951523809523,31.04182857142858,Dublin_Airport_min
267155009,4858003468,46.59450888888888,45.46325939393939,58.29770783882785,68.73055531986532,65.50769785547784,33.93639139784946,33.93639139784946,Tallaght_min
267108001,11730535140,29.632853333333337,28.08346666666667,64.67836846560846,51.35076259259259,44.041202905982885,45.11487111111109,28.08346666666667,IFSC___Docklands_min
268086005,5977082252,,,,,,,,
267121010,11407341512,44.83020888888893,43.685559879879925,44.33305512132825,66.95285580580585,70.33230370370372,77.1327033242999,43.685559879879925,IFSC___Docklands_min
268019003,76770678,32.62104,37.46919438596492,67.13690242424244,32.52057333333333,41.03030424242426,69.66100127659575,32.52057333333333,Dublin_Airport_min
267050017,8955445986,38.14477238095239,36.595385714285726,63.89789238095238,59.86268164021165,49.09184618083669,30.54567619047618,30.54567619047618,Tallaght_min
267127007,1520326704,31.651868457711437,30.83854845771144,24.7851875,54.10584438363738,56.33701512437812,57.2437075,24.7851875,Sandyford_Business_District_min
268154002,6250063694,39.03144606060606,37.482059393939394,54.2847504029304,60.74935531986531,57.526497855477835,26.72028070175438,26.72028070175438,Tallaght_min
268112006,1289135499,27.397585185185182,26.252936176176174,38.64173098039214,49.520232102102106,52.89967999999999,61.15130615280593,26.252936176176174,IFSC___Docklands_min
268042012,2416575583,34.71351111111111,37.38317656565656,69.5756426526131,55.513666936026944,61.18600534621579,79.81344608695652,34.71351111111111,Dublin_City_Centre_(CBD)_min
268008010,9733429030,43.3889925,45.41352838229535,75.44990951251653,51.32858833333333,67.06027220611918,85.68771294685993,43.3889925,Dublin_City_Centre_(CBD)_min
268103001,2434933343,25.228016910569107,25.34643024390244,50.58858454780363,48.613726169828375,47.91810620382734,38.527394444444454,25.228016910569107,Dublin_City_Centre_(CBD)_min
268057006,196244542,25.225893333333335,23.67650666666667,60.27140846560847,46.94380259259258,45.10830666666666,44.25216549019607,23.67650666666667,IFSC___Docklands_min
267148013,8626954238,50.811095757575785,49.261709090909115,64.33683445887449,72.52900501683504,69.30614755244758,32.25744615384615,32.25744615384615,Tallaght_min
267004024,187689614,42.20142857142856,43.3320843243243,73.36846545454546,61.94410370370372,64.97882814814812,83.60626888888895,42.20142857142856,Dublin_City_Centre_(CBD)_min
268006030,16054189,19.08414904761905,23.188882380952382,56.231802380952395,46.45617830687832,18.08282814814815,59.580841481481485,18.08282814814815,Blanchardstown_min
267111001,4736074240,57.358730476190495,58.489386229086236,88.52576735930732,81.75668215501216,80.13613005291002,98.76357079365077,57.358730476190495,Dublin_City_Centre_(CBD)_min
268048013,3328318410,22.36772431372549,20.05060431372549,56.975735855227484,38.18109468409588,48.58609854883017,66.94986431372548,20.05060431372549,IFSC___Docklands_min
267092032,412300616,46.39777057471265,50.26832496067757,16.099837241379305,73.53562088660347,74.9750917094644,60.546457754199835,16.099837241379305,Sandyford_Business_District_min
267072005,13324234387,47.21019878787879,46.06554977886979,49.537659487179475,69.33284570479573,72.71229360269363,78.61461021888682,46.06554977886979,IFSC___Docklands_min
268021005,242783741,23.495905531914893,30.035598865248225,58.01176795615733,33.82327884057971,46.25950648429586,61.66920014184398,23.495905531914893,Dublin_City_Centre_(CBD)_min
267147023,12519988891,39.135887619047615,37.58650095238095,52.11275428571428,60.85379687830688,49.564272747252744,11.681066666666668,11.681066666666668,Tallaght_min
267027003,12279041282,24.04933623188406,25.537402898550727,61.196989565217386,48.80469882447665,10.015598461538456,56.94267407407408,10.015598461538456,Blanchardstown_min
267095028,9581726251,42.65646857142859,43.78712432432433,73.8235054545455,67.05442025025027,65.43386814814816,84.06130888888893,42.65646857142859,Dublin_City_Centre_(CBD)_min
267138002/02,279572533,43.62936363636365,42.07997696969698,74.98949479797976,65.34727289562291,49.8660820979021,34.878437575757566,34.878437575757566,Tallaght_min
268030020,747096236,,,,,,,,
267015008,1411048137,46.007133333333336,45.19381333333334,37.095835862068974,68.46110925925927,70.69228,74.53035073170732,37.095835862068974,Sandyford_Business_District_min
268144011,91564853,30.14602,31.09357137254902,44.710092202462384,54.360867298474936,56.65207586206895,36.46792307692307,30.14602,Dublin_City_Centre_(CBD)_min
268146005,2746496428,33.852472380952385,36.30581904761905,39.15059047619049,59.57311497354498,60.70428571428572,32.13087111111111,32.13087111111111,Tallaght_min
267100067,3001440786,33.38029041666666,31.830903749999994,68.42580554894182,55.09819967592595,34.24200887820512,46.54533230769234,31.830903749999994,IFSC___Docklands_min
267093002,12721868492,69.06356,59.629826666666666,98.88941333333332,73.21590666666665,96.49174814814815,106.52908666666666,59.629826666666666,IFSC___Docklands_min
268065003,52199852,32.57202424242424,36.67675757575757,69.07792666666666,33.57909523809524,37.461384242424245,76.31678190476192,32.57202424242424,Dublin_City_Centre_(CBD)_min
267040059/01,12979522240,40.56021238095238,41.95354111111111,75.9043251150055,64.62655925925925,31.076799999999988,71.60906666666664,31.076799999999988,Blanchardstown_min
267003014,560619002,66.70857523809524,57.97044631578945,97.2300329824561,71.55652631578951,89.4859748148148,104.86970631578943,57.97044631578945,IFSC___Docklands_min
267097010,244349000,46.97607999999998,46.16275999999998,42.69964919540227,69.43005592592593,71.66122666666665,75.499297398374,42.69964919540227,Sandyford_Business_District_min
267037001,4092470317,46.746982745098045,45.93366274509804,37.835685273833676,69.20095867102397,71.43212941176469,75.27020014347201,37.835685273833676,Sandyford_Business_District_min
267123030,5058354626,60.686559799498724,61.81721555239448,91.8535966826157,71.73502111111112,83.46395937621838,102.09140011695916,60.686559799498724,Dublin_City_Centre_(CBD)_min
268069002,1230024593,31.322542222222225,35.42727555555557,67.82844464646466,40.700033333333344,30.724820000000005,74.92833999999999,30.724820000000005,Blanchardstown_min
268063006,2686868859,30.210008333333327,34.31474166666666,66.71591075757576,38.09958166666667,31.178441481481475,75.38196148148148,30.210008333333327,Dublin_City_Centre_(CBD)_min
267103001/18,10229171336,40.29917490196078,38.74978823529412,75.34469003423594,62.01708416122004,41.16089336349924,54.33456156862744,38.74978823529412,IFSC___Docklands_min
267133018,296518845,46.95095333333334,41.81495333333334,82.44120666666669,38.98436666666666,69.01624666666667,73.34146666666669,38.98436666666666,Dublin_Airport_min
268026006,2375593742,28.369662380952377,32.308611666666664,62.8855248051948,39.06919571428571,46.26898238095237,65.40962365754812,28.369662380952377,Dublin_City_Centre_(CBD)_min
268058009,1400142759,27.593104301075275,34.13279763440861,62.108966725317664,42.94088098039213,50.35670525345619,66.94745666666662,27.593104301075275,Dublin_City_Centre_(CBD)_min
267069002,8882678907,39.567019047619056,38.75369904761905,39.01328571428572,62.02099497354498,64.25216571428572,68.09023644599304,38.75369904761905,IFSC___Docklands_min
267147017,11554213631,52.097297777777776,50.54791111111113,62.57416444444445,70.08153764705885,62.525682905982904,21.955311111111104,21.955311111111104,Tallaght_min
267020015,3623839231,31.786192316384184,30.972872316384187,30.637877575757578,54.24016824231011,56.47133898305085,60.179730909090914,30.637877575757578,Sandyford_Business_District_min
267138001/06,6750944642,52.13362031746032,50.58423365079365,72.17163619047619,72.69572837169652,59.08700544566545,35.01944952380952,35.01944952380952,Tallaght_min
267097021,13363022331,48.3312947126437,47.5179747126437,40.187018892371995,70.78527063856957,73.0164413793104,76.85451211101764,40.187018892371995,Sandyford_Business_District_min
267002016,2366243342,66.26962222222222,56.835888888888896,96.09547555555554,70.42196888888886,93.69781037037036,103.73514888888887,56.835888888888896,IFSC___Docklands_min
268162004,1426048719,22.954424444444445,24.967300261437916,40.77512899224805,48.23459618736384,49.80623777777778,39.934845217391306,22.954424444444445,Dublin_City_Centre_(CBD)_min
267100090,11611960290,30.392971271477663,28.843584604810996,65.4384864037528,52.110880530736935,31.25468973301612,50.54053473684212,28.843584604810996,IFSC___Docklands_min
268030001,4889112248,21.8572123076923,28.609588571428564,57.77371897435897,47.2538962962963,33.13401926421404,66.19725017488078,21.8572123076923,Dublin_City_Centre_(CBD)_min
268004005,325713096,21.38194095238095,19.8325542857143,56.42745608465611,43.09985021164024,39.83523333333333,50.20037333333336,19.8325542857143,IFSC___Docklands_min
267060001,265615814,52.478299858156056,51.33365084914704,66.99196338756781,74.60094677507296,77.9803946729708,90.05237864603481,51.33365084914704,IFSC___Docklands_min
268078001,429347168,31.0994761904762,29.55008952380954,66.14499132275132,52.81738544973545,50.98188952380952,44.51576000000001,29.55008952380954,IFSC___Docklands_min
267007001,9543930593,41.27942482269502,45.562086666666666,26.111633333333334,67.06755764705883,69.00200744704571,41.63239333333333,26.111633333333334,Sandyford_Business_District_min
268055002,13892696892,34.808167179487185,34.926580512820514,56.154616171735256,58.19387643874645,55.039031794871796,33.519859999999994,33.519859999999994,Tallaght_min
267096002,13530231548,49.03242424242426,48.219104242424265,40.1211267711599,71.48640016835012,73.71757090909084,77.55564164079814,40.1211267711599,Sandyford_Business_District_min
268074012,2423266431,28.646325962732938,29.776981715628683,59.813362845849824,51.05027261015961,51.42372553945252,70.05116628019326,28.646325962732938,Dublin_City_Centre_(CBD)_min
268114007,8905359950,18.937459130434778,17.792810121425767,37.238123636363625,41.06010604735171,44.43955394524959,53.8398736231884,17.792810121425767,IFSC___Docklands_min
268128022,1250706373,19.578520000000005,19.058313846153847,32.906271746031756,42.32560977207977,44.55678051282051,46.421017398373984,19.058313846153847,IFSC___Docklands_min
268109008,1025224375,,,,,,,,
267136003,440701619,54.1616884848485,52.61230181818183,60.32023311827957,75.87959774410774,61.30376088578089,22.734589090909086,22.734589090909086,Tallaght_min
267133003,26472658,43.64242444444446,39.639757777777795,79.71601111111111,35.67583777777777,65.70771777777779,70.03293777777779,35.67583777777777,Dublin_Airport_min
267002015,2366243439,68.46602222222221,59.03228888888888,98.29187555555556,72.61836888888888,95.89421037037037,105.9315488888889,59.03228888888888,IFSC___Docklands_min
267029007,4833115974,29.219971954022988,32.14137195402299,66.36762528735632,51.839364334975365,17.434331954022987,54.64281195402298,17.434331954022987,Blanchardstown_min
267124002,12753113685,38.68893333333333,37.875613333333334,29.92268034188033,61.142909259259255,63.37408,51.884213333333335,29.92268034188033,Sandyford_Business_District_min
267069001/06,12556790884,43.14477520128823,42.000126192279225,42.09962522522521,65.26742211820516,68.64687001610304,72.59115944965596,42.000126192279225,IFSC___Docklands_min
268066003,8948751673,28.303115000000002,32.40784833333334,64.80901742424241,36.19268833333332,25.63747753086421,69.8409975308642,25.63747753086421,Blanchardstown_min
267115015,2465687918,43.59982,46.05316666666667,38.229102222222224,65.85643764705883,67.7908874470457,36.91176666666666,36.91176666666666,Tallaght_min
268110011,1359298433,,,,,,,,
267068011,480002765,43.446625454545455,42.30197644553645,44.95449882352941,65.56927237146239,68.94872026936028,74.03144955523675,42.30197644553645,IFSC___Docklands_min
267070003,319029820,38.79311508771931,37.97979508771929,38.446499047619064,61.24709101364523,63.47826175438597,67.31633248609329,37.97979508771929,IFSC___Docklands_min
267153005,1802929688,47.1099649122807,48.057516284829724,55.508083007518806,71.32481221075564,66.94402957264955,28.374857777777773,28.374857777777773,Tallaght_min
268111002,4894695838,23.55594545454546,22.411296445536447,44.473622962962985,45.67859237146238,49.05804026936026,61.13002424242425,22.411296445536447,IFSC___Docklands_min
268146007,1326676687,40.978298765432086,43.431645432098755,46.27641686067019,66.69894135802468,67.83011209876541,31.272453333333328,31.272453333333328,Tallaght_min
268104006,6937110778,8.34176,13.28632432432433,46.31026148148147,36.55362025025025,36.64512256410255,56.15927481481481,8.34176,Dublin_City_Centre_(CBD)_min
267024003,634656751,45.06576848484848,43.92111947583947,40.00417904761905,67.18841540176543,70.01805904761906,71.62203555555554,40.00417904761905,Sandyford_Business_District_min
267099001,661182869,36.04022666666666,27.139826666666668,67.76608,34.67590666666667,64.70778666666666,69.03300666666665,27.139826666666668,IFSC___Docklands_min
268108014,7491098067,14.596805057471261,6.95725111111111,48.26683777777779,26.55034925925926,40.215681481481475,53.32317777777778,6.95725111111111,IFSC___Docklands_min
268152009,5755229833,25.983714705569493,25.80372803890283,50.35074815891473,49.07102396482875,44.68552803890282,42.676536576576595,25.80372803890283,IFSC___Docklands_min
267070007,7604517291,39.17306476190476,38.35974476190476,38.61933142857142,61.627040687830686,63.85821142857142,67.69628216027874,38.35974476190476,IFSC___Docklands_min
267091004,1510836631,134.0088323809524,124.57509904761905,163.33468571428563,140.66002039215675,131.65139238095242,168.85987238095225,124.57509904761905,IFSC___Docklands_min
267100048,12044682289,40.91200444444447,39.3626177777778,75.95751957671953,62.629913703703735,41.77372290598292,46.98072444444447,39.3626177777778,IFSC___Docklands_min
268157003,1534456535,22.899643950617286,27.00437728395062,57.74721304152637,29.902002162162166,39.90275369420703,67.75433815351583,22.899643950617286,Dublin_City_Centre_(CBD)_min
268119002,374587286,36.138560000000005,38.76310666666668,72.02269333333334,50.98183181286551,62.850682009132434,81.8717066666667,36.138560000000005,Dublin_City_Centre_(CBD)_min
267131015,300120398,43.78964627450979,39.78697960784313,79.86323294117649,35.82305960784314,65.85493960784314,70.18015960784312,35.82305960784314,Dublin_Airport_min
268042022,1426961762,34.30213777777779,36.97180323232323,69.16426931927975,55.1022936026936,60.77463201288244,79.40207275362322,34.30213777777779,Dublin_City_Centre_(CBD)_min
267124010,12017463739,37.9284115151515,37.11509151515151,30.98244571428572,60.382387441077455,62.6135581818182,63.4409657142857,30.98244571428572,Sandyford_Business_District_min
267130006,257304270,38.254935238095236,39.38559099099099,69.42197212121214,59.36973857549856,61.032334814814824,79.65977555555553,38.254935238095236,Dublin_City_Centre_(CBD)_min
268079008,364875080,24.716774166666664,23.1673875,59.762289298941816,46.43468342592595,44.59918750000001,36.85615215686274,23.1673875,IFSC___Docklands_min
268096008,3800663498,14.011963809523811,14.537147450980392,39.6560787878788,37.804443376906335,40.292724848484866,50.33842545454547,14.011963809523811,Dublin_City_Centre_(CBD)_min
267065021/02,5305454710,49.56837523809528,50.69903099099103,80.7354121212121,64.26768761904765,72.34577481481483,90.97321555555551,49.56837523809528,Dublin_City_Centre_(CBD)_min
268111014,654085452,24.354885797101453,23.210236788092445,41.287043636363634,46.47753271401838,49.85698061191626,58.8096507936508,23.210236788092445,IFSC___Docklands_min
268037003,901532,26.751277948717952,26.571291282051288,62.75402208497099,49.83858720797721,43.510989441930626,48.93439333333333,26.571291282051288,IFSC___Docklands_min
268028007,11802247823,16.20276074074074,20.307494074074068,52.458663164983165,36.192667500000006,33.205870484330475,63.14100983164984,16.20276074074074,Dublin_City_Centre_(CBD)_min
267149003,6178641109,,,,,,,,
268034002,6792384354,27.029620309810674,27.59469873015873,61.545482734053074,46.43268666666667,33.2000491005291,71.18522190045246,27.029620309810674,Dublin_City_Centre_(CBD)_min
267138013/02,443679512,48.72426666666667,47.174880000000016,63.88677078544061,70.44217592592594,54.96098512820513,23.775713563218368,23.775713563218368,Tallaght_min
268039006,4835708128,28.509243809523817,26.95985714285715,63.554758941798944,50.227153068783075,46.1200213186813,44.2906576344086,26.95985714285715,IFSC___Docklands_min
267153001,2584874863,46.16654596491229,47.11409733746131,54.564664060150385,70.38139326338724,66.99010957264957,28.420937777777777,28.420937777777777,Tallaght_min
267084037,10100650616,53.74544000000001,56.19878666666668,46.88170000000001,74.58435764705882,68.47019179487181,28.443859999999997,28.443859999999997,Tallaght_min
267118029,1426297565,62.48024307435255,59.24900888888889,93.64727995746944,63.668422222222226,85.25764265107212,98.02552222222221,59.24900888888889,IFSC___Docklands_min
267056006/01,12124092279,30.790470476190478,29.97715047619048,33.510747330316754,53.2444464021164,55.47561714285714,50.17238666666666,29.97715047619048,IFSC___Docklands_min
268103002,2038533941,27.610278095238094,27.72869142857143,48.03546454780361,50.99598735449734,49.23478620382732,37.95248324324324,27.610278095238094,Dublin_City_Centre_(CBD)_min
267020014,193747920,35.21012564971751,34.396805649717514,29.331664242424235,57.66410157564345,59.89527231638419,58.87351757575757,29.331664242424235,Sandyford_Business_District_min
267081001,208925515,37.41096482269502,41.69362666666665,27.893173333333337,64.96092259259258,65.98828595744679,45.5645,27.893173333333337,Sandyford_Business_District_min
267146007,9464710848,57.66321225672879,56.11382559006213,51.77797333333333,79.38112151598803,61.229131794871776,21.202800000000018,21.202800000000018,Tallaght_min
268047005,42503305,26.97333830845772,27.16365641025641,58.42923151515151,42.93597666666667,50.0395942087542,68.66703494949495,26.97333830845772,Dublin_City_Centre_(CBD)_min
267146013,440688014,50.00837805383024,48.45899138716358,45.8495664516129,71.72628731308949,54.51210222965441,15.025933333333342,15.025933333333342,Tallaght_min
267082007,132217993,43.50629815602836,44.11232484848486,30.986173333333333,67.37962077441078,69.61079151515153,55.23755555555555,30.986173333333333,Sandyford_Business_District_min
267127004,146658654,34.113816124031,33.300496124031,24.759512380952383,56.567792049956935,58.79896279069768,57.21803238095238,24.759512380952383,Sandyford_Business_District_min
268134013,9588688395,26.45384444444446,30.621029397590362,30.979459047619066,53.8883253235163,55.01949606425704,39.21774701298701,26.45384444444446,Dublin_City_Centre_(CBD)_min
268058016/02,1672696445,25.164776283185837,29.399580607510163,61.04890961651918,51.17235455399066,51.31391142857147,70.89792294985249,25.164776283185837,Dublin_City_Centre_(CBD)_min
267088018,403881158,36.463305000000005,35.649985,37.27865501915709,58.91728092592594,61.14845166666667,64.98652239837399,35.649985,IFSC___Docklands_min
268106011,532751154,8.223199999999999,10.940644347826087,44.80023101449275,34.207940273752016,36.51165942028983,48.58845942028984,8.223199999999999,Dublin_City_Centre_(CBD)_min
268034004,2369219547,27.49047892473118,29.173952063492052,63.12473606738643,46.65531666666666,28.323036666666663,65.30678190045248,27.49047892473118,Dublin_City_Centre_(CBD)_min
267157002,1424006673,49.15520666666667,48.12362,58.08321333333336,71.39091592592595,68.16805846153846,32.47269460317461,32.47269460317461,Tallaght_min
267049008,10761186147,36.18930666666665,34.63992,61.94242666666665,57.90721592592591,40.30644618083669,27.041359999999997,27.041359999999997,Tallaght_min
267151007,54859738,40.22617641025641,41.173727782805436,48.62429450549451,64.44102370873136,63.1156282051282,26.727231397849458,26.727231397849458,Tallaght_min
268030027,6543044042,,,,,,,,
268042028,3522104987,36.03784484848484,37.10754476190475,70.89997638998679,55.23803513227515,62.510339083589535,81.13777982433022,36.03784484848484,Dublin_City_Centre_(CBD)_min
268013001,3005645648,31.793117575757574,35.89785090909092,68.29902,36.69235000000001,36.68247757575759,73.83277794326243,31.793117575757574,Dublin_City_Centre_(CBD)_min
267050015,8951456811,37.81295416666667,36.26356750000001,63.56607416666666,59.53086342592592,45.756028937728935,30.345222857142858,30.345222857142858,Tallaght_min
268042004,241790116,28.438051282051283,31.107716736596736,63.300182823553264,49.23820710696712,54.91054551715596,73.53798625789672,28.438051282051283,Dublin_City_Centre_(CBD)_min
267131009,12593946679,42.100584444444436,38.09791777777777,78.17417111111111,34.13399777777777,64.16587777777777,68.49109777777777,34.13399777777777,Dublin_Airport_min
267104010/02,10594944511,51.677140512820515,42.77674051282052,84.08632717948718,47.19615384615385,77.22803384615386,81.55325384615385,42.77674051282052,IFSC___Docklands_min
268006038/02,12282132031,29.624959357429717,30.190037777777775,64.14082178167214,52.86305592592593,31.795388148148145,73.29340148148154,29.624959357429717,Dublin_City_Centre_(CBD)_min
268016011/268016012/268016013,4359234303,30.345723787878793,30.38008811220311,61.34029712121214,24.40738022988506,39.8090635897436,66.39663712121212,24.40738022988506,Dublin_Airport_min
267078017,11987652971,43.886764912280675,43.07344491228068,24.624698245614034,66.3407408382066,68.57191157894734,48.998719999999985,24.624698245614034,Sandyford_Business_District_min
268125001/02,8914846571,35.835432629399584,34.6522,67.00246951251648,52.782690370370375,58.61283220611918,77.24027294685992,34.6522,IFSC___Docklands_min
267053026,9866430157,42.33694666666666,40.78755999999999,70.12339999999996,64.05485592592592,43.3321175091575,30.839,30.839,Tallaght_min
268157001,6370130814,21.58422430107527,28.123917634408603,56.100086725317674,36.181880980392165,44.34782525345621,60.18845666666666,21.58422430107527,Dublin_City_Centre_(CBD)_min
267047003,8557904891,45.931431937984506,44.382045271317835,62.557120000000005,60.32985764705886,56.716080780379045,31.9601909090909,31.9601909090909,Tallaght_min
268150007,2406953578,18.90368293785311,18.723696271186444,55.26661627118643,41.99099219711236,39.410437632398754,43.58895228070175,18.723696271186444,IFSC___Docklands_min
267145012,4921047837,57.024808484848485,55.47542181818182,52.845186666666656,78.74271774410774,62.731078461538445,22.70474666666667,22.70474666666667,Tallaght_min
268072005,968109471,34.09671428571429,35.22737003861004,65.26375116883115,58.494665964535976,56.87411386243386,75.5015546031746,34.09671428571429,Dublin_City_Centre_(CBD)_min
267081004,208925432,37.337458156028376,42.96173333333332,27.90684615384616,66.22902925925925,65.91477929078015,47.088980000000014,27.90684615384616,Sandyford_Business_District_min
267049028,14019118074,34.772803030303024,33.22341636363636,66.24258969696967,56.490712289562275,35.634521491841475,29.458189696969693,29.458189696969693,Tallaght_min
267106003,4064181392,44.332679999999996,35.43228,76.05853333333334,42.96836,71.34889817615934,77.32546,35.43228,IFSC___Docklands_min
268009009,701151019,16.76310961651917,20.9979139408435,52.6472429498525,44.265209866769425,45.82008354979129,62.496256283185836,16.76310961651917,Dublin_City_Centre_(CBD)_min
267038013,534895545,41.53282782608696,40.71950782608695,41.31504919540233,63.98680375201287,66.21797449275361,70.05604522446092,40.71950782608695,IFSC___Docklands_min
268071022/02,10652938142,39.122115032679744,41.74666169934641,75.00624836601308,46.73322095238097,65.83423704181216,75.40412666666663,39.122115032679744,Dublin_City_Centre_(CBD)_min
268018003/268018004/268018009,2407397062,31.409916724137936,31.444281048462255,62.40449005747126,24.577298390804604,42.360765442176856,67.46083005747126,24.577298390804604,Dublin_Airport_min
267011001,239677069,45.69065815602834,49.97331999999997,33.64028549019608,73.24061592592597,74.26797929078018,48.090953333333346,33.64028549019608,Sandyford_Business_District_min
267103017,2640122488,35.621857971014485,34.07247130434782,70.66737310328963,57.33976723027375,36.48357643255295,48.65724463768115,34.07247130434782,IFSC___Docklands_min
267073001,7591496620,47.52282666666667,46.460491341868185,42.19409333333333,69.72778726779411,72.20797333333333,74.65261333333333,42.19409333333333,Sandyford_Business_District_min
267091003,253490657,128.2913333333333,122.58768571428575,161.34727238095238,120.32474666666666,129.66397904761908,154.6818466666667,120.32474666666666,Dublin_Airport_min
268150004,3131145730,21.296686553672323,21.11669988700566,57.65961988700563,44.38399581293156,42.47246620382733,44.166118558558566,21.11669988700566,IFSC___Docklands_min
267100014,248975532,37.22228952380952,35.67290285714286,72.26780465608466,58.94019878306879,38.08400798534798,43.29100952380952,35.67290285714286,IFSC___Docklands_min
268074009,301832565,32.088499296066274,33.219155048962016,63.25553617918316,54.492445943492946,54.86589887278585,73.49333961352659,32.088499296066274,Dublin_City_Centre_(CBD)_min
267145007,9890798418,54.39055311827955,53.17868472049687,47.336819784946215,75.03947743200504,59.2317955629877,20.63988000000001,20.63988000000001,Tallaght_min
267028017,12901444175,39.36838528735632,42.2897852873563,76.51603862068968,61.98777766830867,27.58274528735631,64.79122528735628,27.58274528735631,Blanchardstown_min
267103001/06,9786611351,37.74290969696969,36.19352303030303,72.78842482924485,59.460818956228955,38.60462815850815,52.453296363636355,36.19352303030303,IFSC___Docklands_min
267100030,597687378,36.660924444444426,35.11153777777778,71.70643957671959,58.37883370370369,37.5226429059829,42.729644444444425,35.11153777777778,IFSC___Docklands_min
267143013,1420913409,60.189819214365905,58.64043254769925,55.32640242424244,81.90772847362517,66.82205257918552,26.79572078431372,26.79572078431372,Tallaght_min
268065004,5414223029,32.1689225,36.273655833333336,68.11694857142858,30.435601904761914,37.058282500000004,73.17328857142859,30.435601904761914,Dublin_Airport_min
267094004,5205647257,61.95408862990811,58.722854444444444,93.12112551302499,63.142267777777775,84.73148820662769,97.49936777777778,58.722854444444444,IFSC___Docklands_min
267029025,12884013203,29.964998620689656,32.88639862068966,67.11265195402297,52.58439100164201,18.179358620689655,55.387838620689635,18.179358620689655,Blanchardstown_min
267085011/04,9668562403,64.21870909090909,66.67205575757575,49.881642424242415,77.58430007130124,76.32845074085336,36.302118945981555,36.302118945981555,Tallaght_min
268070018,3468190697,29.014890967741938,32.990721594896335,63.530753391984355,43.85632098039216,50.997319999999995,67.86289666666666,29.014890967741938,Dublin_City_Centre_(CBD)_min
268075004,301801698,34.90645929606626,36.03711504896201,66.07349617918314,52.599361212121195,57.68385887278583,76.31129961352653,34.90645929606626,Dublin_City_Centre_(CBD)_min
267002010,433637840,63.68147999999999,54.247746666666664,93.50733333333336,67.83382666666667,91.10966814814817,101.14700666666668,54.247746666666664,IFSC___Docklands_min
268120002,5564561122,39.70805833333335,42.332605000000015,75.59219166666668,52.51972242424243,66.42018034246577,85.44120500000002,39.70805833333335,Dublin_City_Centre_(CBD)_min
267116001,7805023418,51.445320000000024,53.898666666666685,42.03302153846155,62.84337251885371,64.77782231884059,37.40820820512821,37.40820820512821,Tallaght_min
268092002,4698094618,31.287613333333336,32.235164705882354,49.36899565891472,55.50246063180827,57.79366919540227,43.796578333333365,31.287613333333336,Dublin_City_Centre_(CBD)_min
268093010,75681230,33.0775725,32.89758583333334,46.78763390180878,56.164881759259266,55.56717203716066,36.27181282051283,32.89758583333334,IFSC___Docklands_min
267123025/01,253397192,53.002893132832064,54.13354888572782,84.16993001594899,70.31090551378446,75.78029270955169,94.40773345029244,53.002893132832064,Dublin_City_Centre_(CBD)_min
267151011,8633054706,44.52082974358973,45.46838111613875,52.91894783882783,68.73567704206468,67.2312829059829,30.092378064516133,30.092378064516133,Tallaght_min
267147002,6226093105,47.34407908045978,45.794692413793115,57.31314963601533,69.06198833971904,57.77246420866491,17.2020924137931,17.2020924137931,Tallaght_min
268042009,1095730889,32.446784615384615,35.11645006993006,67.3089161568866,53.246940440300456,58.9192788504893,77.54671959123006,32.446784615384615,Dublin_City_Centre_(CBD)_min
268006007,16054007,25.563865641025647,27.043598974358982,62.711518974358945,46.84510564102562,24.151040000000005,62.55268446455503,24.151040000000005,Blanchardstown_min
268127003,2479264920,38.26948,40.722826666666656,42.793614235588976,63.99012259259259,65.12129333333333,42.714316862745115,38.26948,Dublin_City_Centre_(CBD)_min
268109002,581596516,16.29393368421053,9.362333333333332,52.06202444444445,33.683033910422054,44.27380762157383,57.11836444444444,9.362333333333332,IFSC___Docklands_min
268140010,6214288550,13.575450802919702,13.996762352941175,45.68435441860465,37.264058278867104,38.063385018726585,46.42355145299146,13.575450802919702,Dublin_City_Centre_(CBD)_min
267133006,296473746,44.189321212121214,39.05332121212122,79.67957454545453,36.22273454545455,65.30710588235294,70.57983454545453,36.22273454545455,Dublin_Airport_min
267028071,169350289,33.59153565217391,36.296268985507254,70.73918898550727,56.210928033126294,21.80589565217391,59.01437565217392,21.80589565217391,Blanchardstown_min
267045005,9123194096,43.00182333333334,45.45517,41.768552820512824,68.72246592592593,69.85363666666667,48.2922468627451,41.768552820512824,Sandyford_Business_District_min
268100013,4352655824,17.78659137254902,17.90500470588235,46.30786232558137,41.17230063180826,41.741749195402285,42.50415809523808,17.78659137254902,Dublin_City_Centre_(CBD)_min
268110020,8761089846,28.182746086956527,22.14943586206897,49.19334999999999,40.279926232439344,55.03455942028985,64.36135942028986,22.14943586206897,IFSC___Docklands_min
268124004,2699878904,35.05904596273293,36.18970171562867,66.2260828458498,57.462992610159596,57.8364455394525,76.46388628019322,35.05904596273293,Dublin_City_Centre_(CBD)_min
267147016,6231340303,49.732591111111105,48.18320444444445,60.20945777777777,70.64024431372552,60.160976239316234,19.590604444444445,19.590604444444445,Tallaght_min
267092018,2370751491,58.38364000000001,57.57032000000001,23.083466666666677,80.83761592592586,83.06878666666661,68.68009333333333,23.083466666666677,Sandyford_Business_District_min
268135009,565005266,26.514562841530054,28.967909508196723,39.48818794975518,52.235205434122655,53.36637617486339,32.09328653594771,26.514562841530054,Dublin_City_Centre_(CBD)_min
268041013,1427047503,24.176537556935823,25.307193309831572,55.343574440052684,46.58048420436248,46.95393713365538,65.58137787439613,24.176537556935823,Dublin_City_Centre_(CBD)_min
268099011,6233178778,16.169602528735627,15.98961586206896,46.844275658914704,39.256911787994895,39.538082528735636,44.093199999999996,15.98961586206896,IFSC___Docklands_min
267040007,16465223,32.257943859649124,34.47934385964913,69.40559719298247,57.74663978557506,19.026590303030307,66.57460363636363,19.026590303030307,Blanchardstown_min
268101004,1426048759,26.043093061224493,26.161506394557822,48.27910738305267,49.42880232048376,50.05654896551724,45.45084946236558,26.043093061224493,Dublin_City_Centre_(CBD)_min
267004002,6436333124,40.1451619047619,41.27581765765764,71.31219878787878,64.54311358358358,62.92256148148146,81.55000222222228,40.1451619047619,Dublin_City_Centre_(CBD)_min
267118030,1426297497,60.93552307435255,57.70428888888889,92.10255995746942,62.12370222222223,83.71292265107212,96.48080222222221,57.70428888888889,IFSC___Docklands_min
267076011,9780129526,37.35798545454545,36.21333644553644,51.871648983957236,59.480632371462406,62.86008026936029,74.93206424242426,36.21333644553644,IFSC___Docklands_min
268069005,2686926134,36.42642222222223,39.86543777777779,72.93232464646465,44.315995555555546,34.34078222222224,78.54430222222224,34.34078222222224,Blanchardstown_min
267080015,243189169,35.96791148936169,40.25057333333333,26.39145025641026,63.51786925925925,64.54523262411347,43.97485999999997,26.39145025641026,Sandyford_Business_District_min
267119002,2880198510,82.23939999999999,80.69001333333334,105.49960000000002,103.95730925925928,89.19278512820512,68.34741333333335,68.34741333333335,Tallaght_min
267080028,5631279001,35.58348482269504,42.195049602569256,22.91999863247863,65.46234552849519,64.16080595744683,47.263422608695656,22.91999863247863,Sandyford_Business_District_min
267110004,253511574,42.45385471861473,43.58451047151048,73.6208916017316,57.54242424242425,65.2312542953343,83.85869503607505,42.45385471861473,Dublin_City_Centre_(CBD)_min
267031014,13076500498,38.85023428571427,40.33830095238093,75.20788511500554,58.781567692307654,10.341706666666663,67.05987435897431,10.341706666666663,Blanchardstown_min
267029036,13094023394,32.63098285714284,34.11904952380951,69.77863619047618,53.328567692307686,10.586413333333331,59.200653333333314,10.586413333333331,Blanchardstown_min
267050001,8978171163,34.82012952380954,33.27074285714287,60.57324952380952,56.53803878306879,44.21835284750337,25.672182857142865,25.672182857142865,Tallaght_min
268128012/02,5417187898,21.512290208333333,19.69897020833333,35.824983720930234,42.96626613425926,45.197436874999994,47.96226421196181,19.69897020833333,IFSC___Docklands_min
268081014,810892697,11.349893333333332,20.890639061032868,50.33640000000001,42.90786623655914,33.96808444444444,59.31668126984126,11.349893333333332,Dublin_City_Centre_(CBD)_min
268071024/02,968130468,44.073048366013076,46.69759503267974,77.58057366883114,55.322314285714306,69.19093636243385,80.52296666666665,44.073048366013076,Dublin_City_Centre_(CBD)_min
268027011,6935294717,15.140394545454546,19.24512787878788,51.396296969696955,34.34104083333334,30.61280727272727,62.07864363636362,15.140394545454546,Dublin_City_Centre_(CBD)_min
267115017,7773440259,48.31709539740767,50.058090574712644,31.609343908045975,60.12546882985454,62.05991862984141,34.69030451612903,31.609343908045975,Sandyford_Business_District_min
267004008,11415444517,34.21121079365081,35.34186654654656,65.37824767676769,58.60916247247249,56.988610370370374,75.6160511111111,34.21121079365081,Dublin_City_Centre_(CBD)_min
267029034,16344999,30.90092229885058,33.82232229885059,68.0485756321839,53.520314679802944,19.115282298850577,56.32376229885056,19.115282298850577,Blanchardstown_min
268006034/01,249199834,23.834452690763058,24.399531111111116,58.35031511500547,47.07254925925926,26.004881481481487,67.50289481481482,23.834452690763058,Dublin_City_Centre_(CBD)_min
268114013,713264555,,,,,,,,
268109004,13639059056,14.724160350877195,10.168026666666666,50.60829368421052,34.488727243755385,43.78113428414932,57.362739812206584,10.168026666666666,IFSC___Docklands_min
267061003,1411222444,50.34861212121215,49.20396311220314,64.86227565062391,72.47125903812903,75.85070693602691,87.9226909090909,49.20396311220314,IFSC___Docklands_min
267149004,11023211666,50.90083111111112,52.14759628482971,50.29699447154471,75.41489221075564,71.67100179487183,33.101830000000014,33.101830000000014,Tallaght_min
268028010,9550748331,,,,,,,,
267088004,13634921165,41.93435710144927,41.121037101449275,31.38752168582376,64.3883330273752,66.61950376811595,70.45757449982325,31.38752168582376,Sandyford_Business_District_min
268113010,11931767443,27.831958518518515,26.68730950950951,39.27696666666665,49.95460543543547,53.33405333333335,58.086929591018475,26.68730950950951,IFSC___Docklands_min
267017012,742609141,34.08239515151514,32.937746142506136,37.43811859649123,56.20504206843209,59.584489966329976,66.97997192982456,32.937746142506136,IFSC___Docklands_min
268142010,4452043650,21.02446745098039,23.477814117647053,37.344755658914714,46.74511004357298,47.87628078431372,41.362365087719304,21.02446745098039,Dublin_City_Centre_(CBD)_min
267103026,9015365424,35.84330666666667,34.29392,70.8888217989418,57.56121592592595,36.70502512820513,56.19920576576578,34.29392,IFSC___Docklands_min
268081013,4889078014,13.366986666666664,19.876337435897447,51.11925743589742,41.6568929032258,32.99115319308088,61.33377460317459,13.366986666666664,Dublin_City_Centre_(CBD)_min
267123018,3041752842,56.31465313283206,57.44530888572782,87.481690015949,73.62266551378447,79.09205270955168,97.71949345029245,56.31465313283206,Dublin_City_Centre_(CBD)_min
267003023,479843893,60.55885964912283,51.125126315789494,90.38471298245601,64.7112063157895,88.13873668615972,98.02438631578934,51.125126315789494,IFSC___Docklands_min
267031002,12986094815,38.62865238095235,40.02198111111108,73.9727651150055,62.64243435897437,14.202573333333333,70.92074102564101,14.202573333333333,Blanchardstown_min
268005014,2399617570,19.14077801801802,18.96079135135135,55.19352215427107,42.2280872772773,30.242621818181814,54.46987684154745,18.96079135135135,IFSC___Docklands_min
268051012,252319642,30.133981441922554,29.953994775255886,62.2564623255814,53.22129070118183,48.8357947752559,42.03742,29.953994775255886,IFSC___Docklands_min
267008005,7788435960,45.238693307543514,49.52135515151516,30.070901818181817,63.870330980392154,65.80478078037903,38.43516666666665,30.070901818181817,Sandyford_Business_District_min
267028018,12899220474,36.400078620689655,39.32147862068964,73.54773195402302,59.019471001642,24.61443862068965,61.82291862068962,24.61443862068965,Blanchardstown_min
267042003,8615551784,45.62898430987453,50.745570000000015,34.95657948717948,74.01286592592595,74.2063054446263,37.48229948717949,34.95657948717948,Sandyford_Business_District_min
268011009,305410314,31.757970476190483,35.862703809523815,66.60553956709957,39.433043636363635,40.38011757575757,76.57347157962607,31.757970476190483,Dublin_City_Centre_(CBD)_min
267094001/267094002/267094005,799247387,97.75891999999992,88.85851999999994,128.37826666666658,93.27793333333325,123.30981333333327,127.63503333333325,88.85851999999994,IFSC___Docklands_min
268009004,144841404,16.751522949852504,20.986327274176833,52.63565628318586,44.25362320010279,45.138373643144,62.4846696165192,16.751522949852504,Dublin_City_Centre_(CBD)_min
267064002,2984206812,37.09209985815603,35.94745084914701,51.605763387567784,59.21474677507295,62.594194672970836,74.66617864603481,35.94745084914701,IFSC___Docklands_min
268157004,6370130813,22.693557634408602,29.233250967741935,57.20942005865101,37.2912143137255,44.17316065268062,61.29778999999999,22.693557634408602,Dublin_City_Centre_(CBD)_min
267012005,9535435063,44.964751489361696,49.247413333333334,35.446960000000004,72.51470925925925,73.54207262411346,49.25040666666668,35.446960000000004,Sandyford_Business_District_min
268117007,461626084,24.822586666666663,22.322186666666664,38.19263619047618,45.5894825925926,47.18732000000001,46.72498285714286,22.322186666666664,IFSC___Docklands_min
267083013,8442765008,52.383198333333326,51.95043027131783,36.54885166666667,60.2258693137255,62.16031911371237,34.790705,34.790705,Tallaght_min
268138015,6977210538,9.133373333333331,16.189046666666666,45.35391301587301,39.4563425925926,33.13634761904763,57.102969523809534,9.133373333333331,Dublin_City_Centre_(CBD)_min
268143031,5371453251,20.3160274829932,22.0152074829932,45.744297777777774,41.91900623243933,47.16784081632652,56.49464081632652,20.3160274829932,Dublin_City_Centre_(CBD)_min
267068008,480002909,44.53982545454544,43.395176445536435,51.598552156862745,66.66247237146239,70.04192026936025,80.67550288857007,43.395176445536435,IFSC___Docklands_min
268127017,684995635,32.824040000000004,35.277386666666665,33.36104698412699,58.54468259259259,59.67585333333333,38.002653333333335,32.824040000000004,Dublin_City_Centre_(CBD)_min
267003005,2366275002,57.0187980952381,47.58506476190476,86.84465142857142,61.17114476190476,83.44698624338623,94.48432476190474,47.58506476190476,IFSC___Docklands_min
267100059,8828537935,27.039303636363638,25.489916969696974,62.08481876863877,48.75721289562289,27.9010220979021,50.26213135802467,25.489916969696974,IFSC___Docklands_min
267132033,2987438310,38.31441333333334,34.261746666666674,74.38799999999998,30.34782666666667,60.37970666666668,64.70492666666667,30.34782666666667,Dublin_Airport_min
267100069,243727907,36.22077333333335,34.67138666666667,71.26628846560843,57.938682592592606,37.08249179487181,54.15143333333335,34.67138666666667,IFSC___Docklands_min
267009004,9543652461,44.39261148936169,48.67527333333333,29.224819999999998,66.00405764705883,67.93850744704571,40.56889333333333,29.224819999999998,Sandyford_Business_District_min
267049014,8931107583,37.76741,36.21802333333334,69.23719666666666,59.48531925925926,38.62912846153846,32.452796666666664,32.452796666666664,Tallaght_min
267051010,8691263391,36.52933886178864,34.97995219512196,71.57485399406372,58.24724812104786,42.407841598793354,43.60878000000002,34.97995219512196,IFSC___Docklands_min
267049023,8857701335,39.24901623188403,37.69962956521738,70.71880289855069,60.96692549114329,40.110734693422486,33.934402898550736,33.934402898550736,Tallaght_min
268030002,614649684,24.039418412698417,28.14415174603175,61.18707174603174,46.1364962962963,36.69444593088071,69.75767684154744,24.039418412698417,Dublin_City_Centre_(CBD)_min
268125002,295514385,35.36830412698412,36.49895987987988,66.53534101010102,59.01888,58.1457037037037,76.77314444444443,35.36830412698412,Dublin_City_Centre_(CBD)_min
268107003,3157211245,14.830709616519174,19.0655139408435,50.71484294985249,40.406676457326896,43.887683549791284,60.56385628318583,14.830709616519174,Dublin_City_Centre_(CBD)_min
267075009,162935902,36.55050592592593,35.405856916916925,44.40757837837837,58.673152842842846,62.052600740740736,74.12458471380474,35.405856916916925,IFSC___Docklands_min
267120014,252307848,49.3093711111111,48.4960511111111,45.03294030651342,71.76334703703702,73.99451777777776,77.83258850948509,45.03294030651342,Sandyford_Business_District_min
267004019,10840318325,42.56554857142858,43.69620432432433,73.73258545454543,63.53803498575498,65.34294814814812,83.97038888888886,42.56554857142858,Dublin_City_Centre_(CBD)_min
268002010,11817040460,15.526456666666666,15.34647,51.5792008029197,38.613765925925925,29.990765882352935,50.855555490196075,15.34647,IFSC___Docklands_min
267102002,360058186,47.38583555555557,45.83644888888892,82.43135068783069,69.10374481481482,48.247554017094025,66.7128888888889,45.83644888888892,IFSC___Docklands_min
267143010,12634119824,55.10696588103256,53.557579214365894,50.95741575757578,76.82487514029181,62.45306591251887,22.426734117647054,22.426734117647054,Tallaght_min
267117008,247723928,42.746220000000015,45.19956666666668,39.65999555555554,65.00283764705884,66.93728744704572,35.45772579710144,35.45772579710144,Tallaght_min
267078007,1280101921,51.83353815602834,51.505978245614,23.458655555555556,74.77327417153995,77.00444491228069,56.47097999999998,23.458655555555556,Sandyford_Business_District_min
268099005,890800359,16.953269195402296,16.77328252873563,50.90572899224803,40.04057845466156,40.3217491954023,43.81281523809522,16.77328252873563,IFSC___Docklands_min
268123005,2401021665,44.71833015873017,47.342876825396836,80.5815424242424,42.68100982456142,63.96500000000001,81.36590982456137,42.68100982456142,Dublin_Airport_min
268128008,5167772742,20.119569039548022,18.306249039548025,32.45135304347826,41.57354496547395,43.80471570621469,45.037188505747125,18.306249039548025,IFSC___Docklands_min
268091001,4898433755,34.91044,34.73045333333334,52.9966013871889,57.99774925925927,57.400039537160666,40.38586222222222,34.73045333333334,IFSC___Docklands_min
267092012,10944778797,54.38808000000001,53.574760000000005,19.087906666666676,76.84205592592588,79.07322666666661,64.68453333333333,19.087906666666676,Sandyford_Business_District_min
268131004,8390553336,23.017724444444443,29.175775000000005,27.54333904761905,52.44307092592593,51.59504557919624,45.96610701298698,23.017724444444443,Dublin_City_Centre_(CBD)_min
267083005,10106872204,54.273950303030304,56.72729696969697,41.77021696969697,66.66579411764705,68.60024391763392,41.230629803921566,41.230629803921566,Tallaght_min
268006003,2787761959,27.252002380952373,31.356735714285705,64.39965571428573,53.41051770833336,26.25068148148147,67.74869481481481,26.25068148148147,Blanchardstown_min
268162002,3008717079,21.73823172413793,24.258245057471264,39.81961404971933,47.525540983397185,48.59004505747126,39.53647,21.73823172413793,Dublin_City_Centre_(CBD)_min
267109005/01,4222204,28.323539047619047,26.77415238095238,63.36905417989419,50.04144830687832,29.18525750915751,51.28946807017547,26.77415238095238,IFSC___Docklands_min
268156003,2581809835,40.66437939393942,39.11499272727274,55.180878095238114,62.38228865319867,59.159431188811205,28.15117403508771,28.15117403508771,Tallaght_min
267005001/02,630922359,76.43408974358974,69.85952666666665,108.33577999999996,62.54560666666667,92.57748666666664,102.82460307692304,62.54560666666667,Dublin_Airport_min
268132005,4897928233,24.851035555555555,25.798586928104577,42.93241788113696,49.06588285403051,51.35709141762452,36.365818333333344,24.851035555555555,Dublin_City_Centre_(CBD)_min
267086002,8295235431,49.32856057971014,51.78190724637681,43.78145391304348,74.59322989343565,68.4418517948718,28.41552,28.41552,Tallaght_min
267132019,58605745,39.974552280701765,35.921885614035084,76.0481389473684,32.00796561403508,62.0398456140351,66.36506561403509,32.00796561403508,Dublin_Airport_min
268006012,377113874,24.731905641025644,26.21163897435898,61.879558974358964,46.01314564102564,23.31908,61.72072446455505,23.31908,Blanchardstown_min
267107005/02,6854379368,60.381284299065435,60.20129763239877,96.38402843531837,83.46859355832466,69.0491830769231,72.63150941176472,60.20129763239877,IFSC___Docklands_min
267031005,5948558371,35.90047111111115,38.411462857142915,73.04812444444444,58.95006512820513,11.763706666666671,67.22837179487179,11.763706666666671,Blanchardstown_min
268037015,5902226706,,,,,,,,
267104012,366637701,52.66227384615384,43.76187384615384,85.07146051282051,48.18128717948717,78.21316717948717,82.53838717948717,43.76187384615384,IFSC___Docklands_min
267129003,2462027316,31.125948457711445,30.312628457711448,29.608439999999998,53.57992438363738,55.81109512437812,59.64916585608544,29.608439999999998,Sandyford_Business_District_min
268095006,192308524,24.14605971014493,22.59667304347826,59.19157484242005,45.863968969404176,44.02847304347825,39.531339403239556,22.59667304347826,IFSC___Docklands_min
268111003,690284045,24.57007277777777,25.521123112203114,42.88995619047622,46.56821234355046,51.42188611111112,60.74868611111113,24.57007277777777,Dublin_City_Centre_(CBD)_min
268116003,1260861242,26.310036875000012,24.496716875000004,38.29903705426357,47.76401280092594,49.995183541666684,50.370868505747154,24.496716875000004,IFSC___Docklands_min
268058011/02,11178145446,20.567242949852506,24.802047274176832,56.45137628318583,47.447748563011054,49.624216883124625,66.30038961651917,20.567242949852506,Dublin_City_Centre_(CBD)_min
267031018,13084572604,35.033702857142885,36.52176952380955,72.18135619047618,54.534781025640996,6.094919999999999,62.81308769230766,6.094919999999999,Blanchardstown_min
267085021,10712792354,53.332412222222224,55.7857588888889,42.31912666666666,70.02178431372548,66.12843498327759,26.102103188405792,26.102103188405792,Tallaght_min
268144003,9027166908,33.04141190476191,33.98896327731093,45.86668723514211,57.25625920323684,58.90497287049399,35.529746153846155,33.04141190476191,Dublin_City_Centre_(CBD)_min
267025001/267025011,194571152,37.190140350877186,36.045491341868185,46.47076,59.312787267794114,62.692235165692,74.76421913875598,36.045491341868185,IFSC___Docklands_min
267097017,13539065072,52.85786666666667,52.04454666666667,45.33119222570533,75.31184259259261,77.54301333333335,81.38108406504065,45.33119222570533,Sandyford_Business_District_min
267049034,8881360127,42.57923384615385,41.02984717948718,74.0490205128205,64.29714310541311,43.44095230769231,37.26462051282051,37.26462051282051,Tallaght_min
267092034,13451478117,48.20715724137933,52.07771162734424,17.56752,75.34500755327015,76.7844783761311,62.35584442086651,17.56752,Sandyford_Business_District_min
268064008,528733675,23.57568166666666,27.680414999999996,60.0815840909091,31.465255,24.81983333333333,69.02335333333335,23.57568166666666,Dublin_City_Centre_(CBD)_min
268041004,243096475,30.74907826086956,28.43195826086956,63.71774977602106,46.56244863123994,55.328112469623754,73.95555321036451,28.43195826086956,IFSC___Docklands_min
267061006,1411222533,43.379379858156014,42.234730849147006,57.89304338756777,65.50202677507293,68.88147467297082,80.95345864603492,42.234730849147006,IFSC___Docklands_min
268047003,339328227,25.400548421052623,28.048840000000006,61.257018181818175,42.478023502824854,50.73105534246576,69.87169661906151,25.400548421052623,Dublin_City_Centre_(CBD)_min
267007005,9563205731,45.66498648936168,47.405981666666655,28.957234999999994,61.58563098039216,63.52008078037904,36.15046666666665,28.957234999999994,Sandyford_Business_District_min
268104001,7567683622,8.220746666666667,10.957297657657659,45.54584883861237,34.224593583583584,33.36982923076923,53.06282333333334,8.220746666666667,Dublin_City_Centre_(CBD)_min
268006035,262895013,25.61469269076306,26.17977111111112,60.13055511500547,48.49528190476192,27.78512148148149,69.28313481481483,25.61469269076306,Dublin_City_Centre_(CBD)_min
267069001/02,12572430920,41.867632380952394,41.05431238095239,41.31389904761906,64.32160830687832,66.55277904761905,70.39084977932637,41.05431238095239,IFSC___Docklands_min
267028056,12952160065,33.80501379310345,37.35141379310345,70.95266712643671,56.42440617405582,22.01937379310345,59.22785379310344,22.01937379310345,Blanchardstown_min
268108006,9873366919,21.413296283185836,13.98417275362319,55.82709275362319,32.114663123993566,50.47027021645797,60.88343275362318,13.98417275362319,IFSC___Docklands_min
267150011,8630016557,37.99062666666667,38.93817803921569,46.38874476190477,62.20547396514162,63.43198047704234,32.0294753488372,32.0294753488372,Tallaght_min
268030018,6205642476,12.720414545454547,16.82514787878788,49.86806787878787,38.24292393442623,21.229246956521738,60.333747878787875,12.720414545454547,Dublin_City_Centre_(CBD)_min
268125008,2422099446,29.417912629399588,30.548568382295333,60.584949512516474,51.82185927682626,52.19531220611916,70.82275294685992,29.417912629399588,Dublin_City_Centre_(CBD)_min
267092023,608680436,58.56498666666665,57.75166666666665,27.703599999999998,81.01896259259257,83.25013333333331,68.86143999999996,27.703599999999998,Sandyford_Business_District_min
268034005,9032542847,27.430033643143993,27.99511206349205,61.94589606738643,46.699273333333345,29.494809999999998,66.47855523378583,27.430033643143993,Dublin_City_Centre_(CBD)_min
267154005,8669991435,39.9807402469136,42.434086913580266,45.2788583421517,65.7013828395062,66.83255358024694,30.035123333333335,30.035123333333335,Tallaght_min
267100064,8769862476,26.634999999999998,25.085613333333338,61.68051513227511,48.35290925925924,27.49671846153846,42.535526666666655,25.085613333333338,IFSC___Docklands_min
268090004,1410013229,39.88492717948718,38.368176296296305,54.83291635610768,61.63547222222224,58.41261475783477,36.893442962962965,36.893442962962965,Tallaght_min
268008013,4860582779,49.07564583333333,51.70019250000001,82.606461010101,57.015241666666675,74.21682370370371,92.84426444444443,49.07564583333333,Dublin_City_Centre_(CBD)_min
268138011,31054790,9.782273623188408,15.808769444444442,46.32454242424242,39.076065370370365,30.85922761904762,57.0068890909091,9.782273623188408,Dublin_City_Centre_(CBD)_min
267145003,4932688344,55.34149978494624,54.12963138716355,48.2877664516129,75.99042409867171,60.18274222965439,20.263146666666668,20.263146666666668,Tallaght_min
267066015,3194014856,29.054316190476186,29.088680514800508,60.048889523809535,22.36754285714286,36.00066285714286,65.10522952380953,22.36754285714286,Dublin_Airport_min
267059006,4403818287,35.04067148936171,41.65223626923591,25.6100594871795,64.91953219516184,63.61799262411346,49.47847555555556,25.6100594871795,Sandyford_Business_District_min
267100010,458422210,44.933629999999965,43.38424333333331,79.97914513227515,66.65153925925922,45.795348461538424,51.091484444444404,43.38424333333331,IFSC___Docklands_min
267097007,701966952,49.504413333333325,48.69109333333333,45.22798252873562,71.95838925925922,74.18955999999996,78.02763073170726,45.22798252873562,Sandyford_Business_District_min
267050005,8989952176,30.63827619047619,29.08888952380953,56.39139619047618,52.35618544973545,40.07123284750336,21.490329523809525,21.490329523809525,Tallaght_min
268056008,252322952,36.0886993939394,34.53931272727273,57.30379324675326,57.80660865319865,54.583751188811185,33.06457939393939,33.06457939393939,Tallaght_min
268071023/01,9889401815,41.68903503267974,44.31358169934641,76.29792033549782,53.50635428571431,67.90828302910052,78.13895333333332,41.68903503267974,Dublin_City_Centre_(CBD)_min
267065022,253338477,51.6805019047619,52.81115765765765,82.84753878787879,53.92388666666667,74.45790148148147,88.28098666666666,51.6805019047619,Dublin_City_Centre_(CBD)_min
267119013/02,11879009291,57.17398031746031,55.62459365079364,77.21199619047617,75.87499764705882,64.12736544566545,40.059809523809534,40.059809523809534,Tallaght_min
268138012,13853354868,11.671714492753626,18.473433333333332,47.36155575757576,41.74072925925926,32.82780095238097,58.04390242424243,11.671714492753626,Dublin_City_Centre_(CBD)_min
268092007,2771150069,39.148863333333324,39.26727666666666,60.49000138718891,62.53457259259259,64.49593252873564,48.81016324324324,39.148863333333324,Dublin_City_Centre_(CBD)_min
267106020,253314382,43.1097,34.2093,74.83555333333334,41.74538,68.20643307812013,76.10248,34.2093,IFSC___Docklands_min
267132011,6814791248,35.902392820512816,31.849726153846152,71.97597948717949,27.93580615384615,57.96768615384614,62.29290615384613,27.93580615384615,Dublin_Airport_min
267158012/07,12306011795,48.83065499999997,52.93538833333333,85.97830833333337,57.48409333333332,38.22834833333332,82.43186833333336,38.22834833333332,Blanchardstown_min
268060014,4894741103,22.41278424242424,26.517517575757573,57.260353333333335,33.95124216216217,39.41589398601399,65.15237666666665,22.41278424242424,Dublin_City_Centre_(CBD)_min
268118001,886347759,43.51515897435897,44.99489230769231,80.66281230769228,64.79639897435897,42.102333333333334,69.65063222222223,42.102333333333334,Blanchardstown_min
267037006,13478241429,47.85556888888892,47.04224888888891,38.94427141762454,70.30954481481484,72.54071555555552,76.37878628726281,38.94427141762454,Sandyford_Business_District_min
267095004,12174772131,64.76009523809522,65.89075099099097,95.92713212121207,89.15804691691689,87.53749481481476,106.16493555555552,64.76009523809522,Dublin_City_Centre_(CBD)_min
267138008,6518313858,50.95030666666663,49.400919999999964,66.43544739766082,70.86727503836323,57.187025128205086,26.324390175438598,26.324390175438598,Tallaght_min
268156009,2763710448,39.18174434782609,38.15015768115942,54.726950559006205,61.417453607085335,58.19459614269786,36.67542434782607,36.67542434782607,Tallaght_min
268095001,7501376201,32.04830285714285,30.49891619047619,67.09381798941799,53.766212116402116,51.93071619047619,46.41788549019608,30.49891619047619,IFSC___Docklands_min
267104017/01,10690427450,59.01387384615388,50.11347384615388,91.42306051282043,54.53288717948722,84.56476717948709,88.88998717948708,50.11347384615388,IFSC___Docklands_min
267066019/03,11366819204,,,,,,,,
267100050,8805067393,31.022238260869567,29.4728515942029,66.0677533931447,52.74014752012883,31.883956722408026,43.0551723076923,29.4728515942029,IFSC___Docklands_min
268129019,8653244217,30.043999411764716,29.230679411764708,38.992899487179486,52.49797533769064,54.729146078431384,54.558155000000006,29.230679411764708,IFSC___Docklands_min
267109005/02,6089469294,19.146971594202903,17.597584927536232,54.19248672647802,40.864880853462154,33.89568384380146,44.05170046511626,17.597584927536232,IFSC___Docklands_min
267027002,2966092206,,,,,,,,
268088012,6043090839,39.78707833333333,42.7762342857143,74.30294075757577,32.24188,53.668226666666676,70.92678000000001,32.24188,Dublin_Airport_min
268096013,2363242913,13.713643809523804,12.578644324324326,38.43057297297297,35.84594025025025,40.56545714285714,49.112919639639635,12.578644324324326,IFSC___Docklands_min
268105004,1267038316,9.84589,18.89212906103286,48.52372909090908,39.807263703703704,34.84932095238094,59.206075757575746,9.84589,Dublin_City_Centre_(CBD)_min
267134009,254495520,39.495061505376356,34.359061505376346,74.98531483870967,31.52847483870968,61.560354838709685,65.88557483870967,31.52847483870968,Dublin_Airport_min
268039008,320023074,27.632653333333334,26.083266666666663,62.678168465608465,49.350562592592595,46.58176276261373,43.66376430107527,26.083266666666663,IFSC___Docklands_min
268135015,564574268,27.57203256830601,30.02537923497268,35.88829904761906,53.29267516089861,54.423845901639346,36.92623294117648,27.57203256830601,Dublin_City_Centre_(CBD)_min
268100014,8872735566,19.38454639455782,19.50295972789115,50.58950232558137,42.77025565381709,43.393535632183905,39.5553180952381,19.38454639455782,Dublin_City_Centre_(CBD)_min
267123015,392610053,52.13974646616543,53.27040221906118,83.30678334928228,69.44775884711781,74.91714604288497,93.54458678362572,52.13974646616543,Dublin_City_Centre_(CBD)_min
267051005,2648340544,40.431172121212136,38.881785454545465,75.47668725348723,62.149081380471394,41.38634322344323,42.460011428571434,38.881785454545465,IFSC___Docklands_min
267020019,193296694,39.97038945736431,39.157069457364315,31.674466666666664,62.42436538329027,64.65553612403102,61.21631999999999,31.674466666666664,Sandyford_Business_District_min
267078010,38914745,38.25719148936169,44.868756269235895,25.5937052991453,68.13605219516184,66.83451262411346,49.937129275362295,25.5937052991453,Sandyford_Business_District_min
267066014,923631827,29.552579259259254,31.165916705276693,62.12612571428573,24.44477904761904,35.45860592592592,67.18246571428571,24.44477904761904,Dublin_Airport_min
267131020,2985742525,48.613356862745114,44.610690196078444,84.68694352941175,40.64677019607845,67.23963250000001,75.00387019607841,40.64677019607845,Dublin_Airport_min
268010009,479669457,13.738117894736844,20.252117894736845,48.486620318979256,41.603739999999995,34.441872061403515,59.16896698564593,13.738117894736844,Dublin_City_Centre_(CBD)_min
267011002,9535422580,46.759751489361676,51.042413333333315,35.963338823529405,71.61811764705887,73.55256744704573,46.182953333333344,35.963338823529405,Sandyford_Business_District_min
267035007,9606418569,63.07723999999999,61.52785333333333,61.72077333333333,84.79514925925923,73.50562512820508,32.935253333333335,32.935253333333335,Tallaght_min
268114006,8818874077,20.467872463768117,19.323223454759106,37.552910303030295,42.590519380685045,45.96996727858293,54.15466028985507,19.323223454759106,IFSC___Docklands_min
267124007,8125164438,34.54615619047619,33.73283619047619,23.401445714285714,57.00013211640211,59.23130285714285,55.859965714285714,23.401445714285714,Sandyford_Business_District_min
267053027,3197072547,43.96433333333334,42.41494666666667,71.75078666666667,65.6822425925926,44.959504175824186,32.466386666666665,32.466386666666665,Tallaght_min
268064007,2686926400,21.845421666666667,25.950155000000002,58.35132409090909,29.734995000000005,23.82573481481482,68.0292548148148,21.845421666666667,Dublin_City_Centre_(CBD)_min
267135005,11364502631,40.11321500000003,35.842341505376346,76.1868016666667,32.14662833333334,62.17850833333336,66.50372833333334,32.14662833333334,Dublin_Airport_min
267099013,11093253192,40.63676666666665,31.736366666666672,72.36262000000004,44.71360000000001,69.36540780141844,78.1022933333333,31.736366666666672,IFSC___Docklands_min
267003013,4347954568,50.499908571428584,41.56071047619048,80.82029714285714,55.14679047619048,73.27730814814817,88.45997047619048,41.56071047619048,IFSC___Docklands_min
268132025,3754895897,29.157815238095235,31.611161904761904,41.72995844155845,54.878457830687836,56.00962857142858,41.46045367965369,29.157815238095235,Dublin_City_Centre_(CBD)_min
268088006,12849612135,40.14414499999999,45.61006666666667,74.66000742424244,34.201679999999996,55.62802666666667,72.88658000000002,34.201679999999996,Dublin_Airport_min
268080008,28246387,9.363157894736842,15.877157894736843,44.11166031897926,36.461740000000006,28.947274166666677,54.794006985645936,9.363157894736842,Dublin_City_Centre_(CBD)_min
267132017,11907794226,43.42288561403508,39.370218947368436,79.49647228070178,35.456298947368424,65.48817894736841,69.81339894736843,35.456298947368424,Dublin_Airport_min
267031011,12977864151,34.604439047619046,35.99776777777778,69.94855178167212,58.670785925925934,22.968973333333324,72.07097777777774,22.968973333333324,Blanchardstown_min
268116001,8584419604,24.349396875,22.536076874999996,36.33839705426355,45.80337280092592,48.03454354166666,51.47190538074711,22.536076874999996,IFSC___Docklands_min
267049036,8873650789,38.71299999999999,37.16361333333334,70.18278666666666,60.43090925925925,39.574718461538446,33.39838666666667,33.39838666666667,Tallaght_min
268135011,60955840,30.17383300546448,32.62717967213115,37.81065904761904,55.89447559805708,57.02564633879782,35.0903662745098,30.17383300546448,Dublin_City_Centre_(CBD)_min
267083001,1615711813,68.05523999999998,69.85973860465113,54.946809411764676,78.13517764705878,80.0696274470457,52.70001333333331,52.70001333333331,Tallaght_min
267068007,480002893,43.52317212121211,42.3785231122031,48.89273882352941,65.64581903812905,69.02526693602694,77.96968955523673,42.3785231122031,IFSC___Docklands_min
268065011,1529834598,29.271279999999994,33.376013333333326,65.77718242424243,29.87341523809524,34.160639999999994,72.61110190476191,29.271279999999994,Dublin_City_Centre_(CBD)_min
267081006/03,13507029117,32.52869815602836,39.14026293590258,23.09808615384615,62.407558861828505,61.10601929078014,45.04757939393939,23.09808615384615,Sandyford_Business_District_min
267053014,8984152174,40.08089333333333,38.531506666666665,67.86734666666665,61.79880259259259,41.07606417582417,28.58294666666667,28.58294666666667,Tallaght_min
267065001/03,6276274492,51.14314095238095,46.00714095238096,82.6990921212121,43.17655428571428,73.20843428571428,77.53365428571426,43.17655428571428,Dublin_Airport_min
267034001/02,4850246397,35.17130928104575,39.276042614379094,72.31896261437909,57.00487520697168,23.57708705882353,60.78556705882353,23.57708705882353,Blanchardstown_min
268067013,13277777785,23.701673333333336,27.806406666666664,60.20757575757578,35.88571921568629,31.035793333333338,69.14735921568628,23.701673333333336,Dublin_City_Centre_(CBD)_min
267114012,4858893416,42.845400579710144,45.29874724637681,36.81496057971015,62.86394115583076,64.79839095581764,32.340680579710146,32.340680579710146,Tallaght_min
268031008,264588149,27.028198974358975,30.57016468468469,62.944705641025635,53.837460610610606,35.4787688888889,66.07925017488077,27.028198974358975,Dublin_City_Centre_(CBD)_min
268091009,1410013262,38.60367428571428,38.722087619047606,55.312211428571416,61.98938354497354,61.780794017094,40.26162222222221,38.60367428571428,Dublin_City_Centre_(CBD)_min
267125001,1419944725,42.30767536231885,42.451273333333326,25.796907008547006,65.71856925925925,67.94973999999999,58.89111999999999,25.796907008547006,Sandyford_Business_District_min
267088014,1345724528,51.719386666666686,50.906066666666696,36.225955862068965,74.17336259259264,76.40453333333335,80.24260406504068,36.225955862068965,Sandyford_Business_District_min
267085026/02,12288364192,54.67803999999997,54.24527193798447,41.93131607843135,62.52071098039213,64.455160780379,37.08554666666666,37.08554666666666,Tallaght_min
267121008,243751834,40.107767407407415,39.29444740740742,35.831336602809714,62.56174333333334,64.79291407407408,68.63098480578138,35.831336602809714,Sandyford_Business_District_min
268115018,289889595,22.280705454545455,21.136056445536443,41.643727521367545,44.40335237146239,47.158920000000016,54.33008848484851,21.136056445536443,IFSC___Docklands_min
268122001,305251182,42.87149083333333,45.49603749999999,78.75562416666664,51.968866590909094,69.58361284246574,88.16984303030308,42.87149083333333,Dublin_City_Centre_(CBD)_min
268137012,8878407258,24.162309397590366,26.615656064257035,35.82195844155845,49.88295199018296,51.014122730923695,35.55245367965369,24.162309397590366,Dublin_City_Centre_(CBD)_min
268003010,4675836828,15.8919517948718,15.711965128205131,51.89469593112482,38.97926105413105,31.942365714285717,50.78759999999998,15.711965128205131,IFSC___Docklands_min
267004017,257287263,39.54609523809525,40.67675099099099,70.7131321212121,63.94404691691692,62.3234948148148,80.95093555555556,39.54609523809525,Dublin_City_Centre_(CBD)_min
267038008,538860210,43.50197073170732,42.68865073170731,25.575249195402293,65.95594665763325,68.18711739837399,70.02186970822281,25.575249195402293,Sandyford_Business_District_min
267115016,11178258915,47.130046666666665,49.58339333333333,42.366742222222214,69.38666431372548,71.32111411371237,40.44199333333333,40.44199333333333,Tallaght_min
267106018,253314780,45.236473333333336,36.33607333333334,76.96232666666668,43.87215333333334,70.33320641145346,78.22925333333335,36.33607333333334,IFSC___Docklands_min
267039013/01,13817991330,52.541106666666664,51.72778666666666,53.24546390804596,74.99508259259258,77.22625333333333,81.06432406504065,51.72778666666666,IFSC___Docklands_min
267065002,13388346597,42.52377523809524,43.654430990990996,73.69081212121212,57.3479942857143,65.30117481481481,83.92861555555555,42.52377523809524,Dublin_City_Centre_(CBD)_min
267089004,9631976366,33.475790877192985,32.66247087719299,35.7860146867168,55.92976680311892,58.16093754385966,61.99900827556698,32.66247087719299,IFSC___Docklands_min
267129004,11074313735,40.755152704402526,39.94183270440252,38.54378380952381,63.209128630328436,65.44029937106917,69.27837010277648,38.54378380952381,Sandyford_Business_District_min
267034006,9416475284,35.36485138888889,39.469584722222216,72.51250472222225,57.19841731481481,23.770629166666666,60.97910916666665,23.770629166666666,Blanchardstown_min
267015005,1411048261,49.78597333333333,48.72722247247248,40.87467586206897,71.99451839839841,74.47112,78.30919073170732,40.87467586206897,Sandyford_Business_District_min
267120002,11900907260,61.824637777777745,61.01131777777775,57.548206973180065,84.27861370370375,86.50978444444449,90.34785517615181,57.548206973180065,Sandyford_Business_District_min
267147009,6233171608,44.757724444444435,43.20833777777777,55.2345911111111,66.4756337037037,55.18610957264956,14.61573777777778,14.61573777777778,Tallaght_min
268027004,2986381153,25.66909647058823,29.773829803921565,61.924998894830644,38.16691857142856,37.92345647058822,72.60734556149733,25.66909647058823,Dublin_City_Centre_(CBD)_min
268054006,26414340,33.88927384615384,32.78952296296297,55.23572283840191,56.056818888888905,52.83396142450144,31.314789629629633,31.314789629629633,Tallaght_min
268090006,26414289,37.73814095238095,37.85655428571429,55.229529689441016,61.12385021164021,58.8092280911681,37.2900562962963,37.2900562962963,Tallaght_min
268061001,192306711,22.450893333333333,20.901506666666663,57.496408465608475,44.1688025925926,42.33330666666667,41.92725882352942,20.901506666666663,IFSC___Docklands_min
267111009,9123977563,36.950743809523814,38.081399562419556,68.11778069264068,61.34869548834549,59.728143386243374,78.35558412698414,36.950743809523814,Dublin_City_Centre_(CBD)_min
268017023,4371617325,29.473703589743586,29.735208112203107,60.695417121212124,23.88995878787879,38.563063589743585,65.75175712121212,23.88995878787879,Dublin_Airport_min
268155001,6875537044,38.05828024864026,36.50889358197359,56.46553706959708,59.77618950789951,56.553332043512036,26.73385403508772,26.73385403508772,Tallaght_min
267147030/01,11660301377,46.78919428571427,45.2398076190476,59.76606095238093,67.11531098039218,57.21757941391939,19.16739999999999,19.16739999999999,Tallaght_min
268021006,12973962762,26.29570553191489,32.83539886524822,60.81156795615735,33.900467619047625,49.05930648429588,64.469000141844,26.29570553191489,Dublin_City_Centre_(CBD)_min
267004014,11093070716,42.92139746031746,44.0520532132132,74.08843434343434,65.47908148148147,65.69879703703701,84.32623777777776,42.92139746031746,Dublin_City_Centre_(CBD)_min
268067015,527838294,25.546900000000008,29.65163333333334,62.05280242424244,36.06030588235295,32.11346588235295,69.32194588235295,25.546900000000008,Dublin_City_Centre_(CBD)_min
268003015,514897346,10.980258461538464,10.800271794871797,46.98300259779149,34.067567720797726,34.71939238095238,46.67114666666668,10.800271794871797,IFSC___Docklands_min
267016002,2414582554,92.37035555555559,82.93662222222223,122.19620888888886,96.52270222222228,119.79854370370369,129.8358822222222,82.93662222222223,IFSC___Docklands_min
268134004,10075533295,30.119004444444432,34.447226086956526,34.64461904761904,57.71452201288244,58.696325579196234,40.4613662745098,30.119004444444432,Dublin_City_Centre_(CBD)_min
267113002,7818295148,49.07603447154474,51.529381138211406,43.528927804878066,68.68398931372552,70.61843911371236,32.83199047619048,32.83199047619048,Tallaght_min
268073001,1487176014,25.40133079365079,26.531986546546538,56.568367676767686,49.79928247247249,48.17873037037038,66.80617111111113,25.40133079365079,Dublin_City_Centre_(CBD)_min
267002025,5005519103,,,,,,,,
268108008/02,4637257960,,,,,,,,
267121009,7314620010,44.3027674074074,43.489447407407404,40.02633660280971,66.75674333333333,68.98791407407407,72.82598480578139,40.02633660280971,Sandyford_Business_District_min
267101006,8828538197,37.564324444444445,36.01493777777777,72.6098395767196,59.28223370370371,38.426042905982904,56.89137777777778,36.01493777777777,IFSC___Docklands_min
268108017/01,386921321,16.348578390804594,8.709024444444445,50.018611111111134,28.30212259259259,40.46198814814815,55.074951111111126,8.709024444444445,IFSC___Docklands_min
267019013,9428475576,27.532716595744674,26.388067586735666,35.18299130434783,49.6553635126616,53.03481141055949,57.69256647676162,26.388067586735666,IFSC___Docklands_min
267068003,12922366019,41.18209757575756,40.03744856674856,47.57715999999998,63.304744492674516,66.68419239057239,77.66508073170732,40.03744856674856,IFSC___Docklands_min
268077009,5555397012,26.62260422360248,27.753259976498228,57.789641106719365,49.02655087102915,49.40000380032206,68.0274445410628,26.62260422360248,Dublin_City_Centre_(CBD)_min
267005001/03,12794448988,41.82119500000001,44.44574166666668,77.70532833333331,49.1953942857143,68.53331700913242,82.47788666666659,41.82119500000001,Dublin_City_Centre_(CBD)_min
267125009,950302792,38.899559999999994,38.08624,23.799485714285712,61.353535925925925,63.58470666666666,56.2580057142857,23.799485714285712,Sandyford_Business_District_min
267144006,4874640687,45.65482666666667,44.105440000000016,64.32934666666668,61.97767098039218,49.83199846153846,23.446626666666667,23.446626666666667,Tallaght_min
267040052,4783634337,33.05509333333334,35.27649333333334,70.20274666666666,58.54378925925926,24.734861818181823,70.7855788235294,24.734861818181823,Blanchardstown_min
267109017,10552789416,22.808784927536234,21.25939826086956,57.85430005981139,44.526694186795524,40.57134990704693,45.99475379844963,21.25939826086956,IFSC___Docklands_min
268003008,3810551628,13.183111794871797,13.00312512820513,49.18585593112483,36.270421054131056,31.828419047619043,48.07875999999999,13.00312512820513,IFSC___Docklands_min
267105026,13671960895,34.78828761904762,35.91894337194338,65.95532450216449,50.327720000000014,57.56568719576718,76.19312793650796,34.78828761904762,Dublin_City_Centre_(CBD)_min
268143007,6009565503,15.93236056737589,16.650458237367804,41.42862723404255,39.917754163293736,42.78417390070922,52.110973900709226,15.93236056737589,Dublin_City_Centre_(CBD)_min
268047010,13228209,23.75578842105262,25.57081641025642,59.63992175438596,41.8865086757991,49.08629534246576,68.2269366190615,23.75578842105262,Dublin_City_Centre_(CBD)_min
267080020,2370551516,51.981138156028344,52.022133333333315,30.585428888888888,75.28942925925928,77.52060000000002,56.21523999999998,30.585428888888888,Sandyford_Business_District_min
267035011/04,9446062994,69.064096969697,71.51744363636368,57.743855757575744,85.44651340463462,77.14015724941733,37.11382545454541,37.11382545454541,Tallaght_min
267127010,4634375728,34.68671809523809,33.873398095238095,19.29724571428571,57.14069402116402,59.37186476190477,51.75576571428572,19.29724571428571,Sandyford_Business_District_min
267149001,11077259147,47.34266245614036,48.29021382868939,52.845127804878054,71.5575097546153,64.95579846153846,26.38662666666666,26.38662666666666,Tallaght_min
267138012,6291106836,46.28628,44.73689333333334,61.488516481481476,68.00418925925926,52.52299846153846,21.37745925925926,21.37745925925926,Tallaght_min
267022006,167166758,30.668083809523814,29.854763809523817,32.386020714285706,53.122059735449724,55.35323047619046,59.19130120789778,29.854763809523817,IFSC___Docklands_min
268159008,3883138938,32.38358666666666,38.92328,66.89944909090909,36.46513333333332,48.79527210884354,70.55688127659576,32.38358666666666,Dublin_City_Centre_(CBD)_min
267020013,11818285466,30.237605649717516,29.424285649717515,29.08929090909091,52.69158157564345,54.922752316384184,58.63114424242425,29.08929090909091,Sandyford_Business_District_min
268017008,1529915199,34.614478333333324,39.94076811220311,69.1303407575758,33.77671692307694,45.611778775510224,72.7877729432624,33.77671692307694,Dublin_Airport_min
267079003,13365245867,31.898364822695033,38.50992960256924,19.23487863247863,61.777225528495165,60.4756859574468,46.35971594202897,19.23487863247863,Sandyford_Business_District_min
267038001,13254905879,53.66217166666665,52.848851666666654,24.368943908045978,76.11614759259254,78.34731833333328,68.81556442086652,24.368943908045978,Sandyford_Business_District_min
267092039,135520626,43.652437241379324,47.52299162734424,5.799493333333333,70.79028755327016,72.22975837613109,57.8011244208665,5.799493333333333,Sandyford_Business_District_min
268040009,196360538,32.61023304347827,31.060846376811597,67.6557481757534,54.328142302737525,52.4926463768116,45.06762787878788,31.060846376811597,IFSC___Docklands_min
267028113,6341487691,41.80762222222221,44.512355555555544,78.95527555555554,64.42701460317458,30.02198222222222,67.2304622222222,30.02198222222222,Blanchardstown_min
268109012,12905904525,11.926735238095237,7.027754871794872,46.23555790633607,30.2950507977208,36.13752256410256,52.19002801733476,7.027754871794872,IFSC___Docklands_min
267112009,4454332427,55.91907999999997,54.36969333333331,87.89594666666667,77.6369892592593,75.80149333333334,48.08894666666664,48.08894666666664,Tallaght_min
268052003,1271103689,27.28666842604954,27.106681759382877,58.39604899224807,50.37397768530882,45.9884817593829,41.97896444444446,27.106681759382877,IFSC___Docklands_min
268079004,11179658624,23.222294166666675,21.672907500000008,58.2678092989418,44.94020342592593,43.1047075,37.0578,21.672907500000008,IFSC___Docklands_min
267004023,187689580,43.42170857142856,44.5523643243243,74.58874545454545,66.20033037037038,66.19910814814813,84.82654888888894,43.42170857142856,Dublin_City_Centre_(CBD)_min
268097001,3796687437,14.18503831223629,18.74346051282051,33.72295999999999,42.010756438746434,41.03685164556962,43.65530666666667,14.18503831223629,Dublin_City_Centre_(CBD)_min
268082013,4224663977,12.854813333333334,18.65565080291971,51.53190413625305,41.92294672884564,36.71683111111111,55.98904126984125,12.854813333333334,Dublin_City_Centre_(CBD)_min
268048004,2400349638,,,,,,,,
268158016/03,2721816757,29.079202380952374,35.61889571428572,63.595064805194816,33.79872222222221,43.58146083333333,67.25249699088147,29.079202380952374,Dublin_City_Centre_(CBD)_min
268112009,8721240443,23.477491851851845,22.33284284284284,38.5558788405797,45.60013876876878,48.97958666666666,61.051570639730635,22.33284284284284,IFSC___Docklands_min
268036007/02,2399584231,23.516806666666664,23.33682,59.56955080291971,46.60411592592593,29.822417499999997,58.84590549019608,23.33682,IFSC___Docklands_min
268031009,2400869890,25.056266666666666,28.47844396396397,62.20391999999999,51.74573988988991,32.95122222222223,63.98752945416006,25.056266666666666,Dublin_City_Centre_(CBD)_min
268080009,4890409486,10.491344561403508,17.005344561403508,45.23984698564593,37.58992666666668,29.503340833333336,55.9221936523126,10.491344561403508,Dublin_City_Centre_(CBD)_min
267100087,8747642118,36.013386666666676,34.46400000000002,71.05890179894182,57.73129592592593,36.87510512820514,51.49769473684212,34.46400000000002,IFSC___Docklands_min
268141004,135109549,15.714347179487179,18.606978170478165,37.60163441860467,41.8742740964041,42.56616051282052,46.115953672316394,15.714347179487179,Dublin_City_Centre_(CBD)_min
267138001/04,11053852897,50.325857391304346,48.776470724637676,69.00037739130434,66.64870170502985,57.65024544566542,33.44249944258641,33.44249944258641,Tallaght_min
267132010,296448898,36.96187282051281,32.909206153846156,73.03545948717948,28.995286153846155,59.02716615384616,63.352386153846155,28.995286153846155,Dublin_Airport_min
268095008,2951477066,24.70221333333333,23.152826666666662,59.74772846560847,46.4201225925926,44.584626666666665,43.07172606990623,23.152826666666662,IFSC___Docklands_min
267083020,7797327717,56.61907833333333,56.18631027131783,40.78473166666665,64.4617493137255,66.39619911371237,39.026585000000004,39.026585000000004,Tallaght_min
267120013,243751814,44.516184444444455,43.70286444444446,40.23975363984677,66.97016037037038,69.20133111111113,73.03940184281844,40.23975363984677,Sandyford_Business_District_min
268150008,9128280400,16.820646553672315,16.640659887005647,53.074023729090165,39.907955812931576,37.37343763239876,43.251925614035095,16.640659887005647,IFSC___Docklands_min
267132008,11357199498,31.931797435897433,27.87913076923077,68.0053841025641,23.965210769230772,53.997090769230766,58.322310769230754,23.965210769230772,Dublin_Airport_min
267134018,4770302396,40.40969333333333,31.50929333333334,72.13554666666666,39.04537333333334,69.07725333333335,73.40247333333332,31.50929333333334,IFSC___Docklands_min
267028042,12790169945,38.06817083333333,39.556237500000016,75.21582416666666,62.82353342592593,31.68474811032864,68.89322811032865,31.68474811032864,Blanchardstown_min
268008001,301816537,34.792957006802716,37.417503673469405,70.67709034013606,46.684840000000015,61.50507901593515,80.52610367346935,34.792957006802716,Dublin_City_Centre_(CBD)_min
267133009,14185461,42.06435333333334,36.92835333333334,77.55460666666664,34.09776666666667,64.12964666666667,68.45486666666666,34.09776666666667,Dublin_Airport_min
268113017/03,984315815,29.47274857142857,28.659428571428574,35.46901523809524,51.9267244973545,54.157895238095236,57.97859041050903,28.659428571428574,IFSC___Docklands_min
267066007,3194043676,32.320081904761906,32.35444622908623,63.314655238095256,25.63330857142857,40.607599279279306,68.37099523809523,25.63330857142857,Dublin_Airport_min
267084004,4867365749,61.59245538461537,64.04580205128204,50.28872205128203,77.99137969834091,68.79915967365969,28.772827878787883,28.772827878787883,Tallaght_min
268127012,255425800,35.49872284153006,37.95206950819673,38.70518095238096,61.21936543412266,62.35053617486339,37.0497168627451,35.49872284153006,Dublin_City_Centre_(CBD)_min
267138009,10993162734,46.210559999999994,44.66117333333333,62.77999406432748,67.5760750383632,52.44727846153845,22.668936842105275,22.668936842105275,Tallaght_min
267107011,9382864801,59.01836952380952,57.46898285714285,87.00004,80.73627878306881,59.88008798534798,49.84785333333333,49.84785333333333,Tallaght_min
268126002,243484825,36.92344596273291,38.05410171562866,68.09048284584983,56.264283703703725,59.70084553945252,78.32828628019325,36.92344596273291,Dublin_City_Centre_(CBD)_min
267157010,10676647097,43.43617170163171,41.88678503496505,56.96191040293042,65.15408096089097,61.9312234965035,28.411280701754382,28.411280701754382,Tallaght_min
268160009,26389997,27.23222553191488,33.77191886524822,61.74808795615734,34.83698761904761,47.37909000000001,65.405520141844,27.23222553191488,Dublin_City_Centre_(CBD)_min
268148005,6419040087,19.82327763239876,19.643290965732092,55.82602176865179,42.91058689165801,38.52509096573207,47.17229894736841,19.643290965732092,IFSC___Docklands_min
267064001,2587702749,47.36699319148936,46.22234418248036,61.880656720901115,69.48964010840628,72.86908800630415,84.94107197936815,46.22234418248036,IFSC___Docklands_min
268085008/02,6192445132,22.86191428571429,21.312527619047618,57.90742941798942,44.57982354497355,42.74432761904762,44.06992761904762,21.312527619047618,IFSC___Docklands_min
267100044,440071974,34.387783750000004,32.838397083333334,69.43329888227512,56.10569300925927,35.24950221153846,45.969076028368775,32.838397083333334,IFSC___Docklands_min
268069003,2583580792,38.86477269076307,39.42985111111113,73.38063511500545,49.06490222222222,39.089688888888894,82.53321481481483,38.86477269076307,Dublin_City_Centre_(CBD)_min
268012012,2375578370,19.310313333333337,23.41504666666667,55.816215757575755,31.988663063063065,28.733579310344837,66.31941479674796,19.310313333333337,Dublin_City_Centre_(CBD)_min
267120010,243754161,41.946478095238085,41.13315809523809,37.67004729064038,64.40045402116401,66.63162476190476,70.46969549361206,37.67004729064038,Sandyford_Business_District_min
268006038/05,12282132023,30.073109047619052,32.19045111111111,66.14123511500549,54.86346925925928,29.071788148148155,70.5698014814815,29.071788148148155,Blanchardstown_min
268060006,11540397603,21.02653619047619,27.566229523809525,55.54239861471862,37.13976666666667,42.27833398601399,62.30278753623189,21.02653619047619,Dublin_City_Centre_(CBD)_min
268065014,339253046,21.91897043478261,26.023703768115944,58.42487285902503,28.228855757575765,26.80833043478261,68.92807189819723,21.91897043478261,Dublin_City_Centre_(CBD)_min
268091004,13018251449,37.043919999999986,36.86393333333332,55.55510065934065,60.13122925925924,59.533519537160636,38.73020888888888,36.86393333333332,IFSC___Docklands_min
267147028,6226093013,49.658225747126444,48.10883908045978,59.627296302682,71.3761350063857,58.9910280911681,19.51623908045978,19.51623908045978,Tallaght_min
268055006,364875168,32.214861441922565,32.034874775255894,61.849042838401914,55.302170701181815,50.916674775255885,39.21428666666666,32.034874775255894,IFSC___Docklands_min
268055010,13866999588,31.40860810858923,31.228621441922563,62.37886950506858,54.49591736784848,50.11042144192255,39.744113333333324,31.228621441922563,IFSC___Docklands_min
268040002,2775883086,35.144916666666674,33.595530000000004,70.19043179894179,56.862825925925925,52.56553664335664,41.91420484848484,33.595530000000004,IFSC___Docklands_min
267121007,11248339312,38.2094474074074,37.396127407407405,33.933016602809715,60.66342333333333,62.89459407407407,66.73266480578138,33.933016602809715,Sandyford_Business_District_min
268084007,5618864345,18.82669935483871,17.27731268817204,53.87221448711385,40.54460861409798,38.70911268817205,43.40987660130718,17.27731268817204,IFSC___Docklands_min
267003006,6335106214,69.08381964912279,59.650086315789466,98.90967298245609,73.23616631578945,92.9723481481481,106.5493463157894,59.650086315789466,IFSC___Docklands_min
267070004,12729579818,37.9938780952381,37.180558095238105,37.44014476190477,60.447854021164034,62.67902476190477,66.51709549361209,37.180558095238105,IFSC___Docklands_min
268132015,252311734,20.271507450980394,22.724854117647062,35.64128507936508,45.99215004357299,47.12332078431373,37.531153508771936,20.271507450980394,Dublin_City_Centre_(CBD)_min
268135017,564453082,26.073226086956524,28.526572753623192,35.40188571428572,51.793868679549114,52.925039420289856,35.10850189054727,26.073226086956524,Dublin_City_Centre_(CBD)_min
267099027,13698105829,47.46931619047619,48.140660728291316,78.63635307359309,55.676740728291314,70.24671576719577,88.87415650793653,47.46931619047619,Dublin_City_Centre_(CBD)_min
267050019,8951456847,33.6960962962963,32.146709629629626,59.4492162962963,55.41400555555557,44.63658893772893,31.143916190476194,31.143916190476194,Tallaght_min
267068006,431495949,39.343485925925926,38.19883691691691,44.89482666666665,61.46613284284283,64.84558074074071,74.98274739837397,38.19883691691691,IFSC___Docklands_min
268013002,2375578404,28.106460000000002,32.211193333333334,64.61236242424245,35.98078306306307,33.198357575757576,72.0783638709678,28.106460000000002,Dublin_City_Centre_(CBD)_min
268073002,4893017188,24.82407746031746,25.95473321321321,55.99111434343435,49.22202913913916,47.60147703703704,66.22891777777778,24.82407746031746,Dublin_City_Centre_(CBD)_min
268108016,2647800134,16.216109616519176,20.450913940843495,52.10024294985253,38.645886127946135,45.27308354979132,61.94925628318587,16.216109616519176,Dublin_City_Centre_(CBD)_min
267105012/03,6874143599,50.638395396825416,51.76905114972116,81.80543227994228,61.52013444444445,73.41579497354496,92.04323571428571,50.638395396825416,Dublin_City_Centre_(CBD)_min
267032004,477746442,24.928382222222222,29.033115555555558,62.076035555555556,46.76194814814816,16.94274222222223,54.15122222222222,16.94274222222223,Blanchardstown_min
268058013,248739525,17.84400380952381,24.383697142857145,52.35986623376623,40.466047887323946,40.60760476190476,62.94711269841269,17.84400380952381,Dublin_City_Centre_(CBD)_min
268006004,8997224634,25.97806904761905,28.780784375000003,63.12572238095239,48.582291041666686,23.153599999999997,64.2898698651961,23.153599999999997,Blanchardstown_min
267118026,12550955484,64.26241640768589,61.031182222222235,95.42945329080275,65.45059555555557,87.03981598440545,99.80769555555554,61.031182222222235,IFSC___Docklands_min
268058005,1672788152,23.472376283185838,27.707180607510157,59.35650961651917,46.778710370370376,52.52935021645796,69.20552294985252,23.472376283185838,Dublin_City_Centre_(CBD)_min
268032005,16054395,20.646271351351345,20.46628468468468,56.6990154876044,43.73358061061062,30.273211515151505,55.97537017488078,20.46628468468468,IFSC___Docklands_min
267111002/01,13256238641,40.78104380952383,41.91169956241958,71.94808069264069,65.1789954883455,63.5584433862434,82.18588412698408,40.78104380952383,Dublin_City_Centre_(CBD)_min
267060004,480165749,44.18871319148935,43.044064182480355,58.70237672090111,66.31136010840628,69.69080800630415,81.76279197936813,43.044064182480355,IFSC___Docklands_min
268040003/01,3755180276,30.699068571428576,29.14968190476191,65.7445837037037,52.416977830687834,46.93587846153845,41.38590754578754,29.14968190476191,IFSC___Docklands_min
268002008,12537398205,22.191578018018014,22.01159135135135,58.18446666666668,45.278887277277285,34.85963434343435,57.52067684154744,22.01159135135135,IFSC___Docklands_min
268122007,8050183576,46.06814000000001,48.69268666666668,81.95227333333334,59.72636742424242,72.78026200913241,87.99934000000002,46.06814000000001,Dublin_City_Centre_(CBD)_min
267041007,12698739603,29.868095384615362,31.547277232704406,67.01574871794874,54.814573158630374,23.289951515151497,67.05636272290052,23.289951515151497,Blanchardstown_min
267001010/03,4794382397,39.14552952380952,41.36946765765765,72.32967666666666,33.6027276190476,48.23488952380954,75.66585777777776,33.6027276190476,Dublin_Airport_min
268024003,243915069,22.75057333333334,25.375120000000003,58.63470666666667,40.127156836158186,49.46269534246576,68.48372,22.75057333333334,Dublin_City_Centre_(CBD)_min
267020012,193300474,41.36960701754387,40.22495800853486,32.112586666666665,63.4922539344608,66.14473333333333,61.65444000000001,32.112586666666665,Sandyford_Business_District_min
267106007,10822980250,41.104762619047634,38.01675666666667,72.2717995021645,45.55283666666667,63.88216219576719,79.90993666666667,38.01675666666667,IFSC___Docklands_min
267001007,2371407116,43.822225,46.08100099099097,77.04121,38.31426095238093,52.946422857142856,79.82889777777778,38.31426095238093,Dublin_Airport_min
267100025,295896848,38.13676571428571,36.58737904761904,73.18228084656086,59.854674973544974,38.99848417582417,44.20548571428571,36.58737904761904,IFSC___Docklands_min
268115012,13234436512,,,,,,,,
268021012,242784626,35.913998865248224,42.45369219858154,70.42986128949067,36.0144725925926,57.440819259259264,74.08729347517733,35.913998865248224,Dublin_City_Centre_(CBD)_min
268062005,3636871315,33.092965962732926,34.223621715628674,64.26000284584983,48.94952166666668,55.87036553945253,74.49780628019327,33.092965962732926,Dublin_City_Centre_(CBD)_min
267132032,1142143597,35.98226385964912,31.929597192982456,72.05585052631581,28.01567719298246,58.04755719298246,62.37277719298245,28.01567719298246,Dublin_Airport_min
268005009,1100940537,20.550749090909093,20.37076242424242,56.603493227162126,43.63805835016834,31.681767676767674,54.31138666666667,20.37076242424242,IFSC___Docklands_min
268146002,75656398,37.515001904761895,38.462553277310924,45.938273957307054,61.72984920323685,63.49715381037565,32.094648682170536,32.094648682170536,Tallaght_min
267080026,3382687480,58.473231489361666,58.514226666666644,37.077522222222214,81.78152259259262,84.01269333333336,56.91123333333333,37.077522222222214,Sandyford_Business_District_min
268005012,3133786192,17.948911351351352,17.768924684684684,54.00165548760438,41.036220610610606,30.72771515151516,53.278010174880755,17.768924684684684,IFSC___Docklands_min
268089007,1432597866,32.887036825396834,35.5115834920635,68.77117015873017,33.33744,52.18045333333334,71.32109460992906,32.887036825396834,Dublin_City_Centre_(CBD)_min
267092011,1307974101,56.89822666666667,56.084906666666676,21.598053333333347,79.3522025925925,81.58337333333324,67.19468,21.598053333333347,Sandyford_Business_District_min
267028004/02/08,5064257110,39.341188985507266,42.045922318840596,76.4888423188406,61.96058136645964,27.555548985507258,64.76402898550727,27.555548985507258,Blanchardstown_min
267103010,26446667,38.476581587301595,36.92719492063493,73.52209671957671,60.19449084656087,39.33830004884007,59.35417541666667,36.92719492063493,IFSC___Docklands_min
268017013,5140902808,29.532903589743583,31.1907281122031,62.15093712121214,25.02247692307692,38.6222635897436,67.20727712121213,25.02247692307692,Dublin_Airport_min
268094013,26414234,44.133329743589734,43.83139999999999,52.53144783882784,67.09869592592591,63.875838461538436,40.13014492753622,40.13014492753622,Tallaght_min
267115004,2465687943,43.84882,46.30216666666667,38.478102222222226,66.10543764705884,68.0398874470457,37.16076666666666,37.16076666666666,Tallaght_min
268158016/01,5381135660,29.58457571428572,36.12426904761905,64.10043813852813,34.07398888888889,46.81438083333333,67.75787032421479,29.58457571428572,Dublin_City_Centre_(CBD)_min
268055003,11841365450,32.51399,32.632403333333336,55.256109505068586,55.89969925925926,54.14052512820513,32.62135333333334,32.51399,Dublin_City_Centre_(CBD)_min
267053025,9561555833,45.66745333333334,44.11806666666667,76.2844888888889,67.3853625925926,50.940264175824204,36.715893333333334,36.715893333333334,Tallaght_min
267132037,5043110551,34.52594020202018,30.523273535353514,70.59952686868684,26.559353535353516,56.59123353535355,60.91645353535354,26.559353535353516,Dublin_Airport_min
268038005,696250064,33.223550833333334,31.67416416666667,67.85057142857141,54.941460092592585,47.44250322344321,36.79117142857142,31.67416416666667,IFSC___Docklands_min
268072001,2941539659,39.08841079365077,40.21906654654652,70.2554476767677,61.75672592592592,61.86581037037036,80.4932511111111,39.08841079365077,Dublin_City_Centre_(CBD)_min
267089002,1514322462,42.67584421052633,41.862524210526324,40.02658528735633,65.12982013645224,67.36099087719298,70.22192000000001,40.02658528735633,Sandyford_Business_District_min
268098004,8676602133,12.121591794871795,11.94160512820513,48.124335931124826,35.208901054131054,32.71949945355191,48.433489628127106,11.94160512820513,IFSC___Docklands_min
267033005,12760538645,30.16897777777778,32.67996952380954,67.31663111111108,51.07119435897438,4.164013333333334,59.34950102564105,4.164013333333334,Blanchardstown_min
267100079,3001440760,38.28014374999999,36.73075708333333,73.32565888227516,59.998053009259294,39.14186221153846,49.43337777777779,36.73075708333333,IFSC___Docklands_min
268100005,4382812445,21.650448484848486,21.768861818181822,52.968550810429875,45.03615774410775,47.836731013584114,39.073772549019615,21.650448484848486,Dublin_City_Centre_(CBD)_min
268108018/268108019,9309836237,15.599951724137927,7.960397777777778,49.26998444444446,27.553495925925926,39.71336148148147,54.32632444444445,7.960397777777778,IFSC___Docklands_min
267092035,135533250,50.13293057471267,54.00348496067759,19.704040000000003,77.27078088660348,78.71025170946443,64.28161775419986,19.704040000000003,Sandyford_Business_District_min
268143022,13872344931,,,,,,,,
268096020,2272726650,11.633973913043478,10.489324904034468,37.498532121212115,33.756620829960404,37.13606872785829,48.18087878787879,10.489324904034468,IFSC___Docklands_min
267158015,637792675,36.61415619047621,40.718889523809544,73.76180952380949,53.13706285714287,26.011849523809534,66.40366285714286,26.011849523809534,Blanchardstown_min
267069007,10684352585,43.04016549019608,42.226845490196084,42.48643215686275,65.494141416122,67.72531215686276,71.56338288857009,42.226845490196084,IFSC___Docklands_min
267004011/03,6669988014,47.952095238095254,49.082750990991,79.11913212121219,67.41810370370372,70.72949481481486,89.35693555555561,47.952095238095254,Dublin_City_Centre_(CBD)_min
267127005,146661930,34.14317142857143,33.32985142857143,22.921645714285717,56.59714735449736,58.828318095238096,55.38016571428572,22.921645714285717,Sandyford_Business_District_min
267007004,9546092478,44.278591489361695,46.01958666666667,27.570839999999993,60.19785764705883,62.132307447045704,34.762693333333324,27.570839999999993,Sandyford_Business_District_min
267150005,8651350520,43.09113037037039,44.95424026143792,48.38924846560849,68.22153618736384,69.94294370370373,33.35568333333333,33.35568333333333,Tallaght_min
267123001,12644687298,67.2949331328321,63.65912,98.46197001594898,77.24520000000001,90.07233270955166,108.69977345029243,63.65912,IFSC___Docklands_min
267004026,257290658,37.84874857142858,38.97940432432433,69.01578545454545,62.24670025025025,60.62614814814813,79.2535888888889,37.84874857142858,Dublin_City_Centre_(CBD)_min
267041006,12791901266,26.913255384615375,31.01798871794871,64.06090871794872,54.28528464387465,20.718724848484843,67.87873882352942,20.718724848484843,Blanchardstown_min
267158012/05,13278541055,48.93994666666668,53.044680000000014,85.44584909090912,56.82952000000002,41.60053538461539,83.35901538461539,41.60053538461539,Blanchardstown_min
267021004/267026005,634651881,42.5574070175439,41.41275800853489,40.984610476190475,64.6800539344608,67.88112603773583,71.71919676944316,40.984610476190475,Sandyford_Business_District_min
267049006,12012576614,41.93108190476189,40.38169523809522,76.97659703703707,63.64899116402115,42.79280036630035,42.997356862745086,40.38169523809522,IFSC___Docklands_min
268144009,2987644667,32.695382745098044,33.649784705882354,42.885585535795705,56.917080631808275,59.20828919540228,38.85937641025641,32.695382745098044,Dublin_City_Centre_(CBD)_min
267118012,12512081991,65.63416546751496,62.40293128205129,96.80120235063185,66.82234461538464,88.41156504423454,101.17944461538464,62.40293128205129,IFSC___Docklands_min
267038009,2397319925,43.95074,43.137420000000006,25.55778252873564,66.40471592592593,68.63588666666666,70.00440304155617,25.55778252873564,Sandyford_Business_District_min
267138010,1423891615,45.286559999999994,43.73717333333333,63.067129814814805,67.00446925925925,51.52327846153845,22.956072592592598,22.956072592592598,Tallaght_min
267008004,7788435801,47.147159974210176,51.42982181818182,31.979368484848482,65.94082431372553,67.8752741137124,40.50566,31.979368484848482,Sandyford_Business_District_min
267097013,674712982,,,,,,,,
267039008,319091378,41.368745,40.555425,43.678968809523795,63.82272092592591,66.05389166666664,69.89196239837398,40.555425,IFSC___Docklands_min
267095006,5588873890,50.05284042328042,49.55502518518518,81.21987730639731,67.68551555555557,72.83023999999999,91.45768074074073,49.55502518518518,IFSC___Docklands_min
268042017,12513952366,54.367483333333354,57.03714878787882,89.22961487483532,75.16763915824912,80.83997756843797,99.46741830917875,54.367483333333354,Dublin_City_Centre_(CBD)_min
267151001,8622642553,41.73925641025641,42.68680778280543,50.13737450549451,65.95410370873135,64.6287082051282,27.31969806451613,27.31969806451613,Tallaght_min
267103018,9757765283,35.391444637681154,33.8420579710145,70.4369597699563,57.109353896940405,36.253163099219606,48.42683130434781,33.8420579710145,IFSC___Docklands_min
268063002,18896299,29.372974358974364,33.477707692307696,65.87887678321678,32.92833975308642,31.088640000000012,68.29711999999999,29.372974358974364,Dublin_City_Centre_(CBD)_min
267081002,247414926,38.90633815602837,45.517902935902576,29.47572615384615,68.7851988618285,67.48365929078014,37.6684328205128,29.47572615384615,Sandyford_Business_District_min
267103007,8830550513,43.61434158730161,42.06495492063494,78.6598567195767,65.33225084656088,44.476060048840075,64.49193541666668,42.06495492063494,IFSC___Docklands_min
268092010,12216153009,32.808066666666676,33.7556180392157,50.88944899224809,57.02291396514165,59.31412252873565,41.895653333333364,32.808066666666676,Dublin_City_Centre_(CBD)_min
267133012,254488722,41.63343333333334,36.49743333333335,77.12368666666666,33.66684666666667,63.69872666666667,68.02394666666666,33.66684666666667,Dublin_Airport_min
267098006,254343995,85.03071228070176,86.57834666666669,121.53661470494418,85.47844000000003,89.52840561403511,119.83553999999997,85.03071228070176,Dublin_City_Centre_(CBD)_min
267097016,1507520379,50.5274465248227,49.382797515813685,43.841965559038634,72.65009344173963,76.0295413396375,80.50945877768436,43.841965559038634,Sandyford_Business_District_min
268096012,3978749600,15.97481390070922,15.945338237367798,41.471080567375886,39.21263416329374,42.59208206119163,52.15342723404255,15.945338237367798,IFSC___Docklands_min
267158011/01,304699388,40.29012952380953,44.39486285714286,77.43778285714293,56.8130361904762,29.687822857142855,70.07963619047622,29.687822857142855,Blanchardstown_min
267120009,1540808415,71.32759515151515,70.51427515151516,67.05116434691742,93.78157107744106,96.01274181818181,99.85081254988911,67.05116434691742,Sandyford_Business_District_min
267080014,13367974328,33.359204822695034,39.970769602569234,20.695718632478634,63.23806552849517,61.9365259574468,42.3687292753623,20.695718632478634,Sandyford_Business_District_min
267158006,247483887,35.480642424242426,39.585375757575775,72.62829575757578,52.00354909090911,24.878335757575755,65.2701490909091,24.878335757575755,Blanchardstown_min
268133006,5245064882,22.895057971014484,28.86597499999999,31.560082790697667,52.13327092592591,51.47237910576627,41.46549367965365,22.895057971014484,Dublin_City_Centre_(CBD)_min
267146004,4880294085,52.34776242424242,52.48559428571429,45.294029090909085,72.9966867379679,55.388705128205125,15.36237333333333,15.36237333333333,Tallaght_min
267144010,8562098397,41.881439349593485,40.332052682926815,60.55595934959347,58.20428366331898,54.71492012997252,25.33513757575757,25.33513757575757,Tallaght_min
267095014,6600708196,44.92676190476193,46.05741765765767,76.09379878787877,69.32471358358362,67.7041614814815,86.33160222222222,44.92676190476193,Dublin_City_Centre_(CBD)_min
267003017,560618910,54.164579649122814,44.73084631578947,83.9904329824561,58.31692631578948,81.74445668615981,91.63010631578943,44.73084631578947,IFSC___Docklands_min
268098007,4397272910,14.073605128205132,13.893618461538464,49.858440595238086,37.16091438746439,31.427206120218578,46.73790444444443,13.893618461538464,IFSC___Docklands_min
267059002,257930468,34.68794281949935,33.54944484848485,33.66375663003662,56.81674077441077,59.04791151515151,45.74971151515151,33.54944484848485,IFSC___Docklands_min
267140038,443325628,53.59452296296295,52.045136296296285,64.85163745210727,75.31243222222223,59.83124142450141,24.74058022988505,24.74058022988505,Tallaght_min
268135014,12194422250,26.81248590163934,29.26583256830601,36.18216571428572,52.53312849423194,53.664299234972674,36.16668627450981,26.81248590163934,Dublin_City_Centre_(CBD)_min
268079001,3264197159,29.41811764705882,27.868730980392158,64.46363277933393,51.136026906318065,49.30053098039214,36.42509882352941,27.868730980392158,IFSC___Docklands_min
268030011,746901448,,,,,,,,
267010002,7794371401,48.41997539740765,50.16097057471263,31.712223908045978,65.56561549652118,67.50006529650804,40.130451182795674,31.712223908045978,Sandyford_Business_District_min
268099007,10743377352,14.290709195402298,14.110722528735632,50.47164775193802,37.37801845466155,37.65918919540229,44.58278857142856,14.110722528735632,IFSC___Docklands_min
268070014,3428570258,36.03075763440861,40.006588261563,70.54662005865104,50.87218764705884,58.01318666666668,74.87876333333332,36.03075763440861,Dublin_City_Centre_(CBD)_min
267040021,12796035505,28.606943859649114,30.828343859649117,65.75459719298246,54.09563978557506,17.406821818181815,64.95483515151514,17.406821818181815,Blanchardstown_min
267004007,255179281,42.43381523809524,43.564470990991,73.60085212121213,65.23670074074074,65.21121481481482,83.8386555555556,42.43381523809524,Dublin_City_Centre_(CBD)_min
268070006,2758274299,28.451407777777778,31.325954444444445,63.50635337662337,39.690024285714294,46.889810952380955,66.0304522289767,28.451407777777778,Dublin_City_Centre_(CBD)_min
267147010,6233171453,44.031057777777754,42.48167111111109,54.50792444444442,65.74896703703702,54.45944290598288,13.889071111111113,13.889071111111113,Tallaght_min
267076013,480216755,42.196278787878775,41.05162977886976,56.70994231729056,64.31892570479573,67.69837360269361,79.7703575757576,41.05162977886976,IFSC___Docklands_min
268079006,4835268607,26.796214166666672,25.246827500000002,61.84172929894179,48.51412342592592,46.67862749999999,36.78184549019609,25.246827500000002,IFSC___Docklands_min
268116005,5473339664,20.84521274509804,20.031892745098038,30.663931594202896,43.29918867102397,45.53035941176471,48.987655225174265,20.031892745098038,IFSC___Docklands_min
268092012,2610011419,30.12145333333334,31.06900470588236,48.202835658914736,54.336300631808285,56.62750919540229,38.75678974358973,30.12145333333334,Dublin_City_Centre_(CBD)_min
267001009,293726742,35.96758285714285,36.35551477886979,67.3157237878788,30.184807619047607,45.056942857142836,72.37206378787877,30.184807619047607,Dublin_Airport_min
268003016,8397032886,11.357784586288416,11.17779791962175,47.36052872254145,34.44509384554768,30.05959791962175,46.48070666666667,11.17779791962175,IFSC___Docklands_min
267023005,1514322870,39.4863136842105,38.3416646752015,30.904573333333335,61.608960601127436,64.98840849902531,60.446426666666646,30.904573333333335,Sandyford_Business_District_min
268036012,13048131286,19.07739619047619,21.66546285714286,56.22504952380952,44.932758783068785,25.320668045977015,57.174548347338934,19.07739619047619,Dublin_City_Centre_(CBD)_min
267028085,12921869218,39.51487215022251,41.07995057057057,74.03073457446494,62.26863238095236,27.863599999999998,65.07207999999999,27.863599999999998,Blanchardstown_min
267001003,294001403,41.86071833333334,46.141414324324316,76.37658075757582,38.37467428571428,53.00683619047621,77.86739111111115,38.37467428571428,Dublin_Airport_min
268071003,2438128044,38.78800596273293,39.91866171562868,69.95504284584983,50.82497454545455,61.56540553945251,80.19284628019324,38.78800596273293,Dublin_City_Centre_(CBD)_min
268103007,13103548481,22.922323577235773,23.040736910569105,52.17498454780362,46.30803283649503,48.07575953716064,38.73519444444444,22.922323577235773,Dublin_City_Centre_(CBD)_min
267097005,14020384189,45.395730370370366,44.58241037037036,41.119299565772664,67.84970629629629,70.08087703703704,73.91894776874437,41.119299565772664,Sandyford_Business_District_min
267145009,4921036563,54.15021225672877,52.60082559006211,47.92305333333332,75.62571098039214,57.80894512820511,17.78261333333334,17.78261333333334,Tallaght_min
268150010,882292518,22.796092870493982,22.61610620382732,52.67130982558139,45.88340212975325,41.49790620382733,41.880843243243234,22.61610620382732,IFSC___Docklands_min
267140026,3234986446,50.44325916666665,48.89387249999999,65.83972,72.16116842592588,57.39664429487178,28.687533333333338,28.687533333333338,Tallaght_min
268052010,13901302668,34.30941666666667,34.42782999999999,58.631269505068595,57.695125925925936,53.757034775255875,35.99651333333333,34.30941666666667,Dublin_City_Centre_(CBD)_min
268074013,301799610,32.82611262939959,33.95676838229533,63.99314951251645,55.230059276826246,55.60351220611915,74.23095294685992,32.82611262939959,Dublin_City_Centre_(CBD)_min
267136007,4100846486,57.09345109730848,55.54406443064182,53.747179784946226,78.81136035656776,61.59717527313265,21.634040000000024,21.634040000000024,Tallaght_min
268124002,32435504,35.03747262939957,36.16812838229533,66.20450951251648,57.44141927682627,57.81487220611917,76.44231294685993,35.03747262939957,Dublin_City_Centre_(CBD)_min
267040058,6178823077,42.78273238095239,44.17606111111112,78.12684511500548,66.84907925925926,33.093666666666664,70.30214666666666,33.093666666666664,Blanchardstown_min
268051006,10982693224,28.41127607843138,26.86188941176471,63.45679121070649,50.12918533769062,48.293689411764696,37.559693333333335,26.86188941176471,IFSC___Docklands_min
267145004,4932687913,55.49512645161288,54.283258053830195,48.44139311827954,76.14405076533839,60.33636889632103,21.744453333333343,21.744453333333343,Tallaght_min
267140031,9579018576,50.02641777777776,48.477031111111096,59.565363888888875,71.74432703703702,56.26313623931622,21.316273563218388,21.316273563218388,Tallaght_min
268106008,528397836,9.894077469586373,10.395824136253042,43.27207746958638,33.663120062178976,37.307819420289846,48.56170501872661,9.894077469586373,Dublin_City_Centre_(CBD)_min
268018014/268018017,2407410666,29.23169877551019,33.336432108843525,64.0792678664193,28.712689230769218,38.321058775510224,68.04503338543928,28.712689230769218,Dublin_Airport_min
267119010,11981838323,49.43917714285713,47.88979047619047,72.44937714285713,71.15708640211639,56.39256227106226,35.29719047619047,35.29719047619047,Tallaght_min
268004009,6202265496,15.439700952380958,13.890314285714291,50.48521608465608,37.15761021164021,35.32211428571428,44.48154666666666,13.890314285714291,IFSC___Docklands_min
267080001,3205946168,58.65383148936169,58.69482666666667,40.24607999999999,81.96212259259252,84.19329333333326,58.46392666666666,40.24607999999999,Sandyford_Business_District_min
267063003,11508365453,45.30153212121211,44.156883112203104,59.815195650623885,67.42417903812905,70.80362693602693,82.87561090909092,44.156883112203104,IFSC___Docklands_min
268035011,2348395977,19.62522285714285,22.21328952380952,56.772876190476204,45.48058544973547,25.11248148148148,57.72237501400562,19.62522285714285,Dublin_City_Centre_(CBD)_min
268036006,2399601635,19.9639825,20.64704307692308,56.87977387984279,43.91433900284901,28.25978416666667,56.15612856711916,19.9639825,Dublin_City_Centre_(CBD)_min
268152006,2372266903,27.0213980952381,27.139811428571434,49.86272315891473,50.40710735449735,46.476546203827326,39.485509909909915,27.0213980952381,Dublin_City_Centre_(CBD)_min
267094011,12620100284,59.25007979949875,60.380735552394505,90.41711668261566,72.05569333333332,82.02747937621834,100.6549201169591,59.25007979949875,Dublin_City_Centre_(CBD)_min
267126003,185664004,108.23517333333332,107.42185333333333,110.54539714285714,130.68914925925927,132.92032,136.75839073170735,107.42185333333333,IFSC___Docklands_min
268121004,9947404404,53.4334634920635,56.05801015873017,89.29667575757573,51.39614315789475,72.68013333333336,90.0810431578947,51.39614315789475,Dublin_Airport_min
268089006,1432597866,32.887036825396834,35.5115834920635,68.77117015873017,33.33744,52.18045333333334,71.32109460992906,32.887036825396834,Dublin_City_Centre_(CBD)_min
267134024,253315067,43.737473501400565,36.06102,74.90451038451744,43.59709999999998,66.51487307812012,77.95419999999999,36.06102,IFSC___Docklands_min
267118006,12492092419,53.79989572392519,50.568661538461534,84.96693260704207,54.988074871794865,76.57729530064475,89.34517487179485,50.568661538461534,IFSC___Docklands_min
268053005,4897928389,30.29724666666667,30.415660000000003,54.94211270060758,53.68295592592593,55.60775953716067,39.93885657657657,30.29724666666667,Dublin_City_Centre_(CBD)_min
267100046,9018019881,37.39856444444445,35.84917777777779,72.44407957671955,59.116473703703726,38.26028290598292,43.46728444444446,35.84917777777779,IFSC___Docklands_min
268110004,2761886988,21.53063942028985,20.59412919540231,43.325990303030295,38.72461956577266,48.38245275362318,57.70925275362318,20.59412919540231,IFSC___Docklands_min
267048005,8996563010,33.80869833333333,32.25931166666667,68.85421346560845,55.52660759259258,34.6704167948718,39.877418333333324,32.25931166666667,IFSC___Docklands_min
267128007,8130232035,36.145546666666654,35.33222666666665,35.334657777777764,58.59952259259261,60.83069333333335,61.71620444444444,35.33222666666665,IFSC___Docklands_min
267113010,8246229904,41.89984780487805,44.35319447154472,36.35274113821138,67.16451711860356,64.63657512820512,26.04440380952382,26.04440380952382,Tallaght_min
268016014,6221821091,31.140031666666665,31.17439599099098,62.134605,25.906125057471254,42.4775435897436,67.19094499999999,25.906125057471254,Dublin_Airport_min
268062007,3636870967,32.061352629399586,33.19200838229533,63.22838951251649,51.44058666666665,54.83875220611919,73.46619294685992,32.061352629399586,Dublin_City_Centre_(CBD)_min
267031013,13077968510,36.74163904761904,38.13496777777779,72.08575178167217,60.807985925925955,16.43501333333333,68.99033727699529,16.43501333333333,Blanchardstown_min
268002004,2940557034,15.966658018018018,15.78667135135135,52.01940215427105,39.05396727727727,28.745461818181823,51.29575684154743,15.78667135135135,IFSC___Docklands_min
268009014/268009015,249084549,17.607909616519173,21.842713940843506,53.49204294985252,45.11000986676945,45.07045364314401,63.34105628318586,17.607909616519173,Dublin_City_Centre_(CBD)_min
268113007,181310544,21.956153439153432,21.142833439153435,29.513202393162388,44.410129365079364,46.6413001058201,50.07866194490056,21.142833439153435,IFSC___Docklands_min
268090005,2373662613,38.584626666666665,38.40464,52.67058476190477,61.67193592592593,61.001834017094005,38.59657333333334,38.40464,IFSC___Docklands_min
267028064,12945404621,37.951029425287324,40.65576275862067,75.09868275862068,60.57042180623971,26.16538942528736,63.37386942528733,26.16538942528736,Blanchardstown_min
267050014,10934614313,36.329253333333334,34.77986666666666,68.06312,58.04716259259259,49.24786205128204,26.021639999999994,26.021639999999994,Tallaght_min
268055008,364875164,31.96644810858923,31.78646144192256,62.07846950506859,55.05375736784848,50.66826144192256,39.44371333333334,31.78646144192256,IFSC___Docklands_min
267015007,14018392519,45.66946222222223,44.85614222222223,36.75816475095787,68.12343814814815,70.35460888888885,74.19267962059615,36.75816475095787,Sandyford_Business_District_min
267085011/03,9668562435,64.42160242424242,66.8749490909091,50.08453575757576,77.78719340463456,76.53134407418666,36.50501227931488,36.50501227931488,Tallaght_min
268035009,2399923004,24.523609166666663,25.928776410256408,61.67126249999999,46.02650333333332,27.694223333333337,61.43786190045248,24.523609166666663,Dublin_City_Centre_(CBD)_min
267116009,254345631,46.12233333333333,48.57568,38.79722222222221,68.37895098039215,70.31340078037903,39.434279999999994,38.79722222222221,Sandyford_Business_District_min
267107012,9374863233,57.96229714285713,56.412910476190476,87.67625333333332,79.68020640211641,58.8240156043956,50.52406666666666,50.52406666666666,Tallaght_min
267028083,12921439615,36.569026666666666,40.56181723723726,73.51260124113158,59.18841904761904,24.783386666666672,61.99186666666666,24.783386666666672,Blanchardstown_min
268152010,10738079272,,,,,,,,
267035006,9606418677,61.73909333333334,60.18970666666667,60.38262666666667,83.45700259259257,72.16747846153842,31.597106666666672,31.597106666666672,Tallaght_min
267040056,255716149,27.436095384615374,31.54082871794871,64.58374871794874,54.80812464387466,21.653124848484854,68.93708549019607,21.653124848484854,Blanchardstown_min
267028065,12729440499,35.00753609195401,37.71226942528735,72.15518942528738,57.62692847290639,23.221896091954022,60.43037609195402,23.221896091954022,Blanchardstown_min
268028006,6367812019,18.77566126984127,24.045463917525776,53.524163694083704,39.684014166666664,36.94384032778218,64.20651036075039,18.77566126984127,Dublin_City_Centre_(CBD)_min
267069001/01,5210534693,40.84297544973544,39.69832644072643,39.424971891891886,62.96562236665238,66.34507026455027,71.88349189189186,39.424971891891886,Sandyford_Business_District_min
267084028,443975077,54.95055888888889,57.40390555555556,42.00044666666667,69.70310431372549,65.8097549832776,25.78342318840579,25.78342318840579,Tallaght_min
267077004,2571324938,34.972725925925936,33.82807691691692,38.485090090090104,57.09537284284285,60.47482074074073,69.65487190476188,33.82807691691692,IFSC___Docklands_min
267015002,13463024004,47.013681379310356,46.200361379310365,38.86940555903866,69.46765730523629,71.69882804597707,75.53689877768433,38.86940555903866,Sandyford_Business_District_min
268077001,3639288058,31.078244223602482,32.20889997649823,62.24528110671937,44.88731181286548,53.855643800322056,72.48308454106282,31.078244223602482,Dublin_City_Centre_(CBD)_min
268041006,243096487,33.69473929606626,31.40886814814815,64.86177617918311,49.53935851851852,56.472138872785806,75.09957961352659,31.40886814814815,IFSC___Docklands_min
267039002,317558757,42.69362499999999,41.880305,45.00384880952379,65.1476009259259,67.37877166666664,71.21684239837396,41.880305,IFSC___Docklands_min
268028009,1419501243,16.50431636363636,20.6090496969697,52.76021878787879,34.939904444444444,33.50742610722611,63.442565454545466,16.50431636363636,Dublin_City_Centre_(CBD)_min
267100084,243233403,24.981224604810997,23.43183793814433,60.02673973708612,46.69913386407025,25.842943066349456,48.5772974074074,23.43183793814433,IFSC___Docklands_min
268071019,9960444120,36.932157171717186,39.55670383838385,72.73199259740257,51.77542898458267,63.644279180849594,77.8310066666667,36.932157171717186,Dublin_City_Centre_(CBD)_min
267113006,13685106915,49.34350555555556,51.79685222222223,43.019293333333316,63.82964431372548,65.76409411371236,34.01513714285714,34.01513714285714,Tallaght_min
267033002,12991674285,30.82593777777778,33.33692952380954,67.97359111111109,53.87553179487178,8.180439999999999,62.15383846153845,8.180439999999999,Blanchardstown_min
268009002,7491006106,11.972336283185841,16.207140607510166,47.8564696165192,39.474436533436126,41.02931021645799,57.70548294985254,11.972336283185841,Dublin_City_Centre_(CBD)_min
267040010,12798405774,37.590637777777765,39.81203777777776,74.7382911111112,63.07933370370369,25.798830303030307,73.34684363636362,25.798830303030307,Blanchardstown_min
267002040,11408670735,53.122219999999984,43.68848666666666,82.94807333333337,57.27456666666665,80.70209703703706,90.58774666666669,43.68848666666666,IFSC___Docklands_min
