SA_PUB2022,walk_node_id,nearest_hospital_min,nearest_school_min,nearest_university_min
267065001/02,8196576625,34.410546666666654,19.483853333333343,27.809533333333327
268122003,6211508503,28.205477500000015,4.717226666666666,12.527839999999998
268098009,11349390666,14.647826666666665,3.2184266666666668,3.5771200000000007
267037003,480144532,20.884853333333332,8.503026666666669,23.331693333333327
268032004,8995772903,10.147173333333333,7.68392,14.87779420289855
267120008,322710303,27.649488484848487,14.788159999999998,21.641293846153847
268083012,903978422,17.20104,7.381439999999999,11.869306666666667
268144014,2987667048,20.341119999999993,9.92214666666667,12.087786666666666
268042008,1426961256,16.95663111111111,9.345173333333333,22.913757948717947
268058006,1672796954,14.034253333333332,5.6744,15.046167878787879
267153006,8618099143,27.66966888888889,8.626386666666667,13.037880000000003
267092054,13449565763,25.878413333333338,1.2149333333333334,14.654346666666665
267143001/03,9622565893,26.140286153846155,13.874999999999998,19.518726153846153
268138009/01,3119531508,5.432226666666667,3.349559999999999,4.582893333333333
267140055/02,4215928472,26.8938194425864,14.342146666666668,26.24978666666668
267151013,8622642949,18.47953925925925,10.907520000000005,10.705693333333336
267097003/267121006/267121001,14023173420,31.703706666666665,17.324319999999997,34.69650000000001
267134022,253315239,31.621938823529412,13.013839215686273,23.055472156862745
267155010,10594963927,16.150573333333334,10.26016,17.927725490196085
268015005/02,4693809985,18.951858333333334,9.094186666666669,11.69223703703704
267034003,253222207,28.243895833333333,13.577466666666664,29.80114916666667
268139009,10023801496,,,
267017005,11994552768,18.164379047619043,1.90936,18.579386666666664
267065008,12409410044,,,
268128011,8585679161,5.992266666666666,11.72272,12.173355706214686
268162014,3162664037,7.562613333333334,4.636213333333333,10.487070144927538
268136016,251007585,11.653886535947711,7.000906666666668,13.929082841530054
267099025,6053545819,37.43505666666666,11.728666666666667,28.86858999999999
268003007,321851714,12.82708,5.131173333333333,5.489866666666667
268131007,563884255,15.808120000000008,8.736146666666667,16.024333333333335
267103004/05,4851794359,30.299439999999997,15.279533333333339,34.900773333333326
268110002,9338957688,18.183172753623186,8.435013333333334,8.975626666666669
267132018,2986585087,38.588352280701756,12.432506666666672,31.15952561403509
267139001,652847805,18.45539259259259,9.54357333333333,10.358133333333338
268135013,564540033,11.285246274509802,3.76324,10.583146666666668
268134002,258599298,22.063826666666667,14.51693238095238,19.57413238095238
267124003,566457904,27.910569999999996,5.862080000000001,21.106426666666657
267010004,7794371309,23.056210574712647,4.649053333333333,24.327893333333332
267116010,8332477325,25.227066666666676,9.55132,28.63913913043479
267068001,667939546,25.6879987878788,4.889813333333333,19.64005025641025
268129025,8843274788,12.485226078431372,8.8743715942029,8.269212745098041
268105016/02,4890668122,5.516237894736842,5.608146666666666,3.835200000000001
268020003,2682639435,25.13526424242425,7.236546666666667,14.2544
268129016,259594847,12.921479999999999,5.238439999999999,20.36358607843137
268119010,4523227747,17.66142666666667,10.601426666666665,17.654739999999993
267048004,13283045445,34.065920000000006,22.695759999999996,29.62168666666667
267100062,11380030090,17.870066666666666,10.71212,22.471399999999996
267104020,366669520,52.0139789473684,16.588133333333335,45.412965614035066
268003011,130234348,7.128546666666667,3.72796,8.567239999999996
267147025/02,6549451489,,,
268100016,344793280,6.245173333333335,3.8779066666666666,4.42744
267132040,4843267231,35.61988561403509,9.46404,28.191058947368425
268041003,2062509221,12.780333333333337,9.590506666666668,14.242342564102566
268140015,550879545,10.004587801418442,11.449547801418444,2.8158
267041014,5173016587,20.563711794871793,13.92789333333334,18.95916512820513
268048005,2418028172,10.655790196078433,10.3183768627451,9.090243529411765
268100012,12249172126,11.070201904761907,3.3455066666666666,6.070346666666667
267156001,8630041214,13.494589999999999,9.879923333333332,9.879923333333332
268012002,2372734478,17.200424444444447,11.099519649122806,13.991319649122806
267004005,5054482318,31.602986666666652,4.247346666666666,20.58636000000001
267094012,253391981,52.82790456140351,16.095213333333334,46.22689122807018
267104024,97012972,59.962773333333345,21.083893333333332,52.059813333333345
268132014,4884427356,14.782694117647056,9.122206842105264,12.853627450980389
267080025,247804916,25.952999999999996,18.444466666666674,30.668293333333327
267015004,1411048346,21.00975888888889,10.63796,17.71385222222222
267070002,319029864,16.52604571428572,3.8291466666666665,16.941053333333336
268085012/268085001/02,360406240,20.483120459770113,8.608773333333335,15.15138712643678
267141007,9622568820,24.798620952380954,8.084573333333335,18.177060952380952
268016009,2407384718,23.606524999999994,5.845066666666667,15.614280000000008
268072003,4839291803,25.575026666666666,6.547533333333333,16.19622666666667
268134011,12194172709,13.3355552238806,6.091186666666666,8.900640000000001
267142007,11589659280,21.48111259259259,7.92768,23.33937925925926
267150009,8607478312,26.779288682170538,12.424360000000004,22.475481904761903
268150009,6339726193,8.657028571428572,4.077640000000001,10.776865225225228
268073009,4893017203,18.583835555555552,9.52184,10.110240000000001
267149008,8612020914,29.25861641025642,7.880013333333335,23.499514166666675
267077009,1407620526,9.015840000000003,9.090853333333335,10.24552
268054002,364875188,4.58788,10.936273846153846,8.953700512820513
267130002,257302302,27.399093333333326,3.5648800000000005,16.68869333333333
267113001,7814221267,21.902674471544728,7.154320000000001,23.339221138211393
267068002,3645713240,17.633173333333335,4.250973333333333,17.716413333333335
267053024,8988554601,39.11797333333333,7.476093333333335,23.80936000000001
267100060,11372387478,16.471506666666663,9.987693333333333,21.07284
267028004/02/11,12752542498,5.895733333333334,12.804626666666662,27.215908985507244
268077006,289164781,7.589359999999999,9.854400000000002,9.662453333333334
267057007,13464043603,20.652843809523812,4.954760000000001,18.67304380952381
268130012,2461684343,,,
267084032,8427286605,31.02734666666667,9.983773333333335,27.691644444444446
268129003,8384777245,9.54888,5.856519999999999,16.12850666666667
268143016,3363413213,12.098223333333335,10.90801,1.7680799999999999
267060006,2468983015,18.6603665248227,8.842066666666666,21.950193191489355
268110013,11986056413,19.35558608695652,3.9115066666666665,4.455906666666667
268032003,448144987,10.779746666666666,8.712110630630631,10.75643063063063
267105008,832840226,40.5851857142857,22.21097333333334,33.98417238095239
267131017,4077576617,39.93273254901961,7.472373333333333,32.503905882352946
268140003,666094840,9.818466666666668,1.7210533333333335,3.2203733333333333
267103004/01,11310108667,32.52904695652174,15.607280000000001,34.839933333333335
267117012,8210592914,14.36970545454545,12.088279999999997,20.19639878787879
267040013,12988305072,26.345002898550725,4.950799999999998,28.48854111111111
267123031,11632494268,54.5177845614035,7.177786666666667,47.91677122807018
268030012,527824829,14.56745111111111,12.943037777777779,12.045904444444444
268031013,14955929,10.292759999999998,4.589453333333334,15.474973333333336
268003003,9122789916,8.5212,5.120613333333333,8.976746666666665
268002012,6206012683,7.485693333333334,9.446373333333332,13.227707878787877
267138017,9693020212,31.769144242424247,20.75069090909091,25.147584242424248
268137013,4411216022,12.081621890547263,3.788039999999999,6.39668
268117019,5872287414,6.905413333333333,7.12196717948718,4.763533333333334
267013014,196025243,24.419483508771933,15.167426666666664,25.856030175438605
267133025,6920537368,47.18171333333335,7.801999999999997,39.278753333333334
268071007,3650720315,24.87924888888888,9.98438666666667,18.920933333333327
268081001,5236728261,11.104030769230762,5.607266666666667,5.950773333333332
267002043/02,560618994,64.96768000000003,4.6415999999999995,58.36666666666668
268152001,1224702251,12.427844126984128,11.839030793650796,10.741320000000002
267095015,2366009782,13.34572,6.8378,25.136746666666674
267109016,11093499018,15.155013333333322,15.434199999999997,21.610988571428575
268128002,11767543194,12.69176,11.259293333333337,10.19620717948718
268140001,1426048964,11.068831452991454,5.23764,3.278973333333333
267092001/01,4344745986,55.71902666666668,29.56946666666666,59.14517333333335
267066008,923008526,25.077062857142856,13.468076190476188,10.702782857142855
267100039,247119050,20.01430375,12.365303750000002,24.615637083333333
267053009,8988554637,38.55086666666668,6.908733333333332,23.242000000000004
267099026,255329498,30.091921904761893,23.64245333333332,18.545533333333328
267135003,5051700588,36.37131483870967,4.464813333333333,28.46835483870968
267079011,256112179,24.00883999999999,5.650453333333332,4.29264
268054013,4698030093,11.529528888888889,10.157066666666669,6.34552
268156004,13727617453,15.61953333333333,13.48788,17.121818823529413
268143012,11613717381,13.486533333333337,10.685959999999998,7.357320000000002
268133016,2473982545,16.653004637681157,4.295053333333333,4.920626666666666
268138005,5405915970,3.1077866666666667,4.962253333333333,5.070506666666666
267118013,12550974825,49.25639843454791,12.854986666666669,42.65538510121458
268042025,9095365572,20.117865185185178,14.887278974358974,22.950198974358965
267127003/02,2644630879,16.546159999999997,1.0883866666666664,18.014626666666665
268158008,298543070,16.505101960784312,7.619626666666666,6.255493333333334
267152004,54810058,25.33256491228071,4.274640000000001,21.63515416666667
267103005,11724941441,25.97885619047619,19.975042857142856,30.580189523809526
267138011,6291106883,25.15857333333331,6.06344,20.189539259259263
267069001/03,5210534872,22.558120000000013,6.89902666666667,18.065133333333335
267112012,4263179673,46.93961333333333,5.854706666666667,44.29466666666665
268066005,2686926385,10.175033580246915,6.2302,8.981026666666668
268060004/01,5428835204,9.640860869565216,6.231893333333335,5.464693333333333
268070011,1707057985,15.861385388127854,9.75356,11.500017777777778
267135001,2591647026,31.50864205128205,7.378415384615386,24.079815384615383
268019002,12280674,18.897786666666665,11.315720000000002,11.58794666666667
268161004,10605160420,6.998733333333334,0.9252133333333333,4.749399999999999
267050016,8955435277,26.420651851851858,9.4458,6.797106666666666
268010004,699457906,7.706811228070176,5.689506666666666,4.088146666666668
268146004,2377422637,23.416571954022988,13.32029333333333,19.175310804597704
268027001,1422409186,10.200786666666666,7.058706666666667,10.887066666666666
267040028,12974087291,30.626745555555544,5.572786666666665,29.686385555555546
267103012/02,9773701888,26.30876463768116,1.77104,30.91009797101449
268072013/06,11159901813,25.12894666666667,13.018186666666663,25.944659047619044
268105013,479669427,10.223106666666666,8.2974,6.462293333333334
267085001,292494246,28.14986666666668,14.542479999999994,29.039129855072456
268056002,2864127426,10.388637894736842,9.251626666666668,19.33612848484849
268082010,10249513890,12.08918666666667,7.091106666666666,7.594919999999999
267098004,6323432180,45.62532,3.478453333333334,33.973746666666656
267128008,8397416112,16.399577777777782,11.521519999999997,14.920999999999998
267029013/02,5330140827,12.517137276995307,6.960097276995304,15.982083943661973
268136002,600567222,13.373946666666665,5.76236,18.576486327683615
267041017,5183398272,21.47949846153846,12.695800000000004,19.874951794871794
268117016,12177699345,6.235826666666665,2.06176,1.69656
267004011/01,11278329443,35.62977777777778,8.306373333333333,18.42549333333334
267160005,2443612610,19.417019574468085,13.814459574468088,16.555392907801423
267069001/09,11974236218,16.16736927536232,8.74772,15.891009275362318
268002003,8905140622,9.275506666666669,3.3902933333333336,8.126613333333331
268115008,3371068746,11.021958974358972,8.824798974358973,6.174678974358973
267092026/01/267092026/267092050,12448290468,26.74097057471265,17.538266666666665,15.989893333333333
268042018,1426961534,16.279040000000002,7.847386666666667,23.479398095238093
267132007,12580436067,30.08385948717949,13.88944615384615,22.655032820512822
267133017,296511112,43.16866000000002,2.8214533333333325,35.2657
268139002,11506858047,3.4060266666666665,4.629906666666667,3.5612399999999997
267085018,4863918827,29.72102175438596,8.438786666666667,31.142239999999994
268030021,5243890469,10.72030787878788,5.568786666666667,9.115761212121212
268022001,26389404,12.424493333333334,7.373200000000001,13.798453333333335
268081002,938924430,0.9576133333333332,3.5130602898550722,4.596393623188406
267110008,253511232,34.48674008658009,13.068853333333333,27.88572675324676
268047009,2758274158,13.145865388127854,6.461386666666667,9.630788421052632
267022004,3227845445,16.300887380952386,12.660870476190478,9.869746666666668
268098001,2395258298,10.7368816374269,5.858386666666667,1.960346666666667
267092021/01,9528581090,38.300259999999994,3.0330533333333336,40.14688666666665
267002002/02,5534079626,53.87670476190475,2.8602133333333333,47.2756914285714
267020005,6681749358,30.385658039215684,12.894133333333336,23.464693333333333
267092045,1281476760,18.975290574712638,15.011650574712645,16.831026666666666
267085012,7820927482,25.905326666666664,15.744531594202897,28.22390492753623
268149002,8676602129,13.609346666666662,8.3656,6.81156
267092028,412129168,36.16665333333333,20.226200000000002,38.013279999999995
267100042,11878613648,23.693183655913984,10.447466666666667,26.55444936170213
268087003,2516833439,10.633026666666666,12.831626666666669,10.631720000000001
267028019,6191759916,24.988790769230786,9.512613333333332,30.058491954022987
268100011,10649675996,10.281455238095237,4.18444,8.184426666666669
267147008/02,6231449742,15.708440000000005,11.471613333333332,8.36601333333333
268060004/02,6330512051,11.72395420289855,4.919453333333333,7.547786666666665
268132003/02,14023152520,17.613942222222217,5.131586666666666,14.3742
268101007,10609112923,6.311106666666665,2.2650666666666672,2.8146000000000004
267021007,3652923221,12.14726285714286,10.313799999999997,8.129399999999999
268023007,3479251652,16.051351812865494,13.492439999999998,16.621479365079363
268028013,11822804245,10.562853333333331,5.080746666666667,11.403120000000001
267083004,1121355089,0.8339333333333333,22.839723636363637,36.275936969696986
267092052,13450228983,26.287850574712653,10.985840000000001,20.460163440860217
268027010,6367887265,11.414054166666666,3.197666666666666,8.299840833333333
267100057,243986762,22.68737159420289,12.384426666666664,27.288704927536227
268136010,2375345642,18.749459869281043,8.671093333333335,20.399587619047622
268151009,359102365,11.115210406504067,7.354173333333333,8.911626666666667
267028008,12894720051,20.197947126436777,5.634426666666666,23.662893793103443
267105006,6955691215,35.414865714285725,18.42308666666667,28.81385238095238
267056005/02,7999151172,14.506088717948717,8.930473191489362,7.797193191489365
268059004,1514540700,17.168932690763047,9.648493333333333,10.57710666666667
267092051,11831404191,16.581877241379306,12.61823724137931,14.43761333333333
268151002,358556168,12.714266666666674,7.8380133333333335,7.805906666666668
268133008,3000436398,15.074957748917749,6.0548,9.204586666666668
267082006,260022226,24.75683259259259,6.052253333333334,13.372933333333329
267044008,239676896,23.47795333333333,11.693066666666668,21.083579487179477
267146009,11123450483,26.004937971014492,3.7285733333333337,19.884311304347833
267100076,11612181969,25.74613041666667,7.0007600000000005,28.833284444444452
267123025/02,10274458501,47.16697122807016,9.195413333333331,40.565957894736826
268024007,13958163614,12.68901333333333,5.78636,14.062973333333332
267130022,257292922,31.12836820512821,9.41225333333333,28.431933333333333
268052005,364875183,16.44260412698413,15.853790793650797,12.232480000000002
267058005,146646825,28.460058181818184,11.105386666666668,16.896533333333334
267065021/04,11171738374,42.444466666666685,19.06126666666667,37.19350666666664
268138014,13853354881,4.754840000000001,6.681826666666665,3.8249733333333333
268158005,9953849075,13.022790833333334,8.517733333333332,4.87268
267107006/267107007,11897627105,37.98808952380954,11.291440000000001,39.59100952380955
268046011,339328151,18.647542028985516,7.0161333333333324,15.457488695652176
268028008,13744916575,9.073520000000002,3.591413333333333,9.913786666666672
267028004/02/09,12706354535,12.802933333333335,7.820613333333333,29.76864717948719
268102002,5351712209,16.951559999999997,2.7279066666666667,5.159453333333335
268031015,2887108174,12.843626666666664,5.2141600000000015,16.19662086956522
267132023,11345295551,34.297322807017544,2.985693333333333,26.868496140350878
267052007,13186230778,21.73370545454547,11.107453333333332,21.51452156862746
267013013,285634977,23.64130074074074,14.207093333333331,25.077847407407408
268071002/02,6071991285,13.704720000000004,4.69188,19.89050222222222
268027003,4818596268,13.55316,0.09041333333333332,8.202786666666663
267092057,13446937701,21.988120000000002,7.605199999999999,14.70829333333333
267131019,12055667317,44.162450196078446,8.691796862745099,36.733623529411766
268057002,2951477050,18.936413913043477,10.719240000000001,9.613986666666667
267029020,12886701897,20.068105287356314,7.2904800000000005,23.533051954023005
267095020,12707184503,25.65350666666666,13.072546666666673,19.05249333333334
267029018,12906265520,20.24467897435899,7.985640000000004,25.185771954023025
267090002,685203407,16.985257435897434,7.668266666666667,18.043737435897434
267083009,7797205982,24.816305,11.062586666666666,28.107305
268016003,3905816968,21.712260606060603,7.861839999999999,12.670133333333338
267134026,253312983,36.36677333333333,20.598703333333333,27.800306666666668
267053021,314453815,37.02498666666667,10.701880000000001,23.73914666666666
267092008/02,7124984841,31.391280000000005,10.391573333333332,34.81742666666667
268053004,4897928264,16.155613333333328,4.007813333333333,11.07441333333333
268131001,8390553217,11.72950666666667,9.042093333333334,18.798543541666668
267028021,12919285947,20.624475897435907,6.287693333333335,28.756089230769238
267013010,7802087409,21.624728205128214,0.9696799999999999,26.96571719063546
268132013,4897796302,12.43205411764706,7.701100175438596,10.50298745098039
268002016,5246121083,,,
268072013/02,2940703833,18.37092571428572,12.563866666666668,11.769912380952382
268081008,503792310,9.554457435897435,5.676159999999999,3.1808666666666667
268111012,9501225495,18.319100370370375,5.340533333333335,16.939865833333336
268089002,2423092520,10.113918787878788,6.193786666666666,13.250706666666668
268161006,4755787183,13.450164786324788,4.936400000000001,2.1734933333333335
268125003,295514358,23.13356405797101,2.634253333333333,9.30776
267099019,448216810,32.95048666666667,5.045226666666667,24.86059333333334
267089007,269195516,14.318044102564103,6.064093333333333,15.376524102564103
268143013,13234436524,,,
268080017,699457913,3.8583200000000004,9.077931228070174,5.540533333333332
267028015,12749575113,22.55684045977012,7.177746666666666,26.021787126436788
268094009,269234214,25.28446144927536,13.167266666666668,13.167266666666668
267012007,227596360,20.87167,10.519493333333331,23.410000000000007
268142015,9921387545,9.786240784313726,6.040138421052632,7.857174117647058
268161002,4339504895,12.654231452991455,4.6056533333333345,3.3812666666666664
267100092/02,654188903,0.33121333333333336,12.008084074074075,23.86261127147766
268011002,7027470839,18.291666666666668,8.836986666666666,10.908386666666665
267029005,305502830,19.62255076923077,3.943,26.982411764705876
267107004/01,11928816029,40.63658285714284,15.425746666666667,42.239502857142845
268156007,2584449602,8.74436,12.882893333333335,14.732824347826089
268100002,2374678904,13.502104761904764,4.529826666666667,9.25144
267106006,4090999438,30.03957404761905,9.026275,23.438560714285707
268015001,11202478951,23.25794,9.072613333333331,14.017786666666666
268063010,1261488005,30.89865435897436,17.333453333333335,21.6119125925926
267101005,443889135,28.71418666666667,18.851533333333336,33.31552000000001
267140040,441400504,29.45017333333334,8.571506666666666,22.82861333333334
268008012,4892973407,28.638228333333338,15.250133333333332,28.25342666666667
267021001,690542433,22.847170476190474,13.165466666666672,9.2328
268127011,110437235,16.757879999999997,15.096506666666661,20.92905333333334
267059009,2480642181,22.91775151515152,1.8868399999999999,20.619746666666668
268106007,2419788412,11.352853333333332,7.935173333333334,6.3174399999999995
267092031,603800771,36.462180000000004,18.079386666666664,38.308806666666676
267123013,253395283,51.58351789473684,7.932320000000001,44.9825045614035
267104010/01,10712038147,48.784980512820496,23.493960000000005,40.882020512820496
267130001,1951829568,23.206928888888903,4.16432,11.503679999999996
267154006,7441133426,21.430063703703706,3.5805066666666674,25.47909037037038
268115004,428918441,16.776666666666664,9.408053333333335,15.456238974358973
268114016,8764171421,,,
268134005,2582451905,19.72529333333333,13.287256124031007,18.599801025641025
268111001,8942345137,19.32481696969696,0.9995999999999999,17.469732121212125
267080027,3298600573,20.779613333333334,5.16268,19.666346666666662
267053029,358204366,28.292309696969696,9.036080000000002,18.568363030303033
268111009,654049462,17.55640703703704,7.691293333333333,16.225945833333334
268067014,2375495150,18.946393333333333,4.1028400000000005,15.83218
267103012/01,1267866602,27.852017971014497,0.0,32.45335130434783
267100034,9573563547,22.543570416666665,12.219666666666663,27.144903749999994
268008017/03,12595107005,15.33398666666667,18.40376836601307,16.601781699346407
267065017,4111279747,35.02352,20.1946,28.422506666666667
268074007,4431092016,19.99123072463767,6.950639999999999,9.592893333333333
267131004,26472408,37.47491259259261,10.451506666666669,30.04608592592593
267083008,10998041392,23.542893333333343,13.140466666666667,27.44760941176471
267104023,10705537158,62.810340512820524,24.697186666666664,54.907380512820524
267119007,441847518,49.490942051282026,10.413493333333331,43.539840000000005
267004010,6681347521,33.11663999999999,7.168293333333333,25.60205333333333
267109011,2967515593,16.8504419047619,14.494733333333333,21.47425523809523
268032008,9012145460,10.818533333333333,5.402880000000001,13.045858018018018
268119009,4658273488,22.787359999999996,2.325693333333333,13.938788333333331
267139002,6188054839,24.23549925925927,10.295533333333337,14.51622666666667
268065015,2685293248,19.57813043478261,11.458906666666667,14.093722424242426
267008002,7788435913,19.169988571428565,3.910106666666666,20.862808484848482
267079010,256112323,26.690620854700853,13.525826666666665,15.7676
268153004,2386813252,10.33325333333333,12.406488888888886,3.1073466666666665
267114008,212662948,19.32468057971015,13.596480579710143,20.761227246376823
267114005,7813629160,25.35892057971016,9.23972,26.795467246376827
268143002/268143003,130268861,5.422586666666666,7.113226666666667,6.297333333333335
267039015,11863052721,4.890893333333334,13.924786666666666,24.87946666666666
268078011,667281709,14.574805,3.725866666666667,9.243071666666667
268151006,359102241,13.205877073170736,6.593453333333333,10.379866666666668
268117008,13248627138,3.9493999999999994,4.9311066666666665,5.121226666666668
267138005,6531935236,27.427043508771927,4.3516666666666675,20.80548350877193
268150012,13798454351,10.01268,2.483973333333333,14.215411891891899
268141006,7447234461,9.273306666666667,4.0982400000000005,2.7033866666666664
267140023,9520265728,30.45459333333334,12.78444,23.833033333333333
268153007,931742273,11.27729333333333,11.976114747474742,6.733333333333332
268111007,8942705109,18.790373333333335,5.912813333333333,17.268561666666667
268112010,8718261182,13.207199999999998,12.459959999999999,14.066465185185185
267065001/01,11623215697,28.510319999999993,13.583626666666666,21.909306666666662
267041005,12792034959,22.58296923076923,14.29293333333333,20.978422564102566
267147021,6235129561,13.183959999999995,8.028813333333334,14.443879999999996
267066009/02,3137578955,21.519439999999992,13.197360000000005,17.123650370370374
267098005,11364604655,72.88481333333333,33.80621333333333,61.23323999999999
268041008,4439831322,13.24089333333333,4.470626666666666,12.58787072463768
267028112,874442916,13.483050864197525,5.56372,31.39549699032366
268089004,2516833436,3.922106666666666,6.120706666666667,13.578746666666664
267143006,9624549526,29.950864761904768,14.92722666666666,23.32930476190477
267099004,10733245263,33.42999333333334,3.0249866666666674,25.34010000000001
267116011,345660537,23.501693333333332,10.54736,26.792693333333332
267132041,11014795125,37.826325614035085,11.670480000000001,30.397498947368426
267133026/01,6514981997,51.638220000000004,6.613626666666668,43.73525999999999
267151003,8622642970,23.29371259259259,8.25516,8.053333333333335
267118016,9113344971,48.67607433198382,16.259748717948717,42.07506099865048
267104015/02,10650400305,53.441206153846146,28.953819487179484,45.538246153846146
267004020,2422091598,31.739680000000007,7.5782,25.138666666666662
267148015,4936916099,23.576181818181816,3.073986666666666,23.41669333333334
267047004,8561485052,23.888470909090916,4.537053333333334,23.90607090909091
267035009,13995963629,30.781310303030303,8.828773333333334,25.95859878787878
268109006,5064276580,14.20697314553991,7.212973333333334,3.700626666666666
268003004,13704026915,9.052226666666666,5.6516399999999996,8.13116
268106001,13270567891,,,
268149006,9122817436,11.877951345029242,7.4281066666666655,7.471800000000002
268037008,6620718832,25.484480000000012,5.1716799999999985,17.34525333333333
267132024,253179891,33.35525894736843,7.109786666666666,25.926432280701764
267002028,2366243030,56.68246222222225,9.311226666666665,50.0814488888889
267078012,41324583,7.250546666666666,11.619612631578946,9.742933333333331
267105017/02,5985251912,34.8539934920635,6.007933333333336,28.252980158730164
267085008,7820941403,27.92192333333334,20.788546666666672,28.158375652173913
268008007,301818483,26.221735000000002,9.128693333333333,25.501493333333332
267086006,8073007697,29.20155407407407,4.902853333333334,30.63810074074074
267140048,9577651054,21.7029911111111,3.54896,15.231031111111117
267118027,12530871761,62.86388561403511,3.5310133333333336,56.26287228070178
267127011,950302743,14.356899047619049,4.238426666666666,12.80069142857143
267092055/02,4729910669,13.818119999999997,0.5719866666666668,18.05673333333333
267001005,294001423,12.447333333333328,18.12673333333333,24.413249523809522
267080013,789500756,22.333738823529405,9.954226666666667,13.993595555555553
267003022,10922006113,51.803706666666685,3.6463066666666664,45.20269333333333
268135012,564574197,,,
268046001,1426962194,14.490751641791043,6.9710800000000015,12.160124975124376
268048001,248903411,13.856850588235293,6.326359999999999,5.719893333333333
267144008,10284511875,22.374228717948732,2.2350399999999997,22.391828717948734
267028108,12897725187,18.584419999999998,2.428186666666666,22.04936666666666
268109001,580372437,17.896267017543856,4.418800000000002,6.81768
267077005,13013823967,11.55208,5.880546666666667,11.24050666666667
267109008,8719923171,15.66138545454545,6.129133333333334,20.28519878787879
267099015/02,425540175,34.335220000000014,6.4299599999999995,26.24532666666668
268085006,337982091,14.286617777777776,12.371001951219512,4.27108
268004012,11920099026,15.9452,10.788320000000002,19.307446274509807
268133007,368411620,16.747471304347822,4.38952,5.227386666666667
268153010,13834860211,12.671924444444446,14.394044444444445,5.110386666666666
267012003,11605799057,25.727593333333335,5.786013333333333,21.763546666666663
267119011,9927199205,29.207768717948714,6.8274799999999995,29.22536871794871
267029029,11764834532,16.98990666666667,13.306879999999994,22.37326666666667
267017013,107823892,18.896029803921575,11.382186666666664,16.26614980392157
267118004,7596413126,55.303360485829984,11.799373333333335,48.70234715249664
267065019,253335924,35.99316000000001,7.941253333333333,35.03430666666667
268101001,12292605898,12.80910666666667,5.55776,9.794693333333335
267071005,26795862,14.407462857142855,11.375702857142857,14.131102857142855
267036006/02,1411048496,14.228235555555555,11.856995555555555,11.468422222222221
268037007,15852595,21.767320000000005,7.6799599999999995,10.760279999999998
267028004/02/02,9123132069,5.947040000000001,19.83454666666668,27.1866327927928
267060003,2985884685,16.199726524822697,7.007653333333334,19.48955319148936
268019004,76771570,22.920653333333334,15.062386666666667,15.610813333333335
267018001,636872656,17.251013333333333,7.150213333333334,9.979159999999998
267084017,10736082159,30.128882807017536,8.603293333333337,23.64684280701754
267028040,10686131047,18.914386666666676,16.802440000000004,36.82683279279278
267145011,4906672127,24.15619710144928,7.33028,18.035570434782603
267138015,8495352650,33.56535277591975,10.394786666666665,27.173838620689654
268006010,454958875,26.30097230769231,13.557333333333336,23.57638564102564
267078019,60940255,21.84934260869566,6.655733333333333,13.048106666666671
267100040,8766446451,25.124033333333333,9.448293333333334,25.40026269503545
267017006,26796479,16.150676666666666,7.104346666666667,15.167346666666665
268057008,196244626,19.994640579710143,9.98268,8.877426666666668
268115007,621868399,15.194225641025639,11.24802666666667,7.657933333333332
268070009,1707057977,13.658439444444442,10.076439444444445,11.327812777777778
268093008,2988406973,20.38735916666667,9.14423111111111,14.488359166666664
267069003,479963158,23.947160000000004,13.228746666666668,24.450440000000004
267122010,235030758,23.2480380952381,14.086922051282052,22.883882051282054
267050010,4619741132,20.20478807017544,13.893588070175438,19.36590807017544
268070010,244443896,14.328399444444441,10.746399444444444,11.997772777777778
267003003,10687922904,49.767680000000006,10.656106666666664,43.16666666666666
268141005,13784247292,11.766851645569618,5.705413333333332,1.5552
268146003,8917551941,19.935302528735633,10.024609195402299,14.243715555555553
268008006,301817836,26.208828333333333,5.200893333333332,19.496866666666666
267104015/01,5509461969,,,
267028004/02/06,9349365704,16.90170666666667,8.7626,26.192193846153852
268139005,411630667,8.65416,4.452866666666667,2.435546666666666
267028037,392106137,25.35306804597701,8.051279999999995,32.014570833333345
267029026,12883543113,17.705255632183903,6.4038933333333325,21.17020229885058
267145005,4880252527,21.42997681159421,2.4447066666666672,15.09937333333334
267040037,12833967616,32.911063333333324,12.573813333333339,30.510329999999993
267100056,8779913387,25.219817872340425,7.056173333333332,29.821151205673758
268023005,26389203,16.30188514619883,13.742973333333333,16.872012698412696
268070002,4385352725,19.12438666666667,5.069986666666667,13.603466666666662
267044007,7729298790,25.16152666666666,11.374573333333334,20.765086153846152
267040032,12828433572,34.36824888888888,7.3017199999999995,32.55582333333334
267029032,458771608,26.194266666666685,8.636506666666666,30.360057276995313
268071022/01,5334535193,11.478733333333333,6.780373333333334,21.03039503267974
268054011,9093428559,15.624622222222222,10.376786666666668,6.56524
268090001,2624676887,12.263306666666667,6.784733333333333,6.784733333333333
267114009,7813612282,23.20655487179487,6.385306666666668,28.547543857302117
267108009,10313108985,14.878559999999997,13.71326666666667,20.089268571428573
267140013,11248552912,27.71631384615385,9.0724,21.094753846153843
268015006/268015015,3108712017,24.47326,14.39810666666667,9.875706666666668
268085007,4431227522,12.373629743589742,12.460293333333333,7.562186666666666
267103019,10864909643,25.45150060606062,8.356679999999999,30.052833939393953
267028084,12915635957,20.482364444444446,10.944626666666666,31.337699459459472
268015007,6373822677,20.915687272727276,12.641026666666667,9.204077037037035
268050003,60001681,12.713466666666665,6.070306666666667,10.035226666666667
267037007,13478242042,18.769448888888885,6.758986666666666,18.21734166666666
267100037,8765314989,23.32647708333334,12.508186666666665,27.927810416666674
267112008/01,9652261346,60.104079999999996,8.616520000000001,53.48252
267079002,5171378918,20.574306666666665,3.4188,5.399066666666667
267040060,13647763886,35.53989333333334,9.619439999999997,34.59953333333333
268007003,15482578,19.989612258064515,9.22697333333333,16.61164990990991
268130008,8630418131,17.900577777777773,9.187186666666667,12.837026666666667
267121006,2478080536,26.293834074074073,11.23436,31.411006666666665
268132008,665822853,20.250568888888882,7.768213333333332,13.330053333333334
267020016/01,2463299204,9.660266666666665,0.6064666666666667,19.816965649717513
268076011,2423191666,18.1368318128655,1.8492266666666666,12.572466666666664
267074006/03,11681925846,17.88266666666667,11.234799999999998,14.379053333333333
268009016,3157208081,16.488069616519176,3.5368,7.423586666666667
267028026,12909306467,19.19273743589743,2.6896933333333335,26.709282318840586
267040023,12797244362,25.704490526315784,5.490039999999999,24.764130526315785
268008003,1523894717,20.508055,7.914413333333334,16.893733333333337
267036003,702034835,15.789466666666668,15.20828888888889,14.220053333333336
268034007,13128609,19.212406976477332,4.794866666666667,5.32328
268033003,16054130,22.122206976477333,6.911573333333333,8.23308
267141011,6960300243,20.745650000000005,11.814546666666663,14.12409
267122004,12373448494,,,
267120006,244223125,26.965941818181825,15.133547179487177,20.957747179487175
268093003,269233882,24.34856848484849,15.984373333333336,15.984373333333336
267027007,12817210862,10.754706666666667,13.236466666666665,20.104546666666668
267017002,3339508982,19.918359999999993,9.888626666666664,15.346253333333332
267107004/02,34403482,48.02345142857139,15.849813333333332,26.47886666666666
267105002,12382132912,25.41833904761905,1.9756799999999999,18.817325714285708
267087003,32341722,22.39964,7.926959999999999,24.823277101449275
267031012,12983076552,26.465999999999998,12.291999999999993,26.287703333333333
267084003,9624201914,33.90519878787877,9.283506666666666,27.42315878787877
268149001,14061577693,8.295308070175437,8.649613333333333,8.722441403508771
267096007,1411182886,27.861366524822706,15.762119999999994,31.151193191489373
268014004,2375574768,19.405796666666667,12.740906666666666,16.12248
268106002,10306668147,13.83933333333333,8.830493333333331,5.735106666666667
268105007,2413658313,9.712253333333335,6.46552,5.9404666666666675
267092048,13380616575,18.227450574712645,11.947466666666669,11.256590107526879
267092041,4341696556,21.608263908045974,17.644623908045983,17.56479010752689
268010015,11877130037,,0.26410666666666666,
268029006,6370511303,11.372983917525774,3.67892,9.512837250859105
267018003,7058928520,17.423949803921573,2.475146666666667,14.108839999999999
267122007,243758771,22.08218444444445,16.394611111111107,26.647313580246912
267072002,480100464,18.320586666666667,4.38472,2.770693333333333
268157008,3895050852,20.505550833333334,13.110639999999998,12.149400000000002
267085026/04,286038068,30.76061666666668,22.5780115942029,30.997068985507255
267077003,3837673178,8.421053333333333,1.1398133333333333,10.069471904761903
267028109,12894285280,18.263246666666667,0.0,21.72819333333333
268111006,2761900086,19.125022962962966,1.31652,14.007599999999998
267051004,436635944,23.981711515151517,11.612226666666665,25.347925714285715
267065006/02,253337910,25.622319999999995,3.45008,33.36964444444444
267143026,6611028869,28.178333333333338,9.408306666666663,21.55677333333334
268083009,2952202695,23.102426666666663,11.666190303030305,10.56093696969697
267021003,178896510,31.696316190476185,17.46146666666667,15.677653333333334
267019005,5283748034,,,
268156008,1445223009,7.978919999999998,14.409626666666666,13.680424347826088
267117006,11042608995,11.960386666666666,16.489637575757577,23.89686424242425
268074011,4431092127,21.50984405797101,2.66032,11.111506666666665
267007017,8629064181,16.275067179487174,9.76784,18.73786181818181
267080022,7015302007,25.781946666666666,18.27341333333334,30.497239999999994
267049004,13279233957,35.812065,9.052773333333333,26.08811833333333
268127013,255315736,15.35122352941176,5.443866666666667,16.433316129032253
268106016,5281437636,7.46184,6.157373333333335,2.2819066666666665
268148004/01,117707387,17.16433333333334,17.391184299065415,16.370464299065418
267045006,140405127,9.413480000000002,11.912560000000001,19.916148771929816
268132018,4855282919,13.412800784313728,7.868260175438596,11.48373411764706
268142018,13802694173,9.277373333333333,4.632093333333334,8.25973411764706
268068004,2400844908,25.429166666666667,9.40976,15.061026666666667
267136001,4909724658,27.520459259259272,6.441466666666666,17.88130666666667
268085003,3928714493,12.878658333333332,4.772199999999999,7.546925000000001
267106022,12613628985,35.87457404761904,13.345026666666667,29.2735607142857
268085008/01,6192677751,15.763898333333332,8.150820952380952,5.371826666666667
268070007,246087074,16.615824285714282,13.226572777777779,14.477946111111113
267082005,260022189,26.425355555555566,9.757133333333336,8.39932
267040062,456388707,37.68797333333332,14.203746666666664,36.74761333333332
267105012/02,253316432,36.88880682539684,14.231466666666668,30.2877934920635
268126011,49381106,16.78533333333333,13.407973333333333,16.242924057971017
268078010,7392125750,19.6411392248062,9.526959999999999,15.994232156862743
267001002,11847606621,14.271119999999994,19.950519999999987,26.237036190476182
267110001,187642117,32.422279480519485,5.6644000000000005,25.821266147186147
267122002,10299475815,26.703008484848496,14.870613846153843,20.694813846153846
267149010,2484187099,25.262297777777786,10.669746666666667,24.086586666666673
268148006,2794674717,13.28092,14.151824299065419,13.131104299065417
268017021,4405814099,13.208599999999999,2.4369999999999994,17.554413333333333
267072006,2431551989,24.030682962962956,4.7225866666666665,18.671293333333335
267092059,13453302752,22.24845333333333,5.53852,7.388159999999998
267073005,1411048517,13.162915555555553,10.791675555555553,10.403102222222222
268145003,12965447752,25.092084938271608,10.851853333333333,19.498200000000004
268070019,247321327,14.14720944444444,7.901800000000001,11.071201754385966
268158010,298537214,12.064037701149426,1.5040799999999999,11.268199999999998
268030014,2372323763,18.93907393939394,13.17034086956522,16.05722086956522
268071015,187761494,19.34001333333334,12.455199999999998,19.697155555555558
267078020,3292039018,18.619666666666667,7.660826666666667,19.233186666666665
267129006,173769865,28.954267878787878,16.177746666666668,14.393933333333333
268081012,5152933618,12.886706666666665,4.934666666666668,5.283013333333334
268096016,3978749614,9.82786666666667,6.38068,3.05204
267080004/267080006,247804759,33.93203999999999,25.86158666666666,38.647333333333314
267060002,1305613231,18.884286524822695,4.808453333333334,22.17411319148937
267103001/03,1263758358,30.38314028985507,15.144573333333334,34.98447362318841
268080012,19080485,4.7607333333333335,7.97770456140351,2.337146666666667
268088011,2815898082,18.310287619047624,8.136053333333335,21.714746666666667
268063007,2375495322,10.790260246913581,7.447506666666667,7.718546666666667
268071024/01,5172781323,17.519546666666663,5.495586666666666,26.565020952380955
267057002,13361776183,20.658653333333334,10.864133333333335,21.580691428571424
268063009,12692159447,14.358014814814817,7.806653333333332,8.164266666666666
267029014,16569963,24.16266666666668,7.645519999999999,31.312266666666673
268062008,301804286,7.976399999999999,5.192293333333334,11.2872
267140039,9593101746,28.97626666666667,8.901226666666666,22.354706666666672
267063006,2692468547,,,
267096006,12735204950,37.090633191489395,14.870133333333326,37.15513333333333
267078014,60939467,10.373546666666668,5.024026666666667,21.192573333333332
267040029,12967144764,31.315159999999995,9.032333333333336,29.425690000000007
268108004,31097467,21.544442949852506,10.094093333333335,12.479960000000005
268063005,2686868893,17.490439999999996,7.339506666666668,17.6688
267080011,9538747380,24.293952156862737,11.91444,15.953808888888886
268130002,8390553151,14.764319999999998,10.089733333333337,17.670509457364336
268080001,28246387,4.844359999999998,6.225624561403508,2.6882266666666665
267128004,4078597271,20.81236083333333,0.6862933333333333,10.873133333333334
268147002,255315728,15.728779753086421,8.478326419753087,19.777806419753084
268145002,90399071,24.203724938271602,10.619026666666665,16.89170666666666
267056005/01,8281599135,21.24774205128205,11.665643809523806,11.892879999999998
267119006/02,443412013,42.29219538461538,7.210266666666667,36.306373333333326
267032012,10674437001,24.066719999999997,7.553733333333333,25.223973333333333
267082004,2380633813,27.77645925925925,9.071880000000002,10.317080000000002
268112013,652697359,17.569010980392154,4.0862,15.635059130434776
268034010,15413041,22.403293333333334,2.901546666666667,14.444186666666667
267125005,11877669459,21.89940571428572,7.193106666666667,18.236493333333332
268081005,7024612297,2.69312,4.797209444444444,5.819626666666667
267025010,4020391876,15.509689523809527,5.044573333333332,1.723053333333333
268156010,1410012249,13.41776,12.514146666666665,15.004000000000003
268001002,12744772786,12.798721212121212,6.8884266666666685,11.194174545454542
267146001,9464660007,26.244335757575758,5.002613333333334,19.762295757575764
268067002,1276542211,22.874785000000006,9.153973333333333,15.42383833333333
267084008,291411451,35.78824363636366,10.934333333333335,30.745986666666663
267049032,8856919642,32.04844,13.573893333333332,22.32449333333333
267138018/01,9491119879,21.912526109253076,6.946186666666666,18.328683508771928
267092021/02,12595104228,38.8832419047619,14.441360000000005,40.72986857142857
267043001,11034513534,15.729413333333333,6.312293333333332,22.835792820512815
267017003,704331499,18.805053333333333,9.900853333333334,15.417319999999998
268094001,2315623023,16.969085490196072,9.838973333333332,9.838973333333332
267056007/02,5895295313,17.26422205128205,11.584657142857145,10.828606524822698
267028068,12944620753,12.996949425287351,11.209546666666665,30.90939555141349
267039009,5628153594,8.472773333333333,13.565453333333336,23.55077333333332
267134015,253312644,35.56007999999999,20.24885098039216,26.993613333333336
268048011,7491663191,16.931125098039224,13.929048571428575,15.365578431372558
267028066/02,3089740684,10.258028045977012,6.321613333333333,28.170474172103134
268042016,241788480,17.77421777777778,15.40315111111111,27.282242539682546
268034003,6792384365,22.55406666666666,5.662800000000001,13.387146666666666
267066018,10273761052,21.471439999999998,13.149360000000003,17.075650370370376
267103002,10286267561,22.28244285714286,16.278629523809524,26.883776190476194
268037011,2952674747,20.19491047619047,8.177973333333334,11.082573333333334
268150011,1426048806,7.975079999999999,4.684586666666666,15.046070243902442
267138003,8495352605,31.47475789473685,5.156666666666666,24.853197894736844
267154007,11976807953,18.742383703703705,2.6820266666666672,22.79141037037038
268033005,6794362334,24.081985591397846,0.5901466666666667,12.551253333333333
267132039,2987438365,34.83010526315788,4.522186666666666,27.401278596491224
267118014,9780232699,48.28528561403511,7.683773333333334,41.68427228070177
267112005,9325859521,54.00440000000002,3.9530666666666665,51.32658666666667
267100089,8750742743,22.517080000000004,21.53154666666667,32.61669333333335
268134001,8881076289,13.322355223880603,6.323426666666666,8.88744
267028001,957164276,25.01398666666667,5.63448,34.75545000000001
267095026,4710942593,12.0924,16.35252571428571,31.961459047619037
268138002/02,6146071348,8.377533333333336,10.304519999999997,7.4476666666666675
268113011,8730900793,13.977213333333335,13.515990476190476,10.981880000000002
268050002,243910149,16.81629333333333,3.60992,9.602506666666667
268010002,1493196526,9.185506024096387,10.422706024096387,5.0245066666666665
268064001,5546724070,23.234561481481485,2.2940266666666664,17.040813333333332
267126001,13720425855,12.761466666666667,10.692106666666664,20.50769612403101
267029008,12776783652,20.223716190476193,15.743062857142856,24.746541025641022
267140033,9503726868,33.436117894736846,9.165760000000002,26.814557894736843
267128003,8137199734,17.24977416666667,2.8762933333333334,8.551866666666665
268103008,358540402,8.267106666666665,8.03836,13.795639215686274
267130011,12280602,23.975399999999997,6.0509200000000005,17.374386666666666
268143004,2395413324,8.79834666666667,7.137293333333333,4.743333333333333
267140006,9506653302,23.600215238095235,5.53496,16.978655238095236
268159006,339323754,14.562920289855073,13.361373623188406,11.701293623188407
267092029,1037172670,37.450606666666665,19.067813333333326,39.297233333333345
267029003,12923606558,23.408693333333343,6.891546666666668,28.39302898550723
268054008,1272386825,16.537635555555557,8.886973333333332,8.446826666666668
267119013/01,8992788747,35.947928717948706,10.633186666666665,35.96552871794871
268074005,2941843764,19.26528,5.485173333333333,12.070253333333337
268131006,8390553265,15.265506666666676,8.007293333333331,15.295480000000003
268038004,696250101,24.8016525,7.731440000000001,17.97742583333333
268005002,469311756,12.732933333333332,3.726066666666667,8.953706666666667
267047002,4874932505,24.091310909090907,7.242959999999998,24.108910909090902
268142014,5464784116,11.430786666666666,5.298133333333334,10.431280784313724
267108007,848714322,17.422462105263158,2.1410266666666673,14.193050277777775
268137015,564136641,16.094168557213933,2.970413333333333,3.3261999999999996
268057009,2951477088,20.643426666666667,8.041706666666666,7.5762133333333335
267134001,254494962,37.14303428571429,15.157648888888883,29.640074285714295
268131005,11817429081,12.997736296296296,4.40912,11.697306666666666
268063012,18896457,18.285413333333334,3.1226800000000003,13.454893333333334
268028004,6339768369,9.55364380952381,5.488906666666668,8.876697142857143
267099016,425540172,33.17510000000001,5.2698399999999985,25.085206666666675
268050009,60001697,17.636973333333334,3.53288,9.459186666666666
268105015,10795566859,5.738237894736842,4.23084,3.305546666666667
267037008,13480992647,20.267319999999998,5.794173333333334,20.154528333333335
267087006,417656548,20.063497543859658,9.569439999999998,21.121977543859657
267108004,10307629777,14.761620465116275,5.040053333333334,14.2577715942029
268139012,4844594295,3.763146666666667,3.48196,2.3290266666666666
268150017,6654132112,11.52427134502924,2.9901733333333333,6.48488
267133001/01,8880755362,52.09371333333333,8.991439999999999,44.19075333333333
267158002,2990181399,26.648370833333328,5.255880000000001,24.205624166666663
268129005,2479778763,15.685933333333333,3.922493333333333,20.224026666666667
268022006,5421563180,9.644453333333331,8.799773333333333,19.29898666666668
268036005,2399584219,14.447813333333333,9.390893333333333,13.78983963963964
268070021,244443928,19.52393205479452,12.521137777777778,13.065951111111112
267103001/09,12166874828,33.105283030303035,9.779013333333335,37.70661636363636
267072001,5998881515,20.389386666666674,8.528720000000002,12.207893333333335
267130013,257296032,21.543799999999997,8.482520000000001,14.942786666666665
268101009,10652946110,9.371559999999995,1.2100266666666668,2.026146666666667
267150002,8618129107,24.148964444444452,12.49707111111111,16.119844444444443
267152002,8612706909,21.51772307692308,6.740013333333333,15.758620833333335
267040042/04,26452966,34.441517777777776,9.998466666666666,35.92291380952382
267148014,4931329988,25.51143515151515,5.009239999999999,24.47426666666666
268072015,4722865014,25.36274222222222,6.825880000000001,16.88914666666666
267053022,9553181538,40.25039999999996,15.57681333333334,28.614080000000005
268160001,13516653420,,,
268023009,12045422433,17.20664,8.583986666666668,18.41596497512438
268048010,11828233271,17.257772631578952,8.301053333333332,12.81170666666667
267109018,10552789349,25.40690857142857,20.502906666666668,27.02207826086958
267013005,7814221221,25.600012222222222,6.882,27.036558888888887
267056003,174732383,27.922346666666666,11.155386666666665,15.906880000000001
268006034/03,249199843,21.64275935742973,11.285066666666669,13.693506666666662
267027010,4037054427,8.473693333333335,10.955453333333331,21.686824166666675
267123012,392610025,50.27946456140351,7.0300400000000005,43.67845122807016
267094008,3368565283,62.87383339181289,1.8638266666666667,56.272820058479546
268032006,2399659931,4.714893333333333,8.125186666666666,11.03658666666667
267131016,300120302,37.90295294117648,11.059160000000004,30.474126274509807
268063011,7486060654,15.08881333333333,8.215986666666664,15.267173333333337
267038010,10295052873,11.30618107526882,6.348440000000002,23.9623691954023
267140037,11515091765,31.702446896551763,11.429586666666669,25.080886896551753
268036011,5576443108,14.926923076923076,8.857146666666665,14.24361641025641
267092024,412129160,39.85935999999999,23.918906666666675,41.70598666666665
268099019,3125025428,12.585694970760235,6.125706666666667,2.8782133333333335
268037001,10573373274,19.40675750000001,14.63637083333333,12.691386666666665
268009008,321859925,16.131389616519176,3.61884,7.944739404761904
267106011,4018240887,23.459485714285723,6.794920000000001,16.858472380952378
267143016,10124591946,27.21789696969697,1.1001466666666668,20.735856969696968
267028003,6685472929,18.099413333333338,13.943973333333332,21.578406126126136
268037006,11698040347,20.72525333333333,6.637893333333333,9.718213333333335
267115005,254345523,23.16186666666666,6.415973333333333,28.98856
267020016/02,4254694909,7.829119999999999,3.6606533333333338,17.84265612403101
267106023,253311878,30.250645714285724,10.605373333333334,23.649632380952383
267044003,7820531423,28.83848444444444,9.153986666666666,22.94925333333334
268088002,25966558,11.916926666666665,12.654459999999998,14.773706666666666
267085014/02/02,5515751087,16.334373333333346,23.039609855072463,35.51898318840582
268106006,4043190918,11.663093333333329,8.955386666666667,5.663108571428571
267028101,13076316856,19.757107126436775,6.843306666666667,23.22205379310344
268102003,2477946035,16.237906666666664,2.0656933333333334,0.6795866666666668
267144012,313559314,19.868895384615392,17.002413333333337,19.88649538461539
267001010/01,293726858,7.52512,13.20452,19.491036190476184
267035011/03,9446062960,33.56125696969698,16.21570666666667,36.56951878787877
268136001,462496474,15.642731572327047,8.995280000000003,19.222663703703702
267040017,12986247642,30.430798888888884,6.605520000000001,29.490438888888885
267089008,9631979111,16.828537435897434,6.826226666666666,17.887017435897437
268011012,297459750,8.601546666666668,5.032186666666667,7.918333333333333
267123008,3915532031,56.06762456140352,9.452293333333332,49.46661122807018
267132012,296448902,32.56444615384615,14.905586666666666,25.135619487179483
267053003,8978171038,29.003093333333336,6.441226666666667,11.7096
267095017,5620448986,,,
268142008,6175859417,8.883613333333333,4.75,7.09485358490566
268113017/01,9689575410,11.064253333333333,14.133866666666666,15.460666666666665
268152005,2372266606,13.212306666666668,4.078093333333334,12.277293333333331
268158001,5414899279,15.497776410256414,7.459413333333332,7.73164
267029015,12923136245,19.978306666666665,3.46116,28.692213333333328
267126008,12595161508,11.8017726984127,10.329479365079361,17.510252698412696
268011004,4296894280,17.97397207547169,3.2873733333333335,13.016160000000005
267010005,7794371357,21.752263908045983,6.929586666666667,24.93704
268130001,8390553693,15.502311111111108,8.84372444444445,15.707032380952379
267070008,4960362330,17.590512380952383,7.047493333333334,17.78930666666667
267076009,480187728,28.362906666666664,14.842813333333336,28.44614666666666
267055006,13361578474,18.432065641025638,11.161480000000003,16.45226564102564
268132021,4897922791,20.236141890547273,6.3213066666666675,3.3273200000000003
267159002,3095380387,,,
267086004,281437097,28.483888695652183,11.52277333333333,29.920435362318848
267122003,13265762150,24.93468117647058,13.22930666666667,22.62553629629629
268040005,13339964985,31.326257460317457,16.017546666666668,22.712726666666658
268003013/268003018,4675836839,12.402586666666666,6.496693333333332,0.0
267029019,12908952949,17.440872941176465,9.177386666666667,20.90581960784313
268071027/01,4072345669,20.93517333333334,10.032306666666667,22.74615916666666
268020006,52201268,24.298709166666665,12.6897225,11.524159999999998
267118017/01,9117787914,51.903485614035084,13.03621333333333,45.30247228070175
267092044/02,280431630,35.57118666666668,1.02248,36.22517677419356
267080016,12291465100,21.73182666666666,9.59812,21.239898823529405
268017011,54851398,15.667839999999996,1.4630800000000002,13.872573333333337
267136004,8803988535,29.974912592592602,4.591373333333334,20.33576
268027012,6339965109,1.1834666666666667,6.209719999999999,5.354266666666666
267133005,5375507384,42.38573454545454,8.859280000000002,34.48277454545455
267105007,6955727386,36.62113238095238,19.629353333333334,30.02011904761905
268071024/03,10296389316,15.134440000000001,1.0921733333333334,23.78950222222221
268162008,3008615531,13.59473333333333,7.505413333333333,9.30749333333333
267084011,9611289324,33.39765538461538,9.196253333333333,27.382133333333332
267028079,17954585,13.702944086021498,7.134693333333334,31.615390212147638
267106014,12592995527,34.447600714285706,13.434301666666666,27.84658738095237
268108021/01,13691314967,17.901666122448983,11.546252789115647,8.377906666666666
267049037,12001160767,35.41859384615385,1.6380533333333331,25.69464717948718
267105010,3872531080,34.869839047619045,17.256258095238096,28.26882571428571
267002021,2366243004,56.96558666666663,6.134999999999999,50.3645733333333
267005002,4791516525,17.842386666666666,7.895213333333333,24.425820952380953
267066017,3137577727,23.02688,14.704800000000004,17.69272
268073007,9730201591,23.075835555555557,5.6656933333333335,14.60224
267047005,8557904933,23.384030909090907,6.177479999999998,23.401630909090905
267142010,440118961,22.186899259259256,8.633466666666665,24.045165925925925
267081006/04,13506618940,21.16012333333333,6.6313466666666665,8.14948
267094009,832716127,66.30642005847955,24.830066666666667,59.705406725146204
267101008,21519324,20.789764444444447,6.3498399999999995,25.391097777777773
268078007,7392125654,16.626467126436783,3.3434933333333334,11.294733793103449
267101012,8828538092,20.216758024691355,2.1110933333333337,24.818091358024688
268058015,13399715160,8.214826666666667,5.953479999999998,13.166886071428575
267074001,3904761861,18.92221333333333,0.8553333333333335,17.956560000000007
267108006,10307639619,18.982428571428574,5.514026666666667,17.01126361111111
268131010,5538812075,10.120293333333336,0.95412,17.18933020833333
267064003/267064004,248741111,19.32169985815603,6.556479999999999,22.6115265248227
268039005,320023031,16.67926666666667,9.89118666666667,14.632590476190476
268074010,301832774,21.890897391304343,3.041373333333333,11.49256
267019010,162281641,20.633815072463765,3.729986666666667,15.993706666666666
267038014,13608051120,19.575440000000004,21.98262406504066,30.20329073170732
267092005,91409246,38.079455238095235,5.8161466666666675,37.46049333333334
268033006,2987893582,25.86694857142858,14.910773333333333,16.969986666666664
268114009,4894612758,13.711256969696967,7.12748,14.966730793650788
268009006,309350700,13.776346666666665,2.4011066666666663,7.431179404761904
268061011,483714899,23.012870476190475,4.832533333333333,7.527959999999999
268125007,295514376,20.32339072463768,1.9540266666666668,6.497586666666668
267115012,254345185,25.74814390804598,5.263106666666666,27.597040000000003
268113003,10764709562,22.425906666666663,18.12643365079365,7.939133333333334
268089010,242723988,9.693933333333332,3.2078133333333336,14.414480000000001
268126009,108019687,14.403920000000001,9.962746666666666,13.750897391304353
267135009,12630603394,32.46437538461537,3.413253333333333,25.035548717948714
268040006,5854464882,21.760480000000005,6.7406266666666665,19.479356666666664
268126015,4794379666,14.36837333333333,10.991013333333333,13.825964057971015
268015005/03/268015005/268015014,7678814741,19.32298666666667,11.000906666666669,12.019117037037036
267103006,536709695,21.108800000000006,14.206159999999999,25.710133333333335
267049031,8881360237,28.765309696969712,3.923653333333333,19.041363030303028
267118023,4769512759,51.991671255060744,17.84588,45.39065792172741
267049005,13280918804,37.63401333333336,12.165346666666665,27.910066666666673
267141004,6960303034,19.494449999999997,11.414053333333333,12.872890000000002
268154003,13900118880,12.581133333333327,11.615573333333332,16.463192307692307
267129001,985373234,18.257281212121217,16.14564,14.36182666666667
267028116,392496028,17.72188137931035,11.7968,35.63432750543646
268005008,18378368,11.149000000000003,4.205613333333333,10.000106666666666
268141001,11789776511,6.7209200000000004,7.5914641666666665,6.697108571428571
268067007,266997667,24.197800000000004,6.199799999999999,18.495026666666668
268033002,2369219672,20.006340309810664,4.39424,6.117213333333333
267085013,10788854146,26.921099999999992,10.237706666666664,24.734356521739123
267005005/01,4791514361,21.682866666666666,11.152119999999996,28.142474285714282
267003007,10941988342,48.816226666666694,8.49648,42.215213333333345
267132005,53470633,32.787866190476194,6.386626666666667,25.35903952380953
267101010,8828538514,20.197564444444446,5.743493333333333,24.79889777777778
268128021,4285824282,6.233973333333335,7.752533333333333,4.377813333333333
267123007,1426131882,56.32761122807019,10.441346666666668,49.72659789473685
267100080,8728271138,23.484197083333335,8.882533333333331,28.085530416666664
268161001,4877121842,11.222426666666665,3.453373333333333,0.7819333333333333
267133001/03,10693055833,54.58258,8.47472,46.679619999999986
268058010,1679555012,12.103066666666665,3.500226666666667,10.713632738095239
268092011,2661402294,16.226186666666663,5.807213333333334,11.911133333333334
268119008,9939421606,20.70866666666667,4.893466666666667,16.293268333333334
267015003,12442170888,25.39035888888888,14.470746666666674,22.09445222222221
267003004,1730375381,56.42789333333338,10.098440000000002,49.82688000000003
267013002,287088380,19.08614980392157,18.242352380952386,24.42713878942882
268029005,6370510062,13.444781269841274,2.47184,12.32246391752577
268026011,4892641929,11.166733333333333,7.591373333333333,12.540693333333335
267028111,345600269,12.887733333333335,7.88864,31.373256990323664
268083007,26914998,19.034120000000005,9.214519999999998,10.43691420289855
267085025/01,7820941442,25.38945666666668,19.514885714285715,25.62590898550725
267133032,5493929729,40.56841333333334,14.286533333333331,32.66545333333333
268145006,91538501,20.71853986928104,10.640173333333333,20.908347619047618
267028034,15899953,26.258180000000014,8.68302666666667,29.72312666666668
268037009,9723469322,19.455920000000006,1.2434666666666667,12.302506666666662
267002022,433637867,56.98307809523809,4.319826666666668,50.38206476190475
268098002,4397272678,12.13353497076023,5.980399999999999,3.965773333333333
267097009,5595013161,22.857239999999997,7.716773333333333,27.715186666666664
268138007,12141006796,2.88612,5.143093333333332,4.496840000000001
267143024,9254688250,25.719026666666668,7.924053333333333,19.09746666666667
268157009/268157009/02/268157009/01,12898757831,13.42257333333334,10.640226666666667,1.7303733333333335
268074014,3503628631,12.31664,9.734639999999997,14.917866666666669
267143008,8522352965,29.71074666666668,11.244333333333334,23.08918666666668
267140052,8641825036,30.150891228070172,5.729146666666669,23.52933122807017
267036005,1411048492,17.739293333333332,10.613840000000005,18.859328888888886
267038005,4422992108,26.769359999999992,17.119066666666665,24.57509057471264
268061007,2957839257,18.159004301075267,1.53976,11.012719999999998
267049013,8931107608,30.985490000000002,7.986879999999999,21.261543333333336
268127007,5506791766,7.579599999999999,7.314746666666667,20.51616
268009001,3500311158,16.20028,3.8113466666666658,6.979026666666667
268086003,4939797958,18.79678666666667,8.583746666666665,10.785026666666669
267105013,13676637702,30.90791015873017,9.335026666666666,24.30689682539683
267049035,437559806,32.81198666666666,8.582933333333331,23.088039999999992
268142017,29400033,7.602973333333333,5.959053333333333,9.993227450980394
267147008/01,8663537965,18.11949333333333,10.277466666666667,12.190386666666663
267103001,4851700034,25.644964637681163,0.7624266666666667,30.246297971014496
267028043,12783186404,19.938454712643686,5.6492666666666675,29.101557500000006
268110012,53463882,19.952066086956524,5.852119999999999,6.396520000000001
268068007,2375495019,22.89528666666667,5.415653333333334,13.645546666666666
268109015,1848330054,13.14101628318584,4.674080000000001,3.8650133333333327
268011006,3895052570,16.247890476190477,4.656000000000001,15.70954021505376
267004027,257290974,27.826626666666677,5.495466666666667,21.225613333333335
267095001,6645441082,32.45568888888889,9.166466666666667,35.3335688888889
267039014,6681812393,12.327453333333333,10.413226666666667,23.433666666666664
267157001,4829380140,20.075746666666664,6.159853333333334,15.984173333333338
268113009,8739806502,9.987826666666672,14.162533333333338,18.539074418604642
268065001,339639272,24.331037575757573,8.211773333333333,16.35545333333333
267068004,13197431339,18.626920000000002,0.0,18.710160000000005
268073003,108073023,21.739862222222225,10.28242666666667,13.637986666666666
268088004,2423092535,10.66314606060606,11.400679393939392,16.011079393939394
267088020,481194686,23.517958333333336,7.306786666666666,24.826438333333336
267066013,4405709211,26.707792592592583,14.95899515151515,13.214032380952382
268096004,13984032342,8.16770303030303,6.5018,3.3323466666666657
268048017,241036923,12.07460509803922,8.073177647058824,10.228470980392157
267134003,10738188112,30.945719999999998,11.787773333333336,22.379253333333335
267086012,7857319590,25.040340740740746,12.252679999999998,26.47688740740741
267092022,795849766,39.02739333333333,14.35009333333333,40.874019999999994
268008015,4892956238,16.880748333333333,10.178853333333333,16.56078833333333
267039001,5643256269,19.714693333333337,5.1539866666666665,22.16153333333334
267117005,11042608915,12.202679999999999,18.96678666666667,30.67864666666668
268158015,3889456443,15.95474553191489,8.093719999999998,8.779519999999998
268029004,6370511288,12.343266024096389,2.4448133333333337,10.539813333333335
267019009,1420096797,18.457551111111112,8.578853333333337,12.756120000000001
267065012,253340843,32.75626666666666,17.927346666666665,26.15525333333333
268071016,4432468288,16.350160000000002,9.465346666666667,16.70730222222222
267124006,8364162699,21.22473777777778,11.837119999999999,19.5659822885572
267040053,2719715238,32.941466666666656,14.807079999999997,32.00110666666666
267122009,235049337,22.072,16.38442666666667,25.943122051282053
267158012/01,8569773465,27.284559999999992,8.05645333333333,25.977026666666653
267041003,12802097450,23.88746956521739,13.195079999999999,25.47746385964912
268140014,11951122372,13.399814468085111,8.219726086956522,4.332893333333334
267028004/02/12,5064425834,17.58898252873563,5.207400000000002,34.915817777777775
268025003,375841422,14.386466666666667,10.804466666666666,12.05584
268142011,12862454997,3.5441733333333327,3.026466666666666,6.302533333333334
267036004,1411048458,19.122040000000002,9.558693333333332,17.48355555555555
267057004,13468234053,19.595110476190474,8.697946666666667,17.61531047619047
268144007,4196028840,20.093706153846153,8.537933333333335,15.491319487179483
267104016,10718918292,,,
268006015,16054350,29.39122666666666,19.87084,26.66663999999999
267049007,11804874879,31.37297636363637,9.609386666666667,21.6490296969697
268081004,6217489590,10.222032727272728,9.38328606060606,7.935939393939394
267149002,8618099288,28.703778245614032,7.490799999999998,25.089111578947364
267114001,1425374941,24.569133913043476,10.746640000000003,26.00568057971015
268078009,4658440198,20.54189922480621,7.530279999999999,15.21813882352941
268122002,305251598,24.70565333333334,4.134693333333334,11.013226666666664
267114004,7813629133,24.31032333333333,9.054826666666665,25.746869999999998
267010007,7794371365,21.859037241379326,7.462906666666667,24.127319999999997
268129024,4905055701,9.387666666666666,9.499799411764707,8.236119411764706
268098003,13207403874,12.224588304093565,4.979226666666666,2.653626666666667
267132013,253178184,31.057050526315788,8.77788,23.628223859649122
267130007,1995794245,27.683946666666664,3.563653333333333,18.94616
267157008,8633054571,23.56945333333333,7.983613333333333,8.9892
267078018,60940337,17.975240000000003,6.6458933333333325,18.744466666666668
268054003,12215999494,8.532306666666667,10.572923333333334,8.290803333333333
268135002,2968909884,9.551059869281044,4.6566,14.66129617486339
267082009,260022282,27.08240484848486,7.410759999999998,16.48946666666666
267076003,7610003995,15.830665454545459,4.432426666666667,19.120492121212123
268031002,9042942573,12.04001333333333,5.046133333333332,13.528521904761906
267065003,12472694277,28.191413333333337,9.213199999999999,24.457346666666663
268143018/02,265741665,14.886200833333339,13.695987500000005,7.34424
267130014,11987289569,25.48650153846154,12.375653333333334,22.87203487179487
267105016,11420400072,35.61707349206351,12.95973333333333,29.016060158730166
267145002,4906509300,27.41488463768115,9.346146666666664,21.29425797101449
268042005,5430005223,21.817144615384617,9.230626666666668,19.542131282051283
267058004,7170597104,28.024671515151514,10.669999999999998,16.215173333333336
267028027,12912893147,22.228529230769244,10.791955555555552,30.073875555555563
268138016,12371366442,2.6117733333333337,4.237333333333333,1.983933333333333
268023013,7684005560,10.06548,2.6584,12.994882380952385
268015013,3135862487,21.331946666666664,13.009866666666671,14.324517037037038
267071004,657950589,16.330635942028984,9.873706666666667,15.800795384615384
268030005,2372692689,16.357020606060605,10.588287536231883,13.475167536231883
267021006,13156935609,22.781107878787875,11.882839999999996,10.099026666666665
267041008,12791740833,22.789050566037744,8.097746666666668,22.105743899371085
267019011,3897000606,16.26653507246377,0.6708933333333333,15.935289929078015
268143001,6007665030,8.050799999999999,6.369933333333334,7.9803733333333335
268051013,13856999885,12.29584,8.956719999999999,19.864780512820513
268148007,10713273358,6.920506666666668,8.48888,9.826748627450977
268133018,564323296,10.949280000000005,4.7782133333333325,11.508666666666667
268099008,4346458369,11.946786666666664,4.446453333333334,6.448466666666667
268004003,2419867628,14.92068,2.1445466666666664,13.850373333333335
267099029,253507345,21.521961904761902,17.539622222222224,14.920948571428573
268143019,1935447256,10.367543333333334,9.177330000000001,2.3810799999999994
267160006,2443612601,18.48468624113475,12.882126241134753,15.623059574468085
268117014,13796305409,10.296360000000002,4.703119999999999,8.57784
268124003,245807330,22.360964057971014,4.441599999999999,8.53516
267078004,60939412,7.519266666666669,2.1638533333333334,18.338293333333336
267106001,253314182,30.858752156862746,13.621370980392157,22.292285490196083
267061007,480079772,22.297539858156032,12.16604,25.587366524822688
268123002,1529954538,24.08026666666667,12.614813333333332,8.538066666666667
268116008,4936038136,,,
267032006,3014728805,23.975542222222227,7.6208800000000005,26.70414222222222
268054015,4159965446,12.860462222222221,8.368914285714286,3.8010799999999993
267005006,598146743,32.9074419047619,27.04025333333332,26.306428571428572
267063004,480187926,21.527972121212127,13.130466666666667,24.817798787878793
268071012,9774185260,31.525174999999997,14.944880000000003,31.205215
267046005,258069174,23.667990476190475,8.358013333333334,18.08928
267044002,9535296496,22.287840000000003,10.442986666666664,22.360680000000002
267028102,13076267981,21.04985379310345,7.643013333333332,24.514800459770115
267067004,7508400999,16.868589206349206,9.004906666666667,16.859130000000004
267069001/07,6541937449,19.74213333333334,4.0830400000000004,20.86982260869566
268058001,248738136,11.021507878787881,5.512640000000001,4.293986666666667
267142013,8545061333,26.94930871794873,16.702880000000004,26.966908717948726
267028073,12528173,15.011999999999997,12.388066666666665,26.285186086956518
267105015,1707062448,42.65950614718616,13.564800000000004,36.05849281385281
267078021,1420096623,88.19474666666665,86.72245333333332,93.90322666666665
267066019/02,3136124157,20.68053925925926,10.79987259259259,9.645632592592591
267004011/02,968717689,49.129200000000004,29.038066666666666,43.957426666666684
268041005,135685955,19.190664927536236,6.665959999999999,16.000611594202898
268137005,8638741677,11.211139607843139,1.1651333333333334,11.419039999999999
267095013,12994328441,12.701306666666666,2.4372933333333338,28.42850666666668
267143009,4873162804,31.30846666666668,12.84205333333333,24.68690666666668
267032007,6260026125,22.210555555555565,5.923613333333334,24.939155555555562
267133002,2986089890,39.21027777777777,11.437999999999997,31.781451111111114
268133012,12175126093,15.37950745098039,4.145746666666667,7.012240000000001
267111011,12736738807,40.20598857142857,15.274466666666667,33.604975238095236
268042026,1426961518,20.97396444444444,13.581093333333337,25.641547777777784
268109011,5064276566,15.460786478873244,8.187093333333333,4.152893333333333
267070006,319029774,20.970319999999997,7.996626666666666,18.552893333333333
267050032,4852743962,21.219945185185185,11.634173333333331,13.524571851851851
268159001,2711531829,12.764695714285716,10.97964,9.65306904761905
267089003,1513090684,23.618085649717514,0.89204,22.67944
267046003,11035870219,20.848889999999997,3.263733333333333,12.02685333333333
267093004,11408521229,66.79654666666669,17.71876,60.19553333333334
268096010,3899974973,7.334760000000002,5.27768,2.809693333333334
267008003,7788435795,21.954519999999995,6.2113466666666675,18.890475151515147
267002043/01,5457250976,66.57016000000003,6.242159999999998,59.969146666666674
268044005,26413497,9.36912,11.844839999999996,12.842346262626267
268112018,428957680,18.61791764705882,3.8806133333333332,20.33116579710145
267119005,9709124771,43.78202205128203,8.882119999999999,37.79619999999999
268034011,2399748655,21.948933333333336,4.407306666666666,15.94994666666667
268039003,4835708129,15.71926285714286,11.130613333333335,12.30640380952381
267140002,441829192,34.40138205128207,9.518786666666669,31.620759999999997
268143017,14041741046,,,
267030007,12809240012,17.561785098039216,2.855080000000001,15.947600000000003
267075008,162936142,9.163573333333336,11.67569333333333,8.739306666666668
268094011,4208691046,20.53754201550388,14.147946666666664,14.147946666666664
267076012,480003020,20.653985454545463,10.023159999999999,23.943812121212122
267111012,5610592802,33.1700780952381,10.129986666666667,26.569064761904762
267105018,8009644827,33.760630158730166,5.054613333333333,27.159616825396828
267042006,12703981621,,,
267155001,4858282684,15.800925490196075,8.67616,12.186258823529414
268135001,255425858,11.046946666666667,8.568013333333333,18.468579672131145
268128012/01,1686209048,1.1678400000000002,9.549386666666667,10.000022372881354
267050004,438377451,26.60841935185185,4.106533333333334,9.160933333333334
267085025/02,11084919117,20.24985666666667,15.842099047619046,25.940428985507253
267138013/01,6255769367,19.641733333333327,0.98288,20.90165333333333
268143010,2369298283,9.992387234042553,6.982813333333332,3.654173333333333
267040051,957533510,26.67432848484847,8.517226666666666,26.610797192982446
267141005,8999838732,26.007407179487178,3.1972400000000003,19.38584717948718
267002047,5327503354,61.1483066666667,4.870986666666666,54.54729333333334
268115002,13715952761,12.529612307692307,10.332452307692309,6.183026666666665
267068009,480002861,18.487628333333337,8.652160000000002,16.875912156862746
268152007,2372266739,10.512306666666667,2.31972,13.342829909909911
268106014,8195183364,10.405985151515154,7.487767407407407,2.4064533333333333
267097019,13462855221,16.796089696969702,9.008080000000001,24.105968333333333
268155004,4913827387,8.243258245614035,6.383853333333333,13.219498245614037
267100063,8783896910,20.34601333333334,5.450106666666667,24.94734666666667
267131011,4992565357,38.64502352941177,12.95949019607843,31.216196862745104
268118004,8702616815,16.56101333333333,13.5632425,15.522527058823528
267065021,12712872943,36.800026666666675,13.416826666666669,31.549066666666654
267071002,2351885445,21.141515555555554,4.101266666666667,18.72408888888889
268016005,6383353888,20.838513333333324,3.01808,12.790573333333333
268073006,4893017637,24.44438222222222,2.2819733333333336,15.970786666666667
267096010,7631916660,32.414905454545455,5.5506400000000005,30.336186666666674
268066004,528721715,14.51134419753086,4.661746666666667,2.725306666666666
267105019,245485360,29.82395238095238,5.72368,23.222939047619043
267108016,2967515553,19.610075438596493,5.455693333333334,16.380663611111107
268108002,330940503,20.47437275362319,3.6469866666666664,11.548452753623188
268009011,2413705156,13.72696,1.487413333333333,4.655093333333334
267050027,2981056088,23.42565185185185,14.678358518518518,15.730278518518519
268076003,6203232746,19.287506666666673,6.875640000000001,5.532946666666667
267083014,260649319,29.069138333333324,12.549639999999995,33.11188941176471
268155005,513856698,8.676088484848487,8.986773333333334,13.652328484848486
267112004,5931734719,58.779253333333365,5.686013333333333,53.50124000000001
268158002,3882445018,16.738284444444442,11.033733333333334,8.32236
268054017,26414319,16.95570222222222,13.018773333333332,12.578626666666663
268071008,49394725,27.461186666666663,12.922253333333336,21.858799999999995
268160004,500341987,,,
268096002,13352828810,10.583049696969693,7.0176533333333335,4.646786666666666
268048016,11828233313,12.47312509803922,9.934044313725492,10.907578431372555
267028059,12945010549,18.301256091954027,8.339866666666667,29.994280459770117
268137001,684995613,19.634592941176475,11.00241333333333,11.837213333333333
268013005,2375578348,22.292550476190474,7.363106666666666,19.771003809523805
268105016/01,9937373160,5.309224561403509,5.401133333333333,3.628186666666667
267028045,12786528161,24.790334712643677,4.5931733333333336,29.517917500000003
267028066,6351776812,12.282361379310345,9.297133333333335,30.194807505436476
267040064,1940135224,29.250906666666666,2.05864,28.310546666666667
267120007,322710255,24.64298181818182,11.781653333333335,18.63478717948718
267084014,9437762984,23.61560363636363,17.852225612648223,30.331598945981554
268099021,1426048992,12.9612416374269,2.640706666666666,3.5904533333333335
267084026,414188077,30.36352205128205,7.6406399999999985,24.348
267139006,4900701037,25.950800000000005,9.977559999999999,20.240453333333335
268011003,1529874160,20.86848363636364,8.576959999999998,13.498239999999997
267081003,247414895,19.47085777777778,5.386546666666666,14.366119999999999
267113004,7818295093,23.933874471544733,5.890426666666667,25.370421138211398
267103001/02,9889759729,24.837326956521746,12.935666666666664,29.43866028985508
267035005,2582335622,38.815093333333344,20.50799999999999,32.19353333333335
267010006,8294437053,25.086093333333338,9.04592,25.158933333333334
268072013/09,7765126381,26.311379047619045,17.270159999999994,19.710365714285718
268152004,2373223649,12.505370406504062,9.759239999999998,7.253253333333333
268044008,2711643796,15.137360000000005,12.886995238095242,17.273141904761907
268117011,13248834227,11.182026666666665,4.399666666666666,9.463506666666664
268133013,12549155085,18.33022701298701,6.102413333333334,5.706
267054002,8109296061,76.00919999999999,3.3307599999999993,68.58037333333333
268013003,6258257403,22.72378424242424,4.04268,18.26283757575757
268082001,2377733459,13.21452,4.9624266666666665,5.466239999999999
268089001,2423092453,11.261586666666666,8.3782,16.603282539682542
267002044,1426132057,53.315253333333345,15.557599999999999,46.71424000000001
267143005,9627352314,30.309144761904754,16.49986666666667,23.687584761904755
268045002,241770654,9.557440000000007,4.839333333333333,9.652169275362322
267023002,269059292,19.699293968253965,10.079946666666668,16.15661714285714
268041002,243096498,13.142226666666668,10.868106666666668,14.864110769230772
268137010,4836663120,15.10296855721393,0.26398666666666665,4.587853333333333
267013004,7820667131,23.356363333333327,12.726066666666664,27.580122318840584
268018006,2433060398,18.962785858585857,7.384253333333333,14.17435919191919
267028098,25961839,25.46698712643677,9.20514666666667,28.931933793103436
268044002,2385483618,7.086466666666665,10.837093333333334,11.726599595959597
267025006,1424141455,19.170556190476187,12.537373333333335,5.240466666666666
267034001/01,3229494069,28.681673333333325,20.386315555555548,31.410273333333325
267028086,25962227,13.84788,16.77409945945946,20.005486126126133
267035011/02,9442624851,,3.32444,
267074002/02,11797187099,,,
267075005,11508459986,8.512986666666666,8.604999999999999,0.8090133333333333
268004002/268004008,12755898536,16.27929333333334,3.7476133333333332,15.130400000000002
268104009,3698432144,13.690439999999999,6.126813333333334,6.140720000000001
268049002,1681796635,14.144106666666664,4.821946666666666,8.533966071428575
267143001/01,9604474505,33.444032820512824,16.538346666666666,26.822472820512818
267084023,10731311598,30.63965614035086,6.682893333333333,24.15761614035086
267144014,2983099327,24.953922051282046,13.793986666666664,24.971522051282044
267140004,1425052310,25.23206666666667,12.149266666666668,18.610506666666666
268108013,31926998,18.861379404761905,7.3106800000000005,10.544366071428573
267040025/02,659663303,41.395489999999995,14.969960000000002,38.994756666666675
268062002,4838696565,16.546414999999993,8.421693333333335,10.544266666666669
268102008,4364453350,12.379853333333335,7.492119999999998,8.133079999999998
267071006,26796331,17.672315942028984,8.833306666666665,17.142475384615384
267009006,9543652664,23.395205490196076,5.410520000000001,18.63801882352941
268110005,4951611935,17.081039444444443,7.435773333333334,7.67236
268128015,512531381,12.486173333333339,6.152599999999998,13.739148333333333
267157004,1424006666,25.759015238095248,6.872813333333332,6.670986666666666
267028118,3239596118,16.35382666666667,2.1761199999999996,33.48362888888887
267081007,2393174721,16.84245111111111,8.101093333333333,16.30276
267038011,13278453729,19.4810375,13.681770833333335,23.669187826086947
268080010,1426441883,2.9686800000000004,10.641813333333328,7.3509600000000015
267031004,13071124687,21.407733333333336,4.389333333333335,28.37721179487182
267129002,4238796190,12.908801212121213,12.032347878787881,11.57092
267017007,26796159,19.002690000000005,6.257280000000001,18.726330000000004
267018005/267017004,385020928,15.934989803921571,0.7810266666666666,13.305109803921567
267035008,11480617770,31.079163636363635,10.049360000000004,26.256452121212114
268143030,13912163845,11.052107482993197,8.247343063063063,3.1741733333333335
268004006,6201965274,17.225813333333335,12.068933333333336,19.936512941176478
268132001,8910603644,,,
267028072,16711515,12.55868,15.065253333333327,28.962372753623182
268158006,3882445218,16.155270833333336,9.29208,6.138026666666666
268161007,13480083323,13.742359999999996,4.703773333333333,4.251266666666667
267028004/02/10,2366117089,14.022453333333333,10.966706666666663,24.873873846153852
267133014,254488981,38.979940000000006,5.111959999999999,31.076980000000002
268023010,248569397,14.707445146198827,8.280906666666668,15.277572698412694
268123003,6166924488,23.93657333333334,11.223013333333334,7.1462666666666665
268104014,131037523,11.118320000000004,4.4245600000000005,7.455866666666665
267104014,366640906,61.90373333333335,23.024853333333336,54.00077333333335
268153001,2121586374,11.52567111111111,13.247791111111109,3.964133333333334
268116013,8942163931,,,
267088011,10816144847,20.644797101449285,2.040426666666667,21.703277101449277
267080002,262811879,26.500467179487185,4.82952,23.790872156862736
268161012,4935951478,4.705733333333334,2.7090533333333338,6.7845733333333325
268138013,5301569906,2.0801866666666666,2.1709733333333334,3.6707733333333343
267009001,9543652632,18.65345882352941,9.767106666666667,13.896272156862743
268047002,339328220,14.49833641025641,5.214413333333334,10.907933333333334
268115013,13234436516,,,
268016010,4692566718,20.312293333333333,3.0835333333333335,16.957653333333333
267004009,4870497061,29.822977777777783,0.8638399999999999,12.618693333333335
268057004,2951477055,22.85278724637681,11.265013333333332,10.159759999999999
268011013,6370132205,16.7241720754717,9.822893333333331,13.832620215053765
268140002,772972756,11.755933333333333,3.65852,4.074613333333334
268123009,305245762,18.15228,7.175133333333334,7.2862800000000005
268144013,3521921414,19.8549125,1.0479733333333332,13.9559125
268108022,380867695,22.66943575757576,9.114679999999998,9.963799999999999
267024008,9626764315,22.34696063492064,12.197013333333333,20.92949195402299
267140010,11241961820,25.06881283950619,4.82552,18.447252839506184
267131023,26472852,42.94734352941178,6.571706666666667,35.51851686274511
268076006,3065276921,15.59474264619883,12.350106666666667,7.9339866666666685
267002038,391037018,51.92072666666665,15.650146666666668,43.29749999999999
268042021,4567664812,18.07972444444444,9.35994666666667,26.845304761904774
268004016/268004017,2940557019,12.455813333333333,3.55056,14.248661212121213
268045001,1432780768,7.447880000000002,8.180070303030304,6.461040000000001
268148004/05,5733881071,22.093452612612612,6.4434933333333335,15.020524444444439
268078005,7392111082,19.092192156862748,8.341786666666668,13.760458823529413
268151001,359742754,12.287543739837398,6.88396,10.083959999999998
268071023/03,13373115527,8.398773333333335,7.216493333333333,17.95043503267974
267147020,6231449947,16.6384,9.011839999999996,15.292800000000007
268107004,7491020610,14.425402949852506,2.815026666666667,6.570016283185841
268084005,335717361,14.579865945945947,9.11532195121951,4.13332
268046002,3498127480,10.770990000000001,8.132123333333334,9.880764975124379
267003011,6333151362,46.139333333333326,3.2670266666666667,39.53831999999998
267095027,4231041493,17.42516000000001,18.09628571428572,33.705219047619046
267069004,13398083487,17.280506666666664,6.554893333333334,18.287999569892467
267100041,9006660044,27.318166666666663,5.403706666666667,27.19108936170212
268152002,8614841031,11.793226666666667,8.480400000000001,10.429293333333334
267127003/01,13384329345,19.34065333333334,15.227586666666669,16.92062666666667
268074003,4431091457,16.280693333333335,8.674733333333332,14.85469333333333
268015003,2407395082,19.694873333333337,9.619720000000003,12.249813333333332
268045004,241020788,9.001653333333337,7.102133333333332,9.655422608695652
267099020,2121688035,34.20033666666666,8.67450666666667,25.63386999999999
268158009,298543068,14.181808627450978,5.296333333333334,8.578786666666668
268001004,13904119086,7.6107746478873235,6.772027981220657,6.761054647887324
268035004,7490942226,13.66686974358974,9.9588,12.216515833333334
267020004,180119269,27.999542857142853,13.764693333333332,11.980880000000003
268092013,6238251591,14.789782222222222,4.29744,10.53770666666667
267100072,8758558479,15.942604539007094,4.1753599999999995,20.543937872340425
268128003,564502629,12.790759999999999,3.2119066666666667,11.176853333333337
267140017,441407226,26.616391111111113,9.096333333333332,19.994831111111107
267041010,249335531,25.197479999999995,6.06784,24.25712
268012008,1276534271,19.567420000000006,3.417973333333333,16.45320666666667
268142004,4849702353,5.951040000000001,1.6856799999999998,8.15482691823899
267088005,12871350038,26.027559999999998,17.48742666666666,25.43418666666667
267144011,10867061468,21.452228717948724,18.161693333333332,21.46982871794872
268054007,1272386875,17.355364444444444,8.927946666666665,8.4878
268062006,11975298361,12.221733333333335,5.474026666666666,15.324453333333336
267049015,8990538796,29.533446666666666,6.164426666666666,14.021493333333336
268004001,810882072,14.08849333333334,5.6681333333333335,12.939600000000004
267028103,160377565,15.591700000000003,6.138813333333333,31.933955555555556
268143025,2365987661,14.72989,13.539676666666667,6.743426666666667
267042005,212614621,17.674236666666662,5.13196,15.24581948717949
268150002,2372266934,5.952359999999999,5.984373333333334,13.02335024390244
267098002,11366913773,85.97228000000003,32.15397333333334,81.24149333333337
267002011,433637881,59.06110222222222,5.438746666666666,52.460088888888876
267028066/01,12730768543,14.054148045977012,10.11773333333333,31.96659417210314
267122005,228784343,16.390797777777777,10.703224444444443,20.415835555555557
268030013,2400969760,21.628340606060604,19.211639999999996,15.203386666666663
267067009,11069866741,12.15081333333333,4.664773333333334,13.670319569892476
267140001,8504519755,33.95099277591974,10.809586666666668,31.28965333333333
267099003,5552749358,33.71883333333334,3.3138266666666665,25.62894000000001
268058011/01,1677578027,11.448706666666665,5.824773333333334,13.224259404761904
268091006,2771150041,20.827369230769236,8.344386666666667,8.344386666666667
267100006/02,11725948725,25.033673939393946,11.597800000000001,29.635007272727275
268014002,2375574703,17.54221111111111,11.906786666666667,14.580866666666664
268133004,564323298,9.692226666666668,5.997426666666667,11.510786666666672
268119006,4674248437,14.497520000000003,8.390973333333331,14.490833333333331
267109019,296134636,30.33632713178294,23.695226666666663,27.030958260869564
267142001,440119065,21.246789523809525,10.701120000000001,20.651533333333337
268030026,2400990787,12.838783917525774,4.5554266666666665,10.978637250859107
267138019,441400385,36.652072775919734,13.481506666666666,30.26055862068965
268153011,2374013879,9.64024,10.865920404040404,10.145373737373738
268016006,9560032697,19.133839191919197,4.864533333333332,12.23584
268128005,13463696720,13.63980463768116,4.382693333333334,12.876847179487179
268006038/01,5154510310,24.146786024096382,4.789986666666667,16.197533333333332
268064004,2686899248,17.57440666666667,5.322733333333333,13.113460000000002
268052009,2993997783,16.24542380952381,14.722333333333331,13.697000000000005
267104002,12022933877,54.96048000000001,1.4885733333333333,47.05752000000002
268002011,4865516340,12.239733333333337,8.083693333333335,5.841213333333333
267089001,7695995289,18.66412564971752,9.696213333333333,23.1862041025641
267104021,10689199197,56.35268561403509,22.936773333333342,49.751672280701754
268114015,8884045743,13.118441739130434,10.2117484057971,15.250862857142858
267055004,257926808,18.05917818181818,11.084293333333333,17.32835151515151
267023006,1419896666,23.73961422969188,7.6217466666666684,16.49887619047619
267076014,701966751,18.765558787878785,13.120053333333333,22.05538545454545
268085016,2352388112,14.068897777777776,12.15328195121951,4.0533600000000005
267002002/01,4951053081,59.115544761904744,2.2169999999999996,52.5145314285714
267004025,5686407726,29.837906666666672,2.8251866666666667,23.236893333333335
267084006,10812201419,29.542643636363643,12.904093333333327,32.05031652173914
268102011,10609112832,9.465146666666666,5.67648,6.2260133333333325
268070022/01,3424995950,20.30090630136986,10.168879999999998,2.0624266666666666
267083019,7797266293,27.03455833333334,14.02914666666667,30.32555833333334
267103016/02,9007340261,30.227106666666664,13.138759999999994,34.82844
267001008,5050861303,7.197186666666666,11.164653333333337,18.419756190476196
268093001,4211441274,25.53944848484849,13.672386666666666,13.672386666666666
268021003,8592313402,13.782139649122804,3.6807733333333332,7.019840000000001
267132001/03,11676179,54.32250666666667,33.21957333333332,54.03374666666666
268046012,9959525271,15.51120514619883,6.661306666666666,16.081332698412698
267026002,13175874036,13.484453333333331,0.0,7.490453333333333
268016015/268016018,6221819257,16.835518787878794,4.896506666666667,13.138196923076926
267001011,3883139335,15.659586666666666,9.542773333333333,15.016676923076924
267158009,2687083932,6.723733333333334,5.549706666666666,13.570884444444443
267140007,4485682373,24.07697283950618,5.605386666666666,17.455412839506174
268152003,342090112,12.05490666666667,8.74208,8.478413333333334
267100075,11531693096,19.93401333333333,13.4502,24.535346666666662
268031011,4889016036,11.958599999999999,3.83172,17.140813333333337
267158013,2570916746,24.851022857142848,4.6831200000000015,22.40827619047618
268025004,82676984,14.088106666666668,7.3073999999999995,11.75748
267112008/03,4882270403,52.705066666666625,12.671120000000002,50.06011999999995
268017004,11473291499,22.544200000000004,10.133213333333332,14.742159999999997
267149006,288824595,28.179994471544706,14.023653333333327,26.912300000000002
268052002,2584445165,17.322955555555556,12.151826666666667,5.7071733333333325
267050007,9008783344,23.636033684210528,6.710026666666665,9.823746666666665
267063001,11845265821,,0.37088,
267100018,295896413,33.71126814814816,12.703066666666667,32.914244444444435
268093007,26414176,25.048986666666664,11.435986666666668,11.435986666666668
267109001,8719923276,19.147653333333334,8.471466666666666,20.803637647058828
268072007,968114357,22.575499047619065,10.849226666666663,15.974485714285718
267006002,651676802,31.031567179487187,12.545573333333332,24.41000717948718
268153005,3168826061,9.452804444444444,11.174924444444445,3.7290799999999993
267049002,8857464037,33.188066666666664,6.207813333333336,23.46411999999999
267028022,1278860325,20.765542564102557,7.936386666666668,28.897155897435887
268042002,1426961067,19.46166666666667,7.695546666666667,21.258466666666674
268139007/268139008,2376978169,7.734093333333333,2.585306666666667,2.72056
267027009,799567560,8.25408,10.73584,20.63379999999999
267081006/02,13519644414,19.01821777777777,2.3325466666666665,11.390600000000001
267106015/267106012,9116735980,36.80295047619048,17.15914666666667,28.236483809523815
267057001,13450636245,20.069106666666663,5.771693333333334,14.858215438596488
267129007,5284855909,28.214241212121205,15.437720000000004,13.65390666666667
268013007,305410269,21.176169523809527,5.035093333333334,18.637400000000003
267140029,4511405424,25.87406051282052,6.14052,19.25250051282052
267160003,248037617,23.035128888888895,15.969546666666668,23.33361166666667
267130019,11665410585,25.16162666666666,4.843613333333335,18.56061333333333
268074002,301800390,8.73461333333333,6.152613333333333,11.335839999999997
268099013,4877131807,11.804653333333334,3.742653333333334,3.8620533333333333
268106018,6937110738,6.931600000000001,1.8309999999999997,3.087906666666667
268050010,2375590882,12.87008,5.079026666666667,9.043946666666667
267137001,13104121793,,,
267092046,13373656454,16.866557241379308,12.90291724137931,14.722293333333331
267002001,253490372,75.98118666666667,38.44966666666665,67.35796
268153009,311857283,0.43317333333333335,11.45048,8.628329523809525
267157003,4829380166,24.181753333333333,9.316213333333334,9.114386666666665
268129018,5659515215,12.772466666666665,4.706093333333333,20.214572745098042
268129004,2479366775,21.49481333333333,9.73137333333334,21.775571428571425
268140007,279939236,14.569378119658117,8.404026666666669,2.6179466666666666
268028014,6367811503,12.78195047619048,8.941266666666667,12.105003809523813
268032013,11909730405,1.47776,5.697413333333333,7.799453333333336
268128016,8740712529,14.73542666666667,8.401853333333332,12.916253333333334
267003016,5327482160,,,
267133015,2365595015,41.13838,3.519240000000001,33.235420000000005
268142003,10692812932,8.3924,6.796653333333333,8.657254117647058
267101016,2572909555,18.753708148148156,1.2978266666666665,23.355041481481482
267092056/01,1386072253,39.798415238095245,9.347586666666665,39.142706666666676
268161009,2421668804,2.1995600000000004,4.8096000000000005,6.273919999999999
267014002,254345542,75.42785333333335,29.56038666666666,67.99902666666667
268060003,6370191944,11.643087536231885,3.9415466666666665,8.905866666666668
268085013,835388092,12.392311666666666,4.285853333333333,7.060578333333335
267013007,10975174061,21.874723137254897,14.409973333333332,27.215712122762152
268006011,16054090,26.64307897435898,13.89944,23.91849230769231
268115001,12990388058,14.634972307692305,11.290706666666669,8.288386666666666
267065026,12396659276,32.99122666666668,4.9393199999999995,32.03237333333334
268058017,247649078,7.039773333333333,9.717360000000003,12.261453333333332
267051014/01,320036516,10.425306666666666,13.695431111111114,17.632453333333334
268162012,130158424,10.142813333333333,7.589653333333334,13.08016347826087
267023004,658178894,21.067280634920635,11.447933333333337,19.64981195402299
267088003,3089743663,25.02614666666666,15.316613333333333,24.125764444444442
267099017,360855238,35.00808333333334,6.5942533333333335,26.44161666666667
267110006,13373149182,36.25471948051948,5.800999999999999,29.653706147186146
268024004,13718752832,16.184456666666666,6.815999999999998,15.294231641791045
267044005,9309780682,23.258126666666662,11.912893333333335,21.303406153846144
267149005,8612706598,27.174409523809523,7.431826666666667,27.705203333333337
267083003/267083010,260649553,25.011858333333333,9.541279999999999,33.96552941176471
267081005,1591480736,17.059894901960785,6.547520000000001,3.4121599999999987
268120006,2401021591,20.92268000000001,6.740853333333333,11.072986666666669
267050033,2995125806,18.552598518518515,9.805305185185185,10.857225185185184
268017006,2761848690,22.862106666666666,8.860346666666667,13.469293333333331
267003015,560618942,53.24396000000003,8.918093333333331,46.64294666666668
267077002,716934685,6.787399999999999,1.40704,8.379693333333332
268064011,528733717,14.775473333333332,1.6405333333333332,10.298426666666666
268132010,564399631,,,
268014001,2375574706,20.354716666666665,14.433906666666667,17.107986666666665
267117004,253133316,15.969252121212122,10.428893333333333,21.795945454545453
267099022,6049337864,33.78132333333333,5.367493333333332,25.21485666666667
267095003,2380397823,34.07649185185185,10.036586666666668,36.95437185185185
268071013,11975255529,25.335307878787884,11.678133333333333,23.908
268012006,4795869293,21.232926666666675,4.098146666666667,18.118713333333336
267053016,11808206767,34.53476303030304,10.850239999999998,24.788119999999992
267010001,360312484,24.355063908045977,16.403597241379313,27.646063908045985
268039004,4835708126,14.793653333333337,8.23250666666667,14.589906236559138
268099010,13571373144,10.521306666666668,3.33504,4.650066666666668
267104013,366637743,51.945940512820506,26.65492000000001,44.042980512820506
268030009,465236093,11.872503917525771,5.196013333333334,9.849071746031747
268037013,4640857755,,,
267158008,1260123332,24.87933166666667,11.784746666666662,22.43658500000001
268081015,6223634333,1.8899733333333335,3.382556111111111,4.499222777777777
267075007,11201367173,11.172195151515151,5.988026666666667,8.43792
268142022,5658925523,8.606093333333332,5.109026666666667,11.335386666666663
268022010,9929986848,1.3236933333333336,4.566666666666666,13.884786666666663
267078022,655116396,10.27968,12.885727719298247,1.6605866666666667
268108025,3172021342,24.92872909090909,11.373973333333332,12.223093333333333
268094007,2771162779,17.923466666666666,5.004186666666667,5.004186666666667
267084031,8220007433,31.894073333333335,8.388413333333334,29.707329855072466
267096008,13352114615,20.251179858156036,6.65432,23.541006524822702
268107006,736979918,15.504896283185845,2.1813599999999997,6.440413333333334
268067012,4021172513,17.699664444444448,13.008454782608698,15.17811777777778
267136005,4069393939,29.52309575757575,2.1743066666666664,23.812749090909083
267142003,440103590,17.063377575757574,8.664466666666664,17.08097757575757
268117021,5872355991,10.263186666666662,9.565540689655174,6.66148
268030017,6149779784,,,
267116012,8270061759,20.517553333333336,3.59108,26.06216
268017001,14070562175,16.746967575757573,7.856053333333335,8.402546666666668
268062003,2423069923,14.874399999999996,2.3578133333333335,17.259599999999995
267156006,8657266231,17.477031851851855,7.6748400000000006,13.862365185185185
267076015,7711419272,21.836412121212124,15.16608,25.12623878787879
267078005,60940366,15.900159999999998,10.594826666666668,22.616413333333334
268064003,1615384969,19.7495,2.735986666666667,14.469026666666666
267141006,8999838819,26.285983333333316,4.004613333333333,19.664423333333332
267092030,603800272,39.55635333333333,21.17356,41.40298
268140016,13910099908,13.259038352059926,5.9320666666666675,1.716
268011008,6316352272,23.843050476190466,10.999840000000004,17.74370666666666
267078008,51910515,8.57784,7.728746666666666,19.396866666666664
267028062,12948989973,15.29460275862069,10.047573333333338,29.940933793103458
267007007,12327697619,13.621781666666669,5.844733333333332,16.91278166666667
267158001,6289423678,35.59857333333334,23.70572000000001,34.29104
268065006,4209736605,16.995213333333332,4.322986666666667,12.534266666666666
268051001,2993997744,13.737773333333335,11.36173333333333,19.946928484848492
267040009,12987764383,27.3768295652174,8.35828,29.629330526315798
268026005,241491782,14.954649047619048,14.51678238095238,14.44970238095238
268010003,1493196517,10.394492690763052,11.631692690763051,3.802666666666667
268002015,11748392839,4.370853333333334,1.3077866666666667,9.705706666666664
268102004,8202707243,7.994773333333334,3.4138533333333334,3.9633866666666675
267021012,5284248010,21.99918380952381,12.317480000000007,8.384813333333332
267139005,8511336632,29.23213333333334,11.723706666666667,21.825466666666674
267131022,254486620,40.12894352941177,4.658290196078431,32.7001168627451
268127010/01,6401461084,8.477426666666664,11.000146666666668,20.784640000000003
267065021/03,5308509206,40.59281333333335,17.209613333333333,35.34185333333332
268122005,305250213,22.86829333333334,5.2833466666666675,13.419801666666666
267017001,10602308060,20.73779999999999,2.626386666666667,16.16569333333333
268023003,5549521963,11.209533333333333,7.825373333333332,18.064252698412695
268063001,18896278,25.635053333333335,8.478813333333333,20.778433086419753
267148005,715301697,17.847605925925922,3.6915066666666667,19.705872592592595
268005004,1396427510,13.324386666666665,4.31752,7.6021600000000005
268027002,4805217203,17.690877777777775,11.796920000000002,14.947733333333332
267104003,5732730648,75.59929333333335,20.81688,66.97606666666667
267146010,8478662196,26.842031304347824,7.413826666666667,20.721404637681164
268007006,13048131284,15.640222857142856,5.87192,14.230703243243243
267078016,51910425,8.7818,4.048080000000001,19.600826666666663
268008017/01,4892971192,28.922348333333332,7.914413333333334,24.287213333333334
268030019,3780370402,12.778258412698412,2.3995599999999997,10.492165079365078
267025002,194573797,24.699262857142845,11.645159999999999,12.118733333333335
267077001/03,597119711,4.297453333333333,4.842653333333333,3.6655200000000003
267040008,12987955777,26.622962898550725,9.753093333333336,28.875463859649123
268106005,12400348106,10.620773333333329,6.513973333333335,5.576413333333334
268029008,428959746,10.708717519379844,4.941466666666668,9.915837519379844
268020005,59931905,26.29499333333334,13.155386666666667,17.778560000000002
268148004/02,4303468057,21.94814594594595,5.803133333333336,14.87521777777777
267148008,4900700933,26.159853333333334,6.594786666666666,20.449506666666665
267022005,162312882,23.129340992907807,11.301426666666666,21.947213333333345
268077007,289164956,8.603186666666668,10.345679999999998,10.67628
267057006,260657465,22.231870476190476,8.159146666666668,20.252070476190475
268093006,269232119,21.815920000000002,10.904238596491222,11.353679999999999
267050009,1412597099,24.379200000000004,14.595066666666668,11.295306666666665
267076004,12400426950,29.820545454545446,14.140266666666669,30.300053333333324
268072013/08,6077853870,27.240419047619053,17.20670666666667,20.63940571428572
268006040/01,2583580779,27.358015714285713,7.923599999999999,21.68367999999999
267027008,799567584,10.624240000000002,10.57782666666667,21.683429166666663
267009005,9543930574,23.714715151515154,6.074399999999999,18.957528484848485
267002002/04,10274555810,65.89252888888889,10.732093333333331,59.29151555555555
267030009,12814737354,16.89700444444444,7.440546666666665,18.885031666666666
267111010/01,7078451228,20.70206857142857,16.305742222222218,14.10105523809524
268071024/05,6072020736,19.654466666666664,5.612199999999999,27.61915555555555
267115009,254345354,23.488970574712642,13.237120000000003,26.779970574712642
267112002,205498467,65.92949333333334,11.492706666666667,59.30793333333334
267140036,11501159194,28.714013333333334,7.643973333333336,22.09245333333333
268143024/03,8610950747,21.810983333333333,12.417893333333332,12.958506666666665
268053002,11904504338,17.647260000000003,4.5896799999999995,6.346973333333334
267130021,9580741530,29.209821538461544,5.1341866666666665,24.452506666666668
267107005/01,12014338948,45.24254095238096,37.60936,46.845460952380954
267028077/02,12728916513,10.989442758620692,7.431973333333335,28.90188888474683
267099028/01,4398791120,42.84080666666668,25.760120000000004,21.676453333333328
267103016/03,9006889440,30.450319999999994,11.18853333333333,35.051653333333334
267142012,8545061520,23.73880205128206,14.842186666666668,23.756402051282056
267144007,8565699345,18.18658871794872,8.990813333333332,18.20418871794872
267092020,389503986,28.65921333333335,13.755933333333333,34.58677333333334
267002045,479843854,61.09893333333335,8.604573333333333,54.49792
267143001,9008525164,34.489959999999996,16.02354666666666,27.8684
268140006,5295502772,6.099813333333334,4.4698666666666655,4.434213333333333
268034001,3780734630,18.972140309810673,5.146319999999999,5.20732
267066010,2407147053,27.297826666666662,18.975746666666673,16.61870666666666
267048006,9006659894,28.46357833333334,3.061013333333334,25.033911666666672
268075011,3636871312,9.449919999999999,7.281573333333333,12.564506666666665
267051018,436623291,14.41241212121212,5.78628,19.036225454545452
267099005,10733245247,34.51040666666667,4.416093333333334,26.420513333333336
267099030,253507339,21.552508571428568,17.570168888888887,14.95149523809524
267109003,8719923209,18.365692121212117,6.274293333333333,22.98950545454545
267002007,2366243186,57.89072000000001,6.835826666666666,51.28970666666667
268130014,258075605,14.650066666666671,13.930958095238093,19.549971428571435
267100035,8729470704,20.008517083333338,12.359517083333333,24.60985041666667
268126006,4560142685,54.286626666666685,40.20305333333331,53.633604057971034
267069006,3841542899,18.143392500000004,11.336120000000001,13.070192156862749
267072008,11998111276,22.176305454545457,3.807106666666667,24.081796923076926
267113003,288827093,22.36005696969697,6.137573333333333,23.796603636363635
267107002/267112005,8098607553,57.95403999999998,36.44890666666668,59.55695999999998
267003009,2383132283,44.21830666666667,8.988626666666667,37.61729333333333
267028029,12919646994,19.777079999999987,6.116933333333334,27.11115942028984
268157005,5396242624,4.047826666666667,1.9362133333333333,1.3266799999999999
268026012,122500892,11.263379649122806,8.563,9.752106666666666
267095002,6725253389,33.05852666666666,10.927893333333335,35.93640666666667
267105004,1487184163,31.031536825396827,8.89486666666667,24.43052349206349
268015010,2406494677,25.270919999999993,16.94884,15.15288
267100065,8773398130,16.934213333333343,12.709215294117644,23.934213333333332
268112012,10966364657,9.353386666666673,14.862863492063497,19.028650158730155
267104017/02,5205699131,48.91599228070176,33.910720000000005,42.314978947368424
267072004,480110131,15.688600000000003,7.0104533333333325,10.154706666666668
267048008,8686012516,26.565422222222217,7.476920000000001,24.10415333333333
268029001,4938351385,9.075919357429719,9.518893333333335,5.273346666666667
267017008,26796475,18.715516666666666,7.758706666666668,18.14341333333333
267031006,13081679068,24.974862857142867,6.344893333333332,28.301181025641046
268138018,31054738,3.3112400000000006,2.109133333333333,3.5679600000000007
267002003,2366242988,55.38930666666667,9.294880000000003,48.78829333333332
268100015,4465990374,11.437401904761906,4.000733333333334,5.415120000000001
267111007,5587090346,28.940361904761893,8.179626666666667,22.33934857142857
268042024,3260424009,20.661497777777775,13.26862666666667,28.17924111111112
268105006,12871154139,9.204466666666665,7.278760000000001,5.443653333333335
268051011,13727757412,17.409837142857143,13.16666666666667,16.585026666666668
267026006/267019011,203895781,18.22821777777778,9.723013333333336,13.900279999999999
267154003,71640203,27.704404444444442,11.683866666666665,26.118688888888883
268084009,4794314971,25.674412612612613,7.522813333333334,18.60148444444444
267092006,611658593,33.590746666666675,9.479173333333334,37.016893333333336
268074001,301800392,9.907039999999995,7.3250399999999996,12.508266666666664
268091011,2993737790,19.454346666666662,9.432253333333334,8.992106666666666
268132009,8910647499,19.706541890547268,6.582786666666666,4.003586666666667
267028011,18164547,20.97244183908045,8.975426666666667,24.43738850574712
268100017,5354204875,8.406560000000002,3.505413333333333,6.978920000000001
268102006,4790997002,15.096706666666668,3.0365333333333333,4.148960000000001
267028030,12921047494,20.40870256410257,8.788568888888886,28.070488888888885
267053015,11735447931,35.0750296969697,13.756559999999999,25.328386666666667
267095008,253240356,35.45373333333334,8.56052,28.85272
267033001,12990003444,18.723216231884052,7.919933333333334,25.678918461538455
268035010,2719351898,16.57238974358974,8.2376,15.889083076923072
267020009,193321956,13.883306666666668,15.71532,19.531106666666666
268099012,2374841982,8.022,0.45108,3.57124
267028069,12942156243,11.961800000000002,14.15048000000001,29.121508985507237
267108015,483714788,22.652702105263167,8.574240000000001,15.957760000000002
267125014,1419916291,17.494445714285714,7.3759733333333335,17.119062857142858
268035002,13931705106,18.017693333333327,6.844693333333334,19.17274666666666
267140046,441400542,28.52928000000001,7.580573333333333,21.90772000000001
268040008,2775944412,25.510910967741935,11.997746666666666,18.85540666666667
268114003,8749240828,15.303274418604648,11.513626666666665,12.43642607843137
267143025,4926571754,29.38461696969697,6.042906666666668,22.90257696969697
268058004,247649811,11.720493333333335,5.533786666666667,12.724074545454544
267079009,5679390092,25.93024581196581,9.352946666666666,11.948599999999999
267112007,9330391696,50.67394666666666,5.164759999999999,48.02899999999998
267083007,7797633660,30.253889999999995,19.0966,34.31103607843137
268042003,5430005237,21.806171282051285,10.873013333333331,19.531157948717944
267040035,12716205403,29.740370000000016,15.502133333333328,27.339636666666685
268048007,9536848398,13.572770588235294,6.999786666666667,6.703160000000001
268034009,3780264965,21.848603076923077,3.6995066666666663,12.882226666666666
268001001,4899889901,13.665746666666672,9.050279999999997,13.356027878787875
267028081,12955227,20.358786666666667,14.221186666666664,23.837779459459465
267158009/03,11919707811,22.291413333333335,19.67896444444444,23.273604444444445
267103001/01,8830383970,23.934420289855073,10.486986666666665,28.535753623188402
267092007,611659326,31.357400000000005,8.545133333333329,34.78354666666667
268142016,2370573233,10.240160000000001,3.9405200000000007,9.884960251572327
268113008,13277707912,,,
267084036,10724606259,30.85650666666667,10.91578666666667,29.994537777777783
267031008,12977933921,25.82915666666667,13.123066666666668,23.428423333333335
267123019,11408264895,53.23175789473683,8.083426666666666,46.630744561403525
267028044,345575391,22.186626666666662,7.779240000000002,31.53206416666667
267092044/04,10895903393,31.295360000000002,4.601159999999999,31.94935010752688
268010008,10315826117,12.568812690763057,12.353360000000002,5.976986666666668
268060009,26496182,17.80650086956521,5.9102,13.564879999999995
267113008,290262842,25.29430666666666,5.374013333333334,26.730853333333332
267055002,257928192,15.78644888888889,12.509023859649119,15.055622222222222
268022005,95205056,10.554333333333329,7.697813333333332,16.876973333333336
268002013,791435861,11.042613333333332,8.417373333333332,12.198707878787877
268075009,4935194582,17.594946666666665,4.323866666666666,16.848426666666676
267158018,304699344,23.67216952380952,8.221760000000002,21.229422857142847
268072006,6077478430,26.55473249999999,6.078786666666665,25.24588
267085019,11349723693,27.457701754385962,11.229986666666667,28.878919999999997
268067009,4021172500,16.16406444444445,11.472854782608698,13.642517777777782
268031007,264588161,19.763293333333326,5.399226666666665,21.324172307692308
268065010,1529834612,22.587295833333336,10.978309166666667,11.61624
267011004,9538747345,25.85723703703704,12.943933333333336,13.972266666666668
268124006,4431091466,13.943444057971014,7.68044,4.943093333333334
268145011,4194410808,22.53587320261438,12.457506666666665,20.64156000000001
267099028/02,12073694477,29.122740000000007,15.001559999999996,7.9583866666666685
268025002,4358636064,16.703532777777774,13.121532777777777,14.37290611111111
267087001,14051523422,17.44183076923077,10.401626666666665,18.500310769230772
268046005,1432596837,9.462066666666669,9.646152727272726,5.815933333333333
268106009,1204233396,6.4614666666666665,6.486106666666666,5.5256799999999995
267117003,11029801780,18.790385454545458,11.199546666666668,24.617078787878782
267140019,9501236081,28.062953846153864,9.972199999999999,21.441393846153858
267049003,8856919880,35.57997333333334,10.050173333333333,25.856026666666676
267140045,598499797,33.61346666666667,9.054213333333333,26.99190666666667
267101001,4489576425,26.102706666666673,5.256546666666667,30.30519243243243
267147013,1423891397,16.38253333333333,4.577466666666666,11.585626666666665
267027012,12817096150,12.893866666666662,15.375626666666658,20.342805000000002
268017015/268017016/268017017,3939032473,16.3422187755102,0.9086666666666667,5.734013333333334
267007020,248081908,21.633401666666668,14.962606666666666,24.924401666666668
267059007,258069197,18.419817142857145,7.895866666666667,16.440017142857144
268162006,4849701489,4.047413333333334,8.113053333333331,9.203533333333334
268049006,247176915,13.86504787878788,5.316133333333332,5.548034545454545
267142011,8545061398,26.904192592592587,13.350760000000001,27.544710909090913
268059001,1537139666,16.666866024096386,7.011133333333333,10.075040000000001
268003014,5702870550,8.394613333333332,4.994026666666666,5.688066666666667
267092015/01,11965383786,36.853226666666664,7.442933333333332,38.540443440860216
267023001,9405408514,23.649533333333327,4.008546666666667,17.177489523809527
267066016,12131162109,37.13608666666665,24.447377777777774,25.484513333333325
267122001,2037016265,20.843515151515156,9.011120512820515,14.83532051282051
267028096,12726192551,14.963588045977014,4.323786666666667,32.87603417210315
268136011,247391977,14.315278238993715,5.4246,17.070897777777777
267109014,10552789376,18.848708571428563,13.944706666666667,20.636118260869562
268128001,3404167517,,,
268082003,411503275,9.612386666666664,6.2117999999999975,5.430573333333333
267040018,12960037477,26.370143333333353,11.464946666666664,23.96941000000002
268123001,291661128,21.352133333333335,12.500306666666663,6.112973333333334
267067002,12900563867,10.663652903225804,2.7599466666666665,10.746892903225806
267028076,1279339989,13.436490864197536,5.197746666666669,31.348936990323654
267134007/267134025,12613914486,41.79452,22.984333333333336,33.22805333333333
267144003,12157588192,19.186379259259258,6.5518399999999986,1.2500133333333332
267131012,3389231147,38.860556862745106,9.79141254901961,31.431730196078437
268026003,205163732,11.51818238095238,11.080315714285714,11.013235714285713
268054012/01,12216468168,13.152048888888887,11.01338095238095,8.731260952380952
267140025,4395572562,26.893415238095226,6.968866666666668,20.271855238095227
267125016,5621214789,20.54553904761905,10.661773333333333,19.3976
267094006/01,10678904889,64.31874456140355,6.8266533333333355,57.71773122807019
267138004,6670240780,26.775936842105263,6.167480000000001,20.15437684210526
267050031,438415398,22.429198518518522,13.681905185185183,14.733825185185186
267103001/11,11725950637,25.62417777777778,13.809564444444446,30.225511111111114
267029001,13644733344,21.182853333333338,3.3749333333333333,28.959693333333334
267041015,242349796,21.51273102409639,16.186387380952386,13.563478333333334
268138009/02,6977183098,3.195053333333334,3.0148800000000002,4.265373333333334
268070004,2758274350,15.679557619047616,14.854089999999998,15.174610952380952
268092004,2488198620,22.602023809523804,10.688426666666667,18.732599166666663
268017005,3883139200,21.13588,11.919373333333336,15.266920000000002
268037005,848859161,23.605853333333332,13.172394202898554,12.067140869565218
268084010,2365007557,22.702292612612613,6.557280000000001,15.62936444444444
267040022,26453107,30.007530526315794,9.918933333333332,29.067170526315792
268048002,3263291439,13.359997254901963,6.391986666666665,7.947464738955822
267140021,8498453329,26.170926666666666,12.03788,19.549366666666668
268083008,196294115,22.97318666666666,12.369376969696967,11.264123636363637
267008001,2391054450,17.310879999999997,9.359413333333334,20.60188
268162015,5359524998,5.702906666666666,6.624053333333334,9.277306666666668
267118003,9671722732,48.85072356275304,5.510786666666667,42.249710229419705
268071026/268071027/268071002/02/01,9734125831,17.282946666666668,6.408213333333334,19.647582222222223
267009003,9543652638,21.538213333333328,5.811466666666667,20.089621818181815
268151010,2373707671,10.72482857142857,7.101213333333333,11.562919999999998
268054009,1272386847,16.761728888888893,10.476906666666666,10.03676
268129009,2479367076,19.55185333333333,7.788413333333335,19.744039999999995
268120005,6227162142,19.946089696969704,5.190546666666666,8.730818333333334
268061006,4545925535,14.628817634408607,3.7152666666666665,10.127323809523812
267028013,2703264056,20.06774712643678,5.174999999999999,23.53269379310345
268005011,11930366093,12.840400000000004,1.0578666666666665,12.89997333333333
268092009,96869567,20.815433333333324,10.396460000000001,17.805959999999995
268104011/02,3968639778,,,
268154008,10795751443,10.441260476190473,7.766919999999999,15.417500476190476
267086008,4736433802,30.738696140350882,1.8941866666666665,32.17524280701755
268128024,564502676,12.473764637681159,3.4941066666666667,12.623506666666666
267026009,2435613372,4.461813333333333,13.269066666666669,11.834026666666666
267080009,6535005166,20.60685882352942,8.275199999999996,15.84967215686274
268055005,1410014257,9.584893333333332,3.89104,15.294420512820516
267130003,374376666,25.16895555555557,3.3073599999999996,13.46570666666666
268133010,53457971,12.120093333333335,7.089826666666665,9.956319999999998
267001009/02,11084673327,7.936413333333336,10.953319999999996,15.124036190476192
267123005,253394077,52.255397894736866,9.274746666666667,45.65438456140352
267117009,253132915,15.465605252525252,12.748786666666671,21.292298585858585
267112003,5907123205,54.53722666666666,3.049666666666667,47.91566666666666
268006001,462685177,16.299282380952384,9.992306666666666,14.694735714285715
268130006,4010061014,17.687161159420288,10.17854945736434,15.797562790697672
267158009/01,6761013747,4.924973333333333,3.750946666666666,12.150313333333331
267021005,2295318104,21.21207619047619,6.977226666666666,1.2443733333333333
268080004,11206654391,3.2317199999999997,10.516957894736843,4.8764
267038016,13612048753,17.151480000000006,19.719400000000004,29.45655739837398
267095007,11916793948,40.91697185185185,12.97824,43.79485185185186
267018004,12865661957,18.859323137254908,3.7053599999999998,13.13926666666667
268115016,6698006180,10.941226666666665,9.479000000000001,8.438532307692308
268162005,1426048733,5.512959999999999,6.551653333333333,9.349906666666666
267118010,12516399058,60.94649689608639,27.522533333333328,54.34548356275305
268086004,4939797803,14.301493333333331,11.393640000000001,7.375573333333334
267103027,21454480,25.162719999999997,11.816066666666666,29.76405333333333
268054012/02,12216468192,13.268155555555555,11.232327619047618,8.95020761904762
267055001,257926823,14.42389818181818,7.449013333333332,13.693071515151512
267095016,255174467,12.757919999999997,6.79396,32.948200000000014
268070020,247321325,14.89384944444444,8.64844,11.385577777777776
267014001,6241935969,90.24121333333336,5.452493333333335,82.81238666666668
267059010,260167273,16.244311515151516,4.215506666666667,15.513484848484847
267054001/267054003,8109061980,104.64552000000003,63.72312000000004,101.53130666666671
267105009,158374098,36.192045714285705,18.00514666666667,29.591032380952377
267013006,287085411,26.40226385964913,11.868986666666666,27.838810526315797
268059003,1537165553,15.893333333333334,4.357333333333333,10.663533333333334
268129012,6041608479,18.253866666666667,7.776973333333334,17.985146666666665
268006028,3943761157,27.060642380952384,11.003359999999999,21.38630666666666
267122016,13712146620,24.986115151515154,13.153720512820513,18.977920512820507
268076004,6202013057,18.04962666666667,10.538080000000003,6.162413333333333
267066006,2407305663,30.465342857142858,18.856356190476184,14.44704
267037002,12394746074,19.220653333333335,11.88482666666667,26.574839999999995
267100045,11907733169,27.97589777777778,7.20224,24.929057777777775
268097002,13241096653,8.63568,4.549213333333333,5.28036
268091012,746555498,23.943329230769223,8.530520000000001,8.530520000000001
267110010,253511453,34.70598311688312,10.551586666666664,28.104969783549784
267080008,12407484412,23.725955942028982,4.917226666666668,18.77270222222222
267151008,11043785174,24.72908190476191,7.350746666666667,8.518213333333332
267040024,12593737961,22.850439999999992,6.809973333333333,21.910079999999994
267100071,11611994057,14.064480000000003,14.837159999999999,25.058517938144327
268119018,6164200821,5.160986666666668,10.898346666666667,13.355501699346407
268013004,339639290,24.569376666666667,3.1686666666666667,17.811976666666666
268129010,258075661,17.13753333333333,5.374093333333334,18.17893333333333
268024002,9398153538,16.268426666666663,8.585919999999998,15.85177333333334
267111002/02,10276919672,24.265081904761914,15.86298666666667,17.66406857142858
268113017/02,5156036469,11.921213333333334,13.58352,15.823173333333335
267141002,1108880236,22.11016717948717,3.99148,15.488607179487182
268002017,11242859711,1.6996133333333334,3.4888666666666674,11.886786666666662
268049005,4794356372,15.6084,1.1639333333333333,13.331447878787879
267051017,8703317064,15.31199219512195,7.399559999999998,19.935805528455276
267100088,8747642168,21.94636000000001,18.95577333333334,30.040920000000018
268032011,2399617601,8.188653333333333,4.938666666666667,10.41597801801802
267002048,479843822,58.88586666666669,6.391506666666667,52.28485333333334
268070017,10895994636,16.741653333333332,6.818506666666668,11.220733333333332
268049007,2592041479,14.730923030303034,6.9012,5.22588
268066010,8930645997,16.734717530864195,5.496826666666666,5.587026666666666
267092008,11636081146,29.444106666666666,8.444400000000003,32.87025333333334
267120015,243754144,16.56203777777778,10.874464444444442,21.156062222222218
267063002,252412888,25.128059858156014,11.052226666666668,28.417886524822688
267028054,12952025615,21.80745379310345,6.025306666666666,25.272400459770115
268136017,11837886081,10.909406535947713,4.3112,14.36726950819672
268137014,560602863,15.354773679653677,1.604746666666667,2.8469599999999997
267034002,13372174014,27.10710039215686,10.90288,28.66435372549019
267103009,8830550422,25.912168253968257,4.633000000000001,30.513501587301587
267144005,1424006245,18.934482051282053,16.71042666666667,18.952082051282055
267104022,10689310463,55.740885614035086,22.324973333333343,49.13987228070175
268112007,8556522053,16.23712,14.12511,17.096385185185184
267081006/01,247414949,21.33375111111111,4.648080000000001,9.061960000000001
268125005,4435870003,17.947950724637682,7.561493333333332,6.544706666666667
267087004,417652878,20.772383768115944,11.961266666666665,21.830863768115943
268110003,10136406301,,,
267119004/01,9609539015,41.90274205128204,7.0028933333333345,35.91691999999998
267030010,12811141737,16.781625098039214,5.663773333333333,17.015634782608693
268132004,4884427350,15.464613333333336,6.656866666666665,11.203893333333333
268151003,10700687439,7.2558799999999986,6.116173333333333,12.574776576576578
267074007,480013897,19.814126153846153,4.902773333333333,11.889476923076923
268076010,2423191674,15.241231812865498,4.797066666666667,15.520306666666666
267149007,8627335575,24.25071157894737,5.656506666666667,20.636044912280703
267092004,3414958485,34.77982666666667,13.161493333333333,38.205973333333354
268015005/01,8497069368,19.229453333333332,10.907373333333336,11.19283703703704
268126014,624539955,19.814493333333342,14.268373333333331,15.049533333333333
267143021,4932694493,28.54866545454545,13.801733333333333,22.06662545454545
267113009,1284630819,21.943800000000003,5.599893333333332,23.380346666666664
267010003,7794371463,19.119210574712643,11.167743908045974,22.410210574712632
267099011/01,12646762042,36.69171333333335,8.786453333333334,28.601819999999993
268080003,1432306176,7.389411228070176,8.626611228070177,2.4352
267051016,8689231385,17.811025454545458,5.343226666666667,21.78075333333333
267094006,6334895546,87.74950000000004,33.247519999999994,79.12627333333332
268026007,4892641900,14.018552982456137,9.657693333333333,12.50728
267130015,257296559,21.557666666666663,13.510079999999999,14.956653333333332
267065020,253338570,28.115426666666675,5.943186666666666,35.862751111111116
267028060,12950183237,20.972216091954014,9.247640000000002,29.288293793103445
267134008,254494608,32.72146095238096,5.693933333333333,25.21850095238096
268137006,5473010553,,,
267105005,158369501,35.99027238095239,18.659813333333336,29.389259047619053
267012001,227592481,23.12045333333333,8.584093333333332,23.19329333333333
268023004,5167182753,13.775933333333333,12.129466666666668,16.44216992248062
267058003,8950837179,24.807298181818187,7.452626666666668,13.243773333333335
267118028,12542542938,56.13226783625733,4.8753866666666665,49.531254502923986
267115006,7773404954,25.091666666666665,8.345773333333334,30.556675555555554
268107002,8942727282,15.922162949852504,6.696589616519174,8.06677628318584
267040006,16465240,21.466416231884057,10.77402666666667,23.510623859649122
267132026,12791255412,30.366072280701754,4.384346666666667,22.937245614035092
267085020,278286235,32.423874444444444,15.980573333333332,33.341766666666665
267040005,12867410,23.447749565217386,8.928359999999998,26.66400777777778
268018001,4462619032,16.925985858585857,6.182266666666665,12.13755919191919
267083017,11077223833,24.079466666666658,9.818946666666667,27.370466666666662
268083006,2952674737,18.93496,9.11536,11.880660869565219
268162011,4913145071,10.552159999999999,8.047026666666666,10.663173333333333
267113005,7814238606,20.260607804878042,12.553727804878049,21.69715447154471
268016004,3136728037,19.175993333333334,7.108120000000001,11.730933333333333
268129021,8896032536,,,
268058007,6378829509,8.594500869565218,6.0760400000000025,5.883234202898551
268064005,12692159443,17.13370814814815,5.693346666666667,10.939960000000001
268069006,2375494895,21.93606222222223,10.239626666666668,4.180853333333333
267065004,12411441372,26.956746666666664,7.978533333333331,25.352893333333327
267045002,140405009,5.16924,15.818853333333331,22.75012280701754
268124007,4431091430,18.22807072463768,7.445533333333335,7.0604000000000005
268088005,6646353556,18.109394285714288,7.240493333333333,21.302464999999994
268128013,13689204775,8.879933333333335,3.0292000000000003,15.948970208333332
267110002,301656508,31.51803948051948,6.56864,24.91702614718615
268043012,9802697932,10.277573333333333,8.970040000000003,17.47793142857143
268103010,746555666,6.621359999999998,7.0673466666666656,13.283479215686272
267123026,3012108017,50.19317122807017,5.05956,43.592157894736836
268136013,2770970381,9.627513202614379,5.170866666666667,14.737749508196721
268123004,6670384106,22.294890833333334,7.703639999999999,4.9632933333333344
267040042/01,2782193254,34.21210444444444,6.353533333333334,33.16222333333334
267051001,11048021666,31.42184000000002,20.73742666666667,24.575392727272742
268002019,810899290,7.954479999999998,4.401573333333333,4.448106666666666
267110013,3647682709,32.78878311688312,9.98188,26.187769783549786
267132035,5003209177,29.28928615384615,13.094872820512823,21.86045948717948
268106013,532695405,10.321105151515152,9.81996477987421,2.2870399999999997
268153008,2386813242,8.81746222222222,10.539582222222219,1.8462133333333333
267003001,7810797031,52.052158095238084,9.18628,45.45114476190474
267031015,12157370939,24.077253333333335,10.557826666666664,26.078769999999984
268137007,12060324911,13.052939607843136,7.407786666666666,9.974573333333332
267080003,248081981,19.899880512820516,10.741306666666667,23.190880512820513
268087008,305406095,8.744346666666667,9.379773333333334,4.747173333333334
268145004,90391664,24.35041827160494,12.775346666666666,16.376346666666663
268093009,4211441228,20.441065833333333,10.742804444444442,14.542065833333332
268005007,631824807,12.596826666666669,4.3937333333333335,10.499866666666666
268137004,12060324908,12.664579607843137,7.019426666666665,9.673146666666668
267062001,252396665,26.45499878787879,7.297586666666666,27.332706666666663
268039002,320025553,19.219036190476192,10.60756,15.806177142857145
267053028,8981503309,30.905546666666663,0.0,11.551693333333334
268091014,2373662674,17.66703589743589,8.142453333333332,7.702306666666668
268128004,564502809,14.966671304347823,5.987013333333334,14.302974999999998
267062004,262305649,22.811722962962953,9.78472,17.452333333333335
268147001,416974350,20.612992098765435,8.722906666666667,24.662018765432098
267107010,6095316189,40.01970285714284,16.52212,41.62262285714283
268046014,1432596971,16.885320000000004,7.274906666666666,13.617693333333332
268002001,3128351259,0.5723333333333334,3.5173466666666666,11.915266666666666
267105027/267105028,6770993930,29.59273904761904,12.825573333333331,22.99172571428571
267131003,2987325224,39.17891555555555,9.34828,31.750088888888893
267112015/267112008/267119013,5907124511,42.156413333333354,6.034506666666666,39.51146666666667
267123014,3041741348,50.02217122807018,1.8564,43.42115789473685
268105011,13232989329,8.551653333333332,4.668453333333333,5.976399999999999
268081003,26866982,7.7817927272727285,6.943046060606062,5.495699393939394
268026010,1580754567,15.495586666666666,11.920226666666666,16.86954666666667
267069001/05,12960245253,21.13386260869566,5.848613333333333,20.373466666666676
268138006,8487468847,3.4175866666666668,3.2921333333333336,3.839973333333332
268126013,243483644,10.360359999999996,6.9830000000000005,9.81795072463768
267041004,2572909745,22.860805128205126,17.136605128205126,21.256258461538458
268006005,4697233401,17.887731041666665,3.9568266666666663,15.163144375
267009007,2445574758,24.10213882352941,6.76112,19.344952156862746
267092033,13451168920,22.001400000000004,5.29234666666667,10.777333333333333
267037004,1411048138,17.875453333333333,10.569720000000002,24.770279999999996
268058012,6376314290,10.464470476190478,6.23964,7.152439999999999
268119012,9939191091,9.94988,14.026373333333336,17.462593333333334
268071024/06,10276931441,19.877239999999997,5.834973333333334,28.223492500000003
267067006,432485337,13.107189206349204,5.243506666666666,13.190429206349204
267108005,848855287,16.002407131782945,3.6117999999999997,15.219943611111109
268022009,26389345,9.011079999999998,9.75708,20.5278
267040045,12837120699,31.802210000000013,12.32118666666667,29.40147666666668
267002031,2366293401,55.33049333333334,11.468279999999996,48.72947999999999
268072013/10,7765363074,26.402577500000003,15.276799999999998,20.883672380952387
268051002,1410014340,13.250733333333335,10.007253333333335,19.45988848484849
267124008,8130710359,21.08527238095239,9.30185333333333,19.452249523809535
267105012/01,2765832735,32.847046825396845,10.189706666666668,26.246033492063507
268119001,9939191081,19.867348888888895,5.216759999999999,11.315969166666665
267025007,13175813324,14.478489523809527,8.88292,1.8497866666666667
267114011,5320451739,17.825360579710146,12.097160579710144,19.26190724637682
267119001,273220275,39.616846666666675,8.295826666666665,32.99528666666667
267150010,10148562449,28.924355348837206,14.857000000000001,24.62054857142857
268040004,844890024,30.350775238095245,16.059028571428573,20.54321523809524
267099032,13391188475,22.787581666666664,6.521493333333335,7.781333333333334
267062002,480079564,28.542549629629622,4.76076,23.183160000000004
268046007,339328068,12.912920000000005,6.989933333333334,9.645293333333331
267103001/08,9789216129,29.626963030303035,10.75504,34.22829636363637
267077001/01,5951210477,7.750773333333332,3.2162,9.399191904761905
268047004,3009426671,11.704053333333333,6.138346666666667,9.373426666666665
267029004,12912084434,19.498873939393942,7.061306666666667,25.428508985507236
267076002,480002842,17.799785454545454,9.403506666666663,21.089612121212124
268067008,8920967147,20.55597111111111,8.175959999999998,16.510440000000003
268108003,4773311558,24.2973690909091,10.742613333333333,11.525866666666666
267143001/04,6981284119,28.11270095238096,13.119706666666671,21.491140952380952
268100003,912115772,8.142572549019606,7.589386666666666,12.314025882352942
267102001,15852392,40.79989333333334,38.181026666666654,44.033232792792795
267146012,9945021622,23.001776811594198,9.196746666666664,15.78549333333333
267123016,3041741333,44.57415789473684,6.650453333333332,37.9731445614035
268110018,10104419141,16.825999444444445,6.982013333333334,8.265213333333335
267099031,254615366,30.489874285714286,16.508914285714287,21.92340761904762
268009010,8958064882,17.259706666666666,4.0475866666666676,9.690080000000002
268138019,6347881235,2.9533866666666673,3.1744399999999997,4.595506666666666
267003018,2384135251,49.179733333333324,6.80916,42.578719999999976
267032010,3228470959,24.161688205128197,0.6282800000000001,25.318941538461537
267074006/02,480013876,19.200866666666673,7.917333333333334,13.87754666666667
267067011,13441837808,14.626200000000003,6.070946666666667,15.514346236559142
267100086,8747642005,18.36441333333333,19.520786666666666,28.875357938144326
267140043,6516550812,29.692870175438593,11.386026666666671,23.071310175438587
267107003,11928602000,45.32583809523807,13.322199999999997,32.32563999999999
267157005,4698125485,20.96161333333332,6.077706666666669,12.229280000000001
267001009/01,12817929815,5.243826666666668,13.608733333333328,19.110556190476185
267131006,254489544,40.34553960784315,8.056000000000003,32.91671294117648
268085004,2609826786,15.245551666666668,2.2133200000000004,9.913818333333337
267084033,8219993089,32.87125333333333,8.805826666666665,31.96636888888889
267005004/02,10652929382,11.682720000000002,9.102573333333332,18.879900952380964
267085014/02/01/267085014/02,13617170690,12.901440000000006,24.015289855072467,36.494663188405816
268080011,6976911023,9.380440000000002,6.531413333333334,8.802498412698412
268040010,196360463,23.166590967741925,13.887814545454546,16.364673333333332
267132001/04,2596132646,56.105480000000014,24.80058666666666,44.453906666666676
268040012,2775857761,26.985397460317465,15.271426666666663,18.371866666666662
267155005,10595011565,14.574626666666665,8.112373333333332,16.678034285714286
267050021,11761817684,20.483265185185196,11.735971851851852,12.78789185185185
267085024,12336035632,18.06544333333334,20.722603636363644,34.15881696969698
267028107,12925476230,20.863588717948712,1.72292,26.96891999999999
268015012,3135860711,24.84,16.517920000000007,13.649653333333333
268071028,5522720054,,,
268136009,660263819,14.848104905660382,9.047106666666668,18.428037037037036
268015016,339241084,26.428240000000006,17.2584,12.715840000000002
267156002,8630510220,18.869168115942035,13.088591111111109,15.254501449275358
268043005,2416481195,19.9594,2.6396,21.489013333333325
267122012,13395590027,16.886445925925926,8.272946666666668,23.768806666666663
267029031,13094909154,,,
267050037,13568465578,26.28879333333333,20.557386666666666,25.423693333333325
267158003,10291727393,24.66373083333333,8.2188,22.220984166666664
268022013,242733610,18.55280631578947,6.847066666666667,19.68788888888889
268091008,25973647,14.342839999999999,8.15268,8.15268
267132001/02,253176820,43.314258947368415,17.158413333333336,35.88543228070176
267085022,7856510490,31.827435087719287,10.494333333333335,33.24865333333332
267147001,4456038127,19.273899310344838,6.6104400000000005,12.652339310344823
268003017,2377744133,12.440919999999998,8.815231794871796,5.660333333333333
268027006,649296648,12.917666666666666,2.2498133333333343,7.567293333333331
268162018,11817222508,10.505146666666667,8.000013333333332,10.729373333333335
267040030,12829867581,33.20373,10.510546666666668,30.80299666666667
267140032,9503726968,30.622807179487186,5.063493333333333,24.001247179487176
268135007,4212377766,7.368320000000001,4.889386666666667,19.090629508196727
268076008,3009470222,18.549120000000002,3.8543333333333325,7.138013333333332
267088013,534896031,23.682599999999994,10.756759999999998,25.39938666666666
267095018,253240377,37.45922666666667,7.384013333333331,30.858213333333335
267028023,12919317356,18.94784923076924,7.371573333333335,27.07946256410257
268048014,375809785,10.954910196078433,10.6174968627451,9.389363529411764
267046001/267057001,13495913669,21.542880000000007,6.999359999999999,13.600213333333333
267022003,9051330945,17.592186666666674,16.99308380952381,14.201960000000001
268071023/02,5334535185,10.529493333333335,3.7956266666666663,20.081155032679746
267120005,244223077,25.102955151515157,13.270560512820513,19.09476051282051
268047006,339328238,13.091856410256408,6.444986666666667,7.755199999999999
268128017,13474543508,13.67150666666667,5.734546666666668,12.834633846153846
267132028,12791411961,34.815310877193,7.38256,27.386484210526312
267123009,5058354681,53.81247789473686,3.999466666666667,47.21146456140352
267106009,253311817,32.277219047619056,9.531573333333334,25.676205714285718
267122011,218432047,27.231299259259252,13.045813333333335,30.969608888888885
268055007,13866837867,11.546773333333332,8.562906666666667,12.740026666666665
268109017,2601639200,18.987373145539905,7.065399999999999,9.349666666666662
268060010,6352548406,15.893361212121212,3.612093333333333,9.744306666666663
268023012,1432597210,16.59185333333333,7.371613333333335,17.041618308457704
267040016,12991968764,29.312438888888877,4.155586666666668,28.37207888888888
267059008,260657492,17.19316380952381,9.629240000000003,15.21336380952381
268023006,26389178,12.959445146198828,10.51896,13.529572698412696
267002012,4385300517,55.32429333333336,11.332959999999995,48.72328000000001
268139003,5154415470,5.176666666666665,2.776066666666667,1.8156400000000004
267001010/02,170831448,23.546850496453903,17.944290496453903,20.685223829787237
268159005,2373089942,17.554225,14.417875555555558,14.692598333333336
268127005,8297379012,13.979160000000004,10.180866666666667,21.513571428571428
268028005,28247331,15.923831111111111,7.502906666666666,12.809617777777778
268104015,131034880,8.603586666666667,0.5527333333333334,4.941133333333334
268055004,4411143154,9.530386666666667,3.073533333333334,15.488727179487183
268016008/02,2407371411,16.228798787878784,5.030640000000001,12.53147692307692
267100074,8743592895,21.687479999999997,15.203666666666665,26.288813333333337
267076008,3645724770,20.729333333333336,4.361906666666667,20.812573333333336
268117023,6088993100,9.114226666666665,10.347066666666665,6.972346666666668
268127016,1218889413,11.75981333333333,0.0,18.09659823899371
268088003,2423092469,11.804372727272726,11.612253333333332,17.152306060606062
267104005,366641066,58.63258051282051,25.40357333333333,50.72962051282051
268096005,132578414,7.855146666666666,4.549693333333334,4.12452
268127010/03,8819102602,0.62512,8.501626666666668,18.57488
267078013/01,13432164878,5.6808533333333315,11.544826666666667,11.853626666666665
268023008,7490417929,12.71904,8.92444,18.654282380952385
268108021/02,13304629141,20.756132789115654,12.310573333333334,11.059893333333333
267130004,257302492,27.08575555555556,0.0,15.382506666666664
267028053,10574540508,17.636534712643677,9.164866666666665,32.617157500000005
268026001,11948426670,16.976584285714285,14.44359222222222,15.694965555555553
267028095,25962023,6.547573333333335,20.08327166666667,26.621659459459465
268128007,12519320714,10.933613333333337,4.604973333333333,16.30624166666667
267091001,439751787,111.04151238095238,26.57905333333333,104.85941904761907
268012011,13735352938,21.613763870967738,12.02537333333333,17.152817204301073
267031017,12980733342,25.84122666666666,12.958320000000004,30.27363666666667
267134002,2381537856,38.21913777777777,18.603968888888883,30.79031111111111
267040055,12965853777,22.608330000000006,11.285453333333328,20.207596666666674
268048015,3261985330,17.9937596347032,0.0,8.900173333333333
267128002,3052180758,19.595481212121218,8.370106666666665,16.278544848484852
267131002,38411776,34.26290666666667,3.8161466666666666,26.834080000000007
267085007,286041222,26.463833333333323,16.303038260869567,28.782411594202888
267147005,12111664354,9.346160000000005,11.784790123456792,2.003733333333334
267118018,2455293101,50.04584048582998,8.647093333333334,43.444827152496636
268142012,3163035662,9.280613333333337,3.0883866666666666,10.634627083333335
268012001,2375574711,16.423677777777776,13.98228,13.902131111111109
267028004/02/04,5064257040,12.075013333333334,13.54864,30.071620512820516
268005017,3130235749,7.070426666666664,6.8271646846846865,8.871484684684685
267147014,6225655675,18.455693333333343,3.641746666666666,16.77589333333334
267109015,4225762056,25.68626046511627,19.038373333333325,22.380891594202883
268079007/02,5869735439,20.38388000000001,8.148333333333335,18.033794285714293
267151002,8622642846,20.15123259259259,9.340746666666668,9.13892
268106015,411503251,8.708691818181821,8.682020740740741,2.5066
267078013/02,12777159924,6.684106666666666,12.642053333333335,8.139240000000003
268130007,2473982673,18.16423111111111,9.65525333333333,13.295093333333332
268133017,5079710496,11.255306666666673,5.0842399999999985,12.453253333333333
268096011,12975826049,10.299507234042553,6.905586666666666,3.576946666666666
267002042,10674387478,50.93542000000001,14.664839999999998,42.31219333333334
267028110,11880049524,15.07049333333333,4.513586666666667,33.51118888888888
268141002,133318455,10.944866666666666,7.068306666666667,3.6435733333333333
267029013/01,32571777,23.2616572769953,0.9502666666666666,26.726603943661978
267133013,255715089,38.329180000000015,6.792039999999999,30.42622
268150003,358424037,10.514028571428577,3.659666666666667,12.785345225225228
268022007,1432597595,6.711439999999999,7.457439999999999,18.228160000000003
267100043,8766446616,22.976263750000005,11.734759999999998,27.577597083333337
268035012,2369219354,13.96510974358974,8.58248,13.281803076923074
267050018,8961155617,28.750430000000012,11.777359999999996,5.163039999999999
267040015,12992016987,31.061651111111118,3.210973333333334,30.12129111111112
267103001/13,11673065743,27.24300156862746,15.428388235294115,31.844334901960792
267103001/17,10229171319,31.0759349019608,19.261321568627455,35.677268235294136
267100011,2671701919,30.818496470588226,11.397386666666668,34.764549803921554
268104010,131037450,14.04092,6.477293333333334,6.491200000000001
268106012,532695401,11.550625151515153,9.162820740740738,3.5165599999999997
268002006,11748392831,4.451053333333333,2.8823066666666666,11.280226666666666
268015008,8940020941,23.35642060606061,14.35512,9.741986666666666
268083003,196269182,22.96950666666668,13.149906666666668,14.564150303030301
268030023,6976776045,11.350511746031746,7.708213333333333,9.064418412698412
268056004,1410014066,6.415520000000001,9.273253333333335,15.793108888888888
268143014,255234993,11.327532307692305,9.130372307692307,4.980946666666666
267153002,11167492563,20.778181052631584,10.358706666666667,15.083780833333334
267055007,260167428,13.499287017543859,7.037960000000002,10.770199999999997
267131014,6108983560,41.715336078431385,6.96096,34.2865094117647
268158016/02,5381117121,14.906295714285712,11.059879999999998,3.6777599999999997
268129017,2496300136,15.64284,3.9317733333333336,22.046640000000004
267132009,296433072,32.85276615384615,16.658352820512814,25.42393948717948
267092040/267092049,4341696576,22.804237241379308,18.840597241379317,18.76076344086022
268127010/02,8557675322,6.945946666666665,9.468666666666667,19.882506666666668
267100066,8729501621,23.96813041666667,16.319130416666667,28.569463750000004
268105008,2413658295,,,
268012004,339624016,20.12184387096774,10.533453333333332,15.660897204301076
268096019,31015308,13.118053333333338,10.31748,6.988839999999999
268128019,59702513,7.757413333333332,4.062200000000002,10.881540512820512
268060002,1455443094,12.342101220657275,6.4253599999999995,0.21392
268084006,3928702816,16.687044999999998,2.3749066666666665,10.689490256410254
267088007,317552001,29.38093043478261,16.50129333333334,25.310444444444453
267106010,11420725370,25.94737904761906,5.139453333333333,19.346365714285717
267004022,11631523895,28.574637948717953,0.9410133333333334,23.402864615384615
267131010,5003150350,39.2820862745098,9.496516078431373,31.853259607843142
268032001,789290763,12.377173333333328,7.405306666666665,14.604498018018013
267125013,1419944645,13.629272380952385,6.154933333333331,14.379811428571431
267040034,12716068617,29.02850333333334,14.79026666666666,26.62777000000001
268051014,364875131,13.28644,9.94732,20.855380512820513
267120004,400809334,57.08803777777781,35.03550666666668,59.96125384615387
267078013/03,11293059697,8.650666666666666,11.975800000000001,6.110280000000001
267100038,11869074794,20.647157083333333,12.998157083333336,25.248490416666662
267027005,12816809255,16.624653333333335,14.477533333333337,16.955138333333334
267028024,12914916018,22.3078841025641,6.539360000000001,26.26506898550725
267055008,132204404,16.779900350877192,12.573013333333332,14.05081333333333
268025008,82676984,14.088106666666668,7.3073999999999995,11.75748
267127009,5535979075,12.492106666666666,3.809346666666667,13.325773333333332
267028082,25961971,20.346866666666678,11.168653333333333,24.615166126126137
267076001,4960815927,19.03406545454546,15.822280000000003,22.323892121212126
267100028,2677020869,28.10363826086957,6.797813333333333,32.70497159420291
268100004,4415580189,14.756653333333333,5.627746666666666,11.958853333333336
267040026,4752751651,37.63123666666667,11.205706666666666,35.230503333333345
267119006/01,1001702120,38.311302051282034,1.6688133333333335,32.360200000000006
268114011,4890712525,11.668085405405405,8.963978738738739,12.350770793650794
267028010,12892167373,24.10034850574711,10.345679999999998,27.56529517241378
268048003,2601598823,16.021965098039225,10.153541904761907,14.456418431372558
267084040,103117097,30.52516280701754,13.998719999999999,24.043122807017543
267040059/02,12979532633,32.35346666666666,7.631133333333333,31.412943333333338
267109007,107665398,14.600574736842102,15.359921403508771,19.22438807017544
268067004,2400844796,22.811948571428573,9.482346666666666,11.651039999999998
267144001,6425911240,15.971881481481482,7.806746666666667,9.008839999999998
268043004,13399639259,17.335679999999993,7.904146666666667,17.60084111111111
268053001,1908255522,10.66887333333333,4.052493333333333,8.922211851851852
268148004/04,5733881041,20.777305945945944,5.127346666666667,13.704377777777772
267041018,5183398245,21.009231794871788,12.225533333333338,19.404685128205127
268001003,2366320317,13.901881212121214,7.991586666666665,12.297334545454545
267078015,60940317,16.572400000000005,5.243053333333334,20.753373333333336
268080005,701150588,5.879293333333333,11.523491228070174,5.33208
268117020,836786311,,,
267100092/01,12258744659,15.02954666666667,17.88436140350877,23.655045714285713
267050022,1269046225,20.948198518518513,12.200905185185185,13.252825185185184
267027013,12819758584,8.09338666666667,10.575146666666665,19.925193333333333
267078011/02,2368405134,4.79716,12.221600000000002,8.020093333333332
268140004,247416076,12.022413333333335,4.366453333333334,1.4883866666666667
268006026,3943761211,23.60542602409639,6.4491466666666675,15.656173333333331
267075006,679686577,12.42553333333333,8.232066666666665,6.7694
268049003,9607391675,12.487661212121218,3.9387466666666664,4.170647878787879
267092017,12720462570,,,
267040063,255964094,26.061520000000005,7.927133333333334,25.121160000000007
267132044,1743599626,38.69276280701755,7.652000000000001,31.26393614035088
267031007,13081593314,26.659639999999992,7.564826666666666,27.031583333333312
268074008,2941843770,18.020110724637682,3.146186666666667,7.621773333333334
268100009,2364597266,12.794546666666664,5.294213333333333,7.591333333333333
267025004,2401592852,24.904666666666664,15.58652,14.922920000000001
268158003,6396843156,17.213576190476193,10.49376,6.475426666666667
267029022,12886440409,17.297891954022987,6.075679999999997,20.76283862068965
268132011,3597482940,15.150895238095238,3.96032,8.750093333333336
268003019,13444452970,13.375480000000001,7.538939047619048,4.283933333333334
267050028,2982806360,19.921371851851852,11.174078518518517,12.225998518518516
267154002,8612706523,24.652420246913586,10.816106666666666,24.30768
267021008,6083791677,12.099969523809527,6.345199999999999,6.812
268153003,10744392275,,,
267085010,11099818601,34.1305,14.544053333333332,31.94375652173913
268063004,2686868910,19.67192,3.6900800000000005,16.381013333333332
267039006,14051432652,18.81568,0.0,25.302185
267020011,701760703,11.145893333333333,13.437279999999998,20.707999999999995
267078011/01,4828944013,2.3329466666666665,9.757386666666669,9.856919999999997
268080002,699457886,7.145813333333332,9.277317894736845,3.0859066666666664
268115019,10974576611,10.234413333333332,6.73596,10.994145641025641
267094003,459536448,57.7286245614035,20.6392,51.127611228070144
267081008,1432631396,20.14463777777778,12.728573333333333,13.75690666666667
267111002/03,10276931318,21.552121904761908,14.853986666666664,14.95110857142857
267078006,60939447,11.350000000000001,4.266826666666666,22.16902666666667
267106016,253313960,34.40019047619048,19.80563764705882,25.833723809523814
268053006,9966420865,12.597680000000002,7.315439999999999,11.580963243243245
267026004,5281842922,17.892524444444444,14.417933333333332,16.05144
268104017,6937110774,10.433946666666667,2.77756,6.590253333333334
268056006,364875059,8.35124,10.482466666666669,15.14802181818182
267002006,12676863846,54.42946476190476,7.183013333333334,47.82845142857141
267080018,3292448481,18.839239999999997,9.364586666666666,20.979759999999995
268088010,3809343503,14.089380952380957,1.9435733333333334,19.437314285714287
267148012,8626954261,21.830383030303032,3.7506133333333334,23.6886496969697
268140017,8995851515,14.832958352059928,6.321666666666667,0.9462533333333333
267118024,9388570340,51.57845279352228,14.6338,44.97743946018895
267040057,255716187,25.578035897435893,14.659719999999998,23.973489230769232
268021001,242739599,10.365086315789476,5.4649600000000005,6.95524
267084009,9437764245,33.24760363636365,11.005906666666665,30.817560000000004
268049008,4842760285,14.35532303030303,4.896872868217055,4.850280000000001
267124001,1419916320,22.318756666666665,2.030053333333333,21.68042666666667
267083018,3469030688,27.745131666666662,14.11156,31.036131666666662
267085014/01,325842965,23.816053333333343,14.558689855072458,27.038063188405808
267133001/02,13443948250,54.17819333333332,11.698039999999999,46.275233333333325
267040047,290797991,35.89652000000001,12.009999999999998,38.26651666666669
268096014,3800663432,6.463933333333334,4.590746666666665,2.4852266666666667
267013017,7820667050,28.07624333333333,9.473373333333333,30.046690526315796
268054016,26414317,16.167862222222222,12.230933333333331,11.790786666666664
267086010,8079460721,24.473600579710144,6.364266666666667,25.910147246376813
267141001,9629735822,25.269369523809527,9.746173333333333,18.647809523809524
268127001,67079499,14.825679999999997,11.027386666666667,25.78842333333334
267105017/01,11171963068,35.40527015873017,6.699253333333334,28.804256825396816
267088010,13974664775,16.853063768115945,6.226613333333333,17.91154376811594
267122013,2394263092,22.95178444444445,13.148959999999995,27.51691358024691
267044009,9309780679,21.08699333333333,14.115013333333332,20.399000000000004
267019014,5764803401,12.524280000000003,14.186586666666669,16.426240000000004
268038002,2685695336,23.338,4.089826666666666,19.302318333333336
267078001,247803248,21.655360000000005,13.921226666666664,26.70292
267140009,12278308702,24.87183950617284,4.421360000000001,18.250279506172845
267103001/15,9156412515,26.444271111111103,14.629657777777775,31.045604444444436
268112008,3227957822,18.00483764705882,3.2675333333333336,19.71808579710145
268134009,2375609784,17.96742888888889,17.156468888888885,19.881335555555555
268143026,2368551440,15.241716666666663,14.051503333333331,7.255253333333334
268003005,13703976172,8.840666666666667,5.440079999999998,7.104493333333332
268142020,4009924045,6.674293333333335,5.985733333333333,10.299666666666667
267105001,2485147157,25.003392380952384,6.199346666666667,18.402379047619046
267038012,13607978225,20.770610833333322,14.790213333333337,24.046894492753626
268043008,3012552339,6.865426666666665,11.080333333333334,14.056226666666666
267133016,296510931,40.29656666666668,6.167493333333332,32.39360666666667
267059003,13439672036,19.468955555555553,9.39969333333333,18.738128888888888
267030004,876361023,17.184408888888886,12.11464,19.913008888888882
268045005,4474816339,7.790479999999999,7.44776,13.005466666666667
267028004/01,4484656199,15.527962150537634,3.8847866666666664,32.17315111111112
268071006,301827392,29.23039999999999,14.639679999999997,23.576226666666674
267125006,1419944737,21.93828571428572,5.250439999999999,21.06148000000001
267103030,13240875365,19.641254814814822,5.189506666666666,24.242588148148155
268104002,131037682,12.687653684210524,5.711453333333335,4.032986666666667
268006006,11866137863,16.552438974358974,3.8088,13.827852307692309
267125003,13369946987,25.878959047619034,1.1556266666666668,20.47937333333332
268006032,2955540028,26.830362380952383,10.773079999999998,21.15602666666666
267002033,8177623402,65.50079555555556,14.736800000000004,58.899782222222214
268044001,3259960695,6.175279999999999,8.665230724637683,5.635346666666667
268047008,496215654,14.112403076923078,3.2301066666666665,11.78177641025641
268046008,42503330,15.693986666666671,6.26584,9.788306666666669
267111003,5247059906,31.219928571428568,6.274093333333335,24.61891523809523
267066020,923008682,24.084601904761904,12.47561523809524,9.206666666666669
268011001,4891651502,14.790226666666667,6.434946666666668,10.826440000000002
268117003,8676059188,5.874946666666668,0.25534666666666667,9.588209523809525
267133007,253193178,,,
267026003,5171529237,13.990044444444445,12.593551111111111,12.886564444444444
267111008,5610592813,31.333808571428566,6.218239999999999,24.732795238095232
267138018/02,11283899342,24.92094523968785,5.0827333333333335,24.938545239687848
267045004,243190183,16.81596,6.2997200000000015,19.827579487179488
267077007,1424141321,9.643426666666668,2.3621866666666667,11.29184523809524
268083010,196269231,21.485066666666665,11.665466666666665,11.118576969696973
268011011,4894561111,14.108758742138361,3.7552933333333334,11.217206881720427
268099003,13706174435,12.5574816374269,1.83768,7.240906666666667
267004004,11681807959,23.025853333333327,7.598413333333337,16.424840000000003
268052011,13461363573,12.891222222222222,8.219860952380952,0.0
268103003,2369352249,11.288546666666669,7.09512,11.737040000000002
267099008,3790044985,34.15435333333334,6.249093333333334,26.064460000000008
268129022,499551745,5.777080000000001,7.406266666666665,12.211036874999998
267156005,4856458103,20.48861851851852,13.074853333333339,16.873951851851857
268160005,9955211363,10.30532,9.794599999999999,7.66568
268042020,8022196958,16.694617777777776,0.7245333333333334,24.397144761904762
268134006,8633616539,14.238355223880598,3.35392,11.112866666666667
267132025,12774955294,31.789312280701758,4.710053333333334,24.360485614035092
267085006,9668562561,17.501253333333345,22.92575894598155,35.405132279314884
268046004,7499333341,14.24813830845771,5.033586666666667,11.917511641791043
268119011,305247974,6.8410400000000005,16.45334666666667,19.678688366013077
268023001,9478466908,10.283799999999998,9.344093333333332,21.24722904761905
268004007,3366952453,15.715026666666672,7.294666666666668,12.449026666666672
268110014,9338992317,17.455679420289854,4.022586666666666,4.566986666666666
267132015,940272034,35.65025052631578,14.45937333333333,28.221423859649114
267159001,7096520429,73.81873333333331,44.789053333333335,91.60043607843134
267101014,8828538252,23.99249777777778,9.552573333333331,28.593831111111108
267065021/01,3004307771,39.05297333333333,15.669773333333337,32.80985333333333
267132043,4992350647,39.417536140350876,9.267560000000003,31.988709473684214
267020003/267025001,10942561772,18.39826756302521,4.248266666666668,11.157529523809524
268015002,339241281,19.107006666666667,7.405133333333334,11.059066666666666
268105009,3978866945,6.386093333333332,3.74112,5.049066666666667
268110015,31931869,32.56945282051282,21.50207948717949,26.36423948717949
267049017,8857701479,30.849167619047623,8.779066666666667,21.125220952380957
268061004,8733023798,11.362782857142857,9.298599999999999,9.756546236559139
268063003,12692168408,23.771466666666665,4.66388,18.657361481481484
267135011,253225306,33.81772166666666,5.963493333333334,26.388894999999994
267007002,9543962905,16.83514717948718,12.858093333333333,20.126147179487173
268119005,8079172217,18.280611162790702,8.939093333333336,15.6077
267135008,254493951,34.40406833333334,6.562826666666666,26.97524166666668
267072003,480110119,15.968080000000004,4.401453333333333,6.715466666666667
267155004,2586681413,15.839293333333337,8.27856,16.873474285714288
267131007,6108983578,38.82056592592592,12.214146666666663,31.39173925925927
268006016,3054458096,25.518866666666668,15.99848,22.79428
268075006,301830309,19.750907878787885,6.093733333333334,18.323600000000003
268095003,2952446242,16.645086495726495,7.896079999999999,3.050306666666666
268025005,26389516,17.52032,13.94496,17.572186666666667
267122008,243758764,16.463477777777783,10.775904444444445,21.02860691358024
267019002,2406479472,13.593775072463766,0.7979466666666667,13.262529929078012
268086001,4939797778,12.047880000000001,10.253933333333332,2.9694266666666667
268090007,26414288,13.711599999999999,10.25184,10.25184
268088009,305255477,15.946940952380954,5.07804,21.294874285714286
268160002/01,6370094262,7.894573333333332,7.383853333333333,5.644293333333334
267060005,13945117918,15.404033191489365,6.21196,18.693859858156028
268069008,12762474275,19.58840888888889,7.8919733333333335,1.8082799999999999
268051010,13727757364,17.499930476190475,9.13904,16.67512
267029010,13096348196,24.727938333333334,8.456506666666666,29.639743333333346
267040012,12768035941,26.756509565217392,4.626786666666669,26.45963555555556
267143017,440136730,28.26701696969697,3.2704666666666666,21.784976969696974
268120007,305241654,25.29973333333333,4.1994,9.286493333333334
267133023,6516113919,44.33946000000002,4.9597466666666685,36.4365
267115001,7798841899,19.271450574712635,10.016320000000002,22.562450574712635
267061001,648262323,23.835145454545447,8.963853333333333,27.124972121212117
268072012,6102967309,22.45119083333333,11.433359999999997,17.92496571428571
268111008,9384607369,,,
267050003,4324854836,24.530893333333335,12.189813333333335,14.887498333333333
268088008,305255177,18.18991428571429,7.321013333333334,23.53784761904762
268143006,12073659651,0.16230666666666668,,
267085011/01,1195493589,15.548613333333337,32.44229696969696,45.87851030303029
267080023,247804951,27.340693333333327,19.832160000000002,32.055986666666655
267038002,256084830,34.01918666666666,24.368893333333336,31.82491724137931
267147018,11264969736,15.858759999999997,8.232199999999997,14.513160000000003
267156008,4204789002,16.813417777777776,7.925413333333333,13.198751111111111
267035003,9598491919,33.60662666666667,16.820240000000002,26.985066666666672
268148002,7540906292,15.957066666666666,12.084879999999997,12.591759999999994
267050002,13805822761,,0.66532,
268116011,13248834259,12.539301818181817,6.847186666666665,10.419981818181817
268161011,10605160452,4.33668,2.659373333333334,6.5917466666666655
267112014,5907124529,41.87621333333331,3.624653333333333,39.231266666666635
267027015,12815479803,14.16006666666667,12.659973333333333,20.62721833333334
267086013,8227743148,23.92667407407408,9.529839999999998,25.363220740740747
268120008,305245469,21.46389333333333,8.218546666666667,12.593066666666667
268143005,946515421,8.491360000000004,5.971493333333332,4.987066666666667
267140012,10062653858,19.530220512820517,6.69932,12.908660512820513
268007012,9911661940,18.310300317460314,6.912773333333333,15.585713650793652
268101003,4465035108,12.16643809523809,3.7193600000000004,8.691039999999997
267050024,2982806351,24.937278518518507,16.189985185185186,17.241905185185185
267028063,12947264691,13.253509425287357,12.902720000000006,31.165955551413496
268010014,736979920,14.108386666666666,3.814773333333333,6.982453333333335
268133015,564323163,14.109906666666669,2.0839066666666666,8.054426666666668
268155002,364874984,3.2822799999999996,12.289112727272727,12.785895555555554
267004016,255179285,30.65581037037037,6.420786666666667,16.192573333333335
268154007,13418752515,9.580434188034188,2.064226666666667,14.556674188034187
267101004,2618718030,26.789274509803914,6.959040000000002,30.735327843137245
267107013,11929113883,39.699422857142864,14.488586666666667,41.30234285714287
268014010,4800065520,21.92079666666666,10.015426666666665,18.489399999999993
268006021,262894958,22.353186024096388,5.8974400000000005,14.403933333333333
267027006,3649221499,18.220867407407404,12.62901333333333,17.261288115942026
267084038,10740016964,30.98533999999999,4.894013333333333,28.054555555555556
267007014,248100604,12.638488333333333,8.83678666666667,15.929488333333333
268122006,305250986,21.575396363636365,7.531280000000001,10.430418333333334
267073004,4092565124,16.13904666666667,15.714106666666671,14.72634666666667
267039005,258837304,19.300144999999997,13.020493333333333,20.608625000000004
267084024,10731097142,31.25261777777778,3.1975066666666674,25.70759999999999
267017009,107805928,14.90489647058824,7.475653333333333,12.275016470588238
267140034,9503726806,31.177167179487196,7.03092,24.555607179487197
267058002,146640948,24.707658181818182,7.3529866666666654,13.144133333333334
268099006,4877134824,13.392571428571433,4.931519999999998,8.262373333333334
267004006,1487131025,33.38926666666665,7.44092,23.33873333333334
268017003,2761848603,21.77658666666667,10.99928,15.608226666666665
268120004,4469377980,21.549199999999995,4.149906666666666,9.236999999999998
268043009,2398342322,4.382413333333333,12.264724057971016,11.573213333333335
268076001,5564939242,17.8096318128655,2.55364,11.845333333333333
268065008,4697245423,19.45716463768116,11.956360000000002,12.904781818181819
267116002,7773666854,20.25308888888889,9.513853333333335,23.54408888888889
268108015/02,717533779,14.625837777777779,5.899000000000001,1.0319733333333334
267049016,8931113152,28.225816363636362,8.547466666666667,18.501869696969695
268046006,1432597139,14.684418479532162,2.7478266666666666,14.295005714285718
268038001,9423841763,,,
268092006,2380357255,20.679346666666667,8.703586666666666,10.217106666666666
268005010,2399638693,13.010933333333337,2.4950133333333335,11.862040000000002
268043011,2418853487,18.23909333333334,7.269239999999999,20.83216000000001
268143023,13188793030,15.316743333333331,14.126529999999999,7.33028
267147022,6231340256,11.913839999999997,5.338933333333334,13.173759999999996
267028119,16344967,16.74124183908046,8.195575172413792,20.206188505747125
268024006,26389490,12.474053333333336,7.405266666666667,13.848013333333336
268041012,6770120981,15.877928695652178,4.246519999999999,12.687875362318842
267077001/02,727301442,3.8387333333333333,3.67764,5.246746666666667
267092016/01,12720462568,,,
267100026,10245324684,37.360710000000005,20.864386666666675,38.32800444444444
267092025,12481115267,29.058266666666672,13.117813333333334,30.904893333333337
267100017,316825463,27.22993777777777,1.64428,24.183097777777768
267100055,8783874695,25.94070666666666,8.066413333333333,30.54204
267074003,701760590,13.582466666666667,6.731026666666667,9.875280000000002
268042027,2416575586,11.596906666666664,11.612013333333334,18.787706666666672
268149004,4397272916,13.029124678362574,8.276226666666666,7.2103199999999985
267103028,2872203628,28.413946666666664,10.068386666666669,33.01528
267020001,9405408372,25.504911372549024,8.013386666666667,17.663146666666666
267061005,8018544659,27.1178065248227,14.100613333333335,30.407633191489357
267095022,6644901613,15.096799999999995,12.878826666666662,23.21966666666667
267028080/02,12914098738,21.762951111111118,13.767360000000009,28.240259459459466
267150006,2585187671,17.856648682170544,10.834386666666667,12.580520000000002
268138008,6977182262,3.0938,5.759173333333336,4.653453333333333
267002032,247797250,50.906200000000005,11.794626666666666,44.305186666666664
268106003,9071686844,10.517586666666665,6.316293333333333,5.378733333333332
268134012,8880970826,16.368573679653675,6.973693333333333,8.720200000000002
268155006,2670213055,9.661288484848484,9.971973333333333,14.637528484848481
267131025,2107718538,41.08646117647059,2.5276533333333333,33.65763450980392
267029023,12883272046,16.70845563218391,4.54792,20.173402298850572
267002009,2455293095,59.793968888888905,3.159373333333333,53.192955555555564
267028051,12782110220,11.91845333333334,11.146853333333338,29.83089945945945
267051009,8703317171,18.904925528455287,7.986146666666667,23.528738861788625
268001007,13904119100,10.126899411764706,8.947395555555556,9.277179411764708
267158020,304699521,26.61076952380952,11.568919999999999,24.16802285714285
268048012,9688825058,12.91015019607843,12.572736862745096,11.344603529411762
268092008/02,122814281,19.81594380952381,8.477306666666665,17.460837142857144
267133031,254609379,66.42736,43.98013428571428,58.954467619047634
268059008,8954898931,16.89261269076305,9.372173333333333,10.30078666666667
267103001/12,9158271540,24.95924444444444,13.144631111111112,29.560577777777773
268042010,241786529,11.755146666666667,9.440679999999999,18.955504761904763
267084012,4867374075,33.06407333333333,7.627066666666666,28.19384
267140020,9919526575,29.923133333333336,16.840333333333334,23.301573333333337
267133008,9113671823,42.8769612121212,9.350506666666668,34.974001212121216
268017018,1529891714,16.539858775510204,3.0175466666666666,7.823853333333331
267088001,481234326,27.637319999999992,20.736439999999998,27.043946666666667
268081010,10557761268,9.197030769230768,1.3480933333333334,1.2997333333333334
267078003,635746416,39.88529384615387,33.65634666666666,43.17629384615387
267003027,479843962,48.35484,2.8158666666666665,41.753826666666654
267065014,12391442603,29.919706666666666,10.598413333333333,23.318693333333336
267028028,12912646957,19.554929230769236,8.118355555555555,27.400275555555556
267040019,12966582323,28.684570000000008,10.619413333333334,26.283836666666677
267136006,4267160644,28.31187878787879,1.6054666666666668,22.60153212121212
268117002,13013917406,8.505533333333334,5.00708,9.498506666666668
268136007,8663486950,9.906226666666667,4.094693333333334,16.90881966101695
267147003,5285265432,8.27322666666667,11.448110123456793,0.9308
267065006/01,10267111573,31.82769333333335,0.3548266666666667,39.575017777777774
267026007,690542712,22.898863809523814,15.905333333333337,12.357000000000001
267036001,1411048308,24.797865555555557,14.075533333333333,21.50195888888889
268006023,4371272520,20.35889269076306,7.134559999999999,12.409639999999998
268076005,1529977275,16.636213333333334,12.557959999999998,6.617800000000001
268076007,301810690,18.0615293128655,5.481626666666665,9.31712
267050012,7614673842,27.630616666666675,13.7902,7.17444
268082006,5597784485,9.607333333333331,6.206746666666665,4.537866666666667
268104016,3821992821,10.221906666666666,3.5281466666666668,6.559453333333334
268133014,8390553659,15.025160346320341,7.332520000000001,3.7724
267028004/02/13,13556004982,24.9425488172043,9.775879999999999,39.63846051282052
268118005,1660023203,12.628773333333331,13.54181333333333,12.807397632398752
267136002,6339626759,26.499552727272736,8.240013333333334,20.78920606060607
267100081,13173252513,23.487013333333334,14.026973333333341,23.420696470588236
268040001,3421375346,25.756813333333334,8.392373333333333,19.109139999999993
267092026/02,8105797717,20.70177057471265,11.499066666666664,9.950693333333334
267028075,3518229404,10.803944197530871,8.562106666666665,28.71639032365699
268052008,4895260196,13.248657460317462,12.659844126984128,13.002390793650797
267038007,2397254998,7.6935333333333356,18.377380000000002,26.530526666666674
267119012,441847468,33.460302051282035,4.306453333333334,33.47790205128204
268009005,144841399,16.55208,4.226173333333334,8.982453333333334
268085015,6189373553,17.13383927927928,10.353860952380954,3.1332666666666666
267044004,46660942,24.178853333333343,5.399146666666667,18.617039999999996
268091007,25973700,22.49595555555556,6.438973333333333,6.438973333333333
268057007,5757421407,20.293724242424243,6.780973333333334,5.67572
268070008,4358636075,12.475220000000002,8.893220000000001,10.144593333333335
268053010,4903175728,13.900479999999993,6.340373333333333,8.893053333333334
268091002,1410013788,18.980840000000004,8.958746666666665,8.5186
268083005,196269172,23.30478666666666,11.868550303030304,10.763296969696968
267076010,694132496,24.62875878787879,11.242333333333333,27.693
268015014/02,6383209901,20.62690666666667,12.304826666666667,11.343237037037037
267039004,480144564,19.829000000000004,5.268293333333332,22.275840000000006
268054014,4896219748,14.670939999999998,5.876546666666667,8.967293333333332
268008014,4860582802,28.851015000000007,12.270720000000008,28.531055000000006
267073002,664127760,9.708373333333332,13.17736,13.719426666666664
268022004,4524144741,15.696666666666667,1.3269866666666665,17.07062666666667
267053002,11983094405,28.44678666666666,10.363386666666667,16.362755555555555
268072010,6070559251,21.91256,8.06576,16.02851238095238
267050035,8946867977,29.217425185185196,17.099293333333325,12.208333333333336
268123007,295516503,16.71985333333333,10.035013333333332,6.0534
267103014,2646176847,25.662604637681163,4.590066666666668,30.263937971014496
267082002,7369758768,23.015408888888892,11.661938156028366,9.723519999999997
268006022,11836767667,22.144626024096397,6.345293333333332,14.19537333333333
267030001,12760078633,16.886439999999997,12.482306666666666,18.046629166666662
267130008,257301601,21.18525333333333,7.930853333333333,14.58424
268006034/02,11542271545,21.219599357429715,11.756106666666671,13.270346666666661
267056007/01,8506843819,20.04115538461538,14.738819858156031,13.605539858156032
267111002/04,6687936861,20.341415238095244,15.945168888888885,13.740401904761903
268116006,804635351,13.723840000000003,6.899520000000001,11.255956875
267041014/01,255962881,21.51572512820513,15.791525128205127,19.911178461538462
268029003,4906958945,7.469106024096387,7.087599999999999,5.665653333333334
267028004/02/03,4472757422,17.636146666666665,6.509146666666667,28.445647179487192
268103009,4375856675,,,
268150005,224036059,12.40848140350877,4.20664,12.835614736842102
268048008,3262156679,14.252685098039217,1.9472266666666664,6.479906666666667
267126010,4254694942,10.974466666666668,8.905106666666665,17.74593269841269
267038006,256084762,30.26801333333333,20.617720000000002,28.073743908045977
268138004,3575151648,5.35816,4.768666666666666,2.3992533333333332
267048003,10822352554,24.245240000000003,12.751413333333335,17.14876606060606
267029016,12842692213,18.216758974358978,8.953626666666668,24.29559843137255
267133033,12766503659,42.307760952380946,19.132680000000004,34.404800952380945
268136015,251007630,9.976819869281048,1.3758799999999998,13.978446327683619
267120012,4308722696,15.17247777777778,9.484904444444446,18.967382222222223
268066011,2375495048,15.680604444444446,3.4843733333333335,5.280573333333333
267133026/02,10712141731,,,
268043001,5429845891,11.979853333333335,0.51784,20.665866666666663
267051003/02,10171761316,25.941231515151514,11.814253333333331,24.40600571428572
268016008/01,14003379821,21.091105858585863,2.6910000000000003,16.137146666666673
267114003,1284630786,26.531513333333326,12.134000000000006,29.888499130434774
267092026/04,4341697217,18.196930574712635,13.910373333333334,12.92332344086022
268121003,9939232259,30.446424166666667,4.6410800000000005,9.294319999999999
268129020,8851389496,13.724680000000003,4.55248,12.679627793427228
268001006,13843848240,8.381606078431371,7.542859411764705,7.531886078431373
267025003,10961750639,19.906249523809517,6.852146666666666,8.097186666666666
268130009,259594876,15.217041159420289,7.708429457364341,13.327442790697672
268030003,614450739,18.78365841269841,11.78772,16.49756507936508
268020007,16711973,26.932806666666675,14.125999999999996,14.311986666666662
267092009,694264896,26.739053333333338,5.12072,30.165200000000006
267140055/01,4386401584,28.804486109253066,14.985946666666667,25.441386666666677
268046009,42503367,16.384133333333338,3.4169066666666668,10.478453333333333
267156007,106113376,16.027738823529404,11.167226666666664,12.413072156862741
267095024,5630506485,18.984119999999997,14.22144,38.44326666666666
268072013/03,9595562105,26.4484,14.32812,24.65112571428572
267150015,2484031256,21.470610370370366,5.117800000000001,22.558724444444447
267109004,8721636766,17.05136,12.548133333333332,21.618824313725494
268038006,13177270346,21.38849333333333,7.181746666666667,21.184746236559132
267001009/03,13201272390,,,
267092026/03,6465243793,19.772357241379307,10.517480000000003,8.969106666666667
268014003,2375515787,16.787749803921564,8.330546666666667,13.196599999999995
267140030,9576122073,24.46926022988507,8.162733333333335,17.84770022988505
267079006,256112314,22.91853166666667,10.242106666666666,12.792813333333335
268109007,5064276582,15.185626478873244,7.978840000000002,3.9446399999999993
267103015,11331607115,24.177133333333323,6.7184,28.77846666666666
267029011,296207805,24.304900952380944,14.382146666666667,29.635007692307713
268014008,5558630726,23.40896,9.339346666666668,20.208333333333332
268007011,6177760890,18.23994789473684,6.278253333333333,14.407027894736844
268030004,8977413610,19.105092307692306,11.434973333333335,17.014425641025646
267088017,1281697538,23.173051666666673,3.810786666666666,24.481531666666676
267158022,13375913544,,,
267132021,2986597967,37.11912280701754,6.969146666666669,29.690296140350885
268115022,443061982,16.941706666666665,11.715359999999999,15.621278974358974
268094014,6571075803,19.881933333333333,0.0,4.042973333333332
267092027,13847141111,31.783813333333338,10.118506666666665,32.533776774193555
267039003,317562764,18.20078666666667,9.80868,22.762571666666666
268140012,26912107,13.209780653594771,9.965426666666666,3.6525066666666675
268107005,7491020613,14.665069616519181,5.084919999999999,5.600586666666667
267052002,8677851492,19.023665454545448,8.045493333333333,19.68770476190475
268043010,1095709444,0.41688,12.116359999999997,12.227506666666667
267148016,8626897931,23.570768484848493,4.152973333333334,22.70582666666667
268133005,9216803665,13.258533333333332,3.55008,11.515026666666667
268151011,3133124892,11.557957073170734,8.119853333333332,9.354373333333333
268095007,2951477066,18.811819829059836,9.36728,7.736506666666666
267079014,256112258,25.104644444444446,11.07628,10.091813333333334
268066001,2375495036,18.12035555555555,3.6892533333333333,7.888613333333334
267049027,8934282589,33.77600289855073,3.7613600000000003,24.052056231884055
267029027,12883783286,21.52894222222222,14.071013333333337,24.257542222222224
267043004,212614570,13.315559999999994,11.830400000000001,27.462206153846157
267142014,4069935194,25.390072592592585,20.970161269841274,25.945826666666672
268098008,3660383746,12.917614970760235,2.32776,2.6260399999999993
267019012,3226506967,13.914293333333337,14.644720000000005,17.610040000000005
268149003,10139051118,13.262164678362575,9.24723238095238,5.992226666666667
267140022,9921268423,28.153673333333337,14.020626666666663,21.53211333333333
268007009,2399913731,19.27725225806451,10.571773333333335,15.899289909909912
267028100,13076099555,22.422147126436762,5.41596,25.88709379310343
267132038/01,923991372,36.081445614035076,10.387333333333332,28.65261894736843
268026004,122550191,13.596569047619049,13.15870238095238,13.09162238095238
268071005,301828345,25.27396,11.876799999999998,19.886626666666665
267147027,11260960228,20.572813333333333,4.768199999999999,14.240273563218391
267007011,9543930614,15.068853846153848,12.971746666666665,18.35985384615385
268007001,464722508,18.00378904761906,9.593893333333334,16.399242380952384
267028074,2703263803,20.286679999999997,7.9012,27.62394608695652
267115003,254345508,22.50934666666667,5.69964,28.336040000000008
267101019,10280896196,18.82314363636364,12.339293333333334,23.42447696969697
267098001/01,12359600,50.726013333333306,42.289519999999996,47.61179999999998
268142005,12832454610,9.133053333333333,4.338653333333334,9.823466918238994
268052004,1271103692,15.990537460317462,14.043146666666667,11.780413333333337
267002036,2926159744,47.76107333333333,6.534146666666664,39.13784666666666
268006036,4697231285,20.43206564102564,7.688426666666666,17.707478974358974
267103025,11728827629,21.140506666666663,8.360573333333335,25.74184
267155008,8657269684,18.728015555555558,6.937773333333333,15.11334888888889
268028011,1450564699,9.468426024096384,7.4632,7.664973333333335
267085011/02,9670712902,13.81790666666667,27.192870303030286,40.62908363636364
267019004,13685097901,18.753271111111108,9.16776,17.04710666666666
268037012,4007440893,20.656830476190468,13.471226666666666,13.1788
267111004,12057234134,33.806691428571426,10.143480000000002,27.205678095238092
267020002,9403795130,22.791573333333325,5.706079999999999,17.942009523809528
267001004,3819463793,13.11458666666666,18.79398666666666,25.080502857142854
267100061,298494961,20.121399999999994,6.559693333333334,24.722733333333334
268115009,13234436509,,,
267123021,253396282,42.58063789473685,4.7373866666666675,35.979624561403504
267116005,7565975501,24.123413333333335,9.871413333333333,27.414413333333336
268099014,1426048986,12.682268304093565,3.1456666666666666,3.3114800000000004
267109013,320034289,15.584340465116275,10.988453333333332,14.966731594202903
268111010,688693583,18.502436296296295,4.45948,16.07179
267015006,13363020664,17.542662222222212,6.604386666666668,18.636474999999997
268114002,688693309,15.510314418604649,12.58492269662921,12.445506078431373
267026001,985253659,11.545183809523811,9.648690476190476,9.30169393939394
267034001/04,13078595627,29.738534444444443,18.375587777777774,31.29578777777778
267127001,4966722299,13.671279999999996,9.7004,21.417509457364343
268064009,16711953,20.21605333333334,11.232040000000001,15.755106666666668
267132001/01,2108904873,55.20320280701752,23.954626666666666,47.77437614035086
267153008,8626947878,21.54533824561404,8.048053333333336,17.930671578947372
267106021,659995684,35.59952071428572,14.586221666666672,28.998507380952372
268022012,242733690,19.415272982456138,7.709533333333335,20.550355555555555
268079002,364875098,20.763746666666673,7.256373333333333,15.806455238095234
268021010,2516856509,16.94557219858156,7.8580799999999975,9.011826666666668
268105003,10797289843,7.066666666666668,4.589546666666666,2.926466666666667
268017022,11470519228,17.611493333333332,3.406733333333334,15.582943589743591
268129013,2479366238,18.501906666666663,8.742306666666668,18.233186666666665
267053001/02,3076812138,,,
268105005,1415542334,7.082466666666668,4.777373333333333,2.9422666666666673
268115010,13234436520,,,
268105014,9646595907,4.6606000000000005,0.0,1.8351066666666667
267013015,7814238775,26.680350175438594,17.428293333333333,28.116896842105266
268145010,4194410802,20.43709986928104,10.358733333333335,20.626907619047618
268099020,3671800962,13.215173333333334,4.41012,5.482946666666666
267059004,2461717617,27.823803809523813,12.513826666666667,15.898986666666667
267078011/03,2367554665,2.5592933333333336,8.517240000000003,11.384399999999994
268109013,111887238,14.890879812206576,5.109120000000001,5.253173333333333
268142019,2435024229,9.289800000000001,2.990160000000001,8.934600251572327
268134008,565063562,15.579179607843137,0.3127733333333333,13.400013333333332
267025011,4483056879,22.559586666666668,7.628346666666667,11.637373333333331
267152007,850175091,28.6251364102564,3.7013733333333336,20.602391397849463
268058018,6379009815,13.879719999999999,8.747746666666666,9.420226666666666
268006013,10180546754,,,
268100010,912115840,11.15289142857143,5.697119999999999,9.202920000000004
267140053,4263153757,30.74371277591974,14.378333333333334,26.215240000000016
268015011,6381138536,22.83582666666666,14.51374666666667,15.828397037037039
268082005,4041724829,13.367133333333337,8.041733333333333,4.571559999999999
267079005,13365000625,19.73932581196581,5.1645199999999996,8.022200000000002
267051014/02,953177209,12.042694308943089,15.852164444444451,16.666507642276425
267123023,3046354659,47.63291789473683,13.891520000000002,41.03190456140351
268071011,4892971642,29.842199999999995,16.732026666666663,24.207333333333334
267123010,9112896233,51.96089122807021,11.159799999999999,45.35987789473687
267138014,8514911242,34.19147277591973,11.020906666666669,27.79995862068964
267058009/02,2396484662,23.251911515151512,6.1432400000000005,20.95390666666666
267006003,11385212503,,0.0,
267058006,260214737,26.666299259259265,8.309506666666667,18.41214666666667
267053010,8988554519,32.66671999999999,7.284373333333334,18.339493333333326
268021009,122500936,17.00285925925926,11.864679999999998,12.821306666666663
267028093,6517969,28.438086666666674,10.862933333333336,31.90303333333334
267075004,648264740,13.357436190476188,9.313173333333333,10.50018666666667
268126010,108019687,14.403920000000001,9.962746666666666,13.750897391304353
268094006,10656346976,16.873994782608698,13.25932811594203,13.25932811594203
268050004,7507414576,12.716520000000001,8.55672,11.094666666666662
268121005,305252198,30.42335999999999,6.8490400000000005,6.558493333333334
268087002,11206654432,6.707706666666667,8.906306666666667,14.8614
267035014,10761858355,36.08374545454544,11.462053333333328,29.601705454545435
267143001/02,11051624063,28.474032820512825,14.922800000000004,21.852472820512823
268108028,31095513,20.554698888888883,10.890813333333332,5.379720000000001
267066004,2407198609,30.389849523809517,18.780862857142854,16.01556952380953
267028036,345570396,27.127161379310344,5.54084,30.93981166666667
268042015,2416543642,19.04012444444444,14.338293333333334,26.020545641025635
268014005,2375574775,22.503316666666663,13.908679999999997,19.256586666666667
267110005,11417827766,34.01541142857142,7.800479999999999,27.414398095238088
267066005,2407146630,28.726546666666664,17.252916190476185,14.487622857142856
268003006,2369340282,11.384013333333336,6.4020399999999995,6.760733333333333
267076006,2607788735,22.44986666666667,6.08244,22.533106666666672
268113001,8733529204,15.936973333333329,11.637500317460315,6.960000000000003
267029030,12638397,14.67546358974359,8.38094358974359,22.710004444444444
267100027,10200690401,27.820913623188417,12.587026666666667,32.422246956521754
267133020,294013400,49.96859333333332,6.86632,42.06563333333332
268141007,3577629911,7.442893333333334,5.103506666666666,3.672386666666667
268067001,2380292203,25.240600000000004,4.02148,20.63582666666667
267134021,253315139,35.61727215686275,15.114372549019606,27.050805490196076
267065018,11541657154,32.30974666666667,10.137506666666667,37.99594666666666
267092058,13453171723,24.35926666666667,6.400413333333333,10.319079999999996
267039007,7546073407,12.038666666666668,17.13134666666667,27.116666666666656
268005005,2399638671,11.880146666666667,2.8732800000000003,8.979413333333332
268016007,4403616259,21.117092121212128,0.36235999999999996,15.44629333333333
267119003,4840965713,43.03233333333332,32.74649333333334,36.410773333333324
267125015,1419916267,17.313325714285714,10.723160000000002,19.383811428571427
268050006,13155146544,12.891546666666667,8.573786666666667,12.071613333333328
268109003,6432546738,15.768640350877194,2.0134,4.690053333333333
267104026,5192101062,55.27357894736842,16.56054666666667,48.672565614035086
268116009,13246855122,13.696728484848485,5.260706666666667,11.577408484848487
267075002,648318585,11.488626666666663,5.818826666666666,5.832493333333334
267101003,9421685906,20.11818814814815,5.959826666666666,24.71952148148148
267034004,12749895590,23.630353725490192,8.004040000000002,25.187607058823524
268127006,67079552,13.638693333333332,6.008906666666666,17.655204444444447
268008005,4892942098,23.175173333333337,6.432319999999999,16.249266666666667
268128014,8828260397,3.958493333333334,6.9288533333333335,12.464836875000001
267092016/02,2370758982,,,
267002020,5380331732,58.60171555555555,5.613919999999999,52.00070222222221
267099012,6062523683,36.70987,9.962026666666665,28.143403333333335
267036008,1411048399,22.90669333333334,8.487933333333332,21.954528888888884
268071017,187761769,12.888000000000002,11.314706666666666,16.06758383838384
268144006,122827620,22.48030615384615,10.924533333333333,17.34678666666667
268091005,670986,19.066555897435908,8.47768,8.47768
268106019,11877130002,6.821266666666667,7.441373333333335,4.674826666666666
267150003,8607478343,30.656314782608696,19.61293777777777,23.119032982456137
267032011,11963633671,29.671899487179473,16.616253333333336,5.927653333333333
268110017,692434327,22.804346111111105,9.076253333333334,9.244013333333335
267042004/267043001,11042609038,14.323786666666669,7.958013333333332,23.58981948717949
267156011,8630510196,17.798314782608692,13.278543076923079,14.183648115942026
267155003,4204774705,15.495952156862744,8.940946666666665,11.88128549019608
267040049,12728842100,33.801466666666656,9.292533333333331,35.54905000000001
268034008,2369219556,22.823180309810663,2.7172666666666667,8.934053333333333
267133001/04,13230450898,91.88233333333332,49.40289333333333,84.45350666666666
267038004,13380678652,28.02152774193549,14.83968,39.355493333333335
267032008,10673754597,24.707088888888894,6.659826666666665,26.23280820512821
267049024,8856919745,33.732479999999995,10.523066666666667,24.008533333333332
268042013,1426961798,19.62516444444445,13.440733333333336,29.13318920634921
268041001,1427047543,13.059840000000001,10.305293333333333,13.76508231884058
267074002/03,6053039369,16.39730666666667,11.462506666666666,14.606760000000003
268129011,13361266319,20.73625333333333,10.984706666666666,18.80393230769231
268006024,3943761144,28.52650602409638,6.452906666666666,20.577253333333328
268043007,5429845873,,,
268105010,2522661575,6.8721733333333335,5.21172,3.3766133333333332
267002027,2366275216,58.13362222222223,8.9778,51.53260888888888
268072013/05,9394918866,22.997400000000003,10.88664,27.111965714285716
268113002,4340077692,18.15316,13.853686984126984,6.10156
268044003,1426961849,12.101950196078432,11.764536862745096,10.536403529411764
267035011/05,247123968,38.945216969696965,17.400053333333332,34.122505454545454
267139003,943286607,26.181805925925936,12.256013333333332,16.46253333333333
267018002,13009235896,15.650249122807018,7.127120000000001,13.020369122807015
267029009,13096337928,23.26581025641025,5.566226666666665,30.32096394366198
268116002,14047306127,11.155627793427232,5.465080000000001,8.429041126760564
267013016,286035092,,0.5771999999999999,
267083002,46563428,28.39123833333334,3.541559999999999,31.68223833333334
267065025,253337155,33.42018666666667,5.3682799999999995,32.46133333333333
267092047,768004027,19.248183908045977,15.28454390804598,15.204710107526886
267003012,2384164507,41.180893333333344,5.993773333333333,34.579879999999996
268043003,3306521972,10.209013333333335,9.025906666666666,18.89502666666666
267155007,8657333889,17.895937777777775,3.6813200000000004,14.281271111111106
268052006,530577993,12.872205614035089,7.525466666666665,11.750625185185182
267135007,2367078993,34.39470871794871,1.48292,26.965882051282048
268067006,5280993960,24.546744444444453,15.6108,22.02519777777778
267147012,6226092163,16.50671111111111,7.888453333333333,9.874946666666668
268069001,3732193620,25.299462222222232,13.603026666666665,6.048773333333333
268008017/02,12595107122,,,
268008011,301824555,25.912775000000007,12.192079999999999,25.59281500000001
267066012,12471777001,25.012822857142854,13.40383619047619,10.638542857142857
268148001,433939074,12.83047927927928,10.34686861788618,7.639533333333332
267028006,14949619,20.709135172413788,8.822653333333333,24.174081839080454
268125001/01,295514379,26.511968205128213,8.307799999999999,17.30545333333333
268062009,301804325,6.992253333333333,6.248213333333333,10.303053333333335
268048009,3199793927,11.544583921568627,3.8559200000000002,4.130973333333334
267158023,2570916799,25.951102857142857,4.02376,23.50835619047619
268133001,2980286508,12.799051082251081,4.719933333333334,6.928680000000002
267003020,479843890,57.716946666666686,5.80132,51.11593333333334
268074004,2941847902,16.873293333333333,5.8988,16.394773333333337
267143019,9624524711,29.336851428571432,13.043826666666664,22.715291428571433
268010010,13309231471,9.445453333333337,7.140359999999999,5.305253333333335
268007002,1261494720,12.896842380952382,4.416706666666666,11.292295714285713
267147011,6225063341,14.971977777777782,7.962159999999999,8.340213333333335
267002002/03,6229223106,61.04486222222223,7.591866666666667,54.44384888888888
267029012,13084295751,24.340782857142845,14.319266666666666,28.772381025641046
268143024/04,9294899466,18.761703333333333,11.608533333333332,10.77524
267143018,9008466761,31.149026666666668,12.682613333333329,24.52746666666667
268005001,469313723,13.626733333333332,5.6005866666666675,7.7673733333333335
268078008,2894522727,20.71045833333334,7.925013333333335,15.378725000000006
267088008,4214471327,24.438437101449274,7.311333333333335,25.496917101449274
267030011,18238298,17.485774074074072,8.144266666666665,13.813728115942029
268007008,6176572942,17.750798974358975,7.870306666666668,15.026212307692308
267114002,7813629425,23.067086666666658,8.709333333333337,26.424072463768105
267123004,1426131523,57.57250456140353,15.990640000000003,50.97149122807018
268061012,297387944,23.07445079365079,2.03544,9.354373333333333
267140054,2120180024,28.763179442586416,12.434346666666666,28.780779442586418
267124009,4960767708,22.647299047619057,9.558439999999997,21.014276190476192
268028001,6370510023,9.463674920634922,8.275853333333336,7.411431111111112
267040044,12837001214,31.76398666666666,9.860239999999997,29.420583333333333
268154006,1396001358,15.87939259259259,12.695506666666665,20.18193222222222
267044006,2406333383,23.825377777777785,8.559319999999998,16.840859487179486
268096007,10827085461,8.708760000000003,4.573493333333333,4.179026666666667
267147029,4352502246,12.437653333333335,11.418043537414967,5.095226666666666
267048002,3001074284,27.59248148148149,3.3374666666666664,24.636331666666663
267100015,248975496,31.220634509803926,3.816253333333334,30.407872380952377
268044004,1426961872,12.31564,12.460332929292933,11.2321995959596
267111010/02,3985799890,19.69046857142857,15.44230222222222,13.089455238095242
267133027,2986146510,41.53894444444443,14.268640000000001,34.11011777777779
267071003,657950351,19.07978333333333,3.614106666666667,18.803423333333328
267147004,12558252119,10.063093333333338,10.341310123456791,2.720666666666667
268061002,192306725,18.191806495726496,6.83336,6.4216000000000015
268160011,1401680620,8.709102857142858,10.094249523809527,8.20415619047619
267115014,11178258923,22.693500000000004,4.205266666666668,27.77668
268079003,13356500776,19.156177460317462,4.942706666666665,16.687815686274508
268134010,3115546718,24.38206666666666,16.835172380952383,21.892372380952374
268162013,4698140936,7.594693333333335,4.668293333333334,10.519150144927538
267153004,8627014883,24.94114888888889,5.897866666666667,15.471020833333332
268015017,6381722825,22.651133333333327,14.329053333333336,16.690903703703704
267049018,8857701522,33.64638956521739,5.907893333333333,23.922442898550717
267124004,8390500407,23.406911111111118,10.386906666666665,20.247651515151517
268159007/02,2761831277,15.176291666666666,13.451893333333333,12.314665
268132003/01,12205524054,14.740968888888887,0.35253333333333337,11.50122666666667
267050030,8949804922,22.369278518518527,13.621985185185185,14.673905185185186
267134020,253315374,32.868072156862745,15.104317647058828,24.30160549019608
267053019,3325561580,36.23967999999999,4.7323200000000005,21.065586666666672
268161005,4064133392,4.127133333333334,4.137093333333333,6.039933333333333
268016001,530807845,20.90587393939393,10.842786666666667,11.834903703703706
268104003,1836351034,12.477880000000004,5.784120000000001,7.3321466666666675
267079008,12496934062,21.723851666666672,6.973159999999999,14.151480000000005
267123022,568231597,34.10021122807018,13.286480000000001,27.499197894736845
268094012,82661810,15.94647534883721,9.811706666666664,11.259828571428573
268009012,336142120,11.836669616519176,2.751906666666667,1.29676
268096015,3978749605,9.042333333333335,5.5951466666666665,2.2665066666666664
267097018,13464991690,23.627729696969713,2.834200000000001,23.942286666666668
268042014,7500295161,21.29784444444444,14.190066666666667,26.67324111111111
268036001,11961758383,13.388243076923077,10.660616410256411,12.70493641025641
268113016,8911954096,,,
267131024,26472844,42.22272784313726,4.050906666666666,34.79390117647059
267085004,10795929032,25.722600000000014,18.388666666666666,31.572943188405805
267154004,2484031245,24.83083358024691,4.4254,22.004857777777776
268104011/01,13790152400,13.520147017543858,4.5378533333333335,4.551760000000001
267017011,598194930,15.088089122807018,1.8905866666666664,12.458209122807018
267029028,12883609870,20.036315555555557,12.57838666666667,22.764915555555557
268078002,7563217024,,,
267127006,181285599,9.595466666666669,6.452426666666667,11.920173333333333
267080024,247804737,29.403120000000005,21.89458666666668,34.118413333333336
267052009,8699712998,16.938998787878784,7.794893333333334,21.562812121212122
268084004,292680648,17.8393397979798,8.259866666666664,12.892953131313131
268127004,10276847622,5.656053333333333,8.720946666666666,21.387936140350874
267058001/01,11833844382,29.029285925925933,10.672493333333332,20.458373333333334
267026005,701760728,21.876453333333345,10.717493333333332,6.784826666666666
267092043,12710296619,22.70605057471263,18.74241057471264,20.561786666666652
267002035,9413873488,52.74532666666665,11.7122,44.122099999999975
268096001,540519806,5.036960000000002,8.43043142857143,0.3950266666666667
268129027,13983864245,15.094134460093903,4.664293333333332,12.367547793427235
267005001/01,9575309211,21.530221666666662,0.0,14.608000000000004
267100083,8779260345,12.361346666666666,17.80616407407408,23.355384604811
268082002,5152933613,11.621213333333333,5.450506666666666,5.66808
267104007,9444718205,47.17029894736842,24.947653333333335,40.56928561403508
267097002,674100088,28.158906666666677,16.507693333333332,31.15170000000001
267126007,13726932742,17.353306666666665,15.283946666666663,22.761218983050846
267087005,1333921854,22.107917101449274,11.300373333333333,23.166397101449274
268089009,2423092474,7.229026666666667,6.798506666666668,9.013493333333336
267132004,253181917,32.30829333333333,5.735533333333334,24.879466666666666
267103004/03,10210387164,31.033870476190472,12.68757333333333,34.750613333333334
268100006,914786444,12.111184761904761,5.472573333333332,10.017746666666666
267117002,11042609059,15.46008,14.714010909090907,22.121237575757583
268006039,245807860,27.993402380952382,7.449186666666666,21.573533333333323
268021011,16712007,14.594365925925926,9.008853333333331,10.1626
267083006,9671884764,21.60371666666666,13.918186666666669,28.3584494117647
267035012,2379327169,76.11485333333334,47.085173333333344,97.25636941176474
267040048,290791711,32.826613333333334,11.595093333333331,36.29155999999999
268112004,8764059236,15.05079246376812,7.039960000000003,10.753819130434781
267031009,12981939867,26.11495999999998,12.046200000000002,32.30249000000001
268018012/268018015,3927243640,18.12832842105264,3.6954933333333333,9.518319999999997
267094010,1523394179,52.86433122807018,11.447293333333333,46.26331789473685
267053023,9555196219,40.407453333333336,15.73386666666667,28.771133333333335
267039016,267124210,9.057066666666666,9.758613333333331,29.045639999999995
268136012,1499519378,15.233583529411762,5.428386666666668,16.380351111111107
267112005/01,4867470391,61.329786666666664,6.893,54.70822666666666
267110011,3647682701,32.30282008658009,12.831578181818182,25.70180675324676
267029024,12881401341,19.56470896551726,7.404173333333331,23.02965563218392
267092016/03,11635890389,39.01738666666666,9.607093333333331,41.60003010752688
267096005,13463031178,23.109584242424244,4.515506666666667,25.736914999999993
267067010,597119752,12.397920000000001,5.985533333333334,13.286066236559142
267040027,12966960508,27.760476666666662,7.836186666666666,25.35974333333333
267050029,4852743966,20.122558518518517,10.536786666666666,12.427185185185186
267004012,968717633,50.43596000000001,30.344826666666666,45.26418666666668
267075001,13009343716,14.64576,1.6667866666666669,8.989626666666664
267084015,9442545006,21.37720363636364,17.242025612648224,29.721398945981544
268093005,4898433740,25.316559487179482,13.760786666666666,19.14088
267103004/02,8828049910,27.231951111111105,15.359999999999994,31.833284444444434
268012005,1276534264,21.855913333333337,5.617813333333333,18.741699999999998
268129001,2760559814,11.027706666666665,10.612893333333336,11.192559411764707
268106004,8063466704,9.886079999999998,5.684786666666667,4.747226666666665
267067001/267067012,335575580,8.852213333333335,3.979813333333334,12.067626236559141
268032018,6204193903,15.363066666666665,8.216906666666668,17.73207135135135
267020018,9399302278,6.808626666666667,9.80516,17.84454666666667
267118022,6780530203,53.212937921727395,8.497493333333331,46.611924588394054
267028115,12726003403,14.836494712643681,3.868466666666667,32.74894083876981
267041001,16465356,24.243475151515145,10.24154666666667,26.004503859649127
267147024,4485947658,12.368359999999997,10.141933333333332,13.628279999999997
268009017,247176554,16.476109616519178,0.4722,7.411626666666667
267053005,11876240526,31.795869696969696,6.654599999999999,22.071923030303026
267103023,9015365376,22.415239999999997,9.877733333333335,27.016573333333334
268159003,2373513260,14.61384238095238,10.74117333333333,10.559559999999998
268031010,8931357565,15.346920000000003,2.50684,18.555678974358973
268026008,4892641879,15.15547298245614,9.99662666666667,14.862719999999998
268085002,2609826917,15.302218333333334,2.1566533333333333,9.970485000000004
268045007,3490840133,5.387426666666666,9.014946666666665,11.680573333333333
268143018/01,3184268454,13.668387500000001,12.478174166666667,6.126426666666666
267041011/01,12685875753,,,
267045003,140405215,22.023929999999996,9.269346666666669,17.000526153846156
267101015,21519305,21.81419111111111,7.30213333333333,26.41552444444444
268110006,654062761,18.33167944444444,8.169906666666668,10.101426666666667
268043006,129978365,15.376546666666663,8.677426666666667,24.06256
267007012,9546098336,24.98504190476191,17.577826666666667,28.276041904761904
267084039,9995200870,,0.0,
268136003,13255085713,11.68833333333333,2.6070399999999996,15.421166327683615
267154001,4842394914,21.30720691358025,11.691093333333335,25.356233580246915
268160003,8558506048,19.820210000000007,9.643813333333334,14.659106666666666
268051009,13356294917,16.132450476190474,10.796160000000002,15.886183809523809
268067010,2372734220,17.57995777777778,11.388093333333332,15.058411111111111
267095005,8942514618,26.420253333333335,13.574346666666669,37.76827999999999
267150017,8660643776,22.04086201550388,14.797693333333335,17.445828571428574
268108008/03,2177304014,20.673262424242427,4.381093333333333,11.747342424242424
267139004,8533719852,28.897141666666666,10.313453333333335,20.23449333333334
267150007,8599862109,19.464528682170542,14.073822528735635,15.160721904761905
267064005,4960815483,18.655299858156027,4.579466666666667,21.9451265248227
268160010,9832322609,11.546674074074073,4.273573333333333,6.300133333333335
267042002/02,11114888541,24.7824,2.627146666666667,20.384573333333332
267007021,248081901,22.124748333333333,15.453953333333333,25.415748333333333
267143020,9008466814,28.319333333333347,9.85292,21.69777333333335
267132003,2367031424,37.15057333333334,8.609959999999997,29.721746666666665
268081018,4781416585,7.567764102564102,3.6894666666666667,2.8413466666666665
268108017/02,3634969401,20.023064444444444,11.296226666666666,6.429199999999999
267098003,6323421199,47.09621333333334,1.89444,35.44464000000001
268112003,8757669528,14.168813333333333,12.871589999999998,15.02807851851852
267014004/01,9672942379,91.15373333333335,10.542480000000003,83.72490666666667
267112010,9646116159,49.34888000000002,4.998666666666667,46.703933333333346
267038003,13295438184,,,
268115017,9601747812,8.554346666666667,5.055893333333334,10.035653333333334
267069001/04,12509144374,21.49494666666667,5.835853333333334,20.11624
268021007,2375077228,13.70137219858156,11.102279999999997,6.811813333333333
268035006,15413061,20.14973641025641,4.431066666666666,15.07297333333333
267095030,253239408,6.649826666666668,5.462773333333334,28.248533333333338
267118015,12556362300,51.83930099865048,19.422975384615388,45.23828766531714
267093001,11541780368,75.06221333333335,26.346666666666668,68.46119999999999
267119004/02,11649653387,40.29734205128204,5.320466666666667,34.31152
267046006,6433689573,25.267283333333346,13.876213333333338,12.078613333333333
267100004,9012701478,24.44572242424243,9.771805765765764,29.004459099099094
268114001,5590812120,12.122593333333336,8.007066666666663,14.948062222222223
267130009,257306435,25.124239999999993,6.594173333333333,18.523226666666663
268066009,2375495122,16.95562419753086,7.588186666666666,6.588639999999999
267095031,2380397777,6.590106666666666,14.224519999999995,37.37894666666668
268061009,2964375028,18.8608107936508,5.003546666666666,9.862266666666667
267078002,13102460420,25.327453333333334,17.59332,30.37501333333333
267028004/02/05,6190352557,12.444546666666666,16.826133333333335,30.029167179487178
268086002,4939797798,15.020199999999996,8.410346666666667,6.549066666666666
268161003,5967961084,11.985626666666665,3.741666666666667,1.5451333333333332
267140050,11591274738,25.558460512820506,2.94308,18.936900512820518
268010005,479669445,8.117437894736842,4.3979333333333335,3.1431466666666665
267134005,12630265763,36.654546666666675,17.844359999999995,28.08808
267105011,3870813568,44.810263492063505,19.428960000000004,38.209250158730164
267097015,14015495436,27.056353191489375,7.656066666666666,30.34617985815604
267011003,230302711,24.241312156862737,8.085439999999998,18.477770370370372
268032002,4935950136,9.437986666666667,9.569106666666668,11.700924684684686
267144002,243888691,20.535026666666667,11.908226666666666,10.41368
267059001,257930255,15.158751515151517,8.183866666666667,14.42792484848485
268083001,2951477095,21.867359999999998,11.84153696969697,10.736283636363641
267051015,13175397852,12.897053333333329,16.167177777777777,17.701907642276424
267048001,13723229962,43.626860000000015,31.155573333333326,37.99927333333335
268050001,243910134,18.0949896969697,8.448906666666668,8.182533333333332
268144015,585345781,18.8152,8.396226666666669,12.931426666666669
267125008,185384577,17.69684571428571,10.385626666666667,19.386066666666668
267028094,353115871,6.639173333333333,17.60492,30.458335652173908
268057001,196222358,20.680267246376808,9.092493333333332,7.987239999999999
267021009,984477528,19.527933333333344,8.085213333333334,4.436306666666667
267036006/01,13298256695,15.738908405797101,12.27381507246377,12.443001739130434
267065023/01/267065010,715050317,24.83093333333333,23.76147888888889,45.81993222222221
268123008,305245782,18.663906666666666,5.8516666666666675,5.962813333333333
267118017/02,12504980425,49.55601894736843,10.688746666666665,42.955005614035095
267074006/01,1351454912,18.445386666666668,11.429746666666665,16.83820888888889
267097014,14020902610,31.605139858156022,9.00936,34.89496652482267
267151012,8622642924,20.51553925925925,8.87310666666667,8.671280000000001
268148004/03,5733881064,24.318825945945942,8.291666666666666,17.24589777777777
268117004,8661849756,2.5400000000000005,3.4782000000000006,6.53319619047619
267033006,12823455923,15.271929523809517,10.791276190476193,18.59824769230769
267149009,8612020955,31.781109743589745,12.241039999999998,26.022007499999997
267082008,260022254,27.50806666666666,7.744093333333335,14.398679999999995
267049001,5222541516,28.874251666666673,16.334118333333336,27.794078333333335
268128018,2989604050,14.550413333333337,7.917706666666666,12.054860512820515
268004011,6201965273,15.531933333333333,6.659626666666666,17.75925801801802
267153003,10148550921,24.67585555555555,5.632573333333332,15.205727499999998
268108010,5602544837,19.114862424242425,4.5885333333333325,10.188942424242423
268149005,3227988046,10.937231345029241,8.028893333333333,8.009986666666668
268005016,2399657810,8.906613333333333,6.704546666666666,10.017053333333335
267058001/02,14072621737,,,
267143022,1420913459,29.49826545454545,11.210799999999995,23.016225454545452
268068002,1276542218,22.031238333333338,8.173066666666667,14.580291666666664
267043003,212614601,11.160626666666662,16.785999999999998,30.36038
267108008,10309865066,18.22122046511628,2.9389600000000002,15.203676944444446
267024002,658116655,19.098299047619044,5.0722000000000005,17.037598620689657
267025005,1424141485,19.352689523809527,12.699253333333333,5.4226
268059005,6378526011,7.4370793574297185,8.0734,5.036160000000001
267123017,4163496621,42.24517122807018,6.599226666666667,35.64415789473685
268117009,13188793000,4.63756,1.9728133333333333,5.027809523809524
268037010,6363690158,19.031933333333335,11.985173333333334,12.611213333333334
267009008,13048859484,20.698125490196073,9.612546666666665,15.94093882352941
267147019,6231450020,15.640146666666668,7.896453333333337,13.004520000000003
268123006,295516509,15.173133333333334,10.485026666666668,9.053386666666666
267148003,11025908280,21.413189523809525,8.098293333333334,20.099853333333332
268037014,4006179052,,,
267132031,253182788,31.73244615384615,15.281408333333331,24.303619487179486
267132029,12771754642,35.61913052631576,13.59398666666667,28.190303859649116
267148018,8623798163,23.97603151515152,8.919186666666667,24.22685333333333
267117007,2474110723,15.094353333333336,7.2292666666666685,20.40317913043479
267013011/02,13856934593,21.76786153846154,6.888826666666666,27.108850523968783
267055003,12652243336,11.739373333333333,16.435141666666663,8.342733333333332
268030015,12867459,21.057300606060608,15.288567536231884,18.175447536231886
267007008,9563305055,16.247981666666668,5.056066666666668,19.53898166666666
267002029,2384198091,49.54302666666668,11.78537333333333,42.94201333333333
267026008,11507854358,4.247453333333333,11.141253333333333,12.591693333333334
268119004,7503785086,16.457971162790702,9.204053333333333,13.785059999999998
268022015,5421162069,1.9708533333333336,10.647279999999997,12.968622857142858
268087001,305405460,4.05548,6.254080000000001,12.710573333333333
268118002,5606170688,22.588396666666664,15.793649999999998,18.130156666666668
268129002,5155929162,10.19736,9.782546666666669,12.539279411764705
268144012,3647679549,20.609366666666666,5.651773333333333,17.804480833333333
267036009,1411048434,20.255835555555556,12.417719999999997,17.49602222222222
267116004,7773666799,23.525994871794875,7.9261333333333335,28.86698385730212
267040046,956568887,32.063693333333326,7.55476,33.81127666666667
267091002,10686113354,128.12520571428576,0.9243866666666667,121.94311238095239
268111013,8912352497,17.498979130434787,0.6854933333333334,13.202005797101442
267144004,11571541508,18.653708148148148,10.488573333333326,10.884226666666661
267027016/02,12812002161,,,
268028003,6370510047,10.758523809523808,5.696600000000001,9.992257777777777
268103004,358540413,8.71628,10.520853333333331,15.916354444444446
268108026/01,10120757387,18.230909090909094,11.815713703703702,5.985813333333334
267103001/14,11720916899,25.80723111111111,13.992617777777781,30.408564444444444
268080007,4890431828,3.8573066666666667,8.784917894736841,3.677333333333334
268091003,1410013756,20.039115555555554,9.455639999999999,9.455639999999999
268030010,616342187,17.93959897435897,10.269479999999996,15.848932307692307
268119003,7503785098,19.95122666666667,6.415213333333332,13.622670833333334
268058002,247417793,10.988773333333333,11.16841333333333,11.558506666666666
267084029,282730514,31.955362807017544,8.499400000000001,25.473322807017546
268113004,2499322728,13.325746666666666,14.44505602996255,11.109306666666669
267099015/01,1882280912,42.58743333333334,14.682173333333337,34.49754
267028087,353011116,15.66276,18.588979459459463,21.82036612612613
268067011,12692137191,28.21216,7.741466666666666,22.509386666666668
267007006,12198796831,16.06577333333333,3.198226666666668,19.177448484848476
268137011,8907166767,15.919821890547265,2.796066666666667,3.1518533333333334
267092036,2371109677,20.881170574712655,6.843239999999999,15.053483440860216
267080017,12269969427,22.698186666666665,13.543586666666664,21.40144549019609
267007018,2392870746,18.755668333333332,12.084873333333336,22.046668333333333
268115005,8659081532,11.541053333333334,7.8766266666666676,12.924559999999998
267040038,12836647167,31.390413333333324,13.865800000000005,31.802316666666666
268084002,1414512072,17.622711666666667,4.837266666666667,12.290978333333337
267118019,6780533803,57.06951228070177,9.482066666666668,50.46849894736843
267003010,10920239237,42.88936000000001,3.0656933333333334,36.28834666666666
267074002,4846317796,18.955960000000008,11.996426666666672,15.140680000000007
268140005,3203357427,,,
267082003,260022359,23.845989999999993,12.477373333333333,10.65732
267050025,8998976761,21.91871531531532,13.582278518518514,14.201181981981984
267085023,11349742873,33.00426175438596,6.861173333333332,34.425479999999986
268156001,4204774696,14.490285490196078,10.873759999999999,10.875618823529413
267028090,6711711206,21.350346666666667,17.674466666666664,27.5079527927928
268132006,585345788,21.024133333333335,8.935733333333333,6.356533333333334
268150015,3594373525,,,
267066003,6329809473,25.60645925925925,13.820821818181823,12.649152380952385
267158009/02,9973592441,41.909614999999995,34.375588333333326,32.58945333333333
268095005,196401124,18.330459829059826,8.858173333333333,8.223373333333333
267118020,253485550,53.500858947368435,13.173306666666669,46.8998456140351
267057003,13449680455,19.208350476190482,7.8782000000000005,17.22855047619048
268112002,690147035,,,
268143008,3977133335,10.778800833333332,8.48356,4.99684
268073008,108037063,21.755142222222215,7.782386666666667,13.281546666666667
268044009,7491576154,14.999133333333328,14.036213333333329,17.1918568627451
267152001,8612706985,19.966709743589742,8.970498064516129,12.593271397849463
267028020,12925518213,20.138428717948717,3.4683466666666662,26.243759999999995
268130003,8390553458,15.388017777777774,8.729431111111113,15.12409333333333
268012010,339617038,28.676586666666665,12.646146666666668,26.155039999999996
268149008,628884554,10.798098011695904,5.880399999999999,7.78478666666667
268064002,2686868877,20.437926666666673,2.4547200000000005,15.97698
268099001,298693137,10.414468304093566,3.120373333333333,4.123106666666667
267053004,8923649488,30.904883030303036,12.592133333333333,21.18093636363636
267141010,5262665668,29.837224761904753,12.067533333333335,23.215664761904755
268144010,3647679549,20.609366666666666,5.651773333333333,17.804480833333333
267103003/02,1695324575,21.96669791666668,10.429551250000001,26.568031250000008
267045001,50865852,4.224586666666666,13.367973333333333,24.654046153846156
268114010,13137917911,12.8901103030303,6.306333333333333,14.14558412698412
267101018/267102004,5078837135,24.200143636363638,24.122840000000004,28.801476969696967
267100031,8783896706,27.86014666666665,4.8354133333333325,32.46147999999999
267048007,8686012841,26.667126666666675,6.280400000000002,23.237460000000006
267040004,11366992999,46.3826777777778,18.524106666666675,45.332796666666695
268039001,4825289491,20.311836190476207,9.032053333333332,16.89897714285714
268135006,6412468111,9.003293333333335,6.524360000000001,17.07901617486339
268088007,603162327,19.68687428571429,8.817973333333333,25.03480761904762
268071025,6077628613,23.178519166666664,14.355853333333332,23.500719166666666
267095033,255764394,12.3464,18.247426666666666,35.23707619047619
267015009,1411048192,19.69561333333333,8.136013333333336,19.20557222222222
267132042,58603358,36.64383952380953,10.242600000000001,29.21501285714286
267038015,13381955273,11.41064,13.96530666666667,24.421689195402287
268108011,3209238017,20.973779404761903,6.712386666666668,12.65676607142857
267109002,13160571712,19.560053333333332,10.683279999999996,25.594797647058822
268014009,2375515803,21.509216470588235,10.222866666666667,17.91806666666666
267003021,479844245,54.30409333333335,5.72548,47.70308
268061003,297388001,15.992257634408606,6.509226666666666,11.490763809523811
268021008,242783742,18.223499259259256,7.865626666666666,9.019373333333334
267127002,190767259,12.269013333333335,10.199653333333334,20.015242790697677
267028041,12788176762,14.712333333333339,12.60038666666667,32.624779459459454
268077010,1427047579,7.60412,6.007693333333334,9.677213333333334
268081009,12738760198,9.279164102564101,5.400866666666667,3.7835733333333335
267127008,3267279278,5.739600000000001,3.6702399999999997,13.485829457364341
267040001,5154336036,30.678613333333338,5.9562800000000005,34.08010333333335
267019001,3227845455,15.440760000000006,16.171186666666674,16.0072
267112013,4260065852,43.11737333333334,0.0,40.472426666666664
267065027/267065031,253983265,13.896799999999997,15.23563888888889,37.294092222222204
268041009,135686100,18.650013333333337,7.909133333333333,17.996990724637683
267097011,13464593295,29.07371636363636,11.029546666666665,31.719640000000005
267028117,950977420,18.498917419354832,1.0114666666666667,36.41136354548098
268148012,3124957079,6.851106666666668,5.988439999999999,9.519188070175439
268142001,12696444232,9.610346666666665,5.670666666666665,11.494827450980393
267095012,253241662,12.586146666666668,3.777346666666667,24.881853333333343
267123027,13525602941,49.12482456140352,4.507786666666666,42.523811228070166
268007005,4382235957,17.444316190476187,7.676013333333334,16.13728952380952
267134014,253312647,36.955613333333325,21.644384313725496,28.389146666666672
268045003,4906943494,12.375333333333325,4.278266666666666,10.378243478260872
267028088,353113889,17.603093333333334,19.300986666666663,23.760699459459467
267084020,9434513449,21.00669696969697,18.41758561264822,30.89695894598156
268109010,5064276594,,,
268031014,264588150,15.282066666666664,0.23443999999999995,18.482333333333333
267144013,8570238157,17.743002051282055,14.876520000000005,17.760602051282053
268077003,12140823031,17.207346666666663,6.536813333333333,15.394559999999997
268073005,4893019663,18.88723555555556,8.15424,10.785359999999999
267025008,3733416000,19.148769523809527,6.094666666666667,7.339706666666667
268020004,7488137858,25.2117,10.872946666666667,17.54650666666667
268131008,563895169,19.55281777777777,8.076266666666667,10.028066666666666
267092042,12710296580,22.816143908045966,18.85250390804597,20.671879999999987
267144009,440118868,18.883417575757576,6.383813333333333,18.901017575757578
267146008,9464710976,23.198546666666676,7.159239999999999,16.66389333333333
267133004,2986146734,39.325197777777795,13.646717142857142,31.89637111111111
268022002,5421563186,12.602426666666666,4.919920000000001,14.565693333333334
267088012,13647469561,22.438583768115944,11.006853333333337,23.49706376811594
268016002,4693897768,22.686646666666665,4.057733333333333,14.040426666666658
268156005,2763710405,10.41128,12.535066666666664,14.972893333333337
268087007,2516833444,8.543733333333334,10.742333333333333,8.486533333333334
268030006,4889112254,,,
268104008,131037494,11.182733333333337,4.488973333333333,7.520279999999999
268071009,49395794,30.065880000000003,15.353306666666667,24.289853333333337
267001001,3819434007,14.845599999999996,20.52499999999999,25.704118333333334
268021004,8592301840,15.702246315789466,3.7235999999999994,7.0522133333333334
268067003,2375494649,26.35344,8.35544,20.01221333333333
268120001,305241877,19.724357500000004,5.557266666666666,2.3927600000000004
267086011,8075903378,27.316160579710147,3.2945066666666665,28.752707246376815
268012003,339617057,26.839679999999998,10.809239999999996,24.31813333333333
268017020,11290217555,16.891378775510205,2.544373333333333,10.022413333333331
267152003,8612706762,27.16468307692308,4.67756,21.40558083333333
267103008,26446631,31.47240380952382,11.927546666666663,36.073737142857155
267120001,10703096888,,,
268102005,2434542151,13.342013333333334,3.0269466666666665,4.705346666666667
268095002,196401062,16.259966495726495,6.78768,6.152880000000001
267027004,6042956993,14.08923619047619,9.60858285714286,18.823994358974357
267100016,12804881955,30.171111111111106,4.585453333333333,27.124271111111103
267099014,10738213172,34.604046666666655,2.666240000000001,26.249346666666668
267085017,11349723671,30.16476842105263,13.763613333333332,31.585986666666667
267131013,254487384,41.27296274509805,3.199933333333333,33.844136078431376
267004003,2437707249,23.57417333333333,11.388946666666666,16.973159999999996
268119017,252650721,3.349546666666667,13.458639999999999,14.37675503267974
268143027,8092047088,12.220787482993197,9.471524444444444,5.5527733333333344
268132002,4884429438,17.464368888888885,6.261466666666668,5.76256
268041007,2402697472,20.861631111111112,11.530346666666665,21.312311111111118
267074005,4960557289,19.082008888888886,8.699880000000002,16.664582222222222
268018010/268018011,4783851359,18.061152108843537,5.987693333333332,6.8538266666666665
267040036,6206727438,28.691316666666676,8.231293333333333,26.290583333333345
268113005,5721061670,13.904080000000002,13.343602696629215,13.318186078431374
267100003,2103212434,37.321326666666685,14.383319999999998,37.69813777777778
267005005/02,821808547,16.300693333333335,12.26062761904762,17.324480952380956
268133011,2983557895,12.807414117647058,4.39632,10.391053333333335
267096012,336221329,36.585012121212124,7.359306666666667,33.649466666666676
268138003,3575151645,5.616413333333333,5.413506666666667,3.044093333333333
267109006,8719923348,16.336972121212114,4.572333333333333,20.96078545454545
267107009,4835935692,47.67520952380952,27.85215619047619,49.278129523809525
268083011,5760547139,,,
268116014,8526371063,14.86419207207207,12.160085405405406,13.749688484848487
268159009,6152800381,16.740906956521737,15.53936028985507,13.879280289855071
268159004,3889456412,13.42526695652174,12.223720289855073,10.563640289855071
267070005,319029826,19.49634666666668,8.507546666666666,20.327640000000017
267140015,441403004,24.95290857142857,5.482213333333332,18.33134857142857
267115008,7773412227,25.987564444444438,9.756213333333333,29.620448888888884
268137003,564540054,11.257499607843137,3.5426133333333336,8.417986666666666
268045006,4893614151,7.796266666666667,10.171084057971012,9.479573333333331
268097004,6007637185,7.653493333333332,0.0,4.716986666666667
268145012,90399052,20.366618271604935,9.84696,14.828973333333336
267020008,193313078,16.04105333333333,4.727866666666666,20.3137161904762
268109014,1025224311,,,
267151005,8622642610,21.529508571428565,2.1047333333333333,2.2155333333333336
267084002,9470125025,30.985412121212114,3.097346666666666,24.503372121212116
268143009,6095328037,9.682253333333337,8.56592,3.9026266666666656
268136014,2958830800,8.408103529411763,5.510719999999998,14.27741966101695
267100085,8743592927,19.10638666666667,12.62257333333333,23.707720000000013
268112005,4894670529,14.088677647058825,7.3553466666666685,17.42933913043478
268071004,4892983455,24.546386666666663,11.149226666666667,20.214079999999992
268006017,16054040,24.144426666666664,15.314253333333337,21.41983999999999
267138023,6673487478,19.298013333333316,5.207813333333333,20.55793333333332
268004010,5394214293,14.91950666666667,13.07670666666667,13.455780952380957
268038003,2775959359,26.347479166666673,9.920933333333336,19.5232525
268053003,1208286703,19.386079999999993,4.191626666666666,12.819839999999996
267145006,967958797,24.57368347826088,4.398413333333333,15.61148
267067005,659567964,14.44768253968254,6.583999999999999,14.53092253968254
267015001,13539044668,18.713224242424243,5.443000000000001,23.192314999999994
267028047,12784360410,26.35192137931034,5.737666666666667,31.1245975
268126007,2601615457,24.768546666666673,10.684973333333334,24.11552405797102
268113006,414605912,12.622560000000002,12.062082696629215,12.036666078431374
268108001,267594379,20.628319420289856,3.800933333333333,11.702399420289854
268148008,9998567486,8.5252,10.093573333333332,11.431441960784316
268003009,13912463924,10.237373333333332,6.002986666666667,2.52928
268162010,12844867692,12.539626666666665,10.034493333333332,12.651399999999999
267095023,10024512979,19.073879999999996,18.114586666666664,33.72351999999999
267085026/01,13822322572,,,
267065015,2926161254,30.29668,5.636893333333332,30.419346666666666
268108029/01,11278404248,19.694189090909088,9.920540370370372,5.5052933333333325
268145009,96782594,15.746036862745095,5.940840000000001,16.892804444444444
267051012,10816799151,28.748404848484846,16.378919999999997,30.114619047619044
267002008,247794166,56.03424000000002,10.285773333333331,49.43322666666667
267100052,252237477,26.103918260869566,8.721146666666668,30.7052515942029
267041009,13098421672,17.818330566037726,9.8244,17.135023899371063
267118025,14045474380,51.878154331983815,19.112413333333325,45.277140998650474
267075003,26795837,9.730470588235294,5.417533333333334,7.4787333333333335
268113012,2496325976,5.718559999999999,6.697693333333332,10.581665185185186
267126004,158307995,18.770960000000006,16.7016,23.86793090909091
268032007,2399617668,5.9832133333333335,8.80751135135135,10.851831351351347
268020001,12283746,20.437456666666666,5.905813333333333,13.680056666666667
268039009,320023071,16.885529523809524,12.296879999999998,13.472670476190475
267029006,12909556695,20.244850256410253,10.755399999999993,28.27939111111111
267065011,5305454682,37.60886666666667,18.028120000000005,31.007853333333326
268150013,224036036,12.419613333333333,5.593213333333333,12.531546666666676
267137005,4453018852,20.90606974358974,5.877960000000001,20.92366974358974
267143007,9008464902,30.13330666666667,13.518066666666666,23.51174666666667
268092001,4232896580,18.169608888888888,7.677266666666667,13.917533333333335
267132038/03,2986705565,32.74429894736843,7.050186666666667,25.315472280701766
268062004,301804966,11.170866666666663,7.391733333333333,13.406746666666669
267013001,10138723539,26.006826666666672,15.448626666666666,28.589295652173902
267058008,12753176854,24.812013333333326,13.177151111111113,17.713213333333336
267133019,294013263,48.6577,5.5554266666666665,40.75474
268004004,2399638656,19.595600000000005,8.873146666666665,19.32435294117648
268144002,2280550225,21.480699869281047,10.459906666666665,16.658759999999997
267051011,8691263338,25.047985454545458,10.037666666666667,29.671798787878792
267092019,3498845394,21.73078390804597,17.767143908045977,19.586519999999997
268006020,1472125202,20.166069047619047,14.441869047619047,14.603279999999994
267005004/01,5334535834,14.957693333333335,9.303346666666668,21.603487619047623
268060005,5591375265,11.39723420289855,6.088693333333333,7.221066666666666
267123006,1426131904,60.303211228070204,14.416946666666663,53.70219789473686
267050036,11867659928,20.935278518518523,12.187985185185179,13.239905185185181
268025001,9595988761,13.348286666666668,9.766286666666668,11.017660000000001
268070022/02,13112619110,14.746106666666666,4.391346666666666,9.08808
267085002,10771359401,26.937363636363628,12.282213333333335,26.998409855072456
267140011,9501236235,29.759657777777782,6.091106666666667,23.138097777777777
267080019,2370968926,16.51637333333333,11.253359999999997,25.00828333333334
267140047,9481712991,29.77202666666667,6.900506666666666,23.15046666666667
268064012,5581566335,13.038466666666666,7.222680000000001,8.57752
268124001/01,3828519394,21.94886666666667,10.25670666666667,16.534973333333333
267105014/01,3870813415,42.04461015873017,15.46017333333334,35.44359682539684
267092038,135525001,22.05523724137931,16.42187999999999,19.910973333333335
267083015,4860999112,23.97171833333333,6.458973333333332,27.262718333333332
268160008,247958832,12.151890952380956,11.326423333333334,11.646944285714287
267062005,262305648,23.61074962962962,10.583746666666666,18.251360000000002
267002005,2366275134,56.86641142857142,6.40388,50.265398095238076
267150013,8660643584,29.373208682170564,8.927426666666667,23.229222222222237
267080005,247804788,34.69576166666666,24.436253333333333,37.98676166666666
268007004,9016096722,14.24696990990991,6.269706666666666,10.41404990990991
267134019,5565524255,35.22557333333334,16.415386666666663,26.659106666666673
268002007,5306040127,4.862106666666667,1.4615199999999997,7.736133333333333
267133021,12695446686,49.10929999999998,6.0070266666666665,41.20633999999998
267158017,2986176060,24.623102857142857,7.980013333333334,22.18035619047619
268142013,12844867648,10.38626666666667,4.194039999999999,11.74028041666667
267053031,797844399,29.57338,5.933213333333333,13.663826666666662
267056004,336431567,22.35085333333334,5.702986666666666,7.100799999999999
267088009,8916366006,26.772837101449277,15.341106666666667,27.831317101449272
268110016,255237703,20.31606285714286,5.780386666666666,12.46776
267013009,8215550075,16.340256470588237,16.258083137254904,21.681245456095482
268072009,968117375,23.183592380952398,6.931479999999999,16.58257904761905
267041011/02,7552749480,23.793005128205138,17.828946666666674,22.188458461538467
267040011,12974683489,29.86357623188405,6.268893333333333,29.57564888888889
267032013,3014728844,22.46823999999999,5.6633200000000015,23.625493333333328
268075003,5591294297,12.793866666666668,8.511106666666667,15.908453333333334
268158007,1259427227,12.302095714285713,11.100549047619046,8.559133333333335
267064006,480187676,20.96363319148936,1.7717999999999998,24.253459858156027
268114012,13130527816,,,
267065007,12056316424,29.853386666666665,8.454359999999998,30.722679999999983
267012002,7037188727,26.973873333333337,4.327466666666667,23.678088484848484
267029033,13094909115,,,
267052013,11037883843,,,
267100033,2677020890,25.684344927536237,4.378519999999999,30.285678260869574
267108010,10313552103,18.69050666666666,12.947253333333334,20.840017142857146
268083002,2951477072,20.263306666666676,10.443706666666666,14.349700869565218
267076007,718457128,22.981653333333337,6.614226666666666,23.064893333333337
268061008,297388123,16.807010793650793,6.686533333333331,9.985146666666667
268160007,247958820,12.164104285714286,12.655743333333335,11.65915761904762
268002002,10198038294,12.016933333333332,0.90084,6.411266666666666
267123002,1426131816,57.34503789473686,11.458773333333335,50.74402456140351
267100073,10275874658,20.834364539007087,8.029333333333334,25.43569787234042
267115010,11112449465,29.27152444444444,14.253760000000002,30.833399999999997
268130004,2473982565,20.540191111111106,13.038626666666667,16.839093333333334
268110019,31093631,17.065219444444445,5.040866666666667,9.670013333333335
267097012,1411182214,30.59656,9.375226666666666,29.202833333333327
268101006,2748503053,14.47122666666667,4.672199999999999,8.221400000000001
267145010,4906671779,23.860991304347817,10.157440000000001,17.74036463768116
267028012,12896545195,21.803993333333324,5.647760000000001,25.268939999999986
267158012/03,9978426546,31.994999999999997,8.063906666666668,30.68746666666666
267030002,12757902336,19.27809777777777,11.294226666666672,21.250482499999993
267041002,12698901379,26.075090526315783,2.403386666666667,25.134730526315785
267106002,253314377,33.18429882352941,15.946917647058825,24.617832156862747
267030006,12752058685,19.488709743589748,3.8386933333333335,18.44161333333334
267116015,1284630782,16.720526666666665,6.074533333333335,20.077512463768112
268094005,4898462089,19.86894666666666,9.622853333333332,9.622853333333332
268108020,4043214036,,,
268065012,5570930742,19.49253333333333,7.588879999999999,13.733666666666664
268060007,6352547582,16.514834202898548,4.618533333333333,13.777613333333335
267095029,9585927626,9.265733333333333,4.63584,30.330413333333333
267050008,8951456880,30.27873185185184,8.006440000000001,13.06084
268154001,8699271402,15.14066666666666,12.183626666666667,18.23856564102563
267119009,11650696462,43.92447538461537,9.024573333333336,37.93865333333334
267041014/02,13006313542,19.502085128205124,13.777885128205128,17.897538461538453
268099018,280000999,12.036546666666663,2.5607333333333333,3.7186933333333325
267133022,267708268,47.85864666666667,6.854186666666667,39.95568666666666
268155003,8671840138,2.34744,11.354272727272727,13.211668888888887
268053007,12290882389,16.41635999999999,3.283986666666666,10.698946666666664
267032009,12837288946,24.008039999999998,4.348973333333333,25.165293333333334
267084007,287395983,34.34084363636363,12.723826666666666,33.2438
267134006,12621505570,32.72562666666666,11.236080000000003,24.15916
268026002,4892641834,13.861515714285712,13.423649047619046,13.356569047619045
267100022,1262250828,29.276576666666664,12.541999999999996,29.61161777777777
268084008,2136737704,18.454945945945948,6.8774533333333325,11.688666666666666
267049020,12003153157,29.410220512820512,0.5675066666666666,19.686273846153842
268071014,2401015151,17.648217499999998,15.204973333333333,17.9704175
267005004/03,4793204204,16.869333333333334,7.439546666666668,23.638780952380962
267035013,10761858384,34.18867878787878,9.566986666666663,27.706638787878777
267138016,8490680935,24.814899259259263,9.112346666666667,18.193339259259254
268108026/02,4230267778,37.875673333333324,22.174506666666662,29.78577999999999
268132024,4723328495,18.98522701298701,4.704933333333333,1.7109466666666668
267137003,8569706903,20.876188717948725,3.7157466666666674,20.893788717948723
267040043,12977222733,28.09438333333333,16.284293333333338,25.693649999999998
267007010,9543963010,18.934227179487184,9.807400000000001,20.01175333333333
267032005,12840332245,20.449328888888893,8.369973333333332,23.177928888888882
267099024,360859767,37.61453666666669,10.866693333333332,29.048069999999996
267147025/03,12793855553,11.21622666666667,9.824453333333333,6.066773333333332
267158011/02,10262576661,35.83406416666666,6.408586666666666,33.39131749999999
268006025,3943761198,23.339119357429734,6.14112,15.389866666666665
267122014,13314504235,19.981019259259256,7.455160000000001,25.953502222222216
267105021,253514111,35.55258614718615,10.55641333333333,28.95157281385281
267035002,10857963721,68.62945333333336,65.00724000000001,88.85994561264826
267157006,4698125479,20.918026666666663,4.368066666666667,13.75282666666667
268036007/01,11691284120,,,
268061013,9211896661,,,
268002018,5306037490,3.418453333333334,0.87632,9.274239999999999
267115013,11178258918,23.299313333333334,4.811080000000002,28.382493333333333
268150016,4877120215,13.47857497076023,1.375973333333333,8.342306666666667
268078006,5096143941,16.043627126436782,2.946946666666667,10.71189379310345
268057010,196244441,19.435613333333333,6.833893333333333,6.551679999999999
268075001,301805838,6.450453333333334,6.211386666666667,9.565040000000002
267138020,6670306513,26.705024561403523,2.9707066666666666,20.083464561403517
267152008,8612018703,26.961616410256408,8.913720000000001,21.202514166666663
268027009,315821321,15.297173333333335,12.683773333333335,15.983453333333333
268116007,11772737939,15.552321126760559,9.251053333333335,12.825734460093893
267140044,8641824954,32.91741122807017,3.3678533333333336,26.29585122807017
268111004,248896632,18.281372121212122,5.094786666666668,13.434092121212121
267063005,11508003369,24.894046524822702,2.9614799999999994,28.183873191489365
268087005,4847674574,16.964020928511758,11.742706666666669,14.107933333333325
267103024,248086091,18.091986666666664,5.312053333333335,22.693319999999996
268114005,688693392,15.841390256410255,14.304910303030304,17.087232463768114
267051008,8691262830,18.632158787878787,1.1151600000000002,23.255972121212128
268040011,320027260,23.44202285714288,10.223106666666668,19.734659999999987
267132016,253176533,42.84743228070176,16.691586666666673,35.41860561403508
268158004,266999893,18.066097499999998,10.830093333333332,6.408
268092003,12216218882,25.028440000000007,14.60946666666666,20.713386666666665
268055009,14021947533,11.428480000000002,1.45488,17.138007179487182
267084001,8301397067,25.96508070175439,9.709533333333335,19.956069473684213
267122006,11262868730,24.108184444444444,17.29308,28.673313580246905
268148010,10711120926,0.74252,,
267065030,12399611048,6.168106666666666,18.11898222222222,40.17743555555556
268113014,4894625276,4.436133333333334,11.335440000000004,14.882305185185185
267028007,12894580105,20.36057517241379,7.745093333333331,23.82552183908046
267084035,10721820144,30.62006666666667,15.29604,29.75809777777778
267003002,247795339,53.86244,10.947146666666667,47.26142666666666
267100009,10253754242,30.760910000000003,14.264586666666666,31.728204444444437
268073004,301796425,19.55226222222222,10.580200000000001,11.450386666666667
268145015,9569904316,19.32192848484849,10.392835862068965,12.276360000000002
267120016,1657411753,6.078119999999999,13.540503333333334,21.59886333333334
267050013,2982806316,18.977368648648646,12.666168648648648,11.259835315315318
267049029,7608596457,25.325816363636367,8.663306666666667,15.601869696969692
268049010,3201315210,13.368474545454553,0.016573333333333336,3.451693333333333
267121001,13607767693,34.15371259259258,19.968226666666673,37.892022222222224
267007016,8629064792,16.456587179487176,13.122439999999994,19.74758717948718
268110009,336175859,17.262559420289854,4.460960000000001,5.0053600000000005
267028009,717063452,22.580068965517246,8.666693333333335,26.045015632183922
268024001,247645359,13.41235,8.39688,12.522124975124377
268153012,3089005870,6.518653333333335,6.225493333333333,9.770989604519773
267053008,8988554446,36.338226666666664,4.696093333333333,21.02936000000001
268017014,2424875156,17.893226666666667,2.8919066666666664,12.554933333333327
268071024/04,10276931445,17.368613333333332,3.326346666666667,26.023675555555542
267020006,193302999,23.23740564971752,10.263560000000004,18.549266666666664
267079012,13477873547,22.054965811965815,4.06312,2.705306666666666
267003008,2383129734,51.56426666666668,6.33212,44.963253333333334
267140028,9481680718,23.157887179487197,9.501680000000004,16.536327179487174
267042002/01,10888496721,20.887680000000003,6.377946666666667,20.606886153846155
268132016,4855284629,15.626187450980392,10.081646842105263,13.697120784313727
268138010,6157615911,0.9762799999999999,3.68432,3.038066666666667
268117015,8669561247,9.86364,4.8583733333333345,7.787706666666668
268047007,3009456722,12.462493333333335,10.09588,6.52828
267079001,13364661212,,,
268141003,11085983327,9.743184978902953,9.578293333333335,3.0748800000000003
268046003,3009426684,17.882298479532164,6.087466666666667,17.49288571428572
268062010,3469266778,0.6636266666666667,3.129866666666666,5.323080000000001
268106017,6592996726,4.969800000000001,5.805973333333333,3.162746666666666
267158025,248817804,33.06201333333334,21.16916,31.75448
267151009,8657299969,26.150841904761915,5.23092,10.339199999999998
267034005,12749895595,21.905847058823532,7.061053333333334,23.463100392156864
268130011,2582434886,17.44345333333333,14.734642790697675,20.353656124031
267131008,4686839473,43.70406444444445,3.7066666666666674,36.275237777777775
267085015,10712736584,37.59903444444445,18.87272,36.312783188405795
268022014,2526639615,11.482646315789475,5.812879999999999,11.375956666666669
268110001,690284052,19.31447277777778,5.67956,13.044306666666671
267051007,8674508290,20.813431515151517,6.976613333333333,22.28285142857143
267089006,1514321479,15.521943157894741,7.345213333333334,16.58042315789474
268042023,241047659,15.058577777777776,7.665706666666666,24.566602539682542
268006040/02,11289779546,22.070682380952384,10.382586666666667,16.396346666666663
267100013,9015365549,26.6359631372549,5.559186666666666,30.582016470588233
267002018,2366243305,60.448808888888905,9.684813333333334,53.84779555555556
268029002,701150931,10.426211228070175,5.202693333333333,6.381680000000001
267052003,8681308382,22.436972121212122,7.979133333333337,20.940926666666662
267106019,13713651796,32.009820000000005,14.426359215686274,23.443353333333338
267137006,4874041252,18.47342974358974,8.14652,18.491029743589742
268026009,26389868,10.231712982456141,5.48344,11.366795555555557
268060012,3074541072,11.054693333333336,0.0,11.894960000000005
267104025,253321672,52.647378947368416,19.512013333333343,46.046365614035075
267100012,9020727924,28.953069803921554,9.53196,32.89912313725488
267050023,8998976750,21.668451851851856,12.921158518518519,13.973078518518518
267053017,8978171271,27.95946285714286,4.468133333333333,6.29452
268009013,13089153777,13.814229616519176,0.04362666666666667,3.3449066666666676
268080013,19080485,4.7607333333333335,7.97770456140351,2.337146666666667
268080015,699457895,3.0046933333333334,7.239637894736842,3.70224
268027013,541012232,3.5384533333333335,3.820653333333333,4.519120000000001
267019007,12986622439,,,
267118021,13351308515,51.506377921727434,11.150226666666669,44.9053645883941
267158007,634987972,24.234189090909087,10.094293333333336,21.791442424242423
267130010,257305656,23.153906666666664,8.76012,16.55289333333333
267105020,3517495183,24.612459047619055,7.282000000000001,18.011445714285717
267017010,13002658212,17.430789803921574,4.758053333333334,14.800909803921568
268064006,2686899149,14.135366666666666,6.094453333333333,9.53304
268108012,2381205139,21.06233628318584,11.48218666666667,11.997853333333337
268129006,8766416191,16.99844,2.9706133333333336,24.06649020833333
267001006,1727143367,12.293746666666662,17.97314666666666,24.259662857142857
268137008,8912197414,21.69005333333333,10.702066666666667,9.059586666666666
268109016,10204133784,11.096853684210526,2.5079733333333336,1.5671333333333333
268032014,5298760827,10.938628571428572,7.113235555555556,9.334081904761906
267085026/03,6033862574,21.286150000000006,16.97871238095238,27.07704231884059
267096001,11229561600,,,
267047001,8557905235,21.850350909090903,5.067106666666667,21.867950909090897
267150004,8660643647,26.48159703703704,9.031746666666667,22.250368888888897
267040054,12977682256,27.19679666666666,13.305293333333331,24.79606333333333
267100054,10896986884,23.26351602836879,7.006716028368795,20.216676028368788
267028070,12752899123,10.936826666666665,12.395306666666668,28.096535652173905
267022002,1302022071,17.46143404761905,14.912803809523814,12.121679999999998
267140049,9577651031,23.967140229885064,5.7189466666666675,17.345580229885055
267092053,13450231194,30.41716000000001,4.845773333333331,19.19309333333334
268072013/01/268072013/01,4793225818,21.947819047619053,14.658066666666667,15.346805714285717
268134007,537203676,15.574875223880605,4.792693333333333,10.793293333333336
267028004/02/07,12732144598,10.166693333333335,11.636346666666668,31.486868985507247
268072013/07,1528658103,26.597786666666668,14.47750666666667,23.149139047619048
267025009,1029631506,18.684889523809527,12.251293333333335,5.564466666666665
268139001/268139013,4571260266,5.425146666666667,3.366173333333334,2.405746666666667
268096018,3979498080,9.59978666666667,6.9135333333333335,3.5848933333333326
267020007,9403737187,19.54891137254902,2.057386666666667,17.71311619047619
268070013,3428788729,21.25070666666667,14.131893333333334,10.375719999999998
267084027,9611289432,32.93834787878787,6.104853333333332,26.45630787878787
268056005,1410014143,8.990866666666667,10.196760000000001,15.787648484848484
268145005,5526210602,17.72849157232704,7.929479999999999,18.881444444444437
267024007,4960302527,17.77830666666667,8.163546666666667,20.89931583333333
267006001,5316380114,99.51430000000002,57.13954666666667,92.89274
267094006/02,2399382805,65.73182456140354,6.541640000000001,59.13081122807019
268032017,6204396368,14.036933333333334,7.013306666666667,16.26425801801802
267044001,7700144140,24.961737777777778,7.3622266666666665,20.448946666666664
267003026,4988287243,45.43120000000001,5.360746666666667,38.83018666666666
267102003,6910128344,34.21230222222223,17.20098666666667,38.81363555555557
268031005,2400869876,16.03272,3.1926399999999995,17.20869230769231
268121001,822723172,27.525490833333336,1.7201466666666672,9.049253333333334
267103031,10258189543,21.610297916666678,8.751533333333333,26.211631250000007
268162016,13525132113,4.681493333333334,3.1768666666666667,9.64601358490566
268096017,11599631494,10.340453333333334,5.780666666666666,4.78328
267107004/03,11897759518,40.59836380952378,13.993293333333337,42.201283809523765
267028061,12950291069,24.654602758620676,12.981853333333337,33.02624045977011
267095025,253238678,12.747160000000001,15.00529333333333,35.637836190476186
268114004,718888949,13.911443636363638,11.20733696969697,14.068584126984126
267103029,2872203616,30.07985333333333,11.845999999999998,34.68118666666667
267134004,8239356727,35.41246666666666,16.602280000000004,26.846000000000004
267002043/03,4926629743,68.18562666666672,7.857626666666665,61.584613333333365
267040025/01,12800195011,43.82137,17.39584,41.42063666666668
267103016/01,9007340277,27.678146666666667,14.898213333333333,32.27948
268098005,1408753903,14.099628304093564,6.4628266666666665,4.6591733333333325
267044011,8615514599,16.08385777777778,7.344186666666666,15.95044615384615
268019005,12867357,24.404213333333335,16.553479999999997,17.094373333333333
268161008,389356,12.269004786324787,4.604653333333333,3.289319999999999
267028104,12944395144,11.031920000000007,10.353120000000006,29.72665699032365
267086007,8073007710,29.05736740740741,3.5918666666666668,30.493914074074077
268062001,4935194932,13.056306666666668,9.909519999999997,9.73296
268126008,2601615460,24.917933333333337,10.834359999999998,24.264910724637684
268016016/268016017,12140783094,14.548985454545456,6.205746666666668,10.85166358974359
268081016,6223603968,1.7220800000000003,2.114236111111111,3.2309027777777777
267142008,8541849001,23.425525925925925,9.872093333333334,25.283792592592594
268065007,4697245415,19.447253333333336,10.884066666666667,14.986306666666668
267095009,49572989,39.25156444444443,11.274933333333331,38.64194666666669
267123020,5809556925,51.80613122807016,11.379373333333332,45.20511789473685
268162003,2421668781,6.896159999999999,5.992466666666667,6.542000000000001
267142009,8534141894,19.99004592592593,6.436613333333333,21.8483125925926
267100070,8773398155,12.764960000000006,15.499428627450975,23.758997938144333
267138022,9988827653,24.66791857302118,6.299386666666667,19.144605925925926
268068005,1276543008,22.40026222222222,7.5484800000000005,13.783466666666667
267034001/05,10284186163,31.655053333333335,24.110601111111123,34.383653333333335
267148006,8522735229,28.11488848484849,6.682893333333333,16.3914
267052010,10157511842,17.70757212121212,9.679253333333332,22.331385454545455
267041012,13097927354,22.146023899371063,8.837773333333336,21.462717232704396
268157007,6378950165,8.29988,6.249173333333333,6.5795866666666685
267066009/01,2371420255,20.001605,11.679525000000002,15.686098333333332
268112014,256892243,17.684304313725484,3.0265333333333335,19.39755246376811
268082004,9825396972,8.031759999999998,4.631173333333332,5.895253333333332
267032003,243487223,16.88188888888889,8.326720000000003,19.61048888888888
267028033,13072626898,24.67244666666667,7.097293333333337,28.13739333333334
268064010,12867304,15.989099999999999,7.585640000000001,11.528153333333334
268077005,4870667011,17.79357847953216,4.680506666666667,14.979933333333333
267027017,11549093605,12.873333333333335,7.971159999999999,12.907959999999997
268080016,699457892,1.0158,8.249261501976285,5.691133333333332
267100006/01,254005470,26.00911393939395,8.790813333333336,30.61044727272728
267080012,243189068,15.90646358974359,7.816093333333333,10.126146666666667
267100051,1264145628,22.034291594202898,9.786893333333333,26.635624927536234
267041013,12682485752,23.899863899371066,1.7255200000000002,23.216557232704403
268080014,6935167523,4.603024561403509,5.840224561403509,1.0086933333333332
267002046,479843819,60.15756000000002,7.663200000000002,53.55654666666667
267045007,140404737,7.99288,15.505053333333333,22.377531428571423
268162017,12682489194,9.656986666666665,7.1518533333333325,9.89956
268135010,564125902,13.418592941176472,6.50512,15.987739672131147
267030012,917120617,21.73850000000001,14.472760000000003,17.543166376811595
267110009,253511189,33.90822311688312,11.065946666666665,27.307209783549787
268108024,11697075456,23.331896283185845,11.795279999999998,14.267413333333336
267139007,6188054792,27.27409142857143,12.891199999999998,23.74544606060606
267128005,241277207,13.43197803921569,10.848680000000002,1.2415466666666668
267028035,345572696,28.19175333333335,9.839799999999999,30.952913725490195
267105023,254605717,26.54333904761905,9.776173333333332,19.94232571428571
267146005,4881201906,22.272573333333337,17.057306666666662,14.930146666666666
267111005,7223729471,45.52665460317461,21.137213333333328,38.925641269841286
267049010,8899423174,23.22938,7.860280000000002,13.50543333333333
268127009,3112922390,7.4596399999999985,5.828306666666666,15.381992994350275
268005006,16157118,13.730346666666671,4.9117733333333335,10.817373333333334
268057003,2951477047,18.55901391304348,11.213746666666667,10.108493333333334
267147006,6548669426,,,
268105002,2522177373,6.898626666666668,4.593533333333332,2.758426666666667
268099002,890800341,12.835464761904765,4.374413333333333,7.920706666666669
267023007,247968649,22.2853473015873,11.527533333333334,20.225369523809523
268008008,301817295,25.315014999999995,4.30708,20.679879999999994
267158024,248817709,27.81605333333334,15.923200000000005,26.50852
267067007,432485339,15.152455873015871,7.288773333333332,15.235695873015873
267049021,8875791863,29.035303333333335,4.633066666666666,19.311356666666665
267114007,8275210118,19.40934724637681,12.248200000000004,20.845893913043486
267044010,247414987,16.72087777777778,10.637813333333334,18.36305333333333
267053020,9556553938,41.65898666666662,15.721266666666674,30.022666666666677
267086005,2582282592,,,
267099010,253515813,34.64373666666667,7.895893333333333,26.077270000000006
268110007,10949988042,17.185546111111115,8.303026666666666,8.539613333333334
267125004,12155948172,19.997019047619048,12.924693333333334,22.157173333333333
267020010,11884134792,,,
268111005,4894692802,14.208485797101455,7.376093333333334,9.911512463768116
267028114,6341487685,16.380824197530863,4.5148666666666655,33.813582222222216
268128010,4689354115,13.113223859649121,11.310357192982456,10.89712
268156006,1445223008,15.053159999999997,15.674106666666665,19.36856666666667
268108015/01,566889788,15.433451111111111,6.739266666666667,0.0
267146014,2463427009,16.557960000000005,11.342693333333331,9.215533333333333
267007013,9546098406,27.815855238095242,20.408640000000002,31.106855238095235
268003001,4970167326,7.647760000000001,4.247173333333333,5.078893333333332
267140051,4511368796,23.574673846153846,4.643866666666666,16.95311384615385
267028078,12779238458,14.594428045977017,8.669346666666668,32.50687417210314
267005003,394879443,28.900655238095236,23.033466666666655,22.29964190476191
268143024/01,223879861,17.208707482993198,7.773453333333334,8.314066666666667
268126001,243485680,24.356440000000006,19.422993333333334,22.16124
268006033,2760661749,23.32151935742973,9.124333333333336,12.645453333333338
268070005,1706682932,14.634997619047619,13.130354444444443,14.130050952380952
267003024,3280546326,50.34542666666668,2.9448266666666663,43.744413333333334
267078024,13432542033,6.7907466666666645,12.748693333333334,8.09309333333333
268044006,2393840293,11.54308,12.859079999999999,15.016306262626266
267132036,300735111,27.532784102564108,11.33837076923077,20.10395743589744
268149007,2369340262,10.390788304093569,4.941639999999999,4.419986666666667
267084021,9434505967,21.53204363636364,18.942932279314885,31.422305612648227
267084018,9442669996,27.34403030303031,7.971879999999999,27.24615652173913
267150012,13100359155,,,
267101009,6089379774,21.78454469135803,8.540733333333334,26.385878024691362
268002014,13234436624,3.8531066666666667,0.45252,8.549479999999997
268085010/01,6196929783,12.068012612612614,6.603468617886178,3.6649066666666665
268023011,9419054724,15.202746666666666,7.520239999999999,18.655335714285723
267056002,10044779979,15.725146666666662,13.170475000000005,2.8338133333333335
267125011,8130710455,13.719325714285718,3.1431066666666667,12.086302857142858
268094008,269235575,25.24416811594203,13.126973333333332,13.126973333333332
267088016,404004068,20.930958333333326,11.718013333333333,22.23943833333333
267040040,12830926817,33.2582,12.466880000000002,35.65970047619047
267096004,13326756226,26.699184242424245,12.450639999999998,31.178274999999996
267120003,1360746672,15.908026666666663,11.126746666666664,30.408077398373972
267022001,5286048442,15.87051047619047,12.015310476190475,9.481199999999998
268089011,13228202,12.02885212121212,4.278853333333332,11.335773333333334
267002024,2366243138,56.579328888888895,6.589360000000001,49.978315555555554
268148011,10711188259,,,
267039011,480013986,8.818360000000002,21.589573333333327,22.676640000000003
268085010/02,335717395,14.439738018018017,9.540687619047617,5.480840000000001
267040041,26452950,31.598077777777778,9.886653333333333,33.07947380952382
267108011,10313572189,19.107306666666656,10.922173333333335,18.655163809523806
267105022,253514508,33.109532813852816,9.214039999999999,26.508519480519478
267125007,1519165099,22.52412571428572,6.070239999999999,18.958786666666672
268068006,3790819607,20.431822222222227,5.5462533333333335,10.5918
267132027,5043314231,34.354571929824566,0.7870933333333333,26.925745263157896
268126004,243484814,18.950186666666674,14.509013333333334,18.297164057971024
268106010,1204233410,4.152186666666666,6.176013333333333,4.887186666666667
267105025,3512000994,23.582992380952383,6.815826666666668,16.981979047619046
268145014,4904503730,17.546622528735632,7.635929195402299,12.198262222222219
267050011,8998937986,32.24781666666667,16.01474666666667,9.40042666666667
267092037,392911575,19.018930574712652,8.787266666666664,13.191243440860216
267125012,1419944676,11.866925714285715,4.392586666666667,12.617464761904762
267078009,60939427,13.99826666666667,6.915093333333333,24.817293333333335
268125004,2422107554,15.891177391304346,7.210173333333331,4.487933333333333
268085018,6189373539,14.258429743589744,11.874413333333333,6.34136
268066008,333099181,15.580250864197525,6.542386666666668,6.303279999999999
267121002,13655033537,29.68555259259259,15.500066666666665,33.42386222222222
268075005,4935194577,15.890333333333334,4.398480000000001,16.923040000000004
267002023,2366243103,61.33016888888889,7.833013333333333,54.72915555555554
267112005/02,17955726,55.997800000000005,1.5610133333333331,49.37624000000001
267106008,943865203,26.417979047619053,9.163746666666666,19.81696571428571
267104004,10589394383,54.87478051282051,22.631466666666665,46.97182051282051
268035001,2369219338,14.75810974358974,10.564653333333332,14.074803076923075
267099007,2367643587,31.58824666666667,3.6829866666666664,23.498353333333338
268031004,5300258843,14.983853333333332,3.3744000000000005,14.56270564102564
267004001,257290131,24.93329333333334,7.051866666666666,18.33228
267021013/267026008,6373163335,14.097993684210527,9.878413333333333,2.511413333333334
268073010,5426458664,19.72671555555556,9.178933333333333,11.62484
267086009,8232377199,22.845115362318843,10.025306666666664,24.281662028985508
268142021,849020265,1.5906533333333333,3.6199999999999997,3.7014800000000005
267033003,13069272113,13.479013333333334,5.68932,20.448491794871803
268117017,8669582224,8.630706666666667,4.894293333333333,1.1359733333333333
268032010,4634871139,6.396653333333332,6.615271351351353,8.659591351351354
267028050,12888193109,20.11019333333334,3.9539600000000013,23.57514
268030016,4889112254,,,
268008002,4835872593,19.07746666666667,10.137053333333334,12.151560000000005
267074006/04,6071682547,17.27781333333333,9.653453333333333,12.797706666666668
268087004,291661893,10.12194666666667,12.32054666666667,15.263386666666667
267009002,8764722171,23.0119,12.535959999999998,18.254713333333335
267117011,253133012,17.839653333333334,15.74156,23.709205252525262
268070015,2758274350,15.679557619047616,14.854089999999998,15.174610952380952
267021002,3745575125,30.253436190476187,16.018586666666668,14.234773333333338
268018016,4145737560,15.523872108843541,0.20162666666666668,0.74812
268128006,12525167835,13.381666666666666,9.831786666666666,10.886113846153844
267134017,254611123,35.15826666666668,16.348080000000003,26.59180000000001
268002009,11541726006,,,
268108009,330940506,23.301995757575753,7.888559999999998,14.376075757575759
267018006,732395593,19.4265231372549,7.270826666666666,16.7966431372549
268089005,9949400451,7.630773333333332,4.394066666666666,12.61914920634921
268090003,4898447530,13.896893333333333,7.164346666666666,7.164346666666666
267148017,8519233293,21.253903030303025,7.0198133333333335,23.112169696969694
267109010,9029795662,12.460386666666666,17.614911111111113,19.66753333333333
268044007,241777591,10.197493333333334,9.302786666666663,15.9161595959596
268018005,1813017098,19.647799191919198,5.308493333333333,13.868005057471263
267027001,249338163,17.621509565217387,9.034440000000002,25.597109565217387
268035003,13759641383,16.669199999999993,8.352146666666668,18.861563963963967
267133011,4652653483,40.358080952380924,15.61628,32.455120952380966
268039007,320025541,19.34744430107527,13.701359999999996,14.596253333333332
267027016/01,12819816325,9.528413333333335,12.010173333333336,19.80212
267158021,2986176092,26.901582857142852,9.372399999999999,24.458836190476184
268060001,1696918569,10.377750476190474,4.9437733333333345,6.374600000000001
267144015,8570238091,17.286255384615387,14.41977333333334,17.30385538461538
267053012,8981503168,33.25142666666667,3.5137066666666668,14.104453333333332
268154010,4596871759,10.34034181818182,5.607693333333334,15.31658181818182
267002017,2366243356,55.17380000000002,12.11196,48.57278666666668
267056006/02,10745925246,17.096853333333332,10.180047843137253,5.081386666666666
267002041/02,641808471,84.62459789473685,39.14315999999998,78.02358456140354
268006014,2399920988,28.75979999999999,19.239413333333335,26.035213333333324
268098006,635060748,13.910589019607839,0.1568933333333333,4.22012
267157009,4829380157,13.90886666666667,11.009733333333335,16.0522323076923
267126002,185671312,17.90018666666667,15.830826666666667,25.646416124031006
268072002,301841837,23.92210583333333,5.170266666666667,21.988626666666672
268057005,695052235,23.87984057971015,10.714133333333333,9.60888
267058007,146630997,24.550560000000004,2.9757466666666668,18.223560000000006
268108017/03,2800563659,16.764944444444446,8.038106666666668,3.1710799999999995
267099021,822931038,28.33864333333333,16.74443,19.772176666666667
267135002,10737886307,32.63452857142856,7.776600000000001,25.205701904761902
268049001,11825073314,15.519527878787878,6.734279999999999,6.467906666666665
268127018,8611724179,13.964373333333326,11.485439999999993,18.425159999999998
267130012,5177364839,23.314906666666666,13.436186666666664,16.71389333333333
267132022,12394364151,34.5991094736842,0.32124,27.17028280701754
267084010,9437764424,30.872776969696975,9.936453333333334,30.456426666666676
267049033,4868765162,31.227999999999998,11.271146666666665,21.504053333333328
268139006,2515675796,10.501173333333334,6.299880000000001,4.773253333333333
267131005,26472402,41.187613333333346,10.969679999999999,33.758786666666666
267040020,12985798109,29.805703333333334,8.116306666666667,27.404970000000002
268093002,4213222389,24.023448484848483,14.645919999999998,14.645919999999998
267146002,9461771662,24.43613575757576,8.270813333333333,17.954095757575757
268091010,746555605,20.33906666666666,10.316973333333333,9.876826666666668
267092003,11900943118,,,
267158016,25965411,23.789316190476193,7.8852133333333345,21.346569523809524
267052006,8699713039,20.027065454545458,8.735333333333333,23.015828235294126
267007019,9543962965,11.901413846153847,11.859266666666672,15.192413846153846
267066021,2433060439,24.84642857142857,13.237441904761909,9.968493333333335
267131021,38411873,46.04337019607844,10.572716862745098,38.61454352941177
268051003,13892216455,12.362386666666664,9.023266666666666,19.93132717948718
267040031,12827888606,35.71019666666666,9.28466666666667,33.30946333333333
268142002,5658872382,8.754746666666668,5.481773333333334,10.38545411764706
267067008,10947665927,10.301120000000001,4.0223733333333325,11.189266236559142
267067003,945443957,13.57797333333333,10.265626666666664,17.29846449612403
267143002,9624549782,25.500826666666676,16.38385142857143,18.87926666666667
267088002,11004369379,37.85919999999998,28.50022666666668,37.26582666666665
267049019,9650459577,30.731616231884068,6.273693333333333,21.007669565217395
268035007,15413045,20.674803076923073,5.727706666666666,17.27034666666667
267004015,4488237763,32.2669837037037,9.737973333333333,17.216093333333333
267150001,81624523,28.859421449275366,16.475493333333333,21.322139649122807
268116010,11243382666,10.528026666666667,7.8632800000000005,10.918276190476188
267140003,9921234785,26.927460000000004,12.769093333333329,20.3059
267133030,7366888627,46.28296666666666,6.676373333333334,38.38000666666667
267049038,1979383757,34.09474666666666,7.563253333333334,24.37079999999999
267047006,2587668619,20.193500000000007,16.72927193798449,15.143722318840572
268006031,1472129482,18.520255714285724,12.796055714285712,12.845919999999998
268099009,8872812166,9.86264,2.3986400000000003,6.045906666666667
267110012,253511904,37.10447809523809,10.889546666666664,30.503464761904763
267026010,925666468,18.668866666666677,3.0706533333333335,3.5772400000000006
267096003,5652243812,26.08224888888889,6.81424,27.830994999999998
267028014,12735251917,22.043800459770114,7.494399999999998,25.50874712643678
267103011,11700697878,22.931429523809523,16.927616190476193,27.53276285714286
267109012,320034355,20.158668571428564,15.748639999999995,22.69416
268158014,298536716,14.959065531914893,3.6529733333333336,9.50788
268071018,187762110,14.209160000000004,14.642560000000001,17.388743838383842
267072009,8709155400,24.312342222222235,7.232773333333333,7.187733333333333
268132019,12747991568,16.584201904761905,5.393626666666666,10.183400000000004
268005013,1396426599,9.967866666666671,4.00536,8.818973333333334
267027014,879095493,13.234560000000005,11.734466666666666,20.945162499999995
268024005,26389480,13.738360000000002,8.669573333333334,15.112320000000002
268012009,4021255041,17.039119649122807,10.774466315789473,13.666266315789473
268061005,297388015,13.672879999999996,8.912466666666669,12.309523809523814
268085005,2861487078,15.238519279279279,9.773975284552845,0.0
267055005,12652243359,18.102879999999992,14.024653333333333,14.70623999999999
268135016,564453093,13.965821890547263,5.495306666666667,11.218866666666663
267132030,253182802,30.147032820512823,12.298933333333332,22.718206153846154
267092008/01,4805765443,32.00110666666667,11.0014,35.427253333333326
268144001,12001626729,21.395286535947704,11.316919999999998,19.086253333333328
268042011,2401609736,18.498146666666667,8.213146666666667,25.259643478260863
268082012,4224663970,11.179040000000002,5.8536399999999995,2.383466666666666
268102007,2477945992,16.04909333333333,3.486840000000001,0.74156
268050007,3637351813,18.646693333333335,8.531799999999999,8.265426666666665
267002030,2366243488,56.17411555555556,14.714026666666664,49.57310222222222
267095011,6645311299,29.514271111111103,6.326666666666666,32.39215111111111
268028012,6370571203,9.637132690763053,7.529773333333333,7.833680000000002
267103001/10,10217275479,33.04522823529413,15.031906666666664,37.64656156862747
267119013/03,11191245651,37.98184871794873,3.2631333333333337,37.821196190476186
267116007,254345402,25.758453333333343,9.01256,30.462035555555552
267130020,2422099474,27.842773333333323,10.314079999999999,21.241759999999996
268112015,3227958975,20.874997647058823,6.137693333333332,22.588245797101454
267101011,21519346,17.70883802469136,4.465026666666668,22.310171358024693
267103021,2872203633,25.556981587301582,5.256466666666666,30.15831492063491
268142009,6384129732,8.533560000000001,8.037680000000002,9.531173333333335
267036002,5652325543,16.001546666666666,15.42036888888889,14.432133333333336
267084025,10743668980,30.188216140350878,13.661773333333334,23.706176140350877
267147025/01,6543301273,,,
267108013,5333589928,10.622862105263156,7.465706666666668,13.39371694444444
267156003,122586476,19.62137666666667,14.964119999999996,16.006709999999995
268017009,2373040923,17.178279999999997,2.8248000000000006,17.229586666666666
267028105,11880018263,10.393853333333334,9.509186666666666,30.185415652173905
268121002,822791548,26.750933333333325,21.581959999999995,23.888186666666662
268116004,14054786492,13.774521126760568,6.626759999999999,11.047934460093899
268147003,255315675,17.798682564102567,10.54822923076923,20.29387612903226
268072013/04,11159884600,23.129360000000002,11.1054,28.89761904761905
267113007,13689276848,24.96765666666666,6.079213333333333,26.404203333333328
268101008,4729825826,9.73701333333333,3.4096800000000003,3.959213333333334
268122004,2752694897,21.68022333333333,4.438666666666666,10.819828333333332
267052008,13186193219,21.052465454545448,11.276628235294117,20.103254901960785
268116012,4890712483,,,4.462466666666667
267066002,5558247290,27.646735238095253,16.037748571428573,8.890386666666666
268081006,6223634367,2.59256,5.198446956521739,6.281780289855073
267115007,7773412271,25.156404444444437,10.872186666666664,29.563555555555563
268069009,1230024645,16.67654222222222,6.2456000000000005,7.00036
267135006/267135010,13713290849,30.421357777777782,4.339413333333334,22.99253111111112
267007003,248082501,14.959221666666663,8.314573333333332,18.25022166666666
268130010,43551251,19.329213333333332,11.88930476190476,17.5083180952381
268020002,6068997575,25.693376969696967,10.029773333333333,18.93597696969697
268053008,2008926198,11.205653333333327,3.9888,10.616069909909912
268006027,14070124565,25.959802380952386,10.431706666666669,20.285466666666657
267066011,3137577712,25.911759999999997,17.58968000000001,16.107960000000002
267112011,2677143215,46.24497333333333,5.160066666666668,43.60002666666665
268006038/04,11836770592,27.41301269076305,2.8177600000000003,19.463759999999994
268108023,330940569,21.550009090909093,7.9952533333333315,11.06888
268031001,12428301,13.105799999999999,4.671453333333333,14.594308571428575
268075002,2423069858,7.246279999999999,4.664280000000001,9.847506666666666
267049012,8898814523,27.817773333333335,13.209373333333339,18.816645
267028067,12930518031,9.985802758620688,13.365533333333328,27.89824888474681
268036004,9110156246,17.049852753623192,9.78221275362319,15.499626086956521
267035010,10759648399,32.98771878787878,8.366026666666667,26.50567878787878
267083012,776658299,24.141133333333336,0.5124133333333333,27.432133333333336
268007010,1667301947,18.66351892473118,10.141346666666665,15.285556576576575
268096003,10031983251,9.979701560283692,3.547093333333334,5.132421560283689
267071001,667334606,15.960863333333334,2.57792,15.684503333333335
267120011,5655615615,16.425293333333336,10.737720000000003,20.46002024691358
268027007,568520115,10.851400000000002,8.237999999999998,11.537679999999998
267018007,385021677,15.949656470588236,5.795839999999999,13.319776470588234
267140008,9595688921,22.263684444444454,10.718893333333334,15.642124444444445
268080006,699457883,3.0470266666666666,9.25699789473684,5.205706666666668
267148010,10804755281,28.425635151515156,4.125306666666668,26.12986666666666
267140035,6656233399,29.280152775919746,12.760119999999997,28.570160000000005
267143015,10124418110,27.00632242424242,2.905386666666667,20.524282424242426
268144008,12213743600,20.938970476190477,4.667586666666667,15.22192
267028055,12953994832,21.908160459770112,4.395666666666667,25.37310712643678
267141008,9622568725,24.526099487179486,12.177560000000001,17.904539487179488
268115021,8722887509,17.094026666666664,9.929466666666666,15.773598974358974
267028004/02/01,5247466652,0.9450800000000001,18.526480000000003,30.793806126126135
267049026,8934236913,36.30986969696971,9.402026666666664,26.585923030303025
267066001,6328467204,44.024360000000016,6.106173333333332,32.37278666666667
268066006,2375495252,13.092153580246913,8.96732,6.665560000000001
268052007,13105989721,16.860893333333333,9.51670666666667,5.657293333333333
268104012,10289971957,13.187319999999998,4.932213333333333,6.9934400000000005
267034001/03,4850246357,29.696029166666666,16.230906666666666,31.2532825
267115002,7715058097,24.427197241379325,6.903973333333332,27.718197241379322
267105024,254605448,24.66309904761905,7.895933333333334,18.062085714285715
268068001,2372746804,18.138315555555558,3.3795200000000007,9.521519999999999
268031012,6106803165,8.31685333333333,5.853599999999999,12.707200000000002
267146003,9461811769,28.858080000000005,10.342093333333334,21.51565333333333
268006018,9057998103,,,
267160004,6099498391,19.01226222222223,11.946680000000002,19.310745000000004
268046010,339328195,12.099871812865498,5.882066666666666,11.646299047619049
267043002,230303163,11.374533333333334,8.903506666666667,22.609046153846155
267014003/01,11423370894,88.61298666666669,9.468160000000003,81.18416
267100023,4854786890,24.79006909090909,11.743819099099104,29.391402424242422
267028057,12925861870,19.24594942528736,5.163893333333335,26.049133793103447
268162009,2371613065,11.369053333333333,7.195005217391304,8.683133333333334
267103022,9015365220,25.197586666666663,9.974920000000001,29.79892
267118008,5515218137,46.19434715249664,4.795600000000001,39.5933338191633
268006009,2399921048,22.29735897435898,9.553720000000002,19.57277230769231
267099023,1560032947,35.04855,6.63472,26.482083333333335
267121004,5650653487,20.877007407407405,3.8655599999999994,28.07166
268095009,3179678920,16.74995316239316,8.000946666666666,2.9823866666666663
267088015,317554110,30.608758333333338,9.500239999999998,31.547124444444442
267100021,10201863511,29.369203333333335,9.528533333333337,26.589004444444434
267042001,13395695306,,,
268157012,28240749,9.426506666666665,8.163386666666666,7.706213333333334
268146001,2377422605,17.601225287356325,7.690531954022988,13.359964137931035
268109005,111887327,17.166199812206575,6.266000000000001,7.434119999999999
268125006,4435870019,18.43028405797101,5.625199999999999,7.0270399999999995
267040039,12833215502,31.382386666666665,14.810706666666668,34.84733333333334
267049009,8898814473,22.119271666666666,11.824906666666669,12.395325000000001
267100058,8758558415,21.832257872340424,9.186066666666665,26.433591205673753
267140016,4406981126,25.261295238095236,3.847533333333333,18.639735238095234
267140014,5305480288,30.317119506172844,5.021919999999998,23.69555950617285
268065013,5619650357,21.692486666666664,14.006386666666668,15.658203030303032
267101013,11572027354,28.767431111111122,11.861440000000004,33.36876444444445
268102001,2374666483,17.515266666666665,3.148346666666667,5.579893333333334
268113013,8734630127,,,
267142004,440103515,21.257937575757573,12.709573333333333,21.275537575757564
268126012,301843576,15.645413333333332,12.268053333333334,15.103004057971017
268077004,1427047548,12.154866666666665,9.147333333333334,10.888935652173915
268042006,1426961083,22.71291111111111,13.237920000000003,22.74939794871795
268046013,3009394248,12.443466666666675,4.608186666666667,10.15363014492754
267100049,11606543800,25.571206666666672,5.877613333333333,25.240769361702124
267140005,9923051785,26.178735238095232,3.7579066666666665,19.557175238095233
268006037,2958484455,17.914252307692312,5.170613333333332,15.189665641025643
267028031,12919488234,17.863386666666663,7.652733333333332,24.96607942028985
267085016,11349552890,34.70451444444445,15.97,33.4100631884058
267070001,4960362088,15.723666666666675,8.446946666666667,20.267239999999997
267072007,8758232628,27.724545454545446,9.355346666666668,29.60307999999999
268117005,461626114,7.34864,2.9587733333333324,9.591329523809524
267104011,10689600079,49.04349948717948,24.556112820512816,41.14053948717948
268007007,3048154980,15.634526984126984,6.465053333333333,12.909940317460318
268063008,2686926438,14.15500148148148,7.6608,7.961253333333334
267104019,8014711457,54.96923228070175,16.580453333333345,48.36821894736842
267158012/04,9044412914,30.630522424242425,8.142093333333335,28.18777575757576
268085001/01,2894532452,15.226938333333331,2.7654,9.895205000000002
267092015/02,6358057273,,,
268132022,8191121855,16.741395555555556,6.092026666666667,7.693386666666667
267100078,3001440318,27.248223750000008,10.783826666666668,31.84955708333334
267077008,31906775,5.137066666666667,8.591106666666665,5.852586666666667
268110008,909041926,19.30689275362319,5.765066666666666,5.820266666666667
267152006,8639033708,22.848018245614035,7.544386666666668,19.233351578947364
267154008,4860939819,20.35879703703704,0.0,24.407823703703706
268071021,301623864,26.42627916666667,17.603613333333335,26.748479166666666
268065005,16711966,22.499293333333334,6.398066666666666,13.151373333333334
268085011,12150536071,14.853871666666663,4.394893333333333,9.522138333333334
268135003,8614841483,13.07240653594771,8.61576,14.979362841530053
267061004,480079704,24.905052121212123,12.24868,28.19487878787879
268087006,12110111639,16.167573333333333,15.798226666666666,14.798106666666671
268027008,3055031217,6.606653333333337,4.41664,2.752733333333333
268049004,314504504,22.869286071428576,14.19432294985251,14.552272738095239
268006019,2958484454,14.898584375,2.6045866666666666,12.173997708333333
267105003,6017654331,33.85792571428571,16.52746666666667,27.25691238095238
267106004,12592995557,37.125147380952384,16.111848333333334,28.940624761904765
268010007,1540699139,9.779666666666667,7.449213333333335,5.639466666666667
267003019,2384121888,49.09299111111112,5.736133333333333,42.49197777777777
267128006,8120614335,17.973471111111113,8.335506666666667,14.535104848484847
267063007,480187660,22.15169985815602,3.7663999999999995,25.441526524822695
268010011,9830721990,7.495572690763054,8.732772690763055,4.3002400000000005
267049011,8899474516,28.62729333333334,14.659706666666672,19.582471666666667
268078004,7392111049,17.42017882352941,6.108853333333335,12.088445490196078
267115011,11078667654,22.832237241379325,2.9289066666666668,26.12323724137932
267125010,185350179,15.288645714285714,8.69848,17.610986666666665
267094007,7209731961,,,
268057011,2955929605,16.832507246376814,6.58432,6.302106666666666
268119015/268119016,298919526,4.889013333333334,12.612613333333332,17.279781699346408
267148007,8522735384,25.81747515151515,7.775946666666666,20.676533333333342
267123011,253394981,49.31370456140352,8.262319999999999,42.71269122807018
267100068,8743592981,23.516133333333336,20.26484,31.349986666666677
267106013,253312220,35.45582738095238,13.685226666666669,28.85481404761904
268100001,10653135969,13.968624761904765,4.72444,9.717960000000001
267142005,8551934809,24.072190909090914,13.407946666666668,24.08979090909091
268132027,4897922807,16.128653679653674,1.8472533333333336,1.1467333333333334
268082008,621545498,8.138693333333334,4.738106666666666,6.161906666666666
268129008,2479367126,18.939146666666662,7.175706666666667,19.390053333333338
268047001,241003242,12.602403076923077,3.31848,10.271776410256411
267074004,8521962752,18.98154666666667,7.655799999999999,10.800053333333334
268129026,3974588366,2.3748933333333335,11.838773333333336,13.250760000000001
267073006,7578681526,20.002202962962954,9.471040000000004,12.527533333333333
267119008,11654506630,43.59075538461536,8.690853333333333,37.60493333333333
268112017,3227957845,15.33066431372549,5.181826666666666,12.851712463768115
268114017,8764130497,13.011152463768116,6.504573333333336,8.714179130434783
267053013,3197072585,29.945360000000004,5.964826666666666,15.173453333333333
267065016,12712884858,32.40717333333334,9.02397333333334,27.442733333333333
267028092,13074070146,25.07611333333333,7.500960000000004,28.541059999999995
268151008,13858027923,9.723093333333331,4.442880000000001,12.96886564102564
267013011/01,286033599,19.576459047619046,9.431245714285716,22.867459047619047
267116014,2068145900,28.19756888888889,12.221946666666662,31.48856888888889
268157011,5337558030,13.048741052631582,7.616573333333332,7.8888
267022007,2407229567,20.415594326241134,16.035519999999998,15.874879999999997
267107008,9290690586,,,
267028032,13074072287,25.765006666666668,8.189853333333337,29.229953333333334
267103003/01,3281659226,35.71698823529413,23.90237490196078,40.31832156862746
268124001/02,8914804858,23.050786666666667,10.786093333333335,17.06436
267133010,26472621,41.16283333333334,12.653546666666665,33.259873333333346
267118007,12542966974,52.910816896086395,19.48685333333333,46.30980356275305
267088019,481194665,22.58729166666667,8.466733333333334,23.895771666666672
268073011,3650706749,21.296226666666666,8.655959999999997,14.218106666666666
268150006,13103567280,9.841053333333333,3.993013333333333,10.903334736842105
267053030,8923649279,28.04429636363637,11.214413333333333,18.320349696969693
267028058,12927883047,17.41228275862068,6.550653333333332,27.585760459770118
267028004/03,874398879,15.777626666666666,4.6933333333333325,30.597607179487177
267158012/06,10282177418,33.13042666666667,5.425133333333333,31.822893333333333
268017012,9408834646,20.04742666666666,5.842666666666665,13.150920000000001
268027005,305413792,15.38755666666667,8.454506666666667,11.128586666666665
268124008,4431091441,16.81355072463768,3.22176,2.9877466666666668
267003028,10920043576,49.981200000000015,5.405986666666666,43.38018666666666
267010008,247390910,25.24477333333332,9.077506666666665,25.317613333333323
268112001,8718459521,11.87161333333333,11.290413333333333,12.896918518518522
267108002,1257101966,17.823961904761905,7.362866666666665,18.860103611111118
268096009,3977179422,,,
267138002/01,13347714300,28.560552775919742,16.683853333333328,28.024216842105275
267039010,5787046736,,,
267101007,8828538579,22.96232444444444,8.5224,27.56365777777777
268150001,3133124795,4.845039999999999,8.490479999999998,12.045114444444446
268135008,8300914813,13.412046274509805,8.813506666666663,15.850416174863389
267157007,8633054630,22.42239999999999,8.987693333333334,8.785866666666667
267132002,300738968,54.71176280701752,21.887303529411763,44.24124000000001
267137002,4874041303,16.980628717948715,7.054146666666667,16.998228717948713
267099033,6018353588,30.696376666666666,5.450573333333334,22.129910000000002
267053011,8988554489,37.84681333333333,9.257213333333333,23.519586666666658
268078012,7392125695,17.68193882352941,6.931533333333335,12.350205490196078
267024001,658116675,20.384706666666666,10.412519999999999,19.04642666666667
267028091,353115356,20.663013333333325,19.894933333333324,26.82061945945946
268011005,4264983838,17.060692075471692,5.54076,14.16914021505376
268119013/268119014,297567440,3.2463600000000006,10.855559999999999,15.092941699346406
267099006,2365684195,31.80416666666667,4.393039999999999,23.714273333333338
268158012,2374889708,12.337064367816094,0.53264,10.72946666666667
268135004,12051608188,11.14975294117647,3.7432399999999997,11.374366338797815
268148003,3124514444,,,
267150018,4852675610,23.982662015503877,11.561386666666666,19.116982222222227
268115014,1115719694,13.143733333333333,9.645279999999998,11.823305641025643
267138006,6670240809,25.148990175438605,4.7927333333333335,18.527430175438596
267051003/03,436633024,19.45485818181818,5.3278799999999995,17.84909904761905
268129007,12177917466,22.387973333333335,10.62453333333333,18.44209142857143
268051008,364875174,16.35188,7.523506666666668,16.939721904761903
267158005,247483898,24.176770833333332,11.05506666666667,21.734024166666668
267140041,9498877066,30.67385122807018,9.527213333333332,24.052291228070178
268079005,11179593640,20.478470793650793,5.290760000000001,16.666774166666666
267101017,2572909601,21.058875555555556,5.496493333333334,25.660208888888885
268157006,6378950158,10.929586666666665,5.25328,9.209293333333335
267095010,49572923,34.943777777777775,10.894786666666667,37.82165777777778
267080010,38980512,20.986175952380957,6.98888,15.945715555555553
267118001,9728003234,49.80568356275303,15.45414666666667,43.20467022941969
267100053,3001074682,23.785010416666662,3.2412666666666667,28.386343749999995
268099015,10693005357,13.628333333333332,0.5299333333333334,4.68232
267099011/02,12599775451,37.69178000000001,9.786520000000001,29.601886666666662
267106005,5250067807,35.21969904761905,15.163306666666662,28.618685714285718
267065013,9791099514,28.15433333333333,10.527466666666669,21.55332
268078003,4658435479,18.548739224806198,10.679480000000003,15.101036078431374
268129014,8384777227,11.422200000000002,7.972386666666667,18.307880000000004
268054005,2992744414,7.22664,10.664240000000001,10.615327179487178
267151010,8633054768,22.273548888888886,4.615066666666666,12.8438875
268010001,6935165762,5.333224561403509,4.940746666666667,1.7145599999999999
267118011,4365164490,58.678936896086384,25.254973333333336,52.07792356275305
267002034/267002002,5987046307,61.780144761904765,4.683599999999999,55.17913142857142
268056010,1410014086,4.8024933333333335,8.547266666666667,12.472660512820513
267117001,2474110507,17.450932121212123,13.617800000000006,23.243379130434786
267040050,26453081,29.85967719298245,9.829866666666666,28.91931719298245
267108012,147049696,18.891133333333325,6.6788,17.06376
268009007,8962998751,14.37529628318584,3.8262400000000003,6.519909616519174
267084030,10731099954,33.74605037037036,6.179973333333334,28.85848280701755
267147030/02/267137004,440121566,14.355402051282052,9.540320000000003,14.37300205128205
267108014,848699019,18.787062105263157,4.708600000000001,15.557650277777775
267021011,11074268594,20.40322285714286,7.284293333333335,7.310053333333334
268001005,13904175207,9.850198742138366,9.011452075471698,9.000478742138366
268139011,13398439558,3.886986666666668,5.265533333333335,0.17668
268142006,12832459903,4.519826666666666,3.7761866666666664,6.409695238095237
268056007,1410013956,7.195120000000001,7.525840000000001,12.19139515151515
267008006,248516915,19.92785523809523,7.956773333333334,21.225635151515156
268128009,1260858711,9.253373333333336,6.083053333333336,8.494893333333334
268004014/268004015,972197996,13.093413333333332,5.805573333333334,15.320738018018018
268153006,2761359916,12.058305945945945,9.574695284552844,6.867359999999999
268094004,4904502719,22.00360811594203,10.062706666666667,10.062706666666667
268098010,4397272904,13.185588304093564,3.5896133333333324,1.7859600000000002
267138001/02,6750946890,25.054646109253078,10.572133333333337,21.418411954022986
267124005,5048491381,25.46469454545454,5.287186666666666,22.31159818181818
268140008,13726263206,12.161373333333328,4.39232,3.2538933333333326
267100091,4836028867,15.868826666666667,21.31364407407407,26.379771271477654
268132007,585345784,19.598720000000004,9.179746666666666,8.127013333333334
268131003,11817429121,16.40133777777778,9.74275111111111,14.748279999999998
268154004,4381839613,12.305247521367523,4.443826666666666,17.233998888888888
268071026/268071027/268071002/02/02,4072345666,20.83382666666667,9.927026666666668,22.876265833333328
268066007,798843307,16.26111358024691,10.747280000000007,9.787813333333334
267030003,12755468407,18.50607111111111,9.729866666666668,20.55792499999999
267050034,4870985831,21.731051851851852,12.983758518518519,14.035678518518518
268066002,3796280071,18.38597777777778,0.0,7.2065600000000005
267132038/02,5825365405,33.88089894736842,8.186786666666666,26.45207228070176
267100007,597694518,31.337016666666667,9.330106666666666,28.37492444444444
268160002/02,2519340959,3.8280000000000003,5.736080000000001,5.278906666666668
268022011,242733700,20.052032982456133,8.346293333333334,21.187115555555554
267002039,10674387264,57.22246,16.18933333333333,48.59923333333333
267007009,12327594091,28.68644190476191,21.27922666666667,31.977441904761903
268036008,7995865944,15.581696410256408,9.511919999999998,14.898389743589743
267097006,13945022967,15.104041379310347,14.399868045977012,22.458228045977005
267105014/02,1708092935,43.5033834920635,19.27937333333334,36.90237015873015
267158004,6356399790,23.493625,10.764960000000002,21.050878333333337
268082011,635148537,10.238986666666666,6.8383999999999965,4.3887599999999996
267019008,1420096743,13.62299111111111,12.226497777777777,12.51951111111111
267051006,8674508165,17.604878787878786,5.990946666666668,18.614478095238095
267125002,1519196010,23.128714999999996,7.29604,19.681733333333334
268158011,6378950085,13.416011034482757,4.216866666666666,9.71764
267145001,982965386,29.222711304347833,10.229093333333333,23.10208463768117
268015009,3135862448,25.05877333333332,16.73669333333334,14.775319999999999
268030008,1427522277,10.627058412698414,5.532253333333333,8.340965079365079
267028049,25961828,24.861509425287352,7.279240000000001,31.084585000000008
267151004,4069914260,23.185725925925922,4.890226666666667,4.6884000000000015
268110010,690284032,15.96854608695652,3.849826666666667,4.30352
267028025,12917887456,19.81299076923077,4.922346666666666,27.9446041025641
267004021,1487177415,25.965426666666666,10.841840000000001,19.364413333333324
267100019,10199731534,31.496150000000004,9.489239999999999,28.534057777777775
267043006,11034513463,14.81412,3.9944800000000003,21.13321948717948
268042019,2771943366,12.006279999999999,5.637759999999998,19.20663809523811
268115006,14031978595,,,
268162007,4469411018,3.9381733333333333,5.33016,5.879693333333334
267123003,479986280,55.83189122807019,14.250026666666669,49.23087789473685
267112008/02,9330391818,49.05515999999997,9.021213333333332,46.410213333333296
268068008,8042970976,22.02450222222222,7.976879999999998,13.407706666666668
268075010,301802141,16.036733333333327,4.806626666666667,17.850801212121215
267134023,3797229610,33.08353882352941,15.319784313725496,24.517072156862746
267111006,3087418073,22.987015238095236,16.537546666666664,16.386001904761905
267090003,13149735489,13.17246356589147,8.5444,17.856830769230772
268126005,243485103,25.117613333333342,20.184166666666677,22.922413333333335
267053006,4868783546,34.569749696969694,7.805626666666666,24.845803030303028
268020009,52202414,25.723909166666665,14.114922500000002,11.528613333333334
268032012,15413088,6.1715333333333335,8.473413333333331,12.493226666666668
267023003,3472735157,21.90741396825397,11.857733333333334,20.48994528735632
268042007,1426961229,21.090377777777768,13.434043333333333,21.49696333333333
268096006,3972513382,4.13612,4.815013333333334,2.4079333333333333
268160006,2375593259,13.119930952380953,12.406263333333333,12.614984285714288
268081017,6217214332,10.09539076923077,3.61504,0.9672133333333333
267140018,9501236061,27.277553846153854,9.186800000000002,20.655993846153844
268159007/01,12754229761,14.191931666666665,12.990385,11.330305
267035011/01,10778237444,34.2475903030303,11.713719999999997,32.03521212121209
268083004,196269175,22.93390666666668,13.114306666666666,14.5285503030303
267147026,11302932514,15.079719999999993,5.477226666666667,16.339639999999992
267104027,5825389327,53.58099228070178,14.57590666666667,46.97997894736844
268022003,5421563183,12.631840000000002,3.834693333333333,14.005800000000002
267143011,10124592035,28.97812242424241,7.5873066666666675,22.496082424242413
267142002,8555229546,20.614044242424246,8.448613333333332,20.63164424242424
268157010,3895050805,10.333878742138364,7.305892075471699,8.981233548387097
267028046,25961862,25.361374712643663,4.19364,27.752931666666665
267122017,10299475695,28.223181818181825,11.869759999999996,22.214987179487178
267108003,4687322689,14.130020465116276,6.703840000000001,13.626171594202901
267092055/03,2368308820,10.329026666666666,6.017706666666666,16.40533333333333
268117013,13191865302,8.390973333333337,2.8412266666666666,7.092693333333333
268085009,6188736393,13.238325000000003,6.466967619047621,6.3769599999999995
268132020,746555592,19.108008888888893,6.862959999999999,3.868973333333334
268014007,2375574727,14.698616470588233,8.433386666666667,11.107466666666664
267002004,929935243,55.25194476190475,6.789386666666669,48.65093142857141
267116013,8270061729,19.256586666666667,0.0,22.707405797101448
268108008/01,12121901528,19.47462242424243,5.919866666666665,9.534866666666666
267028016,12741161454,23.57145379310345,6.481693333333335,27.036400459770118
267017004/267018005,634656772,16.644683137254905,4.166226666666666,12.683386666666667
267027011,26624337,18.238333333333337,17.052026666666666,19.529631666666667
268003012,9448495257,12.600693333333334,9.601880000000003,9.754413333333334
268129015,8376341717,12.004693333333336,9.077559999999998,19.072743541666668
267140024,4485931478,22.025361904761905,8.064640000000004,15.403801904761902
267151006,2700232976,20.15932592592592,9.811173333333336,9.609346666666672
268075008,9810435318,19.10622787878788,6.972733333333334,18.786267878787882
267084022,9447654130,30.801750303030314,18.00852,38.10174666666666
267066019/01,2682644536,20.843087375886522,10.962420709219858,9.405285714285716
268058014,280123262,10.649521212121213,8.452853333333332,8.711773333333332
267138007,8635139787,29.388576842105262,10.88709333333333,22.76701684210526
267143004,9627352221,24.673918095238097,15.106931428571427,18.05235809523809
268072008,1528655636,21.638419047619056,8.519706666666666,15.037405714285716
267032001,12878797134,20.885942222222216,7.574599999999999,22.177519999999998
267019003,2607498330,23.4367009929078,6.834733333333336,19.098453333333328
268150014,2372266795,12.23880140350877,2.3727066666666663,9.423160000000003
268036002,2399584257,12.102479639639638,9.374852972972974,11.419172972972973
267109009,11093482139,9.302133333333332,14.456657777777776,16.509279999999997
267079004,13366476288,19.88811247863248,6.71584,9.573520000000004
267049022,6917202628,25.360642898550726,7.0922828985507245,15.636696231884057
267008007,12308313855,21.794441904761893,4.659720000000001,20.659075151515147
268014006,305412427,13.092283137254901,6.827053333333334,9.501133333333334
268030022,1427527140,11.552431746031747,5.306613333333332,9.266338412698413
268043002,12017472054,12.935120000000001,2.339906666666667,21.62113333333333
267052012,8719944322,17.501625454545447,8.182373333333333,22.1254387878788
268151012,349176528,9.489561904761905,5.979533333333334,10.32765333333333
267095032,9404762943,13.17572,13.57117333333333,34.17478857142857
268104013,3142939616,12.429253333333339,5.735493333333334,7.380773333333334
268094003,269235578,24.7108747826087,12.59368,12.59368
267033004,12714464152,19.57458666666667,6.225346666666668,24.578234358974374
267012006,9535298461,19.966299999999997,11.88416,19.16058666666667
267065023/03,10265078462,35.21795999999999,10.662946666666668,37.755999999999986
267049030,11795443731,30.429243030303038,6.7545199999999985,20.705296363636357
267121003,2004573322,18.646125925925922,8.262733333333333,25.528486666666662
268129023,12756522712,,,
267086001,7850331179,29.90454724637681,6.507746666666666,31.34109391304348
267100001,10200883055,29.06246060606061,11.557626666666664,33.66379393939395
268070003,6386076388,21.77806666666667,8.291039999999999,16.39974666666667
268157002,6303224736,0.0,11.074719999999996,13.960866666666663
268037004,2627332689,23.022213333333333,12.588754202898553,11.483500869565217
268102010,10609112847,9.06697333333333,5.2783066666666665,5.827839999999999
268112011,428957672,13.536840000000003,12.789600000000004,14.396105185185188
267100005,8796702970,23.661020289855077,11.785533333333339,28.26235362318841
268082009,621545482,9.18024,5.779653333333331,7.664973333333333
267116008,7798841986,25.91480888888889,9.939186666666668,29.20580888888889
268029007,1421429079,9.82738126984127,2.712706666666667,9.034501269841268
268019006,339246721,25.74021333333333,18.158146666666664,18.43037333333333
268059002,249085647,17.17059935742971,6.985066666666666,10.578773333333336
268108007,4773311560,21.763869616519177,12.183720000000001,12.699386666666669
268145013,4207770497,17.46526528735632,6.09492,13.66024413793104
267092056/02,14048980812,42.18697523809525,17.95328,42.00807724137932
267143003,9627352272,25.175664761904766,15.608678095238098,18.55410476190476
268094002,4896168379,12.315399999999999,8.973152156862744,8.973152156862744
267058010,260214653,24.09160484848485,6.982933333333333,21.79359999999999
268143029,12804264320,12.809223333333332,8.897343063063063,3.32988
267052001,11056556752,20.910071515151515,1.7021599999999997,21.179125714285714
268138017,3575151668,4.52776,4.3804,2.0109866666666663
267103004/04,11709497285,30.69152444444444,13.358226666666669,32.59088
267041016,13952298113,23.071045128205117,14.28734666666667,21.466498461538453
268035005,264586660,20.706056410256405,6.74316,13.40696
268118003,2391540648,20.015793725490198,11.869306666666667,15.138780392156862
267032002,12879281588,20.675386666666665,8.700653333333333,21.83264
268155007,2030004152,4.4116800000000005,6.2438133333333345,10.909368484848482
267098001/02,60139146,44.299973333333334,23.197040000000005,48.44461333333334
267158019,9732098722,24.034142857142854,8.918840000000001,21.591396190476186
268058003,60001709,11.294039999999997,11.473679999999996,11.573986666666665
267158010,637792615,24.824135833333337,13.422880000000001,22.381389166666672
267100002,9755853099,31.321767272727275,13.816933333333328,35.923100606060615
267097001,761139215,23.363239999999994,9.192426666666671,28.221186666666657
267028077/01,1091458863,11.008281379310343,4.996320000000002,28.92072750543647
268102009,1426048721,12.000626666666667,4.523986666666667,5.815386666666667
267086003,775509659,24.512787246376817,12.52302666666667,25.94933391304348
267138001/05,9902889001,31.282819442586412,9.887746666666668,31.300419442586414
267110007,253510703,32.44848978354978,12.97724787878788,25.84747645021645
267118002,9730823966,56.40884971659917,22.186333333333334,49.807836383265844
268111011,3227846987,20.44397333333334,7.246106666666666,18.92216166666667
268132023,2380689111,14.666128888888887,3.7759066666666667,9.163453333333335
267118009,12527588664,44.501625101214586,7.90216,37.90061176788125
267100024,8793316035,26.442300289855083,14.702472432432437,31.043633623188416
267129008,2122603482,29.30430787878787,16.527786666666668,14.743973333333333
267092002,81390009,47.64931999999999,23.370053333333324,48.35843010752686
268017002/268017019,3882445414,19.282314242424242,10.398,10.944493333333332
267028002,5560626652,19.663613333333334,8.459026666666665,28.10233945945947
267132014,4077571981,38.21823719298245,14.380346666666664,30.789410526315788
267092010,13046763924,30.951946666666675,9.28664,31.701910107526892
267028097,392106170,23.811266666666658,9.328253333333333,33.0810775
268065002,339635743,20.00209333333333,2.946026666666667,15.541146666666668
267084034,10101829245,29.894986666666657,12.678,29.382206666666658
268128023,5245010411,13.929282962962963,5.538186666666667,12.982480000000002
267069005,479963147,18.434640000000005,7.878133333333333,18.001792156862745
267148002,4427603557,23.71232761904762,15.592133333333338,15.067693333333334
267074002/01,7419874923,19.899053333333338,12.939520000000005,16.08377333333334
267024006,257531137,17.913866666666667,5.05368,18.286475833333334
267130018,257298899,27.041479999999996,15.77408,20.44046666666667
268031003,16054386,11.50046666666667,3.3977199999999996,14.838428571428572
268017007,3883139225,24.119013333333328,13.770773333333336,18.250053333333337
267107001,14190318,63.715758095238044,31.542119999999997,42.17117333333333
267008008,7788435891,16.56188,2.2318666666666664,19.852880000000003
268084003,2893532815,15.719877619047619,3.145813333333334,8.694933333333333
267130005,257303187,26.43505333333332,2.8065466666666667,18.18905333333333
267100082,13100302665,26.360743749999994,5.255773333333334,30.962077083333327
267073003,480100491,19.357533333333336,8.002373333333333,5.586493333333332
267040042/02,6644167657,38.65592888888887,6.053960000000001,36.79210333333332
267118005,11429171965,51.39642715249663,12.73656,44.795413819163294
268154009,4586517695,9.23475515151515,4.502106666666666,14.210995151515153
268008004,2438128053,20.353573333333333,9.253919999999997,13.427666666666669
268006008,2399921024,24.01010564102565,11.266466666666664,21.28551897435898
267062003,294903137,27.739518787878787,7.672599999999998,23.215626666666665
268132026,11167487287,,0.0,
268021002,8595011637,12.203179649122806,3.9812933333333334,6.510293333333333
267093003,843683873,74.53032000000005,7.0193466666666655,67.92930666666666
268036010,9036368864,18.324442424242427,11.056802424242422,16.774215757575757
267046004/267057001,258069177,24.34585714285714,9.035879999999999,18.76714666666667
268099017,2385329727,13.349053333333329,2.7314,3.95184
268052001,13901490875,10.653506666666667,10.392887619047622,8.110767619047618
268115023,2366161690,17.090600000000002,11.864253333333332,15.77017230769231
268034006,9032450675,24.559536410256406,1.0764133333333334,13.051826666666665
268138002/01,6146071346,,,
267028005,2868654262,28.86534850574713,17.792733333333327,32.33029517241379
267030008,12815005175,13.580004444444446,8.580253333333332,15.61921833333333
267089005,3245058223,18.30410315789474,4.377146666666666,19.36258315789474
268074006,4431091471,20.888070724637682,8.641666666666667,10.489733333333332
267002041/01,391036976,56.31812666666665,20.047546666666666,47.69489999999998
267129005,181285607,9.913106666666668,12.20449333333333,19.475213333333333
267145008,4100848259,29.049324637681153,8.261933333333333,22.756360000000008
267126005,12513799384,11.2082126984127,9.735919365079363,16.916692698412696
267084005,4867382328,28.27405696969698,14.956346666666665,35.04957333333333
267143023,10124308356,25.90946545454545,12.96001333333333,19.427425454545453
267050026,8946868079,21.163345185185182,12.416051851851854,13.467971851851853
268100008,1426048820,12.516558095238091,4.49532,7.590706666666666
268088001,13371932684,16.81308592592593,17.550619259259257,19.71646666666666
268010012,6378526000,8.392651228070175,9.614987719298247,4.34812
268101002,358472581,13.739451428571423,3.1604533333333333,8.627253333333334
267138001/01,1420971452,35.32331619047618,20.30743619047619,28.701756190476186
267114010,7813629314,19.210600579710146,12.310813333333332,20.64714724637681
267043005,212614500,17.57554333333333,4.033053333333333,18.144286153846153
268126003,1427047502,23.282146666666673,18.840973333333334,22.629124057971023
268054001,2993737772,7.776079999999999,9.788963333333335,7.506843333333332
268100007,746555588,10.352091428571429,6.372946666666666,9.342306666666667
268133003,4897386671,12.540147450980392,3.286893333333334,8.265346666666668
267065028,802562084,27.92651999999999,24.376559999999994,46.43501333333334
267128001,11846570600,20.554912380952388,5.5226,18.921889523809522
267024005,4960393648,17.262547301587304,4.263386666666666,14.095105287356322
268059006,241895329,12.460706024096385,8.730826666666667,5.868880000000002
268002020,693895810,9.07716,3.6873600000000004,4.951733333333333
267121005,1411316105,23.348045925925923,4.704786666666667,26.788888888888884
267123029,254623870,47.77321122807018,3.156173333333333,41.17219789473683
268012007,13180691867,21.417460000000002,3.1754000000000002,18.303246666666663
268005003,1396434057,13.142986666666664,4.13612,8.021333333333335
267002037,257315767,49.53078666666668,3.7838800000000004,40.90756000000001
267133024,12593995806,47.809953333333354,7.387213333333334,39.90699333333334
267103013,3313359455,26.091657971014495,3.7703466666666667,30.692991304347824
268071001,966738704,15.826160000000003,16.25956,19.005743838383843
268054010,2315607566,14.059128888888889,8.811293333333335,4.999746666666667
268105012,2522661578,7.242893333333333,5.58244,3.747333333333333
268075007,301829321,22.122614999999996,12.189546666666665,21.802654999999998
267156010,4204789011,19.96064444444444,10.47932,16.345977777777772
268133009,252311731,10.899587450980393,5.3550468421052635,8.970520784313726
268019001,5591395073,17.43912,8.586773333333332,10.129280000000001
268117010,13147443501,7.776026666666667,5.111280000000002,8.166276190476191
267077006,717399189,12.850893333333337,6.1474,13.307609523809523
267046002,11035870134,19.49809333333334,7.96841333333333,15.972002105263154
267160001,2443612643,21.524365,15.921804999999999,18.662738333333333
267052011,8719941003,20.24354545454546,11.334868235294122,20.161494901960783
267097008,14020614305,24.741840000000003,9.326826666666669,27.32161333333333
268058016/01,6378973164,11.16048,9.539200000000001,10.097573333333335
267028080/01,8279690330,20.088399999999996,14.454426666666668,27.59548612612613
267092030/01,13448839023,19.984023908045973,13.413093333333334,11.864720000000002
268055001,4748008381,9.077946666666667,10.134333333333336,10.468363333333333
268002005,1660023096,11.071333333333335,11.42948,15.210814545454545
267146006,9464710876,27.30935999999999,7.757466666666668,19.96693333333333
267013012,7820666885,28.48676350877194,12.132453333333336,29.9233101754386
268127015,3113246802,10.919918238993713,4.776330370370371,13.850517037037038
267076005,8402819875,25.31211878787879,9.631839999999999,26.082506666666674
267013003,7732511133,23.92865666666667,14.412373333333331,26.865428985507254
267123024,12658305660,41.569811228070165,11.827653333333336,34.968797894736845
267040014,12769785481,28.638256231884053,2.09416,28.819155555555543
268097003,4738754976,,,
268143020,7168553922,11.474756666666666,10.284543333333334,3.488293333333333
267068010,480002844,19.095052121212127,12.243879999999999,17.185872156862747
267040033,12966211867,26.213743333333323,11.858933333333333,23.813009999999995
267002014,8177442894,50.544760000000004,12.787106666666666,43.94374666666666
267148011,440726383,23.64882181818182,1.4710666666666667,19.795880000000004
267100032,1264105392,27.744847843137258,4.799106666666666,31.121045714285707
268131002,4951752754,13.498631304347821,2.7155866666666664,11.911986666666667
267148004,2671282460,23.679287179487183,11.694399999999996,10.7082
268072004,2941539912,23.76591238095239,8.358573333333332,17.16489904761905
267092001/02,91408741,56.76409333333335,4.9043866666666664,60.19024000000002
267035004,9604477135,32.02501333333333,15.409773333333332,25.40345333333333
267132045,253183643,36.82457192982456,6.516653333333332,29.39574526315789
268154005,5841692219,13.309300476190478,7.338080000000001,13.182785555555556
267152005,8627358288,26.961884912280702,8.906013333333334,22.8085675
267053001/01,13751685139,38.319082898550725,7.135479999999999,28.595136231884062
268023002,26389301,5.855253333333334,4.915546666666667,17.371973333333337
268145001,12979684067,23.034218271604935,11.459146666666669,15.060146666666666
268082007,665668861,8.126946666666665,4.726359999999998,5.291133333333333
268058008,3648633159,16.389708356807514,0.3856399999999999,1.911133333333333
267065023/02,5038840809,36.60852000000003,8.556613333333331,35.64966666666669
268071029,5522720068,,,
268137002,4982560202,19.366006274509807,11.270999999999995,11.568626666666667
268140011,305307160,13.969825555555555,6.585466666666667,1.7354266666666667
267092044/03,6216972480,33.17126666666668,0.5079866666666667,33.82525677419356
267077010,11229797010,5.499293333333333,4.591613333333332,10.345264496124033
267028048,12724544758,22.54378942528735,8.794533333333334,29.282387126436777
268060013,4894741101,11.199026666666667,5.876957575757575,7.50684
267143012,6624453389,28.59557333333333,11.784386666666672,21.974013333333332
267099018,3790044982,35.32453999999999,7.41928,27.23464666666667
268127014,2790271850,11.32073333333333,7.555853333333333,19.202151111111117
268153002,4444957302,13.938617777777777,15.61338861788618,6.377080000000002
267100020,8849429474,29.38905666666667,7.382146666666668,26.42696444444444
268072014,49397371,25.13451555555556,8.822320000000001,16.660919999999997
267068005,9583979466,15.82326666666667,7.977946666666667,15.906506666666669
268124005,32435477,23.452333333333332,9.331453333333334,9.643626666666666
268031006,2400869887,17.462280000000003,4.6222,17.027798974358976
267130016,257296688,22.899986666666663,14.852399999999998,16.298973333333333
267100029,3010089997,28.10888444444445,7.3352266666666655,25.062044444444442
267084019,9437764468,27.322083636363637,5.690386666666666,27.055143188405797
268068009,469849120,20.12599555555556,5.8251733333333355,11.5092
268041010,241132990,17.609440000000003,6.477826666666666,16.95641739130435
268050005,1610330949,14.317479999999996,6.51516,10.18697333333333
267088006,11510003587,34.08755999999999,26.04266666666667,33.494186666666664
268033004,2369219709,20.125646976477334,6.4405866666666665,6.23652
267134013,253312786,36.954906666666666,21.643677647058826,28.388440000000003
267080021,2370551454,20.939480000000003,13.430946666666669,25.65477333333333
268009003,6370761533,16.194092690763053,4.548026666666668,9.60226666666667
267083016,7797341761,28.416024999999998,9.487066666666662,31.707024999999998
268085014,2373223778,17.431305945945944,9.644474285714287,3.430733333333334
268069004,2400844995,24.020100000000003,8.000693333333333,8.037586666666668
267031003,12983414955,28.13806333333334,11.350666666666664,25.737330000000004
268144004,12959300045,25.32700653594771,13.32864,22.031226666666658
268003002,6988023647,6.6412666666666675,3.2406799999999993,6.201653333333334
267104009,97019803,48.00215228070176,20.648053333333337,41.401138947368416
268137009,684995636,20.401166274509805,7.328919999999999,5.686440000000001
267051002,8718709793,18.65984484848485,5.905586666666666,19.431365714285718
268085001/03,12150536068,15.587351666666661,5.128373333333333,10.255618333333333
268119007,2752694914,16.502293333333338,7.840306666666666,16.495606666666664
267103001/04,9780315383,,,
267126011,4758734364,9.905639365079367,8.43334603174603,15.614119365079365
267090001,614656315,13.173232316384182,11.700938983050849,18.48171231638418
268032009,4935950147,8.096986666666668,6.029350630630631,8.07367063063063
268069007,2686926190,20.65994666666667,12.5108,4.956546666666667
268161010,2454609669,5.015266666666667,3.4239866666666665,6.928066666666666
267024004,658115992,,,
268037002,12793767486,22.547110476190475,9.421600000000002,0.24070666666666665
267061002,480079660,27.742865454545456,8.820266666666665,30.95297333333333
267160002,248037654,24.170408888888897,17.104826666666668,24.468891666666668
268142023,8392300525,6.690173333333334,3.193106666666667,10.09037333333333
267131018,53470613,43.54372784313726,4.984920000000001,36.11490117647058
268136008,10897690492,17.96372653594771,7.88536,18.640746666666658
267004018,257286994,28.616040000000005,5.117093333333334,22.015026666666664
268130005,563887686,16.957897777777777,10.299311111111114,16.960346666666663
267065029,12415332925,18.621573333333334,18.07628,40.13473333333334
268117022,6089168348,12.096986666666668,11.661333333333333,8.726213333333334
268117012,13785551011,10.134253333333334,4.334999999999999,8.415733333333332
268120009,2438129198,22.202479999999998,15.883453333333337,16.57651151515152
267132020,253179603,34.35357614035088,7.192359999999998,26.924749473684212
268136006,2696353648,16.83083320261438,6.752466666666667,17.701826666666665
267097020,11218257309,21.802969696969704,6.197653333333335,27.065053333333324
268128020,4222394789,9.573,4.821440000000001,10.694127179487179
268015004,2407397957,20.702999191919194,8.38464,13.472586666666668
268059007,280379061,9.342319357429718,10.579519357429717,2.418733333333333
267003025,2384152307,45.435853333333355,3.06448,38.83484
267092044/01,12710296639,24.356597241379305,20.392957241379307,22.212333333333326
267050020,8949804629,21.436078518518517,12.688785185185184,13.740705185185186
268156002,2763710371,17.980453333333333,10.993746666666665,14.997353333333336
268132017,4897796305,11.421960784313727,6.035399999999999,9.49289411764706
268065009,52199957,24.049775833333335,12.440789166666667,12.177439999999999
268013008,4891651431,19.037323137254898,6.364093333333334,15.446173333333329
268042001,410715194,14.863013333333335,6.43136,22.06337142857143
267114013,14052128860,,,
267040061,3811565661,30.167306666666665,12.032920000000003,29.226946666666667
267028099,16544651,22.110067126436785,9.210186666666665,25.57501379310345
267002013,4385300502,55.22478666666668,10.3586,48.62377333333334
268143028,13234864187,12.06352081632653,9.314257777777778,5.395506666666667
268117001,13480083374,5.350640000000001,2.350826666666667,9.85458721088435
267132006,12609366854,29.26483282051282,12.813795000000002,21.83600615384615
268090002,26414214,11.7044,6.7995866666666664,6.7995866666666664
268025007,4892641883,16.927652777777777,13.345652777777778,14.597026111111111
268061010,297387949,21.753850793650788,5.068653333333334,8.941293333333334
267084013,11073669568,21.209190303030294,15.335573333333336,27.925185612648214
267123028,6281316535,48.07467789473683,5.319373333333333,41.4736645614035
267133028,26472647,42.876824444444445,16.84189333333333,35.447997777777786
267148001,8522735308,24.817100512820517,12.83221333333333,11.846013333333334
267096011,480079600,32.97740652482269,1.4906533333333334,34.74121333333334
267012004,7037167063,26.18931333333334,7.808946666666668,23.34357333333334
268130013,2423624417,13.862386666666671,12.039504761904764,16.463185263157893
267050006,8989972661,27.261382857142866,2.562466666666667,8.00596
268035008,2369219448,17.9992,8.236386666666665,17.327003076923074
267037005,14019893675,19.28464000000001,2.8248533333333326,26.63882666666667
267110003,253510775,30.789679480519485,7.8843466666666675,24.18866614718615
267155006,4858282735,16.114217777777775,4.7368266666666665,12.499551111111108
267051003/01,10171771742,22.69239151515151,8.565413333333336,21.157165714285718
267148009,8511530451,30.53456848484849,7.701613333333332,24.998146666666667
268015014/01,2494582411,21.637279999999997,13.315200000000003,14.629850370370372
267100008,10199991864,34.21848333333333,15.316226666666665,32.37669777777777
267007015,9554715330,19.818988333333333,13.148193333333333,23.109988333333334
268143011,872550493,9.637827499999998,8.039253333333333,4.578657777777777
268077008,26384666,13.16596,4.684613333333333,13.542359999999999
268108005,330940545,23.20804607142858,8.647546666666667,14.891032738095237
267004013,314502404,30.37620444444445,2.8249599999999995,13.171920000000002
267079007,256112283,26.816004444444435,10.185026666666667,9.301653333333332
268089003,2423092520,10.113918787878788,6.193786666666666,13.250706666666668
267101002,4489576505,23.11953333333334,1.5396,27.720866666666673
268115003,5436094730,16.33799897435897,10.656920000000005,8.801706666666666
267140042,9498837114,28.139717894736854,7.130506666666667,21.518157894736852
267146011,11450628862,23.794364637681156,6.294346666666667,17.673737971014493
267085005/267085009,292410998,18.841043636363633,16.646958945981556,29.126332279314877
267053007,8923649397,33.66640303030304,9.962053333333333,23.942456363636357
267156009,4204789023,19.522337777777775,10.041013333333336,15.90767111111111
267082001,256073925,19.505328888888894,8.151858156028368,6.213439999999998
267147007,12558252197,11.293240000000004,11.857563537414967,3.9508133333333317
268145007,5526233246,18.370952380952385,6.89904,18.244169462365598
267135004,255416377,34.69071492063492,7.393106666666667,27.901301587301585
268076002,1427047646,16.696733333333334,9.132626666666663,13.123226666666666
267111010/03,13931847073,20.719241904761898,14.269773333333331,14.118228571428572
267114006,1284630562,24.99115999999999,7.438400000000001,26.427706666666662
268071023/04,12760677017,7.795786666666667,6.959413333333333,17.347448366013072
267132001/05,6749358676,40.001618947368435,13.84577333333333,32.57279228070177
268070012,2758274183,14.795956111111108,8.550546666666667,11.422991111111111
267133029,2986146528,41.46722444444445,15.432293333333329,34.014066666666665
267029035,13096028295,25.315622857142834,15.431146666666672,29.754034358974366
267035001,2598864931,124.69337696969689,47.99221333333336,119.87066545454537
268017010,2424873933,20.72569333333333,6.520933333333333,13.634426666666663
267028106,11880018239,10.299666666666669,10.117853333333336,30.091228985507243
268095004,192308488,19.40443746031746,9.854320000000003,11.57604
268008009,4892956240,20.336415000000002,10.582946666666665,20.016455000000004
268048006,1699406003,,,
267103001/16,11690933472,26.65667111111111,14.842057777777777,31.258004444444442
268094010,4898455688,20.662266666666667,13.24056,14.986693333333333
268127008,8297765160,7.812306666666667,5.333373333333333,23.255402841530053
267065005,253339415,27.848346666666668,8.870133333333332,26.24449333333333
267092014,280431603,36.188426666666665,3.6736266666666677,36.883390107526886
267117010,2474110580,14.82389212121212,10.990760000000003,20.616339130434785
267051013,3292810278,24.30717818181818,11.937693333333332,25.673392380952375
268071002,6071968121,12.475239999999998,1.6266800000000001,21.018582222222218
268071010,187761519,30.641066666666664,16.758373333333335,25.0062
268115011,13234436516,,,
267028039,7177404061,15.526893333333339,13.41494666666667,33.439339459459454
268117018,9732504486,9.943373333333335,6.2069600000000005,2.44864
267013008,8215454099,22.22649,17.79027238095238,27.92517565217391
268092008/03,12806034585,19.684793333333335,8.947013333333333,17.329686666666667
267057005,13439603401,18.027337142857146,8.328333333333337,16.047537142857145
268112016,428957685,18.705344313725494,3.96804,20.41859246376812
267134010/267134011,9578004353,43.66631999999999,19.68570666666666,35.763360000000006
267126006,158709919,16.553138983050847,15.080845649717512,21.861618983050846
268101005,2742541294,12.025772549019605,6.978279999999999,11.490479999999998
268070001,6378829672,15.960759999999999,7.4669066666666675,10.58244
268132012,10817104887,,,
268005015,2399584155,9.949706666666666,4.236613333333334,12.177031351351353
268006029,245807840,22.259869047619063,12.593146666666662,16.58553333333333
267031001,13083931816,24.464133333333333,5.499493333333334,30.419236666666677
267100077,11897667555,26.899010416666663,8.506986666666668,30.33951111111111
267141003,9629735657,25.77887384615385,6.933786666666666,19.15731384615386
267084016,11114103419,21.91552363636364,19.020185612648216,31.49955894598155
268162001,4858081768,8.405306666666668,6.3972,6.9467333333333325
267059005,5149666987,27.773395555555553,10.664093333333332,14.481506666666665
267130017,12860200756,24.426439999999996,15.464306666666664,17.825426666666665
267028052,12778217260,14.266468045977016,8.341386666666669,32.17891417210314
268047011,241003256,10.739856969696968,6.933066666666668,3.567306666666666
267103001/07,10249332292,29.144656363636365,9.020399999999999,33.745989696969694
268109009/268109018,5267884634,14.782850144927535,7.07404,0.9968000000000001
267028089,12955252,21.03797333333334,14.34404,26.922192792792796
268158017,5388335438,,,
267094006/03,4264152297,66.48691789473686,7.386693333333335,59.885904561403514
268092005,122614708,22.47913047619048,10.565533333333333,18.60970583333334
267104001,11425554519,87.41058153846156,53.826613333333356,79.50762153846156
267079013,256112268,24.88552444444445,11.203066666666667,10.540053333333333
268099016,10656297074,12.773454970760232,3.6690799999999997,4.902706666666666
267031016,1272240230,20.441213333333334,7.558306666666668,31.316177777777778
268081007,6217539841,8.29823878787879,7.459492121212122,8.57615878787879
268113015,8496751096,5.263866666666669,8.544413333333333,14.461105185185184
268115015,255235000,16.711346666666667,12.266413333333336,11.007733333333332
267138002/03,6982634614,34.684184242424244,23.201343030303022,28.06262424242425
267104018,10712531175,48.53119228070173,18.681160000000013,41.9301789473684
268118007,11295587637,,,
267085003,9670780185,22.899106666666682,19.765093333333333,32.52670318840581
268145008,3563871829,15.184049047619048,0.21896000000000002,14.236731111111112
268144005,4194418314,26.86299320261438,14.864626666666668,23.567213333333324
267049025,11833521986,34.05774666666667,15.36785333333333,24.3338
267150016,1500360781,26.58841037037036,0.0,20.457831111111112
268049009,8623278777,13.310416363636365,5.480693333333333,3.8053733333333337
268118006,4161475233,,,
268156011,8694163664,11.003773333333331,9.071906666666669,9.071906666666669
267153007,8618091792,28.892618245614035,12.687453333333337,20.003386666666664
267100036,10939902658,26.050506666666667,22.95582666666667,34.04097333333335
267052004,8681308434,22.446958787878785,11.317959999999996,22.452972307692303
268120003,4057378954,17.12350222222222,4.138573333333333,4.24972
268077002,26384754,18.575666666666663,8.20712,16.794088695652174
268070016,3428783056,19.68874666666667,12.569933333333337,8.813759999999998
268151004,4218636554,7.379053333333331,6.239346666666665,12.697949909909912
267116006,7799535523,26.589821538461543,10.762173333333331,31.930810523968788
268134003,4211639635,21.63264,14.08574571428571,19.142945714285712
268056011,364875063,10.717875151515152,11.028560000000002,15.694115151515154
268136005,4544313997,17.686073202614377,7.607706666666667,15.69936
268089008,2516833460,6.239800000000001,7.7877333333333345,10.002720000000004
268151005,8575560357,10.154813333333333,3.7181199999999994,12.520372307692309
268068003,3739628523,21.580033333333333,5.560626666666668,13.789253333333333
268006002,462683764,15.698775714285714,9.391799999999998,14.094229047619047
267019006,5283739020,18.867884444444442,7.409453333333336,17.161719999999995
268051004,4426065301,17.63879255813954,12.259253333333339,16.347182745098042
267029021,12873322796,17.832731954022996,4.9602666666666675,21.297678620689688
268011007,305411686,20.745159999999988,6.78716,17.386186666666667
268056003,4895330489,3.6643333333333334,10.422666666666666,13.04192222222222
268032015,13361732657,9.752893333333335,8.982186666666667,12.763521212121212
268159002,5414758353,11.406615714285714,10.205069047619046,8.294989047619048
267069001/08,11974236243,17.905626666666674,5.843733333333335,18.34872927536232
267158012/02,13374120557,43.76897575757577,21.280546666666673,41.3262290909091
268136004,2371878845,16.34348653594771,6.26512,19.33394666666667
268067005,527838192,24.525057777777775,1.6098133333333335,17.07411111111111
268039010,4938221197,18.2241776344086,12.110173333333334,13.472986666666667
268025006,4892641884,15.967413333333335,9.186706666666664,13.636786666666668
268076009,6202677751,15.65668759517842,10.19996,14.635369922480619
268084001,1414486395,18.80146428571428,6.040146666666667,10.91116
268114014,8755842494,10.89749333333333,6.251266666666665,13.921118518518519
267150008,8607900608,29.783515348837213,5.4765999999999995,22.72435541666666
267083011,11077223893,21.080599999999997,4.246653333333333,24.371599999999997
267102004,2870063973,33.57291555555557,16.5616,38.1742488888889
267104006,97013029,59.18780717948717,25.152266666666662,51.28484717948717
267140027,9911624888,32.59325944258641,12.89030666666667,27.674813333333336
267097004,14023172206,30.42263999999999,16.23372000000001,33.41543333333332
267011005,9537832422,22.282006666666668,8.893026666666664,9.92136
267131001,5755765465,59.13508,21.374280000000002,51.70625333333332
267104008,5721165621,48.301298947368416,25.587759999999996,41.70028561403508
267092055/01,8909717827,34.97451710144928,23.542786666666668,36.03299710144927
267116003,6298298353,26.274733333333337,13.652000000000003,29.565733333333338
267065024,10267146342,28.26809333333334,6.844893333333332,34.12758666666667
267096009,653542729,34.68376296296295,7.039373333333333,29.324373333333337
268127002,7501522988,9.548906666666666,12.613800000000007,21.786736140350875
268133002,2371748432,13.46925367965368,5.350253333333334,5.785520000000001
268030024/268030025,18896440,,,
268143015,11183713522,11.680813333333335,10.704093333333333,5.015013333333333
268093004,269233869,24.163292500000008,13.139266666666666,13.139266666666666
268060008,6352548394,16.36872753623188,4.472426666666666,12.339826666666662
267020017,1514093873,6.084239999999999,6.474226666666668,16.627202790697673
268143021,12804264320,12.809223333333332,8.897343063063063,3.32988
267138001/07,6750944603,31.56501944258639,10.725973333333332,25.852022857142863
267110014,11015857702,33.38787645021645,9.089813333333334,26.78686311688312
267058009/01,2386796932,24.70875151515151,7.600080000000002,22.410746666666657
268115020,428959227,13.261946666666669,9.763493333333333,14.175665641025644
268143024/02,11599631496,15.17977,13.989556666666667,7.193306666666667
268056009,4384607655,10.605008484848486,10.915693333333337,15.581248484848489
268041011,241135378,15.296066666666668,5.571306666666667,14.643044057971016
267080007,2392908039,22.49432927536231,6.0422400000000005,17.541075555555555
267138001/03,12716901215,26.948766109253064,14.301013333333334,26.881142857142866
268104004/268104005,11645489308,7.958266666666668,1.2645066666666667,4.295813333333333
267036007,1411048378,25.053852222222222,12.149493333333334,21.75794555555556
267090004,481234476,18.822045649717513,17.349752316384183,24.035970909090903
268013006,3005570701,26.952080000000002,12.032786666666668,24.430533333333333
268139004,11530760889,7.141160000000001,2.1484533333333333,1.1880266666666666
268114008,8755169115,10.17389696969697,7.469790303030303,13.183237460317457
268032016,4743415883,12.44046666666667,5.41684,14.667791351351354
267053018,9865840276,36.699319999999986,5.19196,21.525226666666676
268117006,13189821543,9.119426666666666,6.960493333333333,10.015489523809523
268158013,298538036,16.79100862745098,5.0967866666666675,12.392266666666666
267002019,2366275259,57.07727555555557,3.6101733333333335,50.476262222222225
268107001,7491020623,15.612299404761906,6.458229616519174,7.29528607142857
267082010,260022392,24.917862222222222,13.5643914893617,11.625973333333329
267021010,183666871,15.655289523809525,4.800973333333333,5.66412
267052005,8689231309,17.030278787878792,5.667893333333333,20.54971333333333
267142006,4878124550,23.97710952380953,11.371906666666664,23.348160000000007
267099009,253515547,31.479976666666673,4.732133333333333,22.91351000000001
268140013,434149496,14.674647320261437,8.062466666666666,1.6148533333333333
267132034,2987438320,32.915760000000006,6.342999999999999,25.486933333333337
267141009,443324661,24.752204444444445,9.180786666666664,18.130644444444442
268140009,3562601809,6.935240000000001,3.1382266666666667,1.5132133333333333
267126009,158709971,15.31487231638418,13.84257898305085,20.623352316384178
267040002,6239647351,33.39242666666668,8.670093333333334,36.08706333333335
267134012,11364540056,38.17287483870968,10.027133333333335,30.269914838709678
268011010,4891651478,15.25889333333333,2.8715199999999994,14.575653333333328
268072011,6070559255,21.072032380952393,9.177760000000003,14.47101904761905
268146006,90366437,19.23753975308642,9.902573333333335,18.982317777777777
268091013,11841365466,21.990942222222227,5.93396,5.93396
268028002,6370510038,12.022581587301591,5.737773333333334,9.970337777777779
267087002,4581496495,17.829790769230772,11.107466666666669,18.88827076923077
268135005,2958855246,8.135266666666666,5.656333333333333,17.143232994350278
267016001,19080342,100.5666733333333,59.59816,91.94344666666663
268008016,301816526,16.706453333333336,11.42254666666667,9.780546666666671
267092013,603799846,32.51914666666668,7.707226666666666,33.17313677419356
267030005,12878675216,19.726568888888888,7.9807066666666655,22.45516888888889
268060011,26496144,16.31270787878788,4.03144,10.16365333333333
267138021,9988827682,24.26724,3.6558399999999995,23.214152592592594
267090005,319488380,28.04517043478262,16.613439999999997,29.103650434782615
267143014,4932695226,30.398522424242408,8.172426666666665,23.91648242424241
268050008,4794342754,11.570626666666668,5.6827733333333335,12.87306121212121
267056005/03,10177802175,17.49638205128205,10.570030476190478,7.722586666666668
267103001/05,5656951187,29.248309696969702,5.942240000000001,33.849643030303035
267112001,7124660836,89.18951333333325,47.42986666666664,82.56795333333325
267029002,12923357189,22.81229565217391,8.980680000000005,26.277242318840567
267147015,11159606254,,,
267150014,8669987876,21.457357037037045,7.525266666666667,24.12717777777779
267100047,247330575,28.65938492753623,8.837506666666664,26.564324444444445
267156004,55457257,21.681751111111115,10.946711111111112,14.569484444444445
267002026,10673999356,54.617702222222235,7.246466666666666,48.01668888888889
267029017,5546461152,18.200505641025654,9.47306666666667,23.89387294117647
268138001,3978871173,7.006573333333334,8.933559999999998,6.0767066666666665
267065009,253339206,31.73628,14.129386666666669,26.355479999999996
268051007,364875114,16.899546666666673,8.071173333333334,19.350615238095227
268006038/03,9510970411,25.929372690763053,2.2212,17.98012
268071020,8908361239,14.334413333333336,10.863733333333332,17.05182222222222
268010013,1506481638,10.469266024096388,11.706466024096388,6.644426666666666
268040007,196360273,25.310293913043484,14.201934545454549,14.991280000000001
267028038,6833215668,13.894853333333337,11.782906666666667,31.807299459459458
26701100,9537829067,23.227853333333332,9.200666666666667,10.229000000000001
268092008/01,3423545144,23.944993333333336,12.53784,20.582012499999994
267039012,8328793254,7.977986666666667,13.18022666666667,14.341800000000001
268148009,11226626554,8.905413333333334,10.473786666666664,9.843013737373742
268036009,13103815293,14.789736410256408,8.719959999999999,14.106429743589741
267031010,25974257,20.154653333333336,6.635226666666666,31.029617777777776
268081011,2523754088,4.51956,4.911716111111111,6.028382777777777
267122015,218904211,21.32115259259259,9.966586666666668,28.20351333333333
267103020,8830535251,27.045391249999998,9.23808,31.646724583333327
268056001,252322901,9.17765333333333,5.834906666666665,16.331580512820516
267112006,5994369600,55.99036000000001,4.502799999999999,49.36880000000001
268036003,377095062,18.947786086956526,11.68014608695652,17.397559420289852
267158014,2990170593,22.987462857142855,6.047866666666668,20.544716190476187
267120017,12378460522,14.927472592592588,1.6824,22.776633333333333
267155002,8588329206,18.652986666666667,3.9958933333333335,15.775232156862748
267040042/03,5582753641,37.995595555555546,4.600346666666667,36.131769999999996
268104007,131037709,10.804253333333333,4.110493333333333,7.141800000000001
268051005,13856999876,15.075786666666662,11.736666666666663,21.42476941176471
268142007,133287064,7.46276,6.75036,6.518895238095237
268010006,699457870,7.3026378947368435,5.353573333333332,3.683973333333334
267134016,11363037625,35.68201333333333,16.87182666666667,27.11554666666667
268131009,8593585621,11.763400000000006,5.206413333333333,16.688121666666667
268022008,12040093658,7.545213333333334,8.291213333333333,18.399106666666672
268053009,2373975816,12.183046666666666,4.754066666666666,9.623785185185186
268108029/02,9122356827,17.361692789115647,11.006279455782312,7.837933333333333
267099002,2367643598,32.28083999999999,3.933160000000001,23.714373333333324
268105001,10288509687,14.710733333333328,5.199893333333333,7.796533333333333
268099004,298693141,9.0308816374269,3.348866666666667,4.184986666666666
268054004,364875038,9.563199999999998,13.134960000000001,13.134960000000001
267040003,956527854,25.697026666666666,5.045333333333333,35.903450000000014
267056001,10826928975,17.29160380952381,13.436403809523812,2.458293333333334
267095019/267095021,370327598,,,
268085017,6190170633,17.357683076923077,8.282893333333332,7.529733333333335
267039013/02,7277503526,18.923486666666665,13.012666666666671,18.47542666666667
268033001,14653160,22.919860309810666,4.897013333333333,9.030733333333334
268151007,9181606901,11.499773333333334,4.095093333333334,11.35432
268030007,1427521499,8.223720000000002,8.55048,7.988468571428571
268020008,59931806,26.96790916666667,13.577613333333334,12.772613333333332
267155009,4858003468,20.425186666666672,7.681146666666668,17.7734
267108001,11730535140,11.15208,15.526379354838706,15.244166021505377
268086005,5977082252,,,
267121010,11407341512,24.886659259259247,10.701173333333339,28.624968888888876
268019003,76770678,20.877906666666664,13.29584,13.568066666666668
267050017,8955445986,28.55969185185185,11.584840000000002,6.493066666666667
267127007,1520326704,11.667626666666669,7.4806,7.719039999999999
268154002,6250063694,12.443986666666666,10.77010666666667,16.02981897435897
268112006,1289135499,15.709597647058821,9.341573333333335,17.192345185185182
268042012,2416575583,17.755711111111108,13.213733333333336,27.26373587301587
268008010,9733429030,22.060601666666667,11.717906666666664,21.740641666666665
268103001,2434933343,5.692306666666667,7.58316,12.229941111111112
268057006,196244542,21.624653333333335,8.551466666666668,7.4462133333333345
267148013,8626954238,24.223636363636363,7.671253333333336,24.248373333333333
267004024,187689614,31.614639999999994,3.738986666666667,24.018680000000003
268006030,16054189,15.961215714285713,10.237015714285715,14.027480000000002
267111001,4736074240,47.92451523809523,22.97868000000001,41.32350190476191
268048013,3328318410,14.658365098039216,10.656937647058822,12.812230980392153
267092032,412300616,22.06025333333334,5.828026666666667,7.520639999999998
267072005,13324234387,26.02519282051282,5.1712,18.10054358974359
268021005,242783741,12.886105531914893,9.663973333333331,4.761293333333333
267147023,12519988891,9.70494666666667,9.597780952380953,7.415493333333334
267027003,12279041282,10.869976231884058,3.0034533333333338,18.84557623188406
267095028,9581726251,10.177413333333336,4.6975999999999996,26.62124
267138002/02,279572533,35.02852363636364,22.601661136363635,27.523283636363637
268030020,747096236,,,
267015008,1411048137,17.079213333333332,6.012733333333333,16.892429999999997
268144011,91564853,19.622126666666663,8.284439999999998,14.05902666666667
268146005,2746496428,15.22565904761905,2.3372666666666664,14.50021111111111
267100067,3001440786,22.96037041666666,12.990719999999994,27.561703749999992
267093002,12721868492,64.28013333333334,5.621840000000001,57.67912
268065003,52199852,26.72817090909091,10.33282666666667,16.7088
267040059/01,12979522240,31.490903333333335,9.366679999999999,29.090170000000004
267003014,560619002,57.27436,12.31245333333333,50.67334666666665
267097010,244349000,22.25325333333333,6.8382400000000025,27.111199999999997
267037001,4092470317,17.819062745098044,8.409973333333335,15.780069999999997
267123030,5058354626,51.25234456140348,5.895253333333334,44.65133122807018
268069002,1230024593,19.991606666666666,2.0193466666666664,11.460986666666669
268063006,2686868859,19.004266666666663,5.281346666666667,14.251480000000004
267103001/18,10229171336,29.879254901960792,18.06464156862745,34.48058823529412
267133018,296518845,43.640460000000004,3.7218666666666658,35.73750000000002
268026006,2375593742,15.733689047619048,15.29582238095238,15.228742380952381
268058009,1400142759,19.91687666666667,18.826520000000002,14.799613333333337
267069002,8882678907,18.342915942028984,11.369346666666667,16.497795555555555
267147017,11554213631,14.237253333333335,6.598560000000001,15.497173333333334
267020015,3623839231,11.638072316384182,8.52496,16.94655231638418
267138001/06,6750944642,32.223192775919735,5.178533333333333,30.201449523809515
267097021,13363022331,20.170396363636375,5.03004,25.503768333333337
267002016,2366243342,61.48619555555556,8.64184,54.88518222222222
268162004,1426048719,8.119613333333332,6.991378550724637,8.544453333333333
267100090,11611960290,14.063440000000002,19.508257407407402,24.574384604810994
268030001,4889112248,18.28886666666667,7.855946666666667,16.208638974358976
268004005,325713096,17.125253333333333,8.731679999999999,16.854006274509807
267060001,265615814,32.98323319148936,14.380693333333332,36.273059858156024
268078001,429347168,22.22518666666667,16.460076190476187,16.177862857142852
267007001,9543930593,19.965387179487184,11.236799999999999,15.43646
268055002,13892696892,6.424866666666667,5.505213333333333,12.134393846153847
267096002,13530231548,20.104504242424248,8.666253333333334,24.583595
268074012,2423266431,17.212110724637675,1.6374133333333334,6.813773333333333
268114007,8905359950,12.867670256410257,7.303853333333335,9.513459130434784
268128022,1250706373,9.492013333333336,7.508959999999999,7.406780512820513
268109008,1025224375,,,
267136003,440701619,27.57422909090909,4.455173333333334,21.86388242424242
267133003,26472658,40.331931111111125,14.64846666666667,32.90310444444444
267002015,2366243439,63.682595555555544,10.434960000000007,57.08158222222221
267029007,4833115974,18.08873195402299,1.7776266666666667,21.553678620689656
267124002,12753113685,24.483768333333323,0.7568666666666667,19.49901333333333
267069001/06,12556790884,18.951049275362333,5.247666666666668,18.674689275362333
268066003,8948751673,14.90426419753086,7.086333333333333,4.72632
267115015,2465687918,19.93175333333334,0.8361066666666666,25.014933333333335
268110011,1359298433,,,
267068011,480002765,20.52891,10.012413333333333,14.954405490196079
267070003,319029820,16.49160000000001,9.214879999999999,21.03517333333333
267153005,1802929688,26.142818245614038,10.164986666666668,18.14741333333333
268111002,4894695838,18.979225454545453,5.620213333333334,14.131945454545454
268146007,1326676687,22.351485432098766,0.91644,25.670271111111106
268104006,6937110778,11.026293333333333,4.332533333333333,7.36384
267024003,634656751,23.2754031372549,7.21444,20.304968888888883
267099001,661182869,29.62884,8.60236,21.06237333333333
268108014,7491098067,16.47090444444444,7.992866666666668,1.2535999999999998
268152009,5755229833,13.076626666666664,5.671946666666667,9.676066666666665
267070007,7604517291,18.855302222222225,7.8200666666666665,16.43787555555555
267091004,1510836631,132.18095238095242,8.784346666666666,125.99885904761905
267100048,12044682289,33.588464927536236,13.643426666666665,31.37024444444444
268157003,1534456535,8.82124,6.051386666666667,8.937533333333334
268119002,374587286,20.02847782945737,7.553786666666666,12.189030833333334
267131015,300120398,40.479152941176466,13.635360000000002,33.05032627450981
268042022,1426961762,17.344337777777785,11.15990666666667,26.852362539682545
267124010,12017463739,24.140419047619055,7.197866666666666,22.507396190476193
267130006,257304270,28.820719999999998,6.792586666666666,18.935386666666666
268079008,364875080,19.95979255813952,7.926706666666666,15.277054166666666
268096008,3800663498,7.990186666666669,6.117,4.01148
267065021/02,5305454710,40.13416,20.553413333333328,33.533146666666646
268111014,654085452,18.425230303030293,3.659986666666667,14.93088579710145
268037003,901532,13.40949333333333,7.839466666666667,14.688466666666665
268028007,11802247823,13.335427407407405,5.335213333333333,10.614067499999997
267149003,6178641109,,,
268034002,6792384354,22.680580309810676,1.3125200000000001,9.04112
267138013/02,443679512,22.172053333333317,7.009573333333333,18.957713563218395
268039006,4835708128,17.000489523809527,10.93614666666667,13.587630476190476
267153001,2584874863,25.199399298245616,1.00444,21.584732631578948
267084037,10100650616,30.560706666666658,13.191613333333333,30.047926666666662
267118029,1426297565,53.046027836257316,9.24116,46.44501450292398
267056006/01,12124092279,18.02144,11.104634509803917,5.3086400000000005
268103002,2038533941,8.884146666666663,6.906159999999998,11.085426666666665
267020014,193747920,15.062005649717518,13.589712316384183,20.370485649717516
267081001,208925515,21.975186666666666,8.037546666666666,8.976333333333335
267146007,9464710848,28.847684637681155,5.3332533333333325,21.798506666666665
268047005,42503305,14.269576410256409,7.622706666666668,8.685813333333332
267146013,440688014,21.192850434782606,7.0194,15.072223768115943
267082007,132217993,24.144146666666668,4.467093333333334,19.71490666666667
267127004,146658654,11.527946666666663,4.6928133333333335,13.8398
268134013,9588688395,17.15428034632034,7.401853333333334,9.109386666666667
268058016/02,1672696445,8.234013333333332,10.745173333333335,17.958579404761903
267088018,403881158,20.315184999999996,6.2983199999999995,21.623665
268106011,532751154,12.231422564102562,9.693166086956523,4.6934933333333335
268034004,2369219547,23.7891764102564,4.15392,10.370706666666667
267157002,1424006673,24.31146,8.099293333333334,7.897466666666667
267049008,10761186147,27.588466666666665,6.9299066666666675,10.201213333333332
267151007,54859738,19.259029743589743,4.607666666666666,12.230887499999998
268030027,6543044042,,,
268042028,3522104987,15.83089333333333,6.339653333333332,23.031251428571444
268013001,3005645648,25.049683333333334,5.288066666666666,18.292283333333334
267050015,8951456811,26.12470518518519,6.734880000000001,6.570826666666665
268042004,241790116,19.09981777777778,10.748506666666668,21.193504615384615
267131009,12593946679,38.7900911111111,10.150693333333335,31.36126444444444
267104010/02,10594944511,51.75555228070175,25.13892000000001,43.949287179487186
268006038/02,12282132031,25.275919357429714,3.8759733333333335,17.326666666666664
268016011/268016012/268016013,4359234303,17.131425454545454,7.764093333333334,13.063333333333333
267078017,11987652971,6.165786666666667,2.6886133333333335,16.98481333333333
268125001/02,8914846571,22.453226666666662,8.277159999999999,14.55542666666667
267053026,9866430157,33.736106666666664,4.967480000000001,18.9642
268157001,6370130814,13.157876666666665,8.060226666666667,8.040613333333333
267047003,8557904891,24.69385757575757,8.279986666666664,23.89432231884057
268150007,2406953578,8.378413333333334,5.568693333333333,10.530961403508774
267145012,4921047837,30.150577971014503,8.460853333333331,24.02995130434784
268072005,968109471,24.66249904761906,5.024213333333333,18.06148571428572
267081004,208925432,22.873411111111114,9.305653333333332,10.244439999999997
267049028,14019118074,25.454989696969694,7.567880000000002,15.731043030303033
267106003,4064181392,34.27486666666666,18.123984313725494,25.7084
268009009,701151019,15.56572,1.9699733333333331,10.662579404761908
267038013,534895545,23.41690416666666,14.624773333333335,26.693187826086966
268071022/02,10652938142,8.075386666666665,9.336706666666668,17.49226095238095
268018003/268018004/268018009,2407397062,21.32801252525253,3.497346666666666,12.281079999999998
267011001,239677069,27.722298823529403,8.210853333333334,17.256026666666664
267103017,2640122488,25.20193797101449,3.8172666666666664,29.803271304347824
267073001,7591496620,13.577346666666669,7.831853333333334,8.373919999999996
267091003,253490657,124.98083999999997,29.836106666666673,117.55201333333329
268150004,3131145730,11.935933333333335,0.0,14.067921403508771
267100014,248975532,29.6846515942029,7.855613333333335,27.680529523809525
268074009,301832565,20.654284057971008,5.974333333333333,10.255946666666667
267145007,9890798418,25.91254376811595,8.408466666666666,19.791917101449272
267028017,12901444175,24.02541743589743,9.252440000000002,31.70209195402298
267103001/06,9786611351,27.322989696969696,7.263120000000001,31.92432303030303
267100030,597687378,30.16600444444445,7.258093333333335,27.119164444444444
267143013,1420913409,30.546749090909078,8.32065333333333,24.06470909090908
268065004,5414223029,24.54777583333334,9.671306666666664,13.565306666666663
267094004,5205647257,52.51987339181287,9.494533333333331,45.91886005847953
267029025,12884013203,18.833758620689654,7.399893333333333,22.298705287356324
267085011/04,9668562403,17.166600000000013,25.426812279314884,37.906185612648216
268070018,3468190697,15.135026666666667,4.0460666666666665,9.614106666666665
268075004,301801698,13.97764,7.4828666666666654,17.09222666666666
267002010,433637840,58.89805333333334,6.671519999999999,52.297039999999996
268120002,5564561122,24.14975555555555,2.8876800000000005,7.974773333333333
267116001,7805023418,26.615074871794885,10.78742666666667,31.189325797101443
268092002,4698094618,19.011826666666668,7.984626666666668,10.96116
268093010,75681230,18.313985833333334,8.615724444444444,12.414985833333333
267123025/01,253397192,43.56867789473683,14.537159999999997,36.9676645614035
267151011,8633054706,23.374684444444448,7.8206,17.083151397849466
267147002,6226093105,19.00565241379312,7.696573333333334,12.384092413793098
268042009,1095730889,16.132524444444442,8.521066666666666,25.202237948717947
268006007,16054007,21.035078974358985,8.29144,18.31049230769231
268127003,2479264920,9.129479999999997,12.251866666666668,23.69169333333334
268109002,581596516,18.367867017543862,2.602466666666667,6.882933333333333
268140010,6214288550,13.39893811965812,5.860213333333332,1.87544
267133006,296473746,40.87882787878789,9.14784,32.975867878787874
267028071,169350289,9.187919999999998,13.916428985507247,25.92524231884057
267045005,9123194096,12.478573333333335,11.62294666666667,25.567472820512826
268100013,4352655824,10.077706666666666,2.8136133333333335,6.56388
268110020,8761089846,23.39494608695652,5.52888,4.284106666666667
268124004,2699878904,21.56622666666667,11.438573333333334,11.750746666666666
267147016,6231340303,14.795959999999996,5.6060533333333336,14.36152000000001
267092018,2370751491,35.501880000000014,6.1809466666666655,36.1558701075269
268135009,565005266,10.029819869281045,5.573173333333333,11.936776174863388
268041013,1427047503,15.110175652173918,8.597013333333335,13.141308985507246
268099011,6233178778,10.614120000000003,3.6772266666666678,5.957573333333333
267040007,16465223,25.48625623188406,13.109426666666666,27.530463859649124
268101004,1426048759,12.907679999999997,0.0,6.71448
267004002,6436333124,30.71094666666667,6.93152,18.98301333333333
267118030,1426297497,51.50130783625732,7.4730799999999995,44.900294502923984
267076011,9780129526,17.86291878787879,14.65113333333333,21.152745454545457
268069005,2686926134,23.607568888888903,11.911133333333332,4.35688
267080015,243189169,20.47346358974358,6.412480000000002,7.533280000000002
267119002,2880198510,69.51523538461538,34.433306666666674,63.52941333333333
267080028,5631279001,22.093542608695657,9.331039999999998,13.292306666666667
267110004,253511574,33.01963948051948,5.9781466666666665,26.41862614718615
267031014,13076500498,25.6708742857143,12.420853333333328,28.39372999999999
267029036,13094023394,19.451622857142855,14.970969523809528,23.974447692307685
267050001,8978171163,26.21928952380954,8.250293333333333,4.291426666666667
268128012/02,5417187898,7.519239999999999,8.428120000000002,8.047436875
268081014,810892697,8.966893333333333,2.9487866666666664,3.0137599999999996
268071024/02,968130468,13.337200000000001,2.448586666666667,22.888861699346403
268027011,6935294717,11.876654166666668,3.71252,8.762440833333335
267115017,7773440259,19.183130574712642,7.996613333333333,22.474130574712646
267004008,11415444517,24.77699555555556,14.55069333333333,5.975359999999999
267029034,16344999,19.769682298850583,8.409079999999998,23.23462896551725
268006034/01,249199834,19.485412690763056,9.415560000000001,11.536159999999997
268114013,713264555,,,
268109004,13639059056,16.798093684210528,2.7604533333333334,5.719506666666665
267061003,1411222444,30.853545454545447,12.854639999999996,34.14337212121212
267149004,11023211666,30.232898245614045,5.06752,26.618231578947373
268028010,9550748331,,,
267088004,13634921165,24.635084444444445,8.67928,25.029271111111118
268113010,11931767443,12.457266666666666,4.274426666666668,17.49956775193799
267017012,742609141,15.351283137254901,6.869146666666667,12.7214031372549
268142010,4452043650,12.077626666666669,5.944973333333334,10.608747450980392
267103026,9015365424,25.423386666666666,12.885880000000002,30.024720000000002
268081013,4889078014,10.983986666666665,1.5632666666666666,3.166253333333333
267123018,3041752842,46.88043789473682,1.7195866666666668,40.279424561403516
267003023,479843893,56.04925333333335,3.184826666666667,49.44823999999999
267031002,12986094815,26.582160000000002,7.582586666666668,27.158610000000003
268005014,2399617570,10.467906666666668,2.4063999999999997,11.577119999999999
268051012,252319642,14.942426666666671,6.114053333333333,14.801026666666665
267008005,7788435960,22.786279999999994,7.043106666666666,19.39572848484848
267028018,12899220474,24.03157743589744,8.957733333333332,28.73378528735632
267042003,8615551784,20.450840000000007,8.121173333333333,18.755499487179485
268011009,305410314,21.096770476190486,3.2127733333333333,19.65483619047619
267094001/267094002/267094005,799247387,97.93402666666658,49.52913333333332,90.03106666666662
268009004,144841404,16.200946666666667,2.6052000000000004,10.970069616519172
267064002,2984206812,17.597033191489363,5.954159999999999,20.88685985815603
268157004,6370130813,14.26721,7.100013333333333,9.149946666666665
267012005,9535435063,28.06612666666668,9.370306666666664,16.53012
268117007,461626084,5.203346666666667,4.39104,7.4460361904761925
267083013,8442765008,24.122638333333335,5.193679999999999,27.413638333333335
268138015,6977210538,4.446960000000001,4.11668,0.87964
268143031,5371453251,15.528227482993199,9.676600000000004,8.860213333333336
267068008,480002909,23.210175000000003,7.998866666666668,21.598458823529413
268127017,684995635,14.002586666666662,11.52365333333333,18.246253333333335
267003005,2366275002,51.23537142857143,10.263079999999999,44.63435809523809
267100059,8828537935,16.61938363636364,11.728653333333336,21.220716969696976
267132033,2987438310,35.00392000000001,8.431159999999998,27.575093333333335
267100069,243727907,22.30762666666666,19.317039999999995,30.402186666666672
267009004,9543652461,20.950826666666657,6.40772,18.549646666666664
267049014,8931107583,28.449596666666665,5.450986666666666,18.725649999999995
267051010,8691263391,21.01724552845528,7.507240000000001,25.641058861788615
267049023,8857701335,29.931202898550733,7.629159999999999,20.207256231884063
268030002,614649684,21.598031746031747,11.41637333333333,19.311938412698414
268125002,295514385,25.77160405797101,5.233186666666667,11.9458
268107003,3157211245,16.90464294985251,3.573573333333334,9.049256283185843
267075009,162935902,10.827186666666668,13.339306666666664,10.402920000000002
267120014,252307848,25.586544444444453,18.29936,29.380002051282055
267004019,10840318325,33.13133333333334,6.77892,26.530319999999996
268002010,11817040460,9.685746666666665,4.295946666666667,5.56032
267102002,360058186,36.96591555555556,19.954600000000003,41.567248888888905
267143010,12634119824,25.463895757575752,7.925480000000002,18.981855757575758
267117008,247723928,19.07815333333333,6.7189066666666655,23.69758666666667
267078007,1280101921,14.598320000000001,9.465306666666669,25.41734666666667
268099005,890800359,13.34390857142857,5.311226666666668,6.578506666666668
268123005,2401021665,17.476080000000003,12.787973333333333,10.147826666666667
268128008,5167772742,6.112093333333334,4.4369200000000015,6.325235706214689
268091001,4898433755,18.119915897435895,10.12476,9.684613333333335
267092012,10944778797,31.506320000000006,6.854746666666667,32.16031010752688
268131004,8390553336,16.47671111111111,7.858106666666668,12.733319999999997
267083005,10106872204,18.253631666666667,16.136800000000004,32.63500363636365
268006003,2787761959,24.129069047619037,13.669586666666667,19.106986666666675
268162002,3008717079,10.766826666666667,6.37708,7.226893333333333
267109005/01,4222204,12.528026666666669,19.60839238095239,22.50495238095239
268156003,2581809835,14.07692,13.11453333333333,16.925946666666665
267005001/02,630922359,57.01990666666666,54.079960000000014,59.772873333333344
268132005,4897928233,14.327142222222221,5.441093333333333,10.403213333333335
267086002,8295235431,26.143827246376798,7.134959999999999,27.580373913043463
267132019,58605745,36.66405894736841,8.43716,29.23523228070174
268006012,377113874,20.203118974358976,7.45948,17.47853230769231
267107005/02,6854379368,46.77611794871794,39.11425333333334,54.81976429906542
267031005,5948558371,22.626466666666666,0.30310666666666664,29.595945128205148
268037015,5902226706,,,
267104012,366637701,52.8373805128205,26.02082666666666,44.9344205128205
267129003,2462027316,12.35425803921569,11.477804705882354,5.998213333333333
268095006,192308524,16.903827246376814,9.506659710144929,8.147639999999999
268111003,690284045,19.782272777777777,6.147360000000001,13.512106666666671
268116003,1260861242,13.111240000000002,4.527306666666666,12.542853333333335
268058011/02,11178145446,11.585493333333334,6.147640000000001,13.361046071428571
267031018,13084572604,21.854342857142857,8.723520000000002,25.180661025641037
267085021,10712792354,29.89291333333333,10.266106666666666,27.706169855072456
268144003,9027166908,21.651786666666663,6.264306666666667,15.752786666666664
267025001/267025011,194571152,25.307622857142867,17.962800000000005,16.054079999999995
267097017,13539065072,25.314569696969706,0.43112,25.35539333333334
267049034,8881360127,33.261420512820514,6.067480000000001,23.537473846153844
267092034,13451478117,23.360799999999998,3.1259599999999996,12.136733333333336
268064008,528733675,14.086620000000002,3.6382799999999995,7.520106666666665
268041004,243096475,17.54571826086957,9.798613333333332,14.355664927536232
267061006,1411222533,23.884313191489372,13.874706666666665,27.17413985815603
268047003,339328227,15.154760000000001,6.213959999999999,10.382119999999999
267007005,9563205731,16.531021666666668,3.667853333333334,19.822021666666668
268104001,7567683622,12.132022916666669,4.589773333333334,6.973106666666666
268006035,262895013,21.26565269076306,10.907960000000001,13.316399999999994
267069001/02,12572430920,20.715373333333332,8.940426666666667,18.068266666666673
267028056,12952160065,19.29370942528737,6.245360000000002,26.138720459770116
268108006,9873366919,23.164886071428565,7.203773333333333,14.84787273809524
267150011,8630016557,19.575382015503873,12.553120000000003,14.299253333333336
268030018,6205642476,9.597481212121213,3.2563066666666667,7.992934545454546
268125008,2422099446,17.983697391304343,1.4205466666666666,4.157893333333333
267092023,608680436,35.683226666666656,19.742773333333336,37.52985333333332
268034005,9032542847,23.080993643143994,1.2935333333333332,9.191866666666666
267154005,8669991435,21.35392691358025,6.799906666666668,24.379364444444438
267100064,8769862476,16.215080000000004,9.731266666666665,20.816413333333337
268090004,1410013229,13.822466666666665,10.362706666666668,10.362706666666668
268008013,4860582779,27.747255000000003,11.166960000000005,27.427295000000004
268138011,31054790,4.089293333333335,0.0,4.001040000000001
267145003,4932688344,26.86349043478261,11.681080000000001,20.742863768115935
267066015,3194014856,23.490156190476192,11.881169523809524,9.114986666666669
267059006,4403818287,24.514230000000012,12.404399999999999,11.325559999999996
267100010,458422210,34.51371000000001,18.017386666666663,35.48100444444445
267097007,701966952,25.781586666666673,11.242546666666668,27.947306666666673
267050005,8989952176,22.037436190476196,3.8427999999999995,2.8833999999999995
268056008,252322952,11.507261818181819,11.81794666666667,16.48350181818182
268071023/01,9889401815,10.95318666666667,4.871386666666666,20.504848366013068
267065022,253338477,28.224439999999998,9.183906666666667,35.645273333333314
267119013/02,11879009291,35.402462051282065,3.0574,35.24180952380952
268138012,13853354868,4.474080000000001,6.401066666666665,3.5442133333333334
268092007,2771150069,24.16276,9.630759999999999,12.183439999999996
267106020,253314382,32.56498,14.981519215686273,23.998513333333335
267132011,6814791248,32.59189948717948,16.39748615384615,25.163072820512813
267158012/07,12306011795,33.38058666666668,28.478413333333346,28.37925333333334
268060014,4894741103,15.333626666666662,6.359653333333333,11.8154
268118001,886347759,18.881746666666672,21.946453333333338,31.888333333333325
267037006,13478241429,18.927648888888886,8.673720000000001,20.132074999999993
267095004,12174772131,34.07522666666667,30.445968888888885,48.72486666666664
267138008,6518313858,28.127950175438595,9.821106666666669,21.50639017543859
268156009,2763710448,10.806466666666665,15.747866666666669,16.27178666666667
268095001,7501376201,23.790373333333335,17.408902857142856,17.126689523809524
267104017/01,10690427450,57.389392280701784,8.360840000000001,50.78837894736844
267066019/03,11366819204,,,
267100050,8805067393,20.602318260869563,10.825613333333335,25.2036515942029
268129019,8653244217,5.865173333333334,9.869373333333334,14.898293333333335
267109005/02,6089469294,15.664753798449613,10.431824927536232,13.328384927536234
267027002,2966092206,,,
268088012,6043090839,16.158900952380954,6.072840000000001,19.563360000000003
268096013,2363242913,8.146506306306305,3.3126933333333337,5.205306666666666
268105004,1267038316,4.18364,3.8137600000000003,2.6430133333333328
267134009,254495520,36.184568172043015,11.974146666666668,28.28160817204302
268039008,320023074,17.462230967741938,12.386013333333334,12.71104
268135015,564574268,14.862766274509802,3.6661866666666665,12.023253333333333
268100014,8872735566,9.086411428571429,4.861493333333333,7.8150666666666675
267123015,392610053,42.705531228070186,9.471160000000003,36.104517894736844
267051005,2648340544,24.919078787878796,10.022040000000002,26.849531428571442
267020019,193296694,14.587786666666668,10.964493333333335,23.806213333333332
267078010,38914745,18.668719999999997,8.863013333333333,15.966013333333335
267066014,923631827,24.725392592592584,13.442981818181817,11.193112380952385
267131020,2985742525,45.30286352941178,8.927226666666666,37.874036862745115
268010009,479669457,9.363384561403508,5.643879999999999,4.389093333333333
267011002,9535422580,30.04535215686274,6.302853333333332,18.325120000000002
267035007,9606418569,34.73881333333335,18.12357333333333,28.117253333333338
268114006,8818874077,13.182456923076922,8.834266666666668,11.043872463768114
267124007,8125164438,16.55941904761905,5.9832,14.92639619047619
267053027,3197072547,35.363493333333324,3.856133333333333,20.18940000000001
268064007,2686926400,13.092521481481475,4.167666666666666,6.452066666666666
267135005,11364502631,36.802721666666685,1.01596,29.373895000000005
267099013,11093253192,37.77514666666668,12.445306666666665,29.208680000000015
267003013,4347954568,41.06569333333334,6.039346666666665,34.464679999999994
268132025,3754895897,19.396987012987008,5.116693333333333,2.1227066666666667
268088006,12849612135,20.178447619047624,9.309546666666666,25.52638095238095
268080008,28246387,4.844359999999998,6.225624561403508,2.6882266666666665
267132017,11907794226,40.112392280701755,13.956546666666673,32.68356561403509
267031011,12977864151,25.53513,14.58745333333334,23.134396666666664
268116001,8584419604,13.352426666666668,8.727493333333333,10.884543541666666
267049036,8873650789,29.39518666666667,5.351973333333333,19.67124
268135011,60955840,13.026899607843138,4.200693333333334,14.85796
267083001,1615711813,36.644378333333336,2.3047866666666668,45.81159607843138
267068007,480002893,20.50436166666667,6.0086,18.892645490196077
268065011,1529834598,23.42742666666666,10.119293333333333,12.867946666666665
267081006/03,13507029117,21.824229999999996,7.295453333333331,8.813586666666668
267053014,8984152174,31.480053333333334,4.32688,15.486413333333338
267065001/03,6276274492,32.09298666666667,20.638240000000003,35.49682666666666
267034001/02,4850246397,24.23148705882353,10.750853333333337,25.78874039215686
268067013,13277777785,20.276859999999992,0.31645333333333336,13.684119999999998
267114012,4858893416,19.177333913043476,11.673733333333335,20.61388057971015
268031008,264588149,18.170866666666665,4.457066666666667,21.37962564102564
268091009,1410013262,18.807808888888893,8.483226666666667,8.483226666666667
267125001,1419944725,21.837555,5.872053333333332,19.032306666666674
267088014,1345724528,32.38953333333332,18.070360000000008,31.796159999999993
267085026/02,12288364192,20.534249999999997,18.355840000000004,31.633402318840588
267121008,243751834,16.38494074074074,4.612186666666668,24.373353333333338
268115018,289889595,13.181546666666666,9.517119999999998,12.856705454545454
268122001,305251182,22.32411750000001,3.536373333333333,6.64648
268137012,8878407258,13.488987012987012,2.8535600000000003,4.289973333333333
268003010,4675836828,11.23136,7.806853333333334,4.333146666666667
267004017,257287263,30.11188000000001,6.612933333333332,23.510866666666672
267038008,538860210,11.526120000000004,14.094040000000007,24.55042252873562
267115016,11178258915,23.46198,4.973746666666669,28.54516
267106018,253314780,34.69175333333333,17.108292549019605,26.125286666666668
267039013/01,13817991330,11.512493333333335,18.14709333333333,31.501066666666663
267065002,13388346597,33.08955999999999,18.26064,26.48854666666666
267089004,9631976366,17.57767087719298,6.897133333333333,18.63615087719298
267129004,11074313735,26.090947878787876,14.476239999999999,12.692426666666666
267034006,9416475284,24.42502916666666,11.966533333333336,25.982282499999993
267015005,1411048261,19.332972222222224,8.961173333333335,16.037065555555554
267120002,11900907260,38.101811111111125,21.602173333333326,41.89671555555555
267147009,6233171608,15.852253333333339,8.21898666666667,8.509826666666665
268027004,2986381153,12.78976,1.3291066666666667,7.439386666666666
268054006,26414340,8.227079999999999,11.996736296296296,11.21550051282051
268090006,26414289,14.219079999999996,10.452493333333333,10.452493333333333
268061001,192306711,17.28377982905983,5.233146666666666,6.166639999999999
267111009,9123977563,27.51652857142857,3.212826666666666,20.915515238095235
268017023,4371617325,15.985706666666662,8.837346666666667,12.188103589743585
268155001,6875537044,11.470820854700856,7.612853333333333,16.447060854700855
267147030/01,11660301377,10.554106666666668,16.31188,15.068799999999992
268021006,12973962762,14.96917090909091,6.567213333333331,3.900586666666667
267004014,11093070716,32.01375111111111,1.4153466666666668,14.809466666666667
268067015,527838294,22.122086666666668,6.815733333333333,18.488839999999996
268003015,514897346,10.891919999999997,7.491333333333334,7.579698461538461
267016002,2414582554,87.5869288888889,6.060586666666666,80.98591555555556
268134004,10075533295,18.39789960784314,1.1653866666666668,14.10670666666667
267113002,7818295148,25.89130113821137,0.5455466666666667,27.32784780487804
268073001,1487176014,15.967115555555557,8.371506666666669,7.865239999999999
267002025,5005519103,,,
268108008/02,4637257960,,,
267121009,7314620010,20.579940740740735,7.332706666666666,28.527926666666666
267101006,8828538197,27.144404444444444,12.70448,31.74573777777777
268108017/01,386921321,18.222677777777772,9.744640000000002,3.0053733333333335
267019013,9428475576,10.893777971014494,9.817373333333334,13.327476595744681
267068003,12922366019,17.089693333333337,3.42856,17.172933333333336
268077009,5555397012,12.872546666666668,8.091146666666667,14.945640000000001
267005001/03,12794448988,15.05774666666667,14.890580952380954,19.954434285714292
267125009,950302792,16.957459047619047,10.367293333333334,19.2798
267144006,4874640687,18.377055384615392,6.79088,18.394655384615394
267040052,4783634337,29.267973333333337,11.133586666666668,28.32761333333334
267109017,10552789416,17.607807131782938,13.011920000000002,16.990198260869573
268003008,3810551628,9.842866666666668,6.4422799999999985,4.3813200000000005
267105026,13671960895,25.35407238095238,8.586906666666668,18.753059047619043
268143007,6009565503,9.455773333333333,7.9417333333333335,4.147693333333333
268047010,13228209,12.67673641025641,3.1602933333333336,7.3400799999999995
267080020,2370551516,21.422880000000003,13.91434666666667,26.13817333333333
267035011/04,9446062994,35.87813696969696,18.36408,38.717892121212095
267127010,4634375728,12.455219047619046,6.842079999999999,15.066958095238094
267149001,11077259147,26.37551578947368,3.818373333333333,22.760849122807016
267138012,6291106836,23.181019259259262,10.154639999999997,16.559459259259263
267022006,167166758,19.835847380952384,16.195830476190476,13.404706666666668
268159008,3883138938,21.773786666666663,8.752133333333335,15.901546666666668
267020013,11818285466,10.089485649717513,7.990373333333334,15.397965649717513
268017008,1529915199,17.10233333333333,2.7488533333333334,18.084506666666666
267079003,13365245867,20.040059145299146,5.1222666666666665,7.979946666666668
267038001,13254905879,25.53838666666666,15.888093333333334,23.34411724137931
267092039,135520626,19.399463908045973,13.908826666666663,16.926536774193544
268040009,196360538,25.36800057971015,16.334494545454547,15.048986666666668
267028113,6341487691,17.33169075268817,4.872626666666667,34.14132888888888
268109012,12905904525,14.767105785123968,7.556520000000003,7.808986666666667
267112009,4454332427,47.318239999999975,6.233333333333333,44.6732933333333
268052003,1271103689,15.823884126984128,13.876493333333332,11.613760000000003
268079004,11179658624,18.46531255813953,8.144160000000003,13.782574166666665
267004023,187689580,33.98749333333332,5.711226666666666,26.423893333333336
268097001,3796687437,8.739205185185183,5.544746666666667,3.1817599999999997
268082013,4224663977,10.729826666666668,5.404426666666667,1.9342533333333332
268048004,2400349638,,,
268158016/03,2721816757,18.469402380952374,14.622986666666664,1.70508
268112009,8721240443,9.609773333333331,11.665746666666662,13.27225185185185
268036007/02,2399584231,16.614133333333335,9.966473333333333,15.683886666666666
268031009,2400869890,17.44602666666667,1.92952,20.328786666666666
268080009,4890409486,3.4247333333333336,7.353811228070175,3.673146666666667
267100087,8747642118,20.095186666666667,19.109653333333334,30.19480000000001
268141004,135109549,10.785560000000002,5.541826666666667,1.6335733333333333
267138001/04,11053852897,26.176166109253074,11.726826666666662,26.193766109253076
267132010,296448898,33.65137948717948,15.99252,26.222552820512817
268095008,2951477066,18.811819829059836,9.36728,7.736506666666666
267083020,7797327717,28.35851833333334,15.461733333333326,31.64951833333334
267120013,243751814,20.79335777777778,9.93496,24.60523555555556
268150008,9128280400,7.666401403508772,6.123799999999999,8.093534736842106
267132008,11357199498,28.621304102564103,12.426890769230766,21.192477435897434
267134018,4770302396,33.99830666666667,15.188120000000001,25.431840000000008
267028042,12790169945,25.43450666666666,9.11158666666667,32.86441083333334
268008001,301816537,17.689466666666668,10.439533333333339,10.763560000000004
267133009,14185461,38.75386000000001,10.244573333333332,30.85090000000001
268113017/03,984315815,8.289506666666666,12.84210857142857,17.007895238095234
267066007,3194043676,28.34963619047619,16.74064952380952,12.331333333333333
267084004,4867365749,36.858934545454545,9.943826666666665,30.37689454545455
268127012,255425800,6.68492,4.205986666666667,20.920936174863392
267138009,10993162734,24.472496842105276,6.581066666666667,17.850936842105263
267107011,9382864801,38.37368952380952,14.876106666666669,39.976609523809515
268126002,243484825,23.541240000000005,18.60779333333334,21.34604
267157010,10676647097,16.848712307692306,17.073952307692306,18.70697897435897
268160009,26389997,12.665262857142855,9.510973333333332,4.7412
268148005,6419040087,11.711973333333333,13.280346666666665,14.26175763239875
267064001,2587702749,27.871926524822694,17.639506666666666,31.16175319148935
268085008/02,6192445132,17.50723166666667,6.919333333333333,8.519173333333331
267100044,440071974,23.96786375,12.877946666666666,28.569197083333332
268069003,2583580792,28.35647555555557,13.796853333333331,9.428600000000001
268012012,2375578370,15.885500000000006,4.673493333333332,12.771286666666672
267120010,243754161,18.223651428571433,12.536078095238098,21.558095384615388
268006038/05,12282132023,26.950175714285724,5.202733333333333,19.32708
268060006,11540397603,15.272207536231885,0.9842266666666666,10.197333333333331
268065014,339253046,16.075117101449273,7.955893333333332,11.614170434782608
268091004,13018251449,17.27639555555556,9.955386666666666,9.955386666666666
267147028,6226093013,21.319799080459784,7.660426666666665,14.69823908045977
268055006,364875168,12.784320000000001,9.800453333333333,11.455373333333332
268055010,13866999588,13.314146666666668,10.33028,13.768893333333335
268040002,2775883086,26.09376,7.56868,20.223303333333337
267121007,11248339312,14.486620740740737,9.25448,23.161234074074073
268084007,5618864345,16.54861777777778,6.405720000000002,8.528564444444445
267003006,6335106214,60.76073333333337,13.992093333333328,54.159720000000014
267070004,12729579818,19.76416,6.640879999999999,17.635626666666667
268132015,252311734,11.78485411764706,6.24031350877193,9.855787450980392
268135017,564453082,13.045035223880598,4.574520000000001,10.298079999999999
267099027,13698105829,32.28229,17.021801904761904,23.715823333333336
267050019,8951456847,21.440331851851855,7.533573333333334,12.435600000000003
267068006,431495949,14.407360000000002,4.21956,14.4906
268013002,2375578404,22.46514424242424,4.652333333333333,18.004197575757576
268073002,4893017188,15.389862222222222,11.336493333333332,6.916266666666667
268108016,2647800134,18.290042949852513,8.709893333333333,9.22556
267105012/03,6874143599,41.20418015873019,18.546839999999996,34.603166825396826
267032004,477746442,17.47230222222223,10.640999999999998,20.200902222222226
268058013,248739525,13.494963809523808,6.88756,7.3398400000000015
268006004,8997224634,22.772264375000002,8.841360000000002,20.04767770833333
267118026,12550955484,54.82820116959066,6.715946666666667,48.22718783625733
268058005,1672788152,13.714480000000002,4.613893333333333,12.692007878787877
268032005,16054395,5.5928666666666675,8.312106666666665,11.914560000000002
267111002/01,13256238641,31.346828571428563,23.191306666666662,24.745815238095236
267060004,480165749,24.6936465248227,14.461226666666668,27.983473191489352
268040003/01,3755180276,25.585015238095245,11.293268571428573,15.777455238095238
268002008,12537398205,6.842026666666668,6.702306666666666,1.6325600000000002
268122007,8050183576,17.127546666666667,10.395653333333335,17.345999999999997
267041007,12698739603,25.538757232704395,10.753186666666668,24.85545056603774
267001010/03,4794382397,9.894013333333334,15.573413333333333,21.859929523809527
268024003,243915069,12.48104,8.899040000000001,10.150413333333336
267020012,193300474,18.85688,10.155053333333333,20.23354666666667
267106007,10822980250,31.670547380952378,6.785120000000001,23.984399999999997
267001007,2371407116,14.605546666666662,20.284946666666663,26.57146285714286
267100025,295896848,28.707096666666665,13.036600000000002,28.59500571428571
268115012,13234436512,,,
268021012,242784626,16.838859259259255,12.36513333333333,13.51888
268062005,3636871315,9.26449333333333,3.0060399999999996,12.379079999999997
267132032,1142143597,32.67177052631579,12.487480000000003,25.242943859649124
268005009,1100940537,12.093680000000003,3.3495866666666667,10.944786666666666
268146002,75656398,19.640555348837204,12.102649195402302,13.823628571428571
267080026,3382687480,27.914973333333332,20.40644000000001,32.630266666666664
268005012,3133786192,9.659053333333333,3.216693333333333,8.625413333333332
268089007,1432597866,8.897933333333334,5.492,11.692013333333334
267092011,1307974101,34.01646666666668,8.152439999999997,34.67045677419356
267028004/02/08,5064257110,10.354720000000002,11.824373333333336,31.67489565217392
267103010,26446667,28.056661587301583,0.0,32.65799492063492
268017013,5140902808,17.942065454545453,4.982840000000001,12.24730358974359
268094013,26414234,19.64256,7.741106666666665,7.741106666666665
267115004,2465687943,20.180753333333335,0.9708266666666666,25.263933333333334
268158016/01,5381135660,18.974775714285716,15.128359999999999,5.183466666666666
268055003,11841365450,6.870066666666667,10.311813333333331,9.840216666666665
267053025,9561555833,37.06661333333333,9.70212,22.739386666666668
267132037,5043110551,31.21544686868685,10.183720000000001,23.78662020202018
268038005,696250064,25.126164166666673,7.658013333333333,18.3019375
268072001,2941539659,28.291395555555564,10.09456,21.18060000000001
267089002,1514322462,25.719040634920646,7.839173333333332,24.301571954022997
268098004,8676602133,12.885386666666664,7.64164,6.087599999999999
267033005,12760538645,16.894973333333333,8.312986666666665,21.717074358974358
267100079,3001440760,27.860223749999992,11.990373333333336,32.461557083333325
268100005,4382812445,8.604865882352938,8.96934181818182,12.089501818181816
268108018/268108019,9309836237,17.47405111111111,8.996013333333336,2.2567466666666665
267092035,135533250,25.286573333333344,5.262479999999999,14.062506666666668
268143022,13872344931,,,
268096020,2272726650,6.030080000000001,3.1627733333333334,0.5126533333333333
267158015,637792675,25.482916190476196,10.542800000000003,23.040169523809528
267069007,10684352585,18.578310000000002,7.544346666666665,12.486338823529415
267004011/03,6669988014,37.088640000000005,16.997506666666663,31.91686666666666
267127005,146661930,16.07961904761905,4.399053333333333,13.546040000000001
267007004,9546092478,15.14462666666667,4.3240799999999995,18.43562666666667
267150005,8651350520,24.46431703703703,7.014466666666666,20.315315555555557
267123001,12644687298,57.86071789473687,10.162293333333334,51.25970456140352
267004026,257290658,28.41453333333334,5.192186666666667,21.81352
267041006,12791901266,23.790322051282043,10.320666666666666,22.18577538461538
267158012/05,13278541055,32.726013333333334,1.41064,31.418479999999995
267021004/267026005,634651881,23.358556190476197,9.123706666666664,7.339893333333333
267049006,12012576614,31.71949523809524,17.989920000000005,30.1809168627451
268144009,2987644667,21.393391302311972,7.745826666666664,12.670546666666668
267118012,12512081991,56.19995022941973,22.77598666666666,49.598936896086386
267038009,2397319925,11.378279999999998,14.076573333333334,24.532955862068967
267138010,1423891615,24.7596325925926,7.577280000000001,18.138072592592593
267008004,7788435801,22.700428571428557,8.625066666666667,21.30419515151515
267097013,674712982,,,
267039008,319091378,18.640493333333332,5.595986666666666,26.529105000000005
267095006,5588873890,31.139731851851852,7.099826666666669,34.01761185185185
268042017,12513952366,46.86663555555554,39.06001666666665,47.12293666666667
267151001,8622642553,20.772109743589745,7.8830399999999985,14.310471397849462
267103018,9757765283,24.971524637681167,5.232906666666666,29.5728579710145
268063002,18896299,25.084861481481482,5.36196,19.355441481481485
267081002,247414926,16.75169777777778,4.3,14.298126153846148
267103007,8830550513,33.19442158730159,5.2389866666666665,37.79575492063493
268092010,12216153009,22.284173333333335,11.865199999999998,17.969119999999997
267133012,254488722,38.32294000000001,7.860986666666666,30.41998000000001
267098006,254343995,81.60589894736842,21.844920000000002,78.4916856140351
267097016,1507520379,23.82534303030304,8.201306666666666,26.41052000000001
268096012,3978749600,10.67230666666667,7.2366133333333345,3.9079733333333326
267158011/01,304699388,29.158889523809517,16.69184000000001,26.71614285714285
267120009,1540808415,47.604768484848485,14.933493333333331,41.596573846153824
267080014,13367974328,17.198849275362317,2.4522133333333334,10.84281333333334
267158006,247483887,24.349402424242417,10.393733333333333,21.906655757575752
268133006,5245064882,16.354044637681156,4.4876266666666655,8.881746666666666
267146004,4880294085,25.21945333333333,11.481119999999999,19.09882666666667
267144010,8562098397,18.068804242424243,8.83536,18.08640424242424
267095014,6600708196,11.06588,0.8018666666666666,28.89153333333335
267003017,560618910,52.30128,9.45038666666667,45.70026666666664
268098007,4397272910,14.274881637426898,6.1346,4.330946666666666
267059002,257930468,13.598764848484846,6.623880000000001,12.867938181818179
267140038,443325628,26.544140229885063,10.452319999999999,19.922580229885057
268135014,12194422250,14.103219607843137,3.960053333333333,11.263706666666668
268079001,3264197159,19.878040000000002,8.569400000000002,14.920748571428572
268030011,746901448,,,
267010002,7794371401,19.28601057471265,9.036346666666667,22.577010574712645
268099007,10743377352,12.952561637426896,4.294893333333333,4.026666666666667
268070014,3428570258,23.076306666666667,15.957493333333334,12.201319999999997
267040021,12796035505,24.771755151515144,7.86848,23.879463859649114
267004007,255179281,31.771370370370374,7.536346666666668,17.308133333333334
268070006,2758274299,16.354517619047616,14.84987444444444,15.84957095238095
267147010,6233171453,15.367400000000005,8.289453333333334,8.024973333333332
267076013,480216755,22.701212121212116,16.649546666666666,25.991038787878782
268079006,4835268607,21.075910793650795,4.686133333333333,17.35649416666667
268116005,5473339664,12.166701202185793,8.164493333333334,8.380359411764706
268092012,2610011419,19.597559999999994,9.178586666666668,15.282506666666666
267001009,293726742,10.396893333333333,5.912426666666667,18.68198285714286
268003016,8397032886,13.405586666666666,6.816984586288416,5.796264586288417
267023005,1514322870,23.038392316384186,10.09952,18.350253333333335
268036012,13048131286,15.656942857142855,5.8886400000000005,14.34991619047619
267028085,12921869218,21.70023111111112,11.203013333333333,28.216579459459467
267001003,294001403,14.665959999999991,20.345359999999996,26.63187619047619
268071003,2438128044,21.556987878787883,7.8998133333333325,20.12968
268103007,13103548481,5.237666666666666,8.451039999999999,12.437741111111112
267097005,14020384189,20.672903703703703,2.8050800000000007,25.53085037037037
267145009,4921036563,25.334684637681164,11.687533333333336,19.2140579710145
268150010,882292518,10.264493333333332,5.3328,13.00483855855856
267140026,3234986446,30.491093333333335,16.808173333333336,23.869533333333337
268052010,13901302668,10.245226666666666,9.72812,11.635643333333329
268074013,301799610,15.490880000000004,12.90888,18.092106666666673
267136007,4100846486,28.27792347826089,3.871653333333334,19.839213333333344
268124002,32435504,23.60325739130434,7.7018,9.777453333333334
267040058,6178823077,32.12909333333334,7.406759999999998,31.312690000000007
268051006,10982693224,19.527466666666665,14.883626666666666,18.97155607843137
267145004,4932687913,27.017117101449283,10.130933333333337,20.896490434782606
267140031,9579018576,23.119833563218403,4.255186666666666,16.498273563218387
268106008,528397836,13.163504136253042,8.985479999999999,3.79544
268018014/268018017,2407410666,18.570498775510202,5.364893333333334,7.363173333333333
267119010,11981838323,37.10075047619047,17.729520000000004,30.479190476190478
268004009,6202265496,11.40642666666667,12.07950095238096,11.05878095238096
267080001,3205946168,29.38472,19.473226666666676,32.81086666666667
267063003,11508365453,25.80646545454546,13.527706666666663,29.096292121212127
268035011,2348395977,16.204769523809524,1.6792933333333333,14.897742857142857
268036006,2399601635,14.638523076923073,11.91089641025641,13.955216410256408
268152006,2372266903,9.885600000000002,2.2687733333333333,12.13341230769231
267094011,12620100284,49.81586456140351,13.083173333333333,43.21485122807019
267126003,185664004,87.68705333333332,86.21476,93.39553333333333
268121004,9947404404,26.19121333333333,10.040253333333334,2.326346666666667
268089006,1432597866,8.897933333333334,5.492,11.692013333333334
267134024,253315067,34.30325826330533,13.289959215686274,25.850233333333343
267118006,12492092419,44.36568048582996,6.45256,37.76466715249662
268053005,4897928389,15.257119999999995,5.535573333333333,12.727
267100046,9018019881,30.90364444444445,10.129986666666667,27.856804444444442
268110004,2761886988,16.742839420289858,4.636666666666667,4.873253333333333
267048005,8996563010,27.696604999999998,1.4220666666666668,24.26693833333333
267128007,8130232035,22.78448444444445,15.27129333333333,21.305906666666665
267113010,8246229904,18.715114471544716,7.769426666666667,20.151661138211384
268016014,6221821091,19.198986666666674,2.934253333333333,16.102583589743592
268062007,3636870967,4.998093333333333,7.9938133333333345,8.308893333333335
267031013,13077968510,26.032871666666676,11.146466666666663,25.271596666666664
268002004,2940557034,6.924986666666666,7.050524684684686,8.115546666666667
268009014/268009015,249084549,17.957812690763056,5.995919999999999,9.163599999999999
268113007,181310544,12.217886772486771,5.07808,9.491300105820107
268090005,2373662613,18.013959999999997,5.8416,5.8416
267028064,12945404621,12.326122758620693,10.684919999999995,30.23856888474682
267050014,10934614313,27.728413333333332,13.51392,15.163173333333331
268055008,364875164,13.013746666666666,10.029879999999999,12.259279999999999
267015007,14018392519,16.74154222222222,5.330680000000002,17.362768333333328
267085011/03,9668562435,16.33141333333334,25.62970561264822,38.10907894598155
268035009,2399923004,19.920256410256403,6.227853333333334,12.444639999999998
267116009,254345631,22.454266666666676,5.708373333333332,28.28096000000001
267107012,9374863233,37.31761714285714,17.49456380952381,38.920537142857135
267028083,12921439615,19.20609333333334,8.001506666666666,27.69844612612614
268152010,10738079272,,,
267035006,9606418677,33.40066666666667,16.61428,26.779106666666674
267040056,255716149,24.313162051282042,11.379013333333335,22.708615384615374
267028065,12729440499,9.382629425287355,10.911786666666671,27.295075551413483
268028006,6367812019,14.400927936507935,3.4279866666666665,13.052959999999997
267069001/01,5210534693,15.393986666666674,6.290893333333332,16.372889523809523
267084028,443975077,29.57423333333333,4.71768,27.387489855072456
267077004,2571324938,4.847480000000001,2.900613333333333,6.439773333333335
267015002,13463024004,18.852783030303037,10.40589333333333,23.678728333333332
268077001,3639288058,18.280498479532167,6.900213333333332,17.199639999999995
268041006,243096487,20.312533333333324,7.1107200000000015,17.332574814814812
267039002,317558757,16.18932,12.426053333333334,25.446493333333326
268028009,1419501243,12.853879999999995,7.602266666666667,9.986097777777777
267100084,243233403,8.651693333333334,14.09651074074074,19.16263793814433
268071019,9960444120,12.56838666666667,13.001786666666668,15.74797050505051
267113006,13685106915,25.67543888888889,8.531226666666665,27.11198555555556
267033002,12991674285,17.551933333333334,7.046613333333334,24.521411794871803
268009002,7491006106,14.046269616519176,3.742653333333334,4.981786666666666
267040010,12798405774,32.05020289855073,9.38414666666667,32.86315777777777
267002040,11408670735,53.735473333333324,12.702346666666664,45.11224666666666
