SA_PUB2022,lat,lon,walk_node_id,snap_distance_m
267065001/02,53.48112732474036,-6.154057508220399,8196576625,34.74417987684113
268122003,53.405571420370165,-6.201420516207374,6211508503,10.025993901392726
268098009,53.34495390704002,-6.276454353909137,11349390666,13.66675649824091
267037003,53.26112332377978,-6.1446427449880225,480144532,27.94165643960584
268032004,53.360654401789795,-6.288134412674862,8995772903,20.84812311813401
267120008,53.211466420674384,-6.119499672783327,322710303,4.228647655341103
268083012,53.34171784859131,-6.326274040657105,903978422,35.71968097554163
268144014,53.32161643591337,-6.280729854317504,2987667048,7.718633127690543
268042008,53.36143900949478,-6.188663654874397,1426961256,13.069249537571654
268058006,53.364782099082944,-6.240827768972428,1672796954,7.7559822320195195
267153006,53.301388325104796,-6.331632125977836,8618099143,12.938467712219042
267092054,53.262056006614536,-6.196032252028459,13449565763,37.012356406760965
267143001/03,53.27205458101298,-6.380736807086087,9622565893,33.498254737253234
268138009/01,53.35828257445523,-6.261105162043516,3119531508,7.1738088114758884
267140055/02,53.28308368642164,-6.424566888018821,4215928472,19.910086261582624
267151013,53.30953424908527,-6.343817502048274,8622642949,8.316836751736332
267097003/267121006/267121001,53.246379827232936,-6.116201996952555,14023173420,2.6079019887686763
267134022,53.45392416054809,-6.183881112027929,253315239,33.87370412348034
267155010,53.3157799921546,-6.3273644666828135,10594963927,44.303731041749124
268015005/02,53.40497503039971,-6.2797026257566655,4693809985,29.024410142041
267034003,53.40980451344978,-6.395642258535061,253222207,6.628895357210659
268139009,53.35361386015281,-6.264065232051386,10023801496,19.767240759349747
267017005,53.28807828086004,-6.160558693231922,11994552768,69.16044432338532
267065008,53.464669539239516,-6.132034111688744,12409410044,36.41437099353417
268128011,53.32402558253932,-6.244100915367076,8585679161,8.655449068367233
268162014,53.33180568082659,-6.2696165221670555,3162664037,25.086785216737773
268136016,53.31662296280359,-6.271856213542967,251007585,31.812000777962
267099025,53.44247334758363,-6.199268665419408,6053545819,2.1871640191595194
268003007,53.34612857651301,-6.276506034643799,321851714,24.79962195902409
268131007,53.322738798808864,-6.253516506198892,563884255,13.351038082269175
267103004/05,53.34644172810552,-6.4591628943645745,4851794359,12.328812215006984
268110002,53.34031157601823,-6.227341139831528,9338957688,16.50634515358359
267132018,53.447279618155626,-6.246763889431515,2986585087,23.81038507112409
267139001,53.287253677779205,-6.35969438583041,652847805,5.0678539586940285
268135013,53.31918042681594,-6.268104379808301,564540033,27.736362173345576
268134002,53.31642166867744,-6.263873642656521,258599298,8.506413958129622
267124003,53.29324855057324,-6.219050989205826,566457904,25.745007274249502
267010004,53.285202159480185,-6.27058714041502,7794371309,5.59680766998022
267116010,53.29071530239435,-6.287710208265415,8332477325,28.180118494893723
267068001,53.27891438136433,-6.129307089620669,667939546,8.066167021974906
268129025,53.32059755969373,-6.23613372346104,8843274788,8.738618054696385
268105016/02,53.35886792613368,-6.260279207535818,4890668122,16.360461379931486
268020003,53.39271148603163,-6.2870429356786754,2682639435,15.865526934206203
268129016,53.31660190727613,-6.243151114933194,259594847,12.058482923124576
268119010,53.40413184074373,-6.1879721287603076,4523227747,18.25337532490939
267048004,53.33322396894793,-6.403932067513358,13283045445,18.074463227325545
267100062,53.353359335673076,-6.422814782412584,11380030090,22.009919269512924
267104020,53.52775453863348,-6.1626636780250355,366669520,4.570556937073957
268003011,53.3493197903824,-6.276805836147104,130234348,10.628079037231938
267147025/02,53.28769306409427,-6.376085698779833,6549451489,4.678937477656771
268100016,53.337090480149286,-6.273828122672702,344793280,15.606036251941457
267132040,53.449991591888875,-6.247211618854305,4843267231,7.9207758059334274
268041003,53.378551650934476,-6.184199212332435,2062509221,20.258606749084702
268140015,53.34517905904224,-6.260951578994928,550879545,14.962606371413429
267041014,53.37265574991895,-6.339643528139058,5173016587,10.899470321925588
268048005,53.36973846273486,-6.213152481828607,2418028172,20.72146621845112
268100012,53.338406110402886,-6.277050303727995,12249172126,24.081890512047597
267156001,53.314259879531996,-6.312798247334814,8630041214,48.4047157752651
268012002,53.381499444555764,-6.289667326510663,2372734478,37.28383878324788
267004005,53.3960907604126,-6.138127087840684,5054482318,15.703335242381405
267094012,53.57130948318583,-6.10414646362248,253391981,27.842302581702924
267104024,53.526242360230505,-6.180915429672434,97012972,29.14306533722451
268132014,53.32959089121832,-6.268794224444305,4884427356,14.697549381191166
267080025,53.27087743433891,-6.2368444538944035,247804916,27.30812955516183
267015004,53.262505086384905,-6.135390442665093,1411048346,62.033468245007704
267070002,53.285594060805785,-6.159236685020576,319029864,15.335117771873415
268085012/268085001/02,53.336047777603675,-6.321915762892419,360406240,23.471166954978433
267141007,53.27386539927777,-6.385225655134436,9622568820,17.650541408590353
268016009,53.404462075165895,-6.275320955875695,2407384718,19.383100588457527
268072003,53.39867869507865,-6.153710834368144,4839291803,53.54774740684535
268134011,53.32158763691583,-6.2637044100558885,12194172709,28.1054837369671
267142007,53.30151231045538,-6.356582231332471,11589659280,15.903307983474233
267150009,53.305497998301725,-6.3088227196834294,8607478312,32.78014857230483
268150009,53.33808917979683,-6.292297929302146,6339726193,32.10063724510679
268073009,53.39427419477898,-6.1540154045314965,4893017203,31.77199401728352
267149008,53.300344358094875,-6.313941199739734,8612020914,3.768506846245337
267077009,53.29581596438053,-6.13603676627629,1407620526,7.033263521334812
268054002,53.32546617671087,-6.315134513266965,364875188,1.5423657614358957
267130002,53.391293194816576,-6.146973812886018,257302302,40.82466833968456
267113001,53.291307599297795,-6.308663683271957,7814221267,47.13309020292574
267068002,53.2890951115506,-6.1254234875732925,3645713240,9.459360011121845
267053024,53.31285877026189,-6.406415503109649,8988554601,34.299796081360036
267100060,53.3558282994742,-6.423964115117965,11372387478,17.946343690362532
267028004/02/11,53.39012293945392,-6.432464703364719,12752542498,23.170954160363703
268077006,53.38314744551964,-6.187527264949812,289164781,24.016683693776713
267057007,53.30436445101182,-6.250309873773633,13464043603,0.25164456654739503
268130012,53.309149314428964,-6.253291645969801,2461684343,35.20622332817832
267084032,53.281189913709866,-6.339572044728281,8427286605,2.727710298907661
268129003,53.32037979095515,-6.245272870192997,8384777245,20.314570054119876
268143016,53.340906740468625,-6.239667054326502,3363413213,33.48608048696884
267060006,53.2734573133461,-6.10507785506746,2468983015,1.1017465749290012
268110013,53.34420124115825,-6.227059476340531,11986056413,30.17532452017434
268032003,53.35995025653167,-6.291112036069019,448144987,41.82140560034982
267105008,53.44523260829148,-6.141025839706652,832840226,32.1101908685544
267131017,53.46122127687589,-6.24169318080346,4077576617,12.592841684702877
268140003,53.34041836415653,-6.2677070993346105,666094840,16.125606796891308
267103004/01,53.34551972397451,-6.46105024768545,11310108667,35.784686965409705
267117012,53.30157897631937,-6.28196027883214,8210592914,34.27178848573147
267040013,53.37957414372261,-6.376416218675026,12988305072,4.584624276783481
267123031,53.58271954534988,-6.104176999269443,11632494268,8.136572239602646
268030012,53.37640755867307,-6.288935538477353,527824829,17.26740063209269
268031013,53.36206341383605,-6.287655741288791,14955929,12.68688831612293
268003003,53.34839416827969,-6.275620542132724,9122789916,39.940221724642186
268002012,53.35869064402819,-6.2812654091062425,6206012683,25.162317100907224
267138017,53.298818179060156,-6.4215577401487325,9693020212,23.513492589924944
268137013,53.32212099955825,-6.266871462348251,4411216022,6.528142560447277
268117019,53.33085133259904,-6.251186266264208,5872287414,6.76149347125607
267013014,53.28616301417246,-6.307853410214378,196025243,9.864177523448221
267133025,53.47204594669345,-6.239679267027761,6920537368,2.782820695672286
268071007,53.396128359915245,-6.165032962657352,3650720315,24.88830087520309
268081001,53.354682960247096,-6.271781998656132,5236728261,25.027878102065383
267002043/02,53.599879239073225,-6.176130993074311,560618994,6.992074668449795
268152001,53.33666710592445,-6.304648033324472,1224702251,33.50071553681903
267095015,53.38692224019182,-6.069688531397948,2366009782,3.985646243675484
267109016,53.349128119135365,-6.380670454962874,11093499018,24.230265602828464
268128002,53.32794429468029,-6.250156000351558,11767543194,10.731273915068748
268140001,53.34187996769324,-6.269604817666724,1426048964,27.339677637163167
267092001/01,53.229287267829164,-6.233538054649013,4344745986,180.06985413528352
267066008,53.40250036618298,-6.293881454390818,923008526,27.099709180103
267100039,53.34537759994614,-6.422406567832125,247119050,16.91642777546064
267053009,53.31185038425682,-6.402145062904609,8988554637,50.507604388766865
267099026,53.421860835949275,-6.155187463063287,255329498,12.560891933153478
267135003,53.461407279047606,-6.214644089215892,5051700588,33.62489274063966
267079011,53.29060390481762,-6.238719900526427,256112179,31.774044555238156
268054013,53.32713097693565,-6.304939895678998,4698030093,11.883038196596264
268156004,53.318349663380445,-6.324258134746694,13727617453,44.864198406354674
268143012,53.34539986440056,-6.241968908892298,11613717381,8.522565195738585
268133016,53.32565412352905,-6.259549989284494,2473982545,36.215062036167296
268138005,53.358068254754514,-6.262567457749137,5405915970,13.451536895263565
267118013,53.51974665197994,-6.094290828301018,12550974825,9.256035469663628
268042025,53.36359105060559,-6.17823651211384,9095365572,31.90048647561133
267127003/02,53.28327379794622,-6.204304257566353,2644630879,84.30977564424262
268158008,53.38670305753914,-6.252219771392485,298543070,60.07677723904434
267152004,53.30020492535523,-6.3203817745665685,54810058,12.005427963277983
267103005,53.357340759115885,-6.4720904810980855,11724941441,17.394049105267094
267138011,53.28932224598495,-6.395021343003684,6291106883,15.850737321138677
267069001/03,53.28279732561525,-6.1402188005752345,5210534872,16.18059425824938
267112012,53.28229697827113,-6.471592461776921,4263179673,10.621409974003022
268066005,53.38985519393426,-6.318379621912669,2686926385,24.753876225541205
268060004/01,53.374418311778385,-6.25255564279606,5428835204,17.171152381189458
268070011,53.374588917984255,-6.224433012466289,1707057985,43.14532293240773
267135001,53.45403765488663,-6.219663009556433,2591647026,16.405534248130667
268019002,53.39079189263494,-6.272586698510081,12280674,30.849671640651174
268161004,53.33911851108249,-6.271033884640006,10605160420,10.066529376843123
267050016,53.322892760049754,-6.388190887198249,8955435277,48.099885823748544
268010004,53.3605164411062,-6.257315804579208,699457906,16.75063366881873
268146004,53.30817846093806,-6.29907289819544,2377422637,40.84413197330333
268027001,53.370781912487885,-6.269942507168518,1422409186,18.0169453740855
267040028,53.3764457900433,-6.381191276099314,12974087291,1.522741376388891
267103012/02,53.33717491959184,-6.45925768319932,9773701888,8.179186509592768
268072013/06,53.408222464625865,-6.159105797683107,11159901813,20.30895355378006
268105013,53.35611186766799,-6.254006570201439,479669427,8.728053208742057
267085001,53.27346197191493,-6.326907971469164,292494246,4.065581502997835
268056002,53.3286751555077,-6.32550834733061,2864127426,5.100116624714624
268082010,53.34750737590631,-6.272533887369778,10249513890,9.143692871862752
267098004,53.453506571046276,-6.290127263507504,6323432180,9.46936387797884
267128008,53.300611389685564,-6.208770467802891,8397416112,19.210055296600537
267029013/02,53.39414075915075,-6.390763616055822,5330140827,18.972779804321416
268136002,53.31403720825593,-6.277672653926191,600567222,9.430194835513355
267041017,53.372512487211495,-6.336437522526322,5183398272,21.877414513329295
268117016,53.3311602509349,-6.243364641585492,12177699345,45.079682402656815
267004011/01,53.402932829329906,-6.146124874267366,11278329443,160.3927408043033
267160005,53.40110131249665,-6.240764457141903,2443612610,50.95434663333917
267069001/09,53.28747435533918,-6.144272747354738,11974236218,29.641993219511132
268002003,53.3537095368727,-6.284896866584362,8905140622,20.676217107755548
268115008,53.339639504651544,-6.235426007373842,3371068746,9.665681716663396
267092026/01/267092026/267092050,53.255982881810404,-6.2060776641636854,12448290468,11.572822092474503
268042018,53.363427084902135,-6.192151441904623,1426961534,45.681700897438475
267132007,53.44348263667697,-6.235610302118589,12580436067,2.91128190044477
267133017,53.47272809337673,-6.2325886740115655,296511112,5.670122704237669
268139002,53.35528325731944,-6.2650071763548185,11506858047,11.195269866179228
267085018,53.28211191614442,-6.320817091210117,4863918827,6.539613556118435
268030021,53.36065581400209,-6.277618036440692,5243890469,12.312468185046074
268022001,53.385731545262665,-6.2207851399329295,26389404,21.16421736492834
268081002,53.35709409017412,-6.265924893884299,938924430,21.26865494369152
267110008,53.432178064871074,-6.126908754512197,253511232,26.077003302250844
268047009,53.37362292456244,-6.220066698142051,2758274158,22.24917785357248
267022004,53.310007804160804,-6.212699657117233,3227845445,49.87915338032493
268098001,53.343432016041746,-6.279077009406641,2395258298,20.85611170229276
267092021/01,53.24197007012315,-6.202724803988418,9528581090,3.9209198277113697
267002002/02,53.605959476195416,-6.202142361462122,5534079626,30.579946194439152
267020005,53.29051395737915,-6.185154297784709,6681749358,33.40447877973979
267092045,53.26729322984941,-6.213412993660754,1281476760,17.34633426959343
267085012,53.27639760627755,-6.316185954334154,7820927482,10.084739533469977
268149002,53.345998016435345,-6.281398552848333,8676602129,2.656489302428256
267092028,53.25312069349641,-6.208225873990234,412129168,19.684072629308417
267100042,53.341482922407494,-6.424933171112668,11878613648,15.762990929865724
268087003,53.391710761950904,-6.207143778342406,2516833439,36.52503511497984
267028019,53.39577299687911,-6.41095763070731,6191759916,43.90406249855328
268100011,53.339009343420116,-6.278628520929724,10649675996,11.384426985794459
267147008/02,53.28588600911118,-6.377841670783009,6231449742,5.527374713708925
268060004/02,53.37473763141516,-6.253927336284418,6330512051,16.731086194291755
268132003/02,53.32532449601228,-6.276812861419451,14023152520,5.113097811987099
268101007,53.335876666098436,-6.274160435190582,10609112923,5.1336977513266495
267021007,53.30060303096646,-6.182991559787773,3652923221,16.466640213868324
268023007,53.38514986670948,-6.204795853957216,3479251652,15.134746520774641
268028013,53.37048245133115,-6.264261485917754,11822804245,4.432429631431772
267083004,53.27252134419993,-6.304521492142753,1121355089,27.571489657841177
267092052,53.26486075010782,-6.201223031951944,13450228983,33.337880507223986
268027010,53.368533444482495,-6.271433439157126,6367887265,4.3981376493906215
267100057,53.34824577774385,-6.426044748845408,243986762,5.339214617784989
268136010,53.31418370221265,-6.2809833489174505,2375345642,15.035147909311014
268151009,53.337400289238374,-6.2963622237432455,359102365,28.057348267917263
267028008,53.40255710373649,-6.4068008132742404,12894720051,4.054584880074257
267105006,53.44840703177448,-6.140797198976764,6955691215,32.03846222707636
267056005/02,53.304488257553,-6.217082064483558,7999151172,8.814663175808937
268059004,53.363350091424124,-6.24933776800518,1514540700,58.44501185914881
267092051,53.26733474681363,-6.208067153556501,11831404191,1.4198028690837934
268151002,53.33714540247424,-6.298464172815322,358556168,23.13622189991976
268133008,53.325409134553546,-6.263593724617811,3000436398,20.502537972783447
267082006,53.29436585225844,-6.233943551483189,260022226,4.798968642350754
267044008,53.28903518879379,-6.262752584798822,239676896,24.856708312164862
267146009,53.27915576444921,-6.362766883138312,11123450483,15.514939285940512
267100076,53.34306715296854,-6.414730304255349,11612181969,10.592229788236303
267123025/02,53.569047539078866,-6.11183872071174,10274458501,14.129694672831087
268024007,53.383326086006214,-6.218786535471592,13958163614,19.7879998162893
267130022,53.39070341593214,-6.121512880820515,257292922,41.735524103342364
268052005,53.333889429081154,-6.306833271767769,364875183,9.406988264774537
267058005,53.29789405611048,-6.226513359077202,146646825,3.627850673680228
267065021/04,53.4931883886414,-6.159404959689449,11171738374,14.543505835024186
268138014,53.35464804147182,-6.260499120760698,13853354881,18.982701389933652
268158005,53.38718494172597,-6.256657365213367,9953849075,28.129498750590187
267107006/267107007,53.29961341952025,-6.493489586614237,11897627105,17.626576715745866
268046011,53.377520190157895,-6.198452910266365,339328151,3.782014437248069
268028008,53.37127987637403,-6.2659918376862,13744916575,14.347201051400294
267028004/02/09,53.391013025803574,-6.438735905352795,12706354535,2.1800345794149387
268102002,53.331704598060696,-6.282155184421981,5351712209,16.713332451573667
268031015,53.36286384385443,-6.2906935402510555,2887108174,5.543421944081351
267132023,53.453678157116286,-6.247130509085604,11345295551,34.32584110801177
267052007,53.342679547701245,-6.40580398165578,13186230778,11.103164420956945
267013013,53.28797070691189,-6.3079871557767655,285634977,13.02452807518275
268071002/02,53.4037911109653,-6.171229749828248,6071991285,40.702864689775765
268027003,53.37651178997166,-6.276393880188783,4818596268,7.572489129954428
267092057,53.25687162924931,-6.1869082837834855,13446937701,2.7402673991078528
267131019,53.460696014551104,-6.253321650049895,12055667317,8.532347771139396
268057002,53.339118248172134,-6.344339486309488,2951477050,40.95391971831132
267029020,53.39359431474518,-6.400472520444804,12886701897,11.716576311691256
267095020,53.391730985772114,-6.109230614393518,12707184503,2.612627715897689
267029018,53.391862523442946,-6.403297449887709,12906265520,4.80274508062154
267090002,53.270782178229744,-6.176443546238134,685203407,28.792480631858588
267083009,53.27658803430255,-6.289271436885979,7797205982,8.1479541362631
268016003,53.402611776192394,-6.277798903344405,3905816968,14.46839604356273
267134026,53.447930711720105,-6.181900905993403,253312983,6.543768669373514
267053021,53.30949319052228,-6.404348574127665,314453815,12.764600805888454
267092008/02,53.2655469343653,-6.223313314052966,7124984841,14.59528014746693
268053004,53.32850988266728,-6.289925584082374,4897928264,20.63164250466193
268131001,53.31983437961963,-6.250248096819901,8390553217,20.54438454995491
267028021,53.39290520567149,-6.416406929032291,12919285947,15.707816328811301
267013010,53.28635815482774,-6.296151657449224,7802087409,19.564037019487834
268132013,53.32978783086089,-6.2659810474037485,4897796302,8.36898122859858
268002016,53.35058491939109,-6.27887458088623,5246121083,7.913842421017119
268072013/02,53.403105456709426,-6.150212934582612,2940703833,14.402671800020785
268081008,53.35714156645721,-6.2703478134819886,503792310,29.40970505769766
268111012,53.333099453431906,-6.2206950775559084,9501225495,16.160881894299163
268089002,53.395317367134545,-6.223203313542816,2423092520,121.47546565748318
268161006,53.34401046609177,-6.2708597136319195,4755787183,23.724770777029345
268125003,53.3849315667564,-6.150120199200264,295514358,28.64752160511859
267099019,53.44253573001165,-6.209442885082149,448216810,22.5599313491581
267089007,53.2758591284464,-6.174638468884403,269195516,25.559731367857623
268143013,53.339079660666336,-6.237931477520549,13234436524,43.229400070943775
268080017,53.35863704261531,-6.263212245064845,699457913,22.143673248315874
267028015,53.39851557347534,-6.412116959331754,12749575113,1.965265569908486
268094009,53.31652993779639,-6.304940422542933,269234214,19.044338821845745
267012007,53.28576254073992,-6.262716799960683,227596360,10.787402078253391
268142015,53.330707071198916,-6.264249696163871,9921387545,3.4858559588505007
268161002,53.342098895910944,-6.271089370490785,4339504895,21.01342165084619
267100092/02,53.35646118239605,-6.407188028104252,654188903,19.99382385688629
268011002,53.38969095640635,-6.2721528089958465,7027470839,15.563958714295303
267029005,53.39039266605461,-6.406665160272336,305502830,22.978551184523653
267107004/01,53.29550833133973,-6.496676661767432,11928816029,4.586637161932577
268156007,53.320793353072936,-6.323235624054066,2584449602,56.12604011974522
268100002,53.34055059241433,-6.28163365016509,2374678904,0.8337993019424415
267106006,53.45240048605836,-6.1693543822067385,4090999438,16.493121639324425
268015001,53.39681799097286,-6.277620713223432,11202478951,15.334798217991567
268063010,53.39815281784431,-6.316078251755686,1261488005,70.91484363258945
267101005,53.35233217708648,-6.434924836901052,443889135,32.11600324605356
267140040,53.282960208693574,-6.4056648070084945,441400504,7.143394689886619
268008012,53.39608555722395,-6.175963081058699,4892973407,42.57037176054368
267021001,53.29781563321082,-6.195024679751913,690542433,8.555084984562301
268127011,53.30980729362403,-6.265909999493714,110437235,24.950973425167458
267059009,53.300967496991845,-6.235542053366267,2480642181,12.978386270117877
268106007,53.34780467338357,-6.267758907286519,2419788412,18.055176860701227
267092031,53.25066744062794,-6.207457681547961,603800771,32.97608965127904
267123013,53.58018143060744,-6.117636276600921,253395283,33.21133049855387
267104010/01,53.52254160810838,-6.1664905275118755,10712038147,7.990483803478688
267130001,53.38947978289618,-6.150914428706218,1951829568,68.74612535515155
267154006,53.30006346337107,-6.294016666056272,7441133426,13.310282986000848
268115004,53.33832496806991,-6.228594570016594,428918441,21.50495970094373
268114016,53.32580332519018,-6.220116096595945,8764171421,28.48297589650865
268134005,53.31470593611394,-6.259659482817474,2582451905,62.97739894422558
268111001,53.332578512603384,-6.224749658982232,8942345137,2.2987496745223948
267080027,53.28119869924292,-6.235252843524875,3298600573,32.057193813439035
267053029,53.320668110610505,-6.407573797259468,358204366,55.73061177351226
268111009,53.33445961528042,-6.21608039076586,654049462,28.068675477168323
268067014,53.38606461853416,-6.300776435325328,2375495150,3.3006908039982585
267103012/01,53.33632479916637,-6.45960206953997,1267866602,41.26338713515683
267100034,53.34616203303897,-6.418247138613901,9573563547,16.252457681622953
268008017/03,53.399350027624365,-6.181045760876792,12595107005,17.437107942447152
267065017,53.48893512662386,-6.158265989053467,4111279747,6.263173435457687
268074007,53.38673483359879,-6.165403495129679,4431092016,15.738474784004518
267131004,53.459748070733276,-6.230547185604656,26472408,47.58442930135955
267083008,53.27986537475638,-6.295284297164445,10998041392,22.155830542642068
267104023,53.526915619256975,-6.178460708388068,10705537158,9.531055440210494
267119007,53.27729365864473,-6.434729654690116,441847518,170.99091401095944
267004010,53.39987735135215,-6.135751257373306,6681347521,33.031059638752154
267109011,53.35091066329892,-6.381859813478542,2967515593,1.9677609237041638
268032008,53.35569102331864,-6.294280776532331,9012145460,26.49858180578382
268119009,53.40190188632224,-6.194028831093469,4658273488,6.374248293555955
267139002,53.287651901589214,-6.354097255987084,6188054839,10.567937277134225
268065015,53.39291580640665,-6.299400316165848,2685293248,15.435757849493903
267008002,53.279645247613395,-6.260651425455979,7788435913,50.53295058530468
267079010,53.28454818829779,-6.228330867616633,256112323,18.70240836698306
268153004,53.339551271945645,-6.30244289906519,2386813252,22.73661236665752
267114008,53.29819133089738,-6.2901934397119295,212662948,10.407288806164566
267114005,53.29184625889705,-6.294863357103197,7813629160,39.59287556434588
268143002/268143003,53.334280868916146,-6.249474897292158,130268861,36.36218744117213
267039015,53.27310015134791,-6.153520541724882,11863052721,8.496957591118084
268078011,53.33850167569178,-6.322017737283764,667281709,18.383710409103944
268151006,53.33622461067532,-6.295831508757979,359102241,9.02228774338727
268117008,53.332816403598926,-6.245239666215016,13248627138,21.955498766545777
267138005,53.28841833897165,-6.408873911222909,6531935236,20.054840096316198
268150012,53.33859454393471,-6.287880241949582,13798454351,54.016937012022545
268141006,53.339010265889705,-6.265043244362769,7447234461,10.056867698811155
267140023,53.28135838483417,-6.415771510879807,9520265728,53.58717294540688
268153007,53.34037099683691,-6.300943853761128,931742273,22.594246383418596
268111007,53.33301263492768,-6.213595410732003,8942705109,28.623669870605653
268112010,53.323963999813884,-6.209526685222617,8718261182,1.8948523302190943
267065001/01,53.48421270154908,-6.154249551738866,11623215697,5.382924878467209
267041005,53.37241733637331,-6.351390260319158,12792034959,1.7680070175819076
267147021,53.29157452017976,-6.3859641223763735,6235129561,0.3737670198999422
267066009/02,53.40721653563237,-6.283849004037462,3137578955,16.343184318912837
267098005,53.465047540570026,-6.294364169346476,11364604655,148.13736464685616
268041008,53.37880464664315,-6.178897685979391,4439831322,26.69020272706916
267028112,53.39474447325942,-6.436222483204871,874442916,43.18985728949304
268089004,53.391542956857066,-6.217459840737292,2516833436,17.270872707789177
267143006,53.27292562077797,-6.378017882076418,9624549526,5.66995043363559
267099004,53.44444813746237,-6.21162543999665,10733245263,15.453830274763794
267116011,53.283821219431246,-6.284040210647798,345660537,22.90562519117428
267132041,53.44910053071727,-6.248030627107974,11014795125,44.78101771241071
267133026/01,53.47301347044759,-6.242770665396115,6514981997,5.781594894810006
267151003,53.3058212403106,-6.3411416197406165,8622642970,17.52597724075174
267118016,53.52334108552607,-6.089187097132849,9113344971,9.695287880802779
267104015/02,53.51422863251923,-6.162974325136481,10650400305,282.7481487063992
267004020,53.394407200650576,-6.124058663245635,2422091598,10.426222199255651
267148015,53.292117669503334,-6.3419128059101,4936916099,3.4643762261074977
267047004,53.30775299289195,-6.371944137996691,8561485052,32.17725395272261
267035009,53.27413784259684,-6.35473031998237,13995963629,8.310496630401893
268109006,53.34967066713315,-6.245506226982874,5064276580,16.24666476409166
268003004,53.34795114687712,-6.277168914966526,13704026915,22.67851258559865
268106001,53.34840558064767,-6.263453359027023,13270567891,27.36390054383056
268149006,53.34541164166814,-6.283213668087493,9122817436,35.14006952192853
268037008,53.3524735667794,-6.348571468146216,6620718832,2.56767519112
267132024,53.450968910840906,-6.243556167467376,253179891,4.208039613019366
267002028,53.612875355439364,-6.21235354097031,2366243030,6.934789864712229
267078012,53.274470357803175,-6.211850897315892,41324583,3.2610364755823857
267105017/02,53.44061071289846,-6.153729708348053,5985251912,3.0033863953716424
267085008,53.2779229043467,-6.315039475161951,7820941403,62.16409970667014
268008007,53.39348434540094,-6.1821753804614,301818483,38.72668618803138
267086006,53.28647721194537,-6.317789264398935,8073007697,35.49352445973417
267140048,53.281777207923625,-6.39104415106346,9577651054,13.199633018316359
267118027,53.53341960478348,-6.106207460676001,12530871761,45.82894223497824
267127011,53.286518298264134,-6.205558706631617,950302743,42.52889570465367
267092055/02,53.270377270507254,-6.207447890183605,4729910669,25.039521157234667
267001005,53.40616087655248,-6.25022839949485,294001423,7.20310227824348
267080013,53.28288308174067,-6.2439078726152815,789500756,40.93220860432369
267003022,53.60590982978619,-6.176125078102111,10922006113,2.1164529016433975
268135012,53.31821623879602,-6.266235045514546,564574197,39.22433237242234
268046001,53.377049833163184,-6.209992171089718,1426962194,14.20146788949061
268048001,53.36645941034192,-6.227413694651503,248903411,40.926590781240996
267144008,53.30529060718199,-6.37312091251964,10284511875,24.50604679726116
267028108,53.40102273405195,-6.410011727892623,12897725187,2.78304827728399
268109001,53.35307859691358,-6.241757465536652,580372437,21.461408317732573
267077005,53.2904516443623,-6.141875271299326,13013823967,17.429116666671753
267109008,53.3492367119452,-6.396495747854364,8719923171,33.784739232784176
267099015/02,53.44339663065043,-6.213568444894523,425540175,10.711485425483522
268085006,53.33988828756832,-6.309263362103718,337982091,13.084248102360107
268004012,53.35214958017824,-6.297347320473115,11920099026,30.74939481041465
268133007,53.32490619456979,-6.259521403182118,368411620,17.153306740596335
268153010,53.33770688503412,-6.305726291735133,13834860211,2.3778464833650816
267012003,53.28429230238193,-6.256630975150727,11605799057,55.76898385172067
267119011,53.283999804643344,-6.439722551754144,9927199205,57.644975017199705
267029029,53.39055461783839,-6.386841663289916,11764834532,11.161362416584902
267017013,53.291863218985576,-6.160106461617834,107823892,11.915067654368409
267118004,53.51550984367249,-6.100906075913819,7596413126,26.09777835118143
267065019,53.493844472651766,-6.148440404269508,253335924,10.600225732499254
268101001,53.33485492511431,-6.28229930813862,12292605898,51.873193986653334
267071005,53.287473130339805,-6.147685840358963,26795862,15.500818933869224
267036006/02,53.267605313394355,-6.139675997942385,1411048496,28.421767894447886
268037007,53.34579205969449,-6.343258826347904,15852595,26.024610242319785
267028004/02/02,53.386182001162446,-6.429762462450752,9123132069,7.718003427628347
267060003,53.275223402845796,-6.100914558818315,2985884685,7.894436838369609
268019004,53.3922407183999,-6.275302921765187,76771570,16.81431473473468
267018001,53.29735410390906,-6.168889995972896,636872656,29.202231445529105
267084017,53.27867511595272,-6.345648811251039,10736082159,16.7783118177738
267028040,53.40712008656957,-6.435144915857632,10686131047,122.170670006745
267145011,53.28356182656484,-6.358239513491904,4906672127,31.986401976330395
267138015,53.287042365630676,-6.417462539992072,8495352650,23.63106070281861
268006010,53.37447570529438,-6.31855768559863,454958875,15.502501500084746
267078019,53.28408272331533,-6.233200514796447,60940255,13.231561401084297
267100040,53.34068828728091,-6.426563098371411,8766446451,17.00857825214792
267017006,53.290086231569724,-6.153147897551049,26796479,3.586650522751541
268057008,53.33976903397544,-6.345412802745419,196244626,22.3541912115681
268115007,53.34122554517974,-6.232930310219247,621868399,17.637227028956996
268070009,53.376541743898215,-6.225887764199658,1707057977,11.323326533063097
268093008,53.3187191548113,-6.29276325090725,2988406973,15.098342267930787
267069003,53.28217810811809,-6.1375736519131525,479963158,16.66554770630612
267122010,53.22490454267317,-6.118159872051249,235030758,89.94068452909346
267050010,53.31842519086222,-6.371241391072083,4619741132,12.17013487485415
268070010,53.37550408928419,-6.225871256015647,244443896,21.817466951524093
267003003,53.6135475343955,-6.192066300193552,10687922904,1.5835500706871852
268141005,53.34085471978192,-6.264522741912153,13784247292,10.183096866605622
268146003,53.31024539907401,-6.2975716154504235,8917551941,36.533118850218194
268008006,53.396378428440364,-6.1853027773474185,301817836,24.760541584643818
267104015/01,53.520774233287405,-6.160132582125254,5509461969,4.332022713606258
267028004/02/06,53.38892527505465,-6.442768035520893,9349365704,27.964242395015894
268139005,53.350302464750264,-6.270087132531407,411630667,34.4666239864825
267028037,53.40654398972682,-6.424939532366952,392106137,23.18353111074768
267029026,53.399226031981094,-6.398011569090797,12883543113,18.3284556340893
267145005,53.28547232041906,-6.358544626064334,4880252527,16.299589040292894
267040037,53.37182436964421,-6.39461528827872,12833967616,22.553595522654984
267100056,53.35008228782126,-6.430232632107014,8779913387,3.0165872593927565
268023005,53.38580555880691,-6.20541482673848,26389203,7.229035345566749
268070002,53.37607383243671,-6.237368314217481,4385352725,2.3797223682616666
267044007,53.28995102545366,-6.2622854508730015,7729298790,14.603359750776317
267040032,53.37106177132326,-6.3860988765693305,12828433572,2.243779754666946
267029032,53.387260300594406,-6.393405246624547,458771608,18.698076051779637
268071022/01,53.40607949746734,-6.174350190247447,5334535193,18.377473088045356
268054011,53.32689681218312,-6.301527950302797,9093428559,27.446486464916713
268090001,53.32161534871304,-6.3126291223082145,2624676887,15.444674623541948
267114009,53.28818155441784,-6.293339305985021,7813612282,10.849128163605041
267108009,53.34945982166999,-6.375278495268898,10313108985,8.325879731223457
267140013,53.27833330541292,-6.403597944647577,11248552912,28.352545307685645
268015006/268015015,53.398004457047016,-6.283372164664003,3108712017,20.557896788482807
268085007,53.337428597725534,-6.308397538610533,4431227522,21.619228059554192
267103019,53.33866936784304,-6.454929580793752,10864909643,21.640734325643447
267028084,53.38656213420643,-6.4116147251000495,12915635957,15.916343797009732
268015007,53.40208892617258,-6.28186998273426,6373822677,5.825747861990378
268050003,53.3700446483184,-6.236131982801355,60001681,24.71942518862685
267037007,53.25391515270043,-6.134528918086129,13478242042,11.720879238610276
267100037,53.34428261468917,-6.420630260719654,8765314989,2.8114800691641366
267112008/01,53.27683953564715,-6.475607467883516,9652261346,30.453916780773888
267079002,53.29079720467687,-6.2428303230403674,5171378918,17.387303457797202
267040060,53.36280860588164,-6.3649014191705735,13647763886,109.97680598421314
268007003,53.36528493851745,-6.312638639971062,15482578,43.9410196917405
268130008,53.31961965516578,-6.258862925359662,8630418131,18.33428234787452
267121006,53.241344569019766,-6.11930809761196,2478080536,23.345201045551825
268132008,53.323598642968385,-6.27719407444875,665822853,30.176843794637808
267020016/01,53.28223680506211,-6.189161300969554,2463299204,7.672219449914836
268076011,53.3839373157553,-6.198573305023256,2423191666,34.25874013096873
267074006/03,53.281107481399495,-6.142916696604684,11681925846,19.468520997107234
268009016,53.358625880895005,-6.244283089808132,3157208081,19.77536441952037
267028026,53.389176636693705,-6.409926974485665,12909306467,7.9320840889497575
267040023,53.37387936590403,-6.365126141886372,12797244362,17.7626244704285
268008003,53.393048901287784,-6.186286167433809,1523894717,9.714377649422023
267036003,53.269357321735335,-6.1430584187305675,702034835,19.357695573672366
268034007,53.370692542236306,-6.298725360605836,13128609,32.594604560150465
268033003,53.37041772708717,-6.303424676348439,16054130,11.410401982650683
267141011,53.28114108049626,-6.387037113989945,6960300243,3.887817577432528
267122004,53.229980208245365,-6.111534015653337,12373448494,8.23824782676935
267120006,53.208011178327695,-6.122614006301405,244223125,22.717375082003315
268093003,53.317603024755776,-6.298671730584557,269233882,38.03887474974369
267027007,53.39355189558235,-6.3698620111600714,12817210862,4.034055103956432
267017002,53.29262050042775,-6.168036076240667,3339508982,20.938448016921274
267107004/02,53.29410357260196,-6.509444188893925,34403482,38.245966327693935
267105002,53.44792268220789,-6.153328497195745,12382132912,2.2185291127577274
267087003,53.27209679151895,-6.161338468202394,32341722,36.31181907719169
267031012,53.38054128116594,-6.396071193921508,12983076552,1.4551353629288029
267084003,53.27287640960022,-6.349276311851824,9624201914,25.36035716637823
268149001,53.34525257580666,-6.288146752223801,14061577693,167.11551814487714
267096007,53.260737474728934,-6.115778606844842,1411182886,41.844928397189825
268014004,53.38143558277248,-6.28288564401928,2375574768,23.00096347548742
268106002,53.34715996793707,-6.269442227048865,10306668147,0.7214393861973122
268105007,53.357346166535436,-6.25276896880743,2413658313,30.70033751450697
267092048,53.262293474731294,-6.205695490953686,13380616575,34.335625409386864
267092041,53.259533237790215,-6.207267350033928,4341696556,10.2516309758955
268010015,53.358595084324826,-6.251349725263022,11877130037,9.131712260895792
268029006,53.36537692295483,-6.269021355295167,6370511303,1.6705243537104482
267018003,53.29717263418201,-6.166682490872686,7058928520,31.082508749815073
267122007,53.228976559777124,-6.117702311856769,243758771,24.059793751970883
267072002,53.27424674013628,-6.139439220644636,480100464,31.135765553508083
268157008,53.38768791494425,-6.261737504937844,3895050852,2.93681263061631
267085026/04,53.27609581036093,-6.3103270363246775,286038068,2.694368310391371
267077003,53.29166907615858,-6.138848855474322,3837673178,14.702455474140473
267028109,53.402654399176186,-6.409697092298951,12894285280,41.11862851853782
268111006,53.33688285275792,-6.220555352933674,2761900086,12.724857462666792
267051004,53.33597382010804,-6.393745868858172,436635944,7.706940372634642
267065006/02,53.49113498620889,-6.136385434364221,253337910,27.793654250103522
267143026,53.27196645942883,-6.3700767849669475,6611028869,7.589349343216661
268083009,53.34158625516211,-6.336687093481941,2952202695,12.710335032807201
267021003,53.292831665625336,-6.1815299092557705,178896510,18.41006038271454
267019005,53.30556979399993,-6.2047490746687695,5283748034,17.519405917193115
268156008,53.32068283593733,-6.320514594916553,1445223009,16.21862278256275
267117006,53.30432674102822,-6.275522204316212,11042608995,25.03324856921725
268074011,53.38976089075478,-6.164978929602667,4431092127,3.480722892021769
267007017,53.274433943803636,-6.250863188369733,8629064181,17.530418579937802
267080022,53.269966148766365,-6.236515521653113,7015302007,17.624718750893354
267049004,53.32499288522648,-6.429056543306753,13279233957,1.2008035456504789
268127013,53.309230952191,-6.281778456310853,255315736,17.48202781569694
268106016,53.349487966778455,-6.257722876245371,5281437636,8.315541445974626
268148004/01,53.34604809465669,-6.300701288593107,117707387,60.81390816003512
267045006,53.30381923199899,-6.256221496968156,140405127,44.89962039431843
268132018,53.32907104236163,-6.267473899477719,4855282919,11.363191893012848
268142018,53.33178715376263,-6.264932975761555,13802694173,17.221855981137217
268068004,53.37850543250985,-6.306111940428278,2400844908,17.028745902832018
267136001,53.285846974524055,-6.35171876700975,4909724658,31.035397318272427
268085003,53.33908332150433,-6.318968154747996,3928714493,25.144021732006387
267106022,53.45388767859883,-6.167225804687598,12613628985,25.940009428092846
268085008/01,53.338944797323336,-6.3162451282589265,6192677751,6.735770162762804
268070007,53.377215661783445,-6.229870211523687,246087074,39.264648912278446
267082005,53.292487269055954,-6.237538005346547,260022189,66.51057816130626
267040062,53.36861414125591,-6.374470910755947,456388707,11.685509149234896
267105012/02,53.441945097219914,-6.143463518006808,253316432,25.198162224362793
268126011,53.382799829118795,-6.16674940110278,49381106,48.44452871390586
268078010,53.33616265081653,-6.330377753332256,7392125750,11.394832996797279
267001002,53.40556629493878,-6.24784133477209,11847606621,3.5058733988464095
267110001,53.4368358398734,-6.135517945264193,187642117,61.4988033181524
267122002,53.21311803558231,-6.112297846239887,10299475815,8.212505137638914
267149010,53.29853074470472,-6.3110245962801255,2484187099,44.41904090084358
268148006,53.345144374192664,-6.297907395973004,2794674717,4.5902273171079635
268017021,53.399716204323525,-6.256799828934656,4405814099,2.305689637663813
267072006,53.27306253296914,-6.13239985214985,2431551989,35.18269201316774
267092059,53.2601740521164,-6.192357289528792,13453302752,36.86924324418848
267073005,53.26880552209024,-6.137970565876247,1411048517,73.06804616141562
268145003,53.31397908185238,-6.288138704740117,12965447752,43.92719873724929
268070019,53.37575235812208,-6.221343025502488,247321327,50.92052854351132
268158010,53.384362176264325,-6.2480478740092265,298537214,27.81028545923211
268030014,53.36951072149963,-6.284529601909526,2372323763,31.913901105941257
268071015,53.39960944642823,-6.168234858365403,187761494,20.777920940792836
267078020,53.281420395431326,-6.230062728454663,3292039018,33.878078454212236
267129006,53.29179402969521,-6.191467164261687,173769865,34.870570640443596
268081012,53.354591112305805,-6.270237150232384,5152933618,31.391071056886105
268096016,53.344512404998746,-6.245409765598797,3978749614,7.370818780416369
267080004/267080006,53.26963384408794,-6.243487194190766,247804759,9.598619022324435
267060002,53.277060831005215,-6.1059592883464076,1305613231,12.39314625127604
267103001/03,53.34122908362912,-6.45895314610996,1263758358,93.18469197846643
268080012,53.36092281910629,-6.2630444317879315,19080485,24.41086280528266
268088011,53.39929676182663,-6.226283861213385,2815898082,8.969658219572182
268063007,53.39044435862461,-6.316203592217911,2375495322,13.407489907713742
268071024/01,53.40809317257354,-6.167390842408987,5172781323,19.835244383648853
267057002,53.307905599156776,-6.248228560704865,13361776183,26.940323056734535
268063009,53.3913526599963,-6.314521220859468,12692159447,45.1211914003728
267029014,53.38526810209397,-6.404510189720171,16569963,25.383429982871654
268062008,53.38632401859656,-6.184902452067172,301804286,58.63232773619914
267140039,53.284155320527844,-6.405420621622979,9593101746,17.616527240528903
267063006,53.28390392203477,-6.104472634852695,2692468547,48.865613711674634
267096006,53.26394948643038,-6.1209266399278786,12735204950,18.237666583991768
267078014,53.27658528954568,-6.2285634736920805,60939467,23.29847125226501
267040029,53.37428751310952,-6.382766707126476,12967144764,19.95887283630373
268108004,53.35546712817617,-6.236696232186016,31097467,14.684434762374615
268063005,53.39534737549952,-6.31629515499062,2686868893,32.51053858480864
267080011,53.28441484701522,-6.243379982863791,9538747380,25.33466125208874
268130002,53.31902846031584,-6.251939096664891,8390553151,15.345554997901843
268080001,53.36053755102261,-6.261515822103502,28246387,40.22802353834487
267128004,53.291585210750426,-6.20376820516151,4078597271,8.140856898396983
268147002,53.305380699954156,-6.289877726067743,255315728,57.57316178047777
268145002,53.31446286415934,-6.2903892146682345,90399071,4.918706145212209
267056005/01,53.300982363042316,-6.219182542704502,8281599135,19.432221971378763
267119006/02,53.27733734889667,-6.448643707178183,443412013,32.15754454533719
267032012,53.40317241012445,-6.38701531849858,10674437001,11.500475652798627
267082004,53.292918294929045,-6.235164411849734,2380633813,25.402912975257482
268112013,53.33065591057581,-6.214274055897802,652697359,25.895567706561298
268034010,53.36813716632088,-6.291779231514745,15413041,16.43404621342043
267125005,53.28359749157495,-6.218377307581443,11877669459,28.522805265202603
268081005,53.356675668925064,-6.2668397628410695,7024612297,20.59089035081149
267025010,53.29858439142359,-6.178801448880251,4020391876,12.30232928312236
268156010,53.31856779694523,-6.319189052907788,1410012249,24.97681728473837
268001002,53.35986013320745,-6.274441979102931,12744772786,5.891282935237406
267146001,53.27794754531831,-6.36445422027709,9464660007,8.368155267345188
268067002,53.37993046701065,-6.3035303866822785,1276542211,7.045253039010054
267084008,53.2720851936085,-6.338064825529038,291411451,8.436723896712486
267049032,53.32823134592753,-6.426102156667289,8856919642,8.030361655835474
267138018/01,53.29030233176363,-6.4059955782212645,9491119879,3.8228484882540443
267092021/02,53.24382179048136,-6.19379050185602,12595104228,30.823219481801726
267043001,53.298477252355404,-6.266155803698199,11034513534,3.641452672755493
267017003,53.29267117957613,-6.1654412496173645,704331499,39.84948827041114
268094001,53.31657510016247,-6.312586954035572,2315623023,34.97974166986397
267056007/02,53.30281260947476,-6.216226369715438,5895295313,17.448998943653475
267028068,53.394656308463205,-6.425826309615688,12944620753,2.037833379110226
267039009,53.27730051308167,-6.1588514447607725,5628153594,29.75260319773941
267134015,53.44785044721822,-6.18439115917733,253312644,25.131698812798454
268048011,53.36520339730599,-6.219577557829101,7491663191,6.532882161705722
267028066/02,53.399325947544355,-6.430613125865946,3089740684,8.935217803298965
268042016,53.36841155491671,-6.17986524386886,241788480,29.952296491059546
268034003,53.36901903007541,-6.289665253743611,6792384365,22.432944116568137
267066018,53.40726357551849,-6.2863513357601155,10273761052,5.133472105638275
267103002,53.35580821276707,-6.473878580161017,10286267561,4.544631042519125
268037011,53.34993680441086,-6.348245122489354,2952674747,18.10830768737894
268150011,53.33693248776922,-6.288266373953101,1426048806,15.869063588727752
267138003,53.28647217968018,-6.415181210887303,8495352605,15.317494576358774
267154007,53.301401216174334,-6.295882315198402,11976807953,34.048353950638216
268033005,53.370635890175606,-6.30538825508976,6794362334,44.66364208542158
267132039,53.45401337229824,-6.238426811504328,2987438365,34.65608749167031
267118014,53.5207017399525,-6.098953905514512,9780232699,8.768781060713284
267112005,53.28035788617674,-6.479701552761656,9325859521,5.318755277959781
267100089,53.34942089007101,-6.4159716552946575,8750742743,27.51055055274869
268134001,53.321208296995636,-6.2648565357318695,8881076289,5.8859101039457045
267028001,53.3809786512698,-6.408402530266502,957164276,42.12472159664403
267095026,53.37770417667172,-6.05629772122099,4710942593,6.355804400537533
268138002/02,53.354882091164555,-6.258909499930948,6146071348,18.780316540072757
268113011,53.312381077975445,-6.220127835401508,8730900793,27.677522079199846
268050002,53.3683756290599,-6.232355038005026,243910149,36.30395506103411
268010002,53.36211375925213,-6.255849818722132,1493196526,15.00022098297111
268064001,53.39695086813923,-6.308721832551132,5546724070,51.941091657496536
267126001,53.27971542669658,-6.195065914763087,13720425855,17.65380877911672
267029008,53.389667048154905,-6.382892067160632,12776783652,25.210387938423253
267140033,53.28109960360971,-6.407639376763654,9503726868,2.757563186136109
267128003,53.289863635647805,-6.204104416080629,8137199734,12.21057960724032
268103008,53.33631713439753,-6.285965988063745,358540402,26.576838363941174
267130011,53.38796641907043,-6.140781477535828,12280602,7.775984569626472
268143004,53.33806172746277,-6.2433188833225595,2395413324,18.2146145433347
267140006,53.276279950500715,-6.414906802593759,9506653302,2.1594293129056195
268159006,53.39417993199727,-6.244192514381292,339323754,13.154501017305199
267092029,53.25159326615056,-6.205397589989944,1037172670,9.686495708095817
267029003,53.38535358175384,-6.407251865011445,12923606558,3.7472145787594626
268054008,53.3254162667157,-6.301566106506103,1272386825,6.428532930678465
267119013/01,53.28576969762075,-6.443426608919478,8992788747,34.052761141913145
268074005,53.38740906648526,-6.1682867685458795,2941843764,11.584659490817883
268131006,53.32276379842024,-6.254721108551657,8390553265,13.225730628118427
268038004,53.3362458405141,-6.379711512995907,696250101,37.56698399084741
268005002,53.35095817145908,-6.285406032020414,469311756,54.29229405022512
267047002,53.30870367701731,-6.367384682272677,4874932505,8.50064529953998
268142014,53.33092771362406,-6.266149449540392,5464784116,23.565595156065957
267108007,53.35177983287312,-6.369570853952711,848714322,16.599452710751947
268137015,53.32281136804443,-6.2693524895527295,564136641,5.7712230613611695
268057009,53.34199998192091,-6.34533328559952,2951477088,32.22614615355202
267134001,53.45324559060027,-6.2112127241997355,254494962,33.02663275418584
268131005,53.32480866524534,-6.254869582861629,11817429081,9.736919356870402
268063012,53.39452719949016,-6.312767902555364,18896457,8.567879336389794
268028004,53.368225177320475,-6.258324962430029,6339768369,2.2933097371464894
267099016,53.4429984761389,-6.2120243041963965,425540172,9.820214784034123
268050009,53.36909568161392,-6.2307924067951745,60001697,19.327401063678444
268105015,53.359283730358904,-6.260215271154079,10795566859,32.27244019935466
267037008,53.254741458749784,-6.136864896670923,13480992647,8.707417827320317
267087006,53.27492811487023,-6.164551209573935,417656548,48.60094558681252
267108004,53.353045385017545,-6.373208964587447,10307629777,23.716992517219595
268139012,53.351785189359745,-6.26439931086921,4844594295,37.71464523014403
268150017,53.34242951515482,-6.282747924147333,6654132112,19.46611443299329
267133001/01,53.4753528028034,-6.240186200823782,8880755362,2.671912647403344
267158002,53.41516330405536,-6.3879362671184845,2990181399,11.635775578551693
268129005,53.31418119681756,-6.24752852611435,2479778763,8.824031009354073
268022006,53.38922854678455,-6.221137874649935,5421563180,48.47031270423388
268036005,53.35766535456792,-6.296000327043081,2399584219,12.838736219081785
268070021,53.3731564554382,-6.224397248641707,244443928,16.7121641307103
267103001/09,53.34147114759781,-6.465512811055487,12166874828,17.25331078041257
267072001,53.27709701442685,-6.137236079200123,5998881515,28.54994425549078
267130013,53.388721402947446,-6.138084336772437,257296032,14.362456698789037
268101009,53.33635986070796,-6.277316624600894,10652946110,14.251424319819451
267150002,53.30755113554189,-6.315794208673958,8618129107,63.84577024870365
267152002,53.30370834481363,-6.31873935418868,8612706909,47.281530884947784
267040042/04,53.36866529620679,-6.390237102310238,26452966,17.84285239426367
267148014,53.292139094806544,-6.339585538282952,4931329988,27.12163683696996
268072015,53.396772976802836,-6.154244389793332,4722865014,46.93802029700337
267053022,53.308024864204555,-6.406459422003526,9553181538,5.74218408287861
268160001,53.38032087140886,-6.242757219455043,13516653420,36.37096069322074
268023009,53.385092828937914,-6.211220162786264,12045422433,15.548577011052144
268048010,53.36471942561729,-6.221394266560127,11828233271,7.2884218586880705
267109018,53.35594219319266,-6.380717264837815,10552789349,17.160483491908185
267013005,53.28782944435611,-6.300128057326711,7814221221,27.76681956209824
267056003,53.301688822499166,-6.223666788461439,174732383,14.024239028987596
268006034/03,53.376548362022525,-6.3115276760797885,249199843,3.8571343304602514
267027010,53.39237371725618,-6.37249314131767,4037054427,14.130771381398976
267123012,53.58110705919707,-6.119146082010404,392610025,10.241277369914144
267094008,53.54685408881477,-6.088563113566378,3368565283,2.7563116179953773
268032006,53.35926357880687,-6.285466026657996,2399659931,20.588500364950324
267131016,53.46332197872637,-6.240710482692727,300120302,37.319637792619446
268063011,53.39348189996343,-6.316968458982436,7486060654,58.32429048353741
267038010,53.24627790851386,-6.150564959741536,10295052873,8.94624842801946
267140037,53.28556619769415,-6.4029304450731495,11515091765,5.85972528629261
268036011,53.36141439825508,-6.301552849680467,5576443108,38.08697079001999
267092024,53.254679526852755,-6.208064080300048,412129160,22.627316330766142
268099019,53.34222797546726,-6.276497010894039,3125025428,34.33969972747625
268037001,53.35263559208256,-6.354554787262446,10573373274,20.005121808651474
268009008,53.360775355573914,-6.24190305822988,321859925,22.724186265052566
267106011,53.45083794657365,-6.157943779275752,4018240887,22.068707907685617
267143016,53.27511797456272,-6.371066926208301,10124591946,4.665731367283739
267028003,53.38290680929001,-6.4184306948678,6685472929,27.467905242539494
268037006,53.34645812354564,-6.34632045878629,11698040347,6.359344300403158
267115005,53.290065321930435,-6.279600576424262,254345523,24.28297797969322
267020016/02,53.28187601794266,-6.191420962334386,4254694909,6.84344850305368
267106023,53.45255879804263,-6.16276896242394,253311878,54.08716328254941
267044003,53.289930606320915,-6.273962444741082,7820531423,37.28465417585849
268088002,53.39431008319441,-6.2306762417430175,25966558,33.756736702908675
267085014/02/02,53.27376995648052,-6.318497808078899,5515751087,11.035554744102312
268106006,53.347185405816035,-6.266919871673656,4043190918,30.864095881453895
267028101,53.40111078069418,-6.415376014236254,13076316856,4.158775966688787
268102003,53.33088229032821,-6.27877281999954,2477946035,37.61560358393137
267144012,53.30219389224096,-6.36641217290961,313559314,5.244920484605028
267001010/01,53.4033978509133,-6.253225971133851,293726858,7.829999822211995
267035011/03,53.268617042787454,-6.342505134053301,9446062960,24.649351164382704
268136001,53.3131312712966,-6.280781728416201,462496474,8.921642770279176
267040017,53.37802891840091,-6.38400657724107,12986247642,2.5347673708494596
267089008,53.2766706616634,-6.178124976618383,9631979111,23.257572658597315
268011012,53.38303375771421,-6.266809253547469,297459750,13.609740261991274
267123008,53.583982306816466,-6.1273130849845865,3915532031,33.49191172382206
267132012,53.445439754410046,-6.238645242083271,296448902,32.45904753733397
267053003,53.315453212342184,-6.392911568507733,8978171038,8.092816576623248
267095017,53.39034241004963,-6.094678842624643,5620448986,4.780265892416137
268142008,53.33381279195229,-6.264221041803783,6175859417,3.792334248991798
268113017/01,53.31347146432835,-6.203410321888273,9689575410,7.757988013802949
268152005,53.333945324106004,-6.29717030276152,2372266606,24.97411204086382
268158001,53.3903304997252,-6.263091545756135,5414899279,27.96196870800161
267029015,53.383667000180075,-6.404473970615774,12923136245,22.019959126572427
267126008,53.27975928094162,-6.193027756369284,12595161508,6.528638417891311
268011004,53.38826511573261,-6.270034941999212,4296894280,3.1047688608411024
267010005,53.28397167585871,-6.270554047406311,7794371357,13.481323498442194
268130001,53.319643716878694,-6.253442279518735,8390553693,12.731514016232081
267070008,53.28586530180532,-6.156383209187259,4960362330,16.863073164943877
267076009,53.285071270807464,-6.112966255267846,480187728,17.331213375206143
267055006,53.3109340748967,-6.246257036417145,13361578474,9.120363641627664
268132021,53.32430165012971,-6.272286804289902,4897922791,16.110439250094668
267159002,53.26811863656195,-6.259718630043712,3095380387,7.133483168361225
267086004,53.28838304020155,-6.318492355312712,281437097,32.11218799263776
267122003,53.21832251706699,-6.111759430842915,13265762150,88.89551961010888
268040005,53.33231894525097,-6.366513305647138,13339964985,11.186878287601127
268003013/268003018,53.34896096223556,-6.283226395421171,4675836839,37.075574577618696
267029019,53.3921232339195,-6.3997768168525635,12908952949,2.5654769042120225
268071027/01,53.40238620062199,-6.16396556767103,4072345669,18.69481874366022
268020006,53.395050699934075,-6.286758925289359,52201268,44.11038779810052
267118017/01,53.527565434856285,-6.100887232923785,9117787914,32.80273394148208
267092044/02,53.26025011663706,-6.213407664463367,280431630,56.44739771005267
267080016,53.27862474625722,-6.238830747155777,12291465100,13.497366372924445
268017011,53.397593213743676,-6.257056062160097,54851398,10.89651822327975
267136004,53.28578902055549,-6.349208561013348,8803988535,18.520184636802238
268027012,53.37569158741955,-6.266193211568349,6339965109,33.02475040025677
267133005,53.46759694564856,-6.235646751122886,5375507384,18.037272596934475
267105007,53.447319935595,-6.140925662708372,6955727386,29.776271241570385
268071024/03,53.40556975265639,-6.1688154393633585,10296389316,14.98855063369187
268162008,53.33028115304908,-6.274467318390967,3008615531,4.73334623300163
267084011,53.27424480608942,-6.339975941201178,9611289324,45.71724255732372
267028079,53.39632859418237,-6.4444317093793755,17954585,13.437048164868584
267106014,53.45065818195363,-6.173183237080104,12592995527,32.5257901209047
268108021/01,53.34950766764166,-6.231196316291234,13691314967,30.659110401531134
267049037,53.32435761632271,-6.420292632787781,12001160767,16.277228050048663
267105010,53.44876048035041,-6.138021279907715,3872531080,5.777309116216082
267002021,53.612486225986856,-6.2010170623744445,2366243004,7.918482160311441
267005002,53.40908928251252,-6.169461543694813,4791516525,18.184264698626187
267066017,53.40696090718757,-6.288881022082036,3137577727,8.129702398458969
268073007,53.39498459499171,-6.161067158327403,9730201591,3.41905615433156
267047005,53.309548626240534,-6.370496956147671,8557904933,37.56575247707568
267142010,53.303629061442784,-6.357243586228021,440118961,12.76602343409106
267081006/04,53.29345648857934,-6.248905926414341,13506618940,11.551947372928923
267094009,53.54836397654273,-6.1175001797599435,832716127,25.151099233099377
267101008,53.35574558441496,-6.438339184897531,21519324,41.114200939602995
268078007,53.338071527374794,-6.326048254679982,7392125654,4.61058899508536
267101012,53.35778007226242,-6.4315444972324745,8828538092,39.75187888484885
268058015,53.36396786614965,-6.245429317674413,13399715160,29.75051862676967
267074001,53.2799431221238,-6.151784020000807,3904761861,36.195839409302714
267108006,53.35018668699504,-6.370271284753904,10307639619,32.26922704703231
268131010,53.322050350874484,-6.250121946941097,5538812075,25.78267616780083
267064003/267064004,53.277922380166416,-6.099184097100707,248741111,75.0613493811195
268039005,53.34095809574624,-6.368382061975441,320023031,44.271896765150984
268074010,53.390572481852395,-6.16545014927101,301832774,32.48059645689825
267019010,53.30446444800941,-6.202460501765065,162281641,33.074077757971686
267038014,53.250663549288916,-6.143539588306991,13608051120,1.4333122335150146
267092005,53.23501524930427,-6.200414735838676,91409246,21.81672882353373
268033006,53.375075224300765,-6.30500793518211,2987893582,36.36265576293393
268114009,53.32912939150535,-6.223792857818064,4894612758,31.54150770839936
268009006,53.36156789287047,-6.24137705608276,309350700,2.2570195118260723
268061011,53.34950219983609,-6.355959999003358,483714899,39.913494401516196
268125007,53.38686202992859,-6.152487132438453,295514376,27.146626071686004
267115012,53.28620591607128,-6.27367737096063,254345185,22.648929579929597
268113003,53.31401844154096,-6.227137324533623,10764709562,22.254486720389746
268089010,53.39464091307674,-6.220487915057309,242723988,44.5391125199476
268126009,53.3790664151366,-6.1713857375389285,108019687,16.88697246535468
267135009,53.45519036612835,-6.216202388603127,12630603394,21.696867255996576
268040006,53.33812268178427,-6.370849565206553,5854464882,9.179706345496252
268126015,53.380476158537725,-6.168592209595008,4794379666,39.797771687607586
268015005/03/268015005/268015014,53.40532957882814,-6.28237659165408,7678814741,30.711596581877355
267103006,53.3560407567981,-6.466988037113349,536709695,16.547158970147905
267049031,53.32399314878531,-6.4144814810608075,8881360237,3.4536403549307457
267118023,53.52825888891336,-6.089244367509217,4769512759,112.61397164762295
267049005,53.32713319346988,-6.430285332090683,13280918804,2.5412358279627982
267141004,53.27961682318915,-6.3854100275113534,6960303034,37.8694918908256
268154003,53.318703187878775,-6.334440100349631,13900118880,3.3941339232236243
267129001,53.29604882081342,-6.1993493523211995,985373234,10.518915121829389
267028116,53.39930996556494,-6.439653149066028,392496028,25.033380897738603
268005008,53.35272754937626,-6.2857967382388695,18378368,39.86466008515133
268141001,53.337070911013214,-6.264288877116786,11789776511,12.067060560197444
268067007,53.380445253121216,-6.294964053087501,266997667,28.136072792495614
268033002,53.369976195739014,-6.301713558581158,2369219672,41.592699462770476
267085013,53.27590086988203,-6.32900905705378,10788854146,23.280548780403134
267005005/01,53.409977914293094,-6.165983248512675,4791514361,9.639022920986978
267003007,53.6084562744423,-6.174486901022075,10941988342,97.92805824295124
267132005,53.45351764572769,-6.2278353735063545,53470633,22.76255640048242
267101010,53.35757361615042,-6.438218941314911,8828538514,28.907321593134494
268128021,53.331149626056494,-6.25342419159202,4285824282,11.239835846070061
267123007,53.583518588854304,-6.128507616019028,1426131882,47.22177231409792
267100080,53.3443406766716,-6.417061601598819,8728271138,28.57302704229997
268161001,53.34104393802887,-6.271433996382371,4877121842,17.06106685386722
267133001/03,53.47550634611906,-6.243701318692716,10693055833,9.260843695580116
268058010,53.36303854198189,-6.241761421103265,1679555012,22.553227091403652
268092011,53.32419462987141,-6.279923357333144,2661402294,15.637238363257122
268119008,53.40159902434609,-6.191588586337562,9939421606,8.90350687412045
267015003,53.26058287274334,-6.131315819005777,12442170888,20.40814332608039
267003004,53.611115978618734,-6.195546575172676,1730375381,47.67766588973506
267013002,53.280208920401925,-6.303778445201752,287088380,18.69475772651874
268029005,53.365606792341914,-6.266650019839559,6370510062,17.515222505588458
268026011,53.38443709576453,-6.225022301815901,4892641929,44.0623657513183
267028111,53.39273145324171,-6.436103465083312,345600269,12.992150492967085
268083007,53.34278540903766,-6.329211801800959,26914998,51.75780854098484
267085025/01,53.27837306273638,-6.311417605702838,7820941442,17.565329947296217
267133032,53.465547667496786,-6.224481880958013,5493929729,40.64185840606778
268145006,53.31362850853873,-6.284424446959678,91538501,49.94289574074675
267028034,53.404870332169374,-6.416948434166693,15899953,15.082982259897667
268037009,53.34948669941438,-6.344200658497458,9723469322,12.766625936836487
267002022,53.610436164474,-6.203511409954665,433637867,20.213316734214658
268098002,53.344833649464206,-6.280033631634364,4397272678,9.559645944768407
267097009,53.2444289110312,-6.127506824025968,5595013161,15.257304733412843
268138007,53.35570163537534,-6.259688405051737,12141006796,22.475624526959365
267143024,53.271350908211545,-6.372227821534655,9254688250,3.023986261857781
268157009/268157009/02/268157009/01,53.38495228562816,-6.256163459966288,12898757831,6.726217509856524
268074014,53.384954899498986,-6.172269866538824,3503628631,8.62103210123156
267143008,53.27081991977515,-6.375834874848655,8522352965,12.408396547935899
267140052,53.28464443325376,-6.413088779925436,8641825036,24.596481602299836
267036005,53.267835412040895,-6.1456224285198875,1411048492,32.68113348699902
267038005,53.24919993170848,-6.179106444471771,4422992108,24.10152164132693
268061007,53.34570954690424,-6.360495919073575,2957839257,18.440523067860358
267049013,53.327582381296175,-6.407424033784183,8931107608,14.834880444414305
268127007,53.30825268905592,-6.2757066146525,5506791766,16.01564028805641
268009001,53.35827980667886,-6.246001685996113,3500311158,25.973104940578562
268086003,53.39504626769224,-6.205720994892116,4939797958,19.18579195441023
267105013,53.44379890678872,-6.150601527064385,13676637702,16.629845498302732
267049035,53.327561503912285,-6.422381161282186,437559806,7.278828119008845
268142017,53.33217648671519,-6.2627459381439525,29400033,2.1983989587593706
267147008/01,53.28730520800877,-6.378281718843721,8663537965,8.42273883747006
267103001,53.33696967925448,-6.463838640408668,4851700034,2.217788322278139
267028043,53.4039357404598,-6.429287292145634,12783186404,9.187698150769338
268110012,53.34468460738422,-6.228812474066658,53463882,18.14264559239429
268068007,53.38401015120492,-6.304562182618366,2375495019,28.656550460009875
268109015,53.35534789539251,-6.244316614957556,1848330054,28.648062418569886
268011006,53.38644561560379,-6.273917481480167,3895052570,5.76151995618655
267004027,53.393989893530524,-6.130634981674413,257290974,39.67470706401842
267095001,53.380061762829435,-6.099049131021974,6645441082,36.19708232305223
267039014,53.268542741310235,-6.149690401366372,6681812393,4.492099792978801
267157001,53.31169546025185,-6.328250515170574,4829380140,5.074193353204381
268113009,53.31749414265671,-6.220155537903743,8739806502,4.825744472831846
268065001,53.39120431150914,-6.288900899874768,339639272,11.617180068860561
267068004,53.28672625011554,-6.1254508772919785,13197431339,8.331176694089475
268073003,53.393185362466745,-6.164541831295772,108073023,26.0101201196208
268088004,53.39526921324264,-6.2271524504945095,2423092535,16.832649149273717
267088020,53.264490084258824,-6.164115307011736,481194686,31.128946314281862
267066013,53.404329295349804,-6.2997812092934,4405709211,10.22746766335746
268096004,53.345741036110475,-6.254914608708755,13984032342,14.843603750989619
268048017,53.36649434664945,-6.217661658384241,241036923,13.4723143451676
267134003,53.450246273366076,-6.206228482965376,10738188112,15.245385913505448
267086012,53.28645224026026,-6.3122980552802295,7857319590,29.662666646307482
267092022,53.249182175801266,-6.201074223307553,795849766,25.485935940755102
268008015,53.39204372653777,-6.1821252706676875,4892956238,33.69454094527613
267039001,53.26395227074647,-6.151480286014344,5643256269,11.978882544533832
267117005,53.30193130739853,-6.274018353361884,11042608915,16.476813166250167
268158015,53.387567961952705,-6.248372951694285,3889456443,19.77612871795288
268029004,53.36482951288858,-6.262076852044347,6370511288,47.64812636174962
267019009,53.30230767749269,-6.201466749773097,1420096797,29.88427756305444
267065012,53.487828895781355,-6.1584320267453965,253340843,6.790998941105509
268071016,53.39981955936193,-6.170549505030883,4432468288,12.565301927943446
267124006,53.2994380787812,-6.214705708672242,8364162699,15.152130747414574
267040053,53.37128402514933,-6.373344688218317,2719715238,50.099902088676345
267122009,53.22754057618153,-6.119496857352355,235049337,34.11976255546958
267158012/01,53.42411916595536,-6.36815046397423,8569773465,4.652194581331626
267041003,53.38096243685401,-6.366908530539135,12802097450,0.8650032747453971
268140014,53.345762431708714,-6.264621331874072,11951122372,11.953956880791731
267028004/02/12,53.39226924101488,-6.446898213929673,5064425834,16.419322590316188
268025003,53.37835518802839,-6.21968817719945,375841422,17.800028952033664
268142011,53.33325143076537,-6.258860116060299,12862454997,9.578396431472829
267036004,53.26655816603651,-6.144928653728357,1411048458,30.484143932770117
267057004,53.30290015785169,-6.248938058652355,13468234053,5.626802030469876
268144007,53.31793497644309,-6.290916332779451,4196028840,30.06936681218002
267104016,53.525565078176065,-6.159252710639221,10718918292,8.274199221824212
268006015,53.369519576308,-6.313240660636198,16054350,17.33948203676612
267049007,53.32075831155668,-6.41804826635811,11804874879,12.867875838646935
268081004,53.3581536924685,-6.27029074757173,6217489590,16.458595270000643
267149002,53.297244853393686,-6.324373625289324,8618099288,30.471318355523046
267114001,53.29258704159423,-6.291890987190765,1425374941,9.17077447927839
268078009,53.33700896994259,-6.329913600229627,4658440198,24.72456291801329
268122002,53.40314165679182,-6.201146714450256,305251598,19.032380857573287
267114004,53.28927661281036,-6.2960822649012265,7813629133,30.602186802425628
267010007,53.283246270630094,-6.26927937744673,7794371365,17.04637536674754
268129024,53.31829843243062,-6.234564885818252,4905055701,16.71942500807877
268098003,53.34423948828587,-6.279701274532023,13207403874,14.955281438005544
267132013,53.447756078989244,-6.240269007386204,253178184,11.811104075176162
267130007,53.387712597642754,-6.144941857993942,1995794245,4.274371156362012
267157008,53.310327821828416,-6.333828013219521,8633054571,14.891804739497905
267078018,53.282282141132676,-6.229271227921938,60940337,37.1279001332621
268054003,53.325835984855594,-6.311090547196925,12215999494,24.483815917109393
268135002,53.3143098693519,-6.2713634104094425,2968909884,19.204875467868888
267082009,53.297520130206934,-6.2374601523197555,260022282,11.40003646331248
267076003,53.279034694554596,-6.124516963686707,7610003995,56.42312800471076
268031002,53.36216567091643,-6.283546114236338,9042942573,4.714074025969614
267065003,53.48707861770112,-6.14999326263557,12472694277,20.701988910159834
268143018/02,53.34606178658425,-6.239209438118946,265741665,17.980551403042067
267130014,53.38751233552296,-6.131978185131144,11987289569,7.882115511347813
267105016,53.4408960144635,-6.149101629912151,11420400072,20.10321950276097
267145002,53.280409436362625,-6.353180780420086,4906509300,6.262936058026931
268042005,53.35878993061499,-6.191433645018181,5430005223,11.065000622043964
267058004,53.29909597701078,-6.224227385222133,7170597104,14.683132177537248
267028027,53.38885870855041,-6.415294288866204,12912893147,13.672536083916254
268138016,53.35284401077943,-6.25947187065663,12371366442,3.5341698683404026
268023013,53.384964872486606,-6.214033935892648,7684005560,20.39259060890148
268015013,53.40494967618151,-6.286087048334943,3135862487,5.4768120199345285
267071004,53.28457770877768,-6.147840351290631,657950589,14.720537314159353
268030005,53.37075161697943,-6.28161558299934,2372692689,20.795936023528643
267021006,53.29522074463263,-6.192035971079711,13156935609,56.2160041829485
267041008,53.37533372485622,-6.35579301322279,12791740833,7.192881010153411
267019011,53.30559278112165,-6.199981517940651,3897000606,23.585558532646786
268143001,53.3363376229512,-6.24586157085134,6007665030,16.187102411172226
268051013,53.33144269103459,-6.323521440093361,13856999885,5.675769626680509
268148007,53.342627598312745,-6.294752922600974,10713273358,26.334468753329105
268133018,53.32881121950205,-6.260344709806555,564323296,1.854764674766144
268099008,53.34024481377176,-6.276242058089014,4346458369,3.7285147415871793
268004003,53.35287719652947,-6.291196793023561,2419867628,16.43889462924274
267099029,53.419846283417336,-6.152601631408972,253507345,14.234528720245285
268143019,53.343133482032876,-6.240463015566268,1935447256,41.46799467424685
267160006,53.39980906683866,-6.241792880245405,2443612601,30.278324499274103
268117014,53.33015139346446,-6.242043222473306,13796305409,19.420035391296246
268124003,53.3835215267899,-6.155005012983774,245807330,31.104140598628387
267078004,53.27714699573975,-6.224817879066855,60939412,30.686517017410342
267106001,53.45152721511327,-6.181713646437606,253314182,13.409505435588203
267061007,53.27657438595312,-6.110832303629548,480079772,63.116581688196604
268123002,53.401390355758004,-6.212293433808854,1529954538,29.221227062854858
268116008,53.33164841574198,-6.2321799548344305,4936038136,26.07665926487513
267032006,53.40375446816026,-6.394574674613675,3014728805,11.785449792072862
268054015,53.328465093908584,-6.302473596997295,4159965446,10.758939969621025
267005006,53.416272160531186,-6.153170741202483,598146743,10.199273758035957
267063004,53.27833598758934,-6.114357111899447,480187926,21.956098451091595
268071012,53.398522167088494,-6.174037961703115,9774185260,9.010311257004053
267046005,53.29984813547767,-6.248404885726041,258069174,49.4486598951278
267044002,53.28636001872051,-6.2684124677986786,9535296496,26.976347267143467
267028102,53.399786395518085,-6.415799819029894,13076267981,2.955704593990829
267067004,53.28763318785365,-6.13258987879543,7508400999,9.003784458046677
267069001/07,53.28472152638485,-6.139646470726378,6541937449,13.230750090694432
268058001,53.369882743092624,-6.251047699828744,248738136,5.382748780164273
267142013,53.30326163751873,-6.360886717177336,8545061333,37.47839914582995
267028073,53.39046658533772,-6.423880177889102,12528173,9.692228774949571
267105015,53.441307655463255,-6.129265326770525,1707062448,12.329856498954147
267078021,53.27565199861376,-6.202853590048538,1420096623,6.975184240982753
267066019/02,53.40341828032025,-6.303314470758073,3136124157,25.625139735608812
267004011/02,53.401115476403064,-6.140745093934712,968717689,24.53377142303902
268041005,53.37717221528331,-6.183219095558881,135685955,35.33535722004135
268137005,53.318472138010314,-6.270291872152164,8638741677,38.543182531896974
267095013,53.38337158987328,-6.070538877717551,12994328441,23.53767611394848
267143009,53.27053713558523,-6.377055288299845,4873162804,4.524819177895132
267032007,53.40303603817816,-6.391187535664299,6260026125,2.3874568822381987
267133002,53.46355726676486,-6.232225391696906,2986089890,2.9520131941085435
268133012,53.326400097539484,-6.262384894437525,12175126093,53.91944504269408
267111011,53.42517102545966,-6.127836322591567,12736738807,31.141881392290944
268042026,53.36267399658977,-6.1825275145237715,1426961518,25.483183679251486
268109011,53.34978131150813,-6.243915408028819,5064276566,14.807627360822032
267070006,53.28431689826132,-6.152937716742274,319029774,4.936539628185697
267050032,53.32789894926251,-6.382149622748079,4852743962,9.02346670287732
268159001,53.389208845789895,-6.244176448130165,2711531829,15.78070864093763
267089003,53.28081873158611,-6.176448511288856,1513090684,14.109398693557806
267046003,53.295909490569436,-6.252304729400445,11035870219,16.476741302308575
267093004,53.58548262693854,-6.2874597825864305,11408521229,32.793526335999395
268096010,53.34561718781454,-6.247760952145803,3899974973,22.414160908565343
267008003,53.27676669717759,-6.25789883807899,7788435795,29.374446717100014
267002043/01,53.599455576584475,-6.180591012915116,5457250976,18.73542360842845
268044005,53.3653493482894,-6.20839735805568,26413497,37.12988429642747
268112018,53.32863344854259,-6.209685269038662,428957680,15.268293364447441
267119005,53.27981635396912,-6.45165888256248,9709124771,13.945446012742023
268034011,53.36745380162814,-6.293229031230458,2399748655,30.19269522490832
268039003,53.342232188417,-6.367050453940722,4835708129,41.76035296486042
267140002,53.282622729962625,-6.43064345119918,441829192,32.696467940815545
268143017,53.338864835788414,-6.241218952590087,14041741046,19.20566130176653
267030007,53.400697030417966,-6.377438068888827,12809240012,5.876900830165054
267075008,53.297799065294285,-6.1440969546908635,162936142,59.02021767535787
268094011,53.313974766993326,-6.299979125212731,4208691046,17.1870204781013
267076012,53.28432889227784,-6.121896666059855,480003020,9.14161799447791
267111012,53.42761466312022,-6.132574932766664,5610592802,84.76957666595803
267105018,53.437001771614874,-6.1542422218168396,8009644827,18.218867801578842
267042006,53.29477541990231,-6.258928674828108,12703981621,18.947354755024847
267155001,53.31502005896669,-6.320267768352788,4858282684,23.71094715911975
268135001,53.3145651905219,-6.265263689101298,255425858,36.818550960315974
268128012/01,53.32536930909352,-6.246794197988503,1686209048,8.77842853014988
267050004,53.32569928739865,-6.390763785687973,438377451,33.99810412826858
267085025/02,53.27881198381661,-6.3079701281204645,11084919117,12.148161422350567
267138013/01,53.29119050865722,-6.390824752956253,6255769367,67.36365016502442
268143010,53.34414547570981,-6.243611634277474,2369298283,38.35357248000058
267040051,53.37545025269749,-6.368576114145547,957533510,2.9442381402036735
267141005,53.277019739917776,-6.390901153069305,8999838732,7.124486291829251
267002047,53.60157657202357,-6.176740299288656,5327503354,8.934047507560463
268115002,53.34062554933973,-6.23508847572757,13715952761,31.728273837263693
267068009,53.28509625900165,-6.129834624825009,480002861,49.56840238177783
268152007,53.333102288824286,-6.294380333481553,2372266739,28.364358969135587
268106014,53.34735689422516,-6.262090407926165,8195183364,49.079224223624365
267097019,53.2504789488476,-6.130779694420464,13462855221,4.47625337335607
268155004,53.321487342054155,-6.329317001542485,4913827387,29.628530075668156
267100063,53.353019510439424,-6.425536421308706,8783896910,27.35153745370828
267131011,53.46506193440335,-6.241040695010949,4992565357,4.8792625790140285
268118004,53.34778187233117,-6.2987750214593605,8702616815,33.76071927064223
267065021,53.49127375494113,-6.15604050650558,12712872943,13.502780936586442
267071002,53.28498798934485,-6.1506055104496316,2351885445,10.762953310819142
268016005,53.40091188780847,-6.274214791024157,6383353888,8.74840648588871
268073006,53.395359175100246,-6.158748695752954,4893017637,51.32566760568811
267096010,53.26919255066433,-6.121778528565625,7631916660,22.373480582028996
268066004,53.38727749102608,-6.314158529913175,528721715,13.107606995122723
267105019,53.448063904137555,-6.14953565814106,245485360,31.231291578621867
267108016,53.35072323227503,-6.366507191965426,2967515553,7.041093837210965
268108002,53.354751379274596,-6.231486200346573,330940503,22.678460948497346
268009011,53.35687071608675,-6.248310416833113,2413705156,37.68185890732534
267050027,53.32384229319712,-6.37503402823796,2981056088,13.014039589370554
268076003,53.385866261864614,-6.191895031652716,6203232746,10.96250998553654
267083014,53.27699143161096,-6.295830365711352,260649319,13.290798705812733
268155005,53.32110544505735,-6.326907979826179,513856698,11.553835054378867
267112004,53.27876798394137,-6.482287518662044,5931734719,8.941329054723314
268158002,53.39113077837211,-6.255756382008331,3882445018,4.310390777386603
268054017,53.32562167611224,-6.304150405702306,26414319,25.112823039045914
268071008,53.39765885015456,-6.164085012776571,49394725,24.62141796505294
268160004,53.37698971877243,-6.242925471834169,500341987,56.13176024746237
268096002,53.34730318310211,-6.256118632991622,13352828810,13.288265823120799
268048016,53.366239685682785,-6.220805781092888,11828233313,38.67873624524225
267028059,53.39394000084652,-6.423958719996994,12945010549,2.0477382272260622
268137001,53.31981639834935,-6.275695483063525,684995613,36.62016792742343
268013005,53.3872882337465,-6.281201617847392,2375578348,15.283939123210605
268105016/01,53.35892828093172,-6.26109917250676,9937373160,8.030963437310268
267028045,53.40250670041827,-6.427338253234734,12786528161,14.06864685558798
267028066,53.39805116430424,-6.4285096027241595,6351776812,6.474018953842859
267040064,53.36880006120734,-6.367160515162393,1940135224,21.987292832851562
267120007,53.21104709241416,-6.122773597450582,322710255,5.6764934425857785
267084014,53.27219049426059,-6.333035537286027,9437762984,4.421069968938177
268099021,53.34289298055782,-6.2743179546544425,1426048992,22.55820340519779
267084026,53.2747063787388,-6.342342596059507,414188077,44.668715118797664
267139006,53.28877392120175,-6.343342741391701,4900701037,8.505083723945164
268011003,53.38897502053414,-6.274648634949525,1529874160,29.995754789696
267081003,53.291165888301975,-6.253304313198485,247414895,29.70137998842356
267113004,53.29171024188581,-6.3059126233150575,7818295093,18.6343172892996
267103001/02,53.34280151149336,-6.455627393528745,9889759729,13.812438730607045
267035005,53.2664449875037,-6.3744878825957825,2582335622,17.59047484740357
267010006,53.28303523093884,-6.266606671925661,8294437053,4.440048128990894
268072013/09,53.40640956572568,-6.15355277480905,7765126381,26.536833705022904
268152004,53.33684106496779,-6.300734264681894,2373223649,19.92947504998183
268044008,53.361062024013826,-6.211929098916909,2711643796,25.120948444704993
268117011,53.32997684552114,-6.2390910176694225,13248834227,67.41225149261938
268133013,53.324140497951824,-6.261047698353386,12549155085,17.22259303636889
267054002,53.5223537087429,-6.3183765402033485,8109296061,122.5147309351408
268013003,53.38870224349188,-6.289505171868997,6258257403,29.48955271557052
268082001,53.34613763051846,-6.272637859889895,2377733459,18.529480955913133
268089001,53.393020422899674,-6.224133016037052,2423092453,38.57857927598643
267002044,53.61870230115421,-6.191908745363853,1426132057,11.375273182351435
267143005,53.27328046777378,-6.37420533141787,9627352314,18.806813847289966
268045002,53.37373264354268,-6.1995480085336725,241770654,26.59148392759778
267023002,53.28836395310422,-6.169211033034564,269059292,15.296584509973298
268041002,53.378930334444135,-6.186284789070006,243096498,49.762801885557494
268137010,53.32134153193061,-6.270507093919196,4836663120,17.816259433116336
267013004,53.28189626145113,-6.3087218982207105,7820667131,23.399306691477214
268018006,53.39721538271076,-6.274433709502315,2433060398,12.84729485029897
267028098,53.40304166724274,-6.417590555906961,25961839,18.123004266797206
268044002,53.367741305730355,-6.206397874779232,2385483618,32.30353871888512
267025006,53.299245057789044,-6.173013492108992,1424141455,3.404660365684515
267034001/01,53.412285311516015,-6.413443370093027,3229494069,36.48052178569569
267028086,53.38489395646993,-6.424643299309948,25962227,27.094162581650643
267035011/02,53.268747915589216,-6.333871985910262,9442624851,26.54568171951342
267074002/02,53.279672145843996,-6.144270703184284,11797187099,2.995116953857678
267075005,53.29403604181076,-6.144860923740636,11508459986,14.558627094009575
268004002/268004008,53.352703924165674,-6.293498038152555,12755898536,29.225398677462653
268104009,53.3552996244006,-6.250960553310146,3698432144,26.669826658945862
268049002,53.362163859361395,-6.24025319446198,1681796635,17.990526593327008
267143001/01,53.26986277516525,-6.37704212595671,9604474505,2.1500066031096896
267084023,53.27712254906582,-6.343942416158017,10731311598,29.763414014482798
267144014,53.29916840690807,-6.362480493524277,2983099327,34.15119826960179
267140004,53.279444399209176,-6.422035747937632,1425052310,19.32362993289467
268108013,53.35764560124298,-6.23462229309715,31926998,38.213901582954286
267040025/02,53.373831568024215,-6.377532077163471,659663303,25.38217517765782
268062002,53.390128626978075,-6.187001311544984,4838696565,43.395348563717505
268102008,53.330921828018575,-6.276026485526317,4364453350,5.045357276619775
267071006,53.28613113048074,-6.146741774233914,26796331,11.94564299515962
267009006,53.2815394382941,-6.250975788871716,9543652664,10.286443087238112
268110005,53.34064937456509,-6.2258094565898165,4951611935,34.15915947833732
268128015,53.3248212749895,-6.252257942119389,512531381,3.1403005845401197
267157004,53.309735827094265,-6.337097341834017,1424006666,13.567072587568573
267028118,53.39420302215523,-6.4402540892819875,3239596118,14.622648849184412
267081007,53.290703929670016,-6.255885672071172,2393174721,23.495699580244484
267038011,53.257328671352944,-6.147514972341726,13278453729,31.204368149365695
268080010,53.360663343956496,-6.26729357587458,1426441883,1.609389480774854
267031004,53.381136958782236,-6.381204999739711,13071124687,13.829922641099522
267129002,53.293822338291456,-6.198188406491445,4238796190,30.42313951285277
267017007,53.288609477700646,-6.156461190184721,26796159,14.011930001065798
267018005/267017004,53.295921486054795,-6.1644155640958,385020928,24.399288810477447
267035008,53.273076072925996,-6.355132624062423,11480617770,14.7083060465583
268143030,53.34236531993999,-6.235782190341011,13912163845,23.739260064038433
268004006,53.3519913277858,-6.295652004329328,6201965274,14.09898319373236
268132001,53.32409285414137,-6.2741376007442,8910603644,10.803369851711537
267028072,53.39136221096061,-6.426161044037506,16711515,41.395276383072755
268158006,53.38892019075921,-6.259538800983106,3882445218,9.711671881482541
268161007,53.34255538971785,-6.271320659303506,13480083323,7.9743752610850684
267028004/02/10,53.388164634112215,-6.439713161669253,2366117089,38.31367525313233
267133014,53.47027289093891,-6.232510141627579,254488981,8.22648801054613
268023010,53.383257967347696,-6.209058317839468,248569397,19.293326834143187
268123003,53.402618344631925,-6.211847475017539,6166924488,25.717140321902626
268104014,53.35217772924346,-6.252097913636961,131037523,31.16542217145687
267104014,53.52489689061598,-6.180326422136044,366640906,38.53834482521084
268153001,53.3388405808589,-6.304862993176116,2121586374,6.889446485065758
268116013,53.333559831116645,-6.229098431868741,8942163931,11.747962573708458
267088011,53.26748760501579,-6.168215931871352,10816144847,6.906154228693478
267080002,53.27459574124989,-6.237351652623397,262811879,19.8279610781024
268161012,53.337705040366515,-6.2702429536927164,4935951478,4.0699090015878605
268138013,53.35329851033162,-6.260780859404426,5301569906,13.254469270945108
267009001,53.279106138530175,-6.246580176558292,9543652632,5.5465046828687905
268047002,53.374847792188355,-6.21356845592562,339328220,23.627591048430116
268115013,53.33865721581398,-6.23493836976868,13234436516,28.745258531642566
268016010,53.403416917763046,-6.270703415525018,4692566718,88.82172778608634
267004009,53.398467011802175,-6.148036099544102,4870497061,10.792420735179356
268057004,53.33948435203402,-6.339399616120213,2951477055,31.304611224207257
268011013,53.384817048331605,-6.2686340753789755,6370132205,20.23006803042656
268140002,53.34142547095191,-6.268477487830328,772972756,28.042230031405907
268123009,53.39945211555314,-6.208433631612946,305245762,24.01057181223723
268144013,53.31786778093517,-6.2845358653589924,3521921414,24.05052780559293
268108022,53.35219030337759,-6.23395072672898,380867695,40.4840953628133
267024008,53.283943002112615,-6.164067984269991,9626764315,7.130215144635288
267140010,53.276575148553356,-6.408758470397802,11241961820,21.4696990532096
267131023,53.461583490371865,-6.249420142710907,26472852,20.774945721738177
268076006,53.38860229388554,-6.195778160617445,3065276921,26.125728244407608
267002038,53.59615159478581,-6.179175150980432,391037018,25.356656212707726
268042021,53.36766092748124,-6.187266840603392,4567664812,4.942500139408603
268004016/268004017,53.35444385580626,-6.293720583327601,2940557019,32.44213330059117
268045001,53.372374342890716,-6.203734992543532,1432780768,19.64856795992836
268148004/05,53.345789893637004,-6.305884854204408,5733881071,13.456550103888947
268078005,53.33553202193498,-6.328325669630968,7392111082,5.734719310129137
268151001,53.3369282342095,-6.297237913983778,359742754,24.90640068116999
268071023/03,53.404271155773536,-6.176068554713332,13373115527,6.565701836292898
267147020,53.2890690414123,-6.380521825604387,6231449947,14.794366853431994
268107004,53.35881536881332,-6.239822286396311,7491020610,22.97285964198387
268084005,53.341754166426625,-6.310806355798039,335717361,36.38035656162059
268046002,53.3790899646028,-6.210726471566282,3498127480,13.250598773639382
267003011,53.612253781479176,-6.188701144638399,6333151362,8.248059220060217
267095027,53.37471738325368,-6.052474560343033,4231041493,58.16894180955739
267069004,53.28600019389977,-6.13746357585672,13398083487,3.8941663180053885
267100041,53.34029152561979,-6.421539399802114,9006660044,37.8213867264461
268152002,53.33538726667619,-6.301128141333765,8614841031,12.113774125109044
267127003/01,53.27965261495171,-6.204078571776731,13384329345,38.50350669098745
268074003,53.38595727031666,-6.170106977635431,4431091457,16.379571827630997
268015003,53.40028674441649,-6.279395794465428,2407395082,13.031498649114685
268045004,53.372322550973934,-6.199053837586818,241020788,9.23707520637344
267099020,53.44276520309851,-6.195637958190759,2121688035,5.453715867152085
268158009,53.38623037189577,-6.250074908563083,298543068,36.70420342295983
268001004,53.355643883014565,-6.273479031510917,13904119086,4.994320662827129
268035004,53.36141420896975,-6.295460043001714,7490942226,13.935057165088688
267020004,53.29219757225887,-6.185616547927428,180119269,16.599057850333153
268092013,53.32887334571808,-6.277322423864348,6238251591,39.23582707060015
267100072,53.350985404794905,-6.423752246996684,8758558479,10.447037680493528
268128003,53.32762424303964,-6.257339477902591,564502629,15.265469293465449
267140017,53.27596032741642,-6.405950264761514,441407226,5.554845864935894
267041010,53.37384078327411,-6.359521380604392,249335531,32.02714353598868
268012008,53.387976163546675,-6.293593023734655,1276534271,44.871585588094966
268142004,53.3339412934552,-6.2677490911171025,4849702353,46.647785237677546
267088005,53.260518535146325,-6.174135878893331,12871350038,49.847515022500346
267144011,53.3009860794843,-6.366062131288499,10867061468,4.518254227613921
268054007,53.326137294192144,-6.298391979770703,1272386875,43.86585073827353
268062006,53.387783993086906,-6.185327794668855,11975298361,18.79609098436522
267049015,53.32471446657082,-6.401439718284744,8990538796,23.53228355797003
268004001,53.35128291097716,-6.289245496276455,810882072,11.241618914454428
267028103,53.397061565251306,-6.441587009915817,160377565,15.506467037578277
268143025,53.34553533391906,-6.237618754599041,2365987661,40.82143416410139
267042005,53.294274674881706,-6.261707588766879,212614621,41.30275754843738
268150002,53.33672706420091,-6.289948679855774,2372266934,24.32671828711971
267098002,53.48374268849889,-6.316484101965491,11366913773,28.445612762535895
267002011,53.614091526127865,-6.203880310947853,433637881,19.060975420675508
267028066/01,53.40007923918569,-6.427505193803307,12730768543,13.570373684641892
267122005,53.23048871322217,-6.122350023482494,228784343,25.2535341613327
268030013,53.374145840096865,-6.292328445521991,2400969760,5.912931753600963
267067009,53.28921632052352,-6.13772109077795,11069866741,40.820791171409226
267140001,53.28338424115795,-6.431268606668148,8504519755,8.455015441246136
267099003,53.44544558900187,-6.211560682896913,5552749358,4.511507990025507
268058011/01,53.36436872614525,-6.242780997862506,1677578027,11.736890759456543
268091006,53.32164110368028,-6.300926314159614,2771150041,19.232600402986943
267100006/02,53.339984035201866,-6.451832701859233,11725948725,15.15476825739064
268014002,53.37938438403422,-6.282785234257716,2375574703,12.932808509432226
268133004,53.329712691067876,-6.2616288360519015,564323298,4.833721235368594
268119006,53.40158290146724,-6.187937168012708,4674248437,11.724740615252504
267109019,53.35997164632797,-6.379054743693902,296134636,11.783683072567854
267142001,53.29868817594833,-6.356241345879702,440119065,3.3214939128103476
268030026,53.36587592500229,-6.273329192154973,2400990787,0.5590909101308325
267138019,53.28879613690637,-6.411901563658914,441400385,32.397669100656145
268153011,53.340857487035855,-6.2975113085657295,2374013879,38.16888977696156
268016006,53.39937463922351,-6.274322249874781,9560032697,14.454905420466455
268128005,53.32739552537583,-6.255217365291974,13463696720,16.405531450486908
268006038/01,53.37650102539107,-6.319621344848934,5154510310,11.766866881122162
268064004,53.393096214880316,-6.308771416303752,2686899248,25.66709268592924
268052009,53.33418749972262,-6.310152679829865,2993997783,14.709817672528398
267104002,53.517183793626145,-6.191540362395439,12022933877,5.576075354039461
268002011,53.35518073611116,-6.275532963235063,4865516340,74.21245190291013
267089001,53.27942756670203,-6.1803139845234005,7695995289,34.608003655481696
267104021,53.527754806006314,-6.174356297359488,10689199197,3.000187993788942
268114015,53.324449659806874,-6.218641317093058,8884045743,42.37821196528666
267055004,53.30787822717121,-6.24176625440128,257926808,27.319127524712798
267023006,53.28775405305369,-6.173345052434946,1419896666,8.848173123798942
267076014,53.282791833422245,-6.118891367814221,701966751,17.78056344069953
268085016,53.33883561820569,-6.309743579682195,2352388112,1.714217941943141
267002002/01,53.60830909748632,-6.205652947006844,4951053081,50.11511376605231
267004025,53.3964429582095,-6.130566468685637,5686407726,35.92040768373718
267084006,53.27114997270428,-6.334602071204338,10812201419,17.75406264926293
268102011,53.333525638523945,-6.275574549924561,10609112832,10.755828435073738
268070022/01,53.372134337816874,-6.229525749115274,3424995950,10.800708692372663
267083019,53.27631176374405,-6.286390681095943,7797266293,28.829539375139984
267103016/02,53.348402210874575,-6.461491102263698,9007340261,16.941089219695197
267001008,53.40265803396141,-6.257668313695607,5050861303,3.6238350788562923
268093001,53.316772210278934,-6.300752770980872,4211441274,27.987855650792042
268021003,53.388857167426835,-6.233448402075443,8592313402,3.536354378186771
267132001/03,53.446161948852144,-6.2630849162580216,11676179,16.737316542358375
268046012,53.38044816234807,-6.201819057116091,9959525271,57.15650549853708
267026002,53.30462521324713,-6.192847932684158,13175874036,41.620822379625615
268016015/268016018,53.40072524333411,-6.266419087987142,6221819257,16.07231738257546
267001011,53.40090102522876,-6.260463057344199,3883139335,8.30485747965969
267158009,53.39472068434825,-6.324876255906647,2687083932,5.414718857734714
267140007,53.27563915016155,-6.411800873923625,4485682373,2.2829029462297985
268152003,53.335969675529455,-6.3011741486203805,342090112,35.26415742663222
267100075,53.353621241953505,-6.419834499252597,11531693096,26.670165861525714
268031011,53.363226208134385,-6.2870831639408475,4889016036,17.6642774654088
267158013,53.422755550925395,-6.386372562657006,2570916746,16.06382029691675
268025004,53.377170464965204,-6.220525321252412,82676984,39.990383408081875
267112008/03,53.276191785811754,-6.471436427453443,4882270403,24.35244766234971
268017004,53.39218587308437,-6.254847621554611,11473291499,4.786197645410366
267149006,53.2945780637269,-6.315100245605794,288824595,7.926789896302225
268052002,53.331860499342376,-6.307691992660348,2584445165,66.11735034990083
267050007,53.325320167626465,-6.393822934853061,9008783344,19.878913043253505
267063001,53.28312912507389,-6.109711234384602,11845265821,17.32516636234385
267100018,53.34327719842579,-6.438312447174878,295896413,71.61083803579061
268093007,53.31941581695796,-6.298260084057034,26414176,16.79642404511376
267109001,53.34985044100193,-6.403693170524298,8719923276,13.757093231327651
268072007,53.401176419871106,-6.150030441340578,968114357,7.9518358517308005
267006002,53.27029526105292,-6.393266378679092,651676802,55.634211733856844
268153005,53.33995643598304,-6.3052257390429745,3168826061,45.29299995990043
267049002,53.324003269447275,-6.427995696610285,8857464037,21.40168943081508
267028022,53.39227728523633,-6.412121279480198,1278860325,22.085072865618532
268042002,53.3600283148014,-6.193640877545271,1426961067,4.874647465397053
268139007/268139008,53.35079933861456,-6.268363577619808,2376978169,4.962172591850732
267027009,53.39247464661682,-6.370143884707873,799567560,1.519820642236555
267081006/02,53.292977660510246,-6.251468008252294,13519644414,5.927928495431854
267106015/267106012,53.44663341932075,-6.1777778888312325,9116735980,20.81165982425768
267057001,53.30564901870873,-6.2522270919211245,13450636245,39.41837431776035
267129007,53.29207344177534,-6.193819619749931,5284855909,18.924301586624708
268013007,53.38418936486223,-6.279249851881809,305410269,25.211048549548128
267140029,53.281627907446726,-6.400544151412642,4511405424,8.276825481240655
267160003,53.4010930148192,-6.237048344397169,248037617,28.97896031271151
267130019,53.38941958188419,-6.11410371624728,11665410585,15.981714500551277
268074002,53.38307005233629,-6.174765018356586,301800390,29.09248585528616
268099013,53.3404364081449,-6.272606436280534,4877131807,14.278719318295586
268106018,53.352312989138284,-6.2558795618426934,6937110738,12.645384464730364
268050010,53.3707643933367,-6.235556384169944,2375590882,16.90988202708736
267137001,53.303925323829766,-6.393293609831952,13104121793,202.49870428759166
267092046,53.26501290950968,-6.212484666593084,13373656454,16.123851379912175
267002001,53.56721674550586,-6.185287355947303,253490372,24.634226643020853
268153009,53.339924308256556,-6.295461662229652,311857283,18.374748080944457
267157003,53.310729641865954,-6.340047220324006,4829380166,24.10470792379105
268129018,53.31549493647608,-6.244363390609117,5659515215,28.9153749894643
268129004,53.314379234220866,-6.250921621064694,2479366775,11.677382753430075
268140007,53.34298562626774,-6.2660823967968895,279939236,12.82219462419085
268028014,53.36844206815916,-6.2623529857390245,6367811503,42.59956206755617
268032013,53.35845254558204,-6.284632172000806,11909730405,47.80291819528829
268128016,53.3260547799957,-6.250061560761467,8740712529,22.464261360212202
267003016,53.603211996382036,-6.18302538766715,5327482160,63.09095708358401
267133015,53.47117804696634,-6.233631752966294,2365595015,2.7655026204761572
268142003,53.331129688379654,-6.26324716287731,10692812932,27.29389659084812
267101016,53.35541743424528,-6.446380823436406,2572909555,44.93692716937759
267092056/01,53.23722082448177,-6.188199924053321,1386072253,82.04339110356135
268161009,53.33692728866179,-6.269441990404882,2421668804,36.71622064056242
267014002,53.52963678376272,-6.2951019720438115,254345542,287.9974630462256
268060003,53.373618267178564,-6.255231399703235,6370191944,19.59220739633702
268085013,53.338823269415,-6.320115951741177,835388092,36.31318343947589
267013007,53.281903254443726,-6.301856260640374,10975174061,7.208039615962069
268006011,53.374407737158116,-6.3172118379776165,16054090,27.740310377262073
268115001,53.33982716899733,-6.233313912278933,12990388058,17.208919903355753
267065026,53.49182200137627,-6.148557593801082,12396659276,7.721322834626262
268058017,53.36917711544298,-6.241430513985599,247649078,23.68526388655146
267051014/01,53.345050699363526,-6.381799808943971,320036516,12.074944190404466
268162012,53.33031351668157,-6.269934595951465,130158424,5.234243142746625
267023004,53.28452619426087,-6.169088400438919,658178894,40.446557063954536
267088003,53.26014075867321,-6.168981546307854,3089743663,32.22019233395436
267099017,53.44570117645963,-6.19868173925132,360855238,10.169891331365925
267110006,53.43827841477065,-6.136343813555524,13373149182,19.853825472590167
268024004,53.38163276822923,-6.2139039177315265,13718752832,0.8114445363866792
267044005,53.28845677940735,-6.261902290472392,9309780682,52.54139951040482
267149005,53.29662453986068,-6.3142023932779505,8612706598,18.792214256226583
267083003/267083010,53.274156244632884,-6.296234046686178,260649553,158.63205609680756
267081005,53.29043315697035,-6.246021886521251,1591480736,3.1359168727280267
268120006,53.395829412222824,-6.200343820132918,2401021591,37.406732690876396
267050033,53.326575521182235,-6.381780645799709,2995125806,6.473971021733885
268017006,53.39365657273548,-6.255207418421584,2761848690,14.88136551920835
267003015,53.60676672354113,-6.169401070371765,560618942,37.54387966543951
267077002,53.292274462747265,-6.141849369631681,716934685,8.233600675359554
268064011,53.38861039594269,-6.30596588968396,528733717,32.31228695700539
268132010,53.32604755142629,-6.265812375102299,564399631,23.882169309678012
268014001,53.37937822541043,-6.285005625505294,2375574706,27.588002865696794
267117004,53.29888847592277,-6.281310545756806,253133316,2.964889265834308
267099022,53.44707071871351,-6.196057054237677,6049337864,15.408510980555919
267095003,53.37752372232094,-6.096214128411032,2380397823,15.083621290344992
268071013,53.39538651983484,-6.17250664815374,11975255529,32.06880806115491
268012006,53.38569345230133,-6.290750644019107,4795869293,26.09476924909724
267053016,53.317434301220125,-6.414059320284589,11808206767,46.429416304779416
267010001,53.27334355157459,-6.269877493308341,360312484,52.12109509508657
268039004,53.34131921777441,-6.3710031759820165,4835708126,17.81025274472541
268099010,53.34052983958475,-6.274855703237607,13571373144,42.726265123845344
267104013,53.52318702501222,-6.171522978338427,366637743,3.772201515098622
268030009,53.36458964355758,-6.273849116753604,465236093,20.981703592466445
268037013,53.348237570280915,-6.345290138147274,4640857755,18.33418877307722
267158008,53.41947790886588,-6.389985169498943,1260123332,7.55748567244046
268081015,53.35582286153142,-6.265839740232479,6223634333,26.227534642553792
267075007,53.29466936942517,-6.151719650301505,11201367173,2.7432310234550936
268142022,53.33169520005063,-6.260208283233522,5658925523,23.729728754488285
268022010,53.38996462387203,-6.217080305981289,9929986848,14.234256921940629
267078022,53.277953372675164,-6.210646115229786,655116396,24.738117363347936
268108025,53.35288369749999,-6.235807435800621,3172021342,15.854849264102302
268094007,53.31845092906147,-6.307912495209763,2771162779,46.381687464034854
267084031,53.28034674107625,-6.333130123397425,8220007433,25.355881681274465
267096008,53.25584428492852,-6.115610212167078,13352114615,36.262881780828046
268107006,53.357351782689165,-6.2410586332118205,736979918,33.08336123474018
268067012,53.38116337253281,-6.290935675557251,4021172513,24.11331200208154
267136005,53.284613229104764,-6.345530573947276,4069393939,40.891302633318425
267142003,53.30539675068481,-6.3644613270458015,440103590,18.24735806744662
268117021,53.330612023842626,-6.248667395910377,5872355991,35.34008053166616
268030017,53.36137606992439,-6.278055345485395,6149779784,3.4527913552200746
267116012,53.29332895199923,-6.285157494796251,8270061759,37.85875987553888
268017001,53.39270349831259,-6.260459741149066,14070562175,10.556318427064655
268062003,53.389983676514795,-6.181602995999231,2423069923,45.027151669680244
267156006,53.30910567929434,-6.322278700305802,8657266231,24.0983016272627
267076015,53.280447981674946,-6.117512165934879,7711419272,31.006528515095766
267078005,53.27855428441964,-6.22904567423569,60940366,49.632675026353695
268064003,53.39449946459714,-6.309693354614077,1615384969,14.752619028369931
267141006,53.27690354173083,-6.3888784840718955,8999838819,16.598549052962014
267092030,53.25244612728768,-6.205893540333006,603800272,6.083452082592315
268140016,53.345140866852155,-6.268819758659304,13910099908,8.520142009549666
268011008,53.38814594448953,-6.277153116619936,6316352272,36.975217540194
267078008,53.27353886424334,-6.222106090769865,51910515,24.689188877298125
267028062,53.397292211956255,-6.42289823854021,12948989973,3.0867190027141436
267007007,53.27249216052681,-6.255277517634598,12327697619,6.859810950772851
267158001,53.432497416242015,-6.380153135701682,6289423678,74.26554113739576
268065006,53.39080784821306,-6.295976561027058,4209736605,50.495285376336305
268051001,53.330363976260486,-6.328623910875287,2993997744,23.08888698114967
267040009,53.37702090001641,-6.3739345296806125,12987764383,9.781587888330689
268026005,53.382717216410015,-6.234284205348758,241491782,9.069678763528756
268010003,53.36259372561932,-6.254825609564755,1493196517,34.04634064912186
268002015,53.35092625771932,-6.277775224725254,11748392839,39.516480710540016
268102004,53.33499705672646,-6.274745080313027,8202707243,33.74392041962159
267021012,53.29829806553943,-6.194866428180434,5284248010,2.6546614440906287
267139005,53.28802074512211,-6.34529911586705,8511336632,33.63282163234404
267131022,53.45979584238498,-6.250159538701324,254486620,1.0816921878753105
268127010/01,53.30811804737251,-6.269512735791996,6401461084,6.288364428202098
267065021/03,53.49200705408714,-6.159809485041833,5308509206,15.684384646066988
268122005,53.40231428921003,-6.196837893059511,305250213,33.053916350500856
267017001,53.292331922255876,-6.169540229542817,10602308060,18.788911225118362
268023003,53.38704179538916,-6.209371017128289,5549521963,13.22281073036169
268063001,53.40038551383234,-6.310743629712401,18896278,48.89537184940244
267148005,53.301791749926885,-6.350680685128021,715301697,10.159651655566027
268005004,53.35117995826884,-6.284389385625537,1396427510,48.1891067062946
268027002,53.37650009524147,-6.284598858442579,4805217203,18.517269210865717
267104003,53.551271427170256,-6.229712489368163,5732730648,88.80271069883969
267146010,53.28074762845838,-6.361215961051095,8478662196,3.1152133200413803
268007006,53.36372597441498,-6.306733187167318,13048131284,37.092679832750086
267078016,53.27473569911444,-6.225358170313976,51910425,30.777296962764904
268008017/01,53.39809000251459,-6.182609790902792,4892971192,8.458806339133334
268030019,53.361982815056514,-6.2746416558998135,3780370402,56.42051157260609
267025002,53.293583189001296,-6.175627337627521,194573797,17.747010493486815
267077001/03,53.29495091002207,-6.141574993824571,597119711,2.002632790905455
267040008,53.37731779485382,-6.372130104800481,12987955777,13.68817702846981
268106005,53.34926638231403,-6.267394661991214,12400348106,12.652398524093602
268029008,53.36428059137067,-6.269012373634662,428959746,20.42999063654084
268020005,53.39488406096395,-6.2797866048550235,59931905,8.455968429268562
268148004/02,53.346782345021296,-6.307226305548074,4303468057,21.984472039840647
267148008,53.290465111369485,-6.340523198955519,4900700933,31.367835032123182
267022005,53.30791522638376,-6.206022445508922,162312882,28.796056807171848
268077007,53.381138684561996,-6.188597577684933,289164956,24.562264145157737
267057006,53.306075458405786,-6.249454801432603,260657465,0.9118584206739729
268093006,53.32070509557273,-6.296208391959688,269232119,24.853893212521097
267050009,53.31762287147939,-6.380223500408329,1412597099,25.343460056068235
267076004,53.286981460246594,-6.112745755055452,12400426950,15.889114784559961
268072013/08,53.407319982170264,-6.15385581370178,6077853870,10.102355745144315
268006040/01,53.37604382785453,-6.327012565290446,2583580779,36.56601660798278
267027008,53.39233465688023,-6.375038350671138,799567584,19.152425857550202
267009005,53.27936491472593,-6.253811690264716,9543930574,32.22396702901783
267002002/04,53.60959924545984,-6.211259589558696,10274555810,9.68035489347162
267030009,53.398278932388514,-6.376575632495448,12814737354,38.28022882524274
267111010/01,53.41914337114181,-6.149508796217206,7078451228,14.088460738349406
268071024/05,53.40578165404399,-6.164965342396031,6072020736,16.513592635540615
267115009,53.28523192180717,-6.279711220100724,254345354,15.265260837855264
267112002,53.27059373308035,-6.490427023645176,205498467,149.35830202092157
267140036,53.28482150509318,-6.404072291738184,11501159194,8.071523956640515
268143024/03,53.34523866541424,-6.230693042081665,8610950747,9.001503870596602
268053002,53.327908656270296,-6.295330430186417,11904504338,10.363307758808139
267130021,53.3894323713486,-6.121222590864972,9580741530,33.21454512142589
267107005/01,53.318497919511074,-6.4794054103880505,12014338948,35.416951438730855
267028077/02,53.39732412228092,-6.430535847583652,12728916513,4.416946616142671
267099028/01,53.43680234672465,-6.166222673134886,4398791120,20.771428253034344
267103016/03,53.34873831558359,-6.462521830343575,9006889440,7.8314231503082965
267142012,53.30245691416234,-6.3627340129767616,8545061520,17.818621196287477
267144007,53.301824733845606,-6.373497908150869,8565699345,15.03723976183287
267092020,53.26637423841787,-6.219197679127997,389503986,1.9305204796312816
267002045,53.60234072475739,-6.169073549316462,479843854,24.497250165683038
267143001,53.269245368825736,-6.372573279337695,9008525164,18.413547381083678
268140006,53.33853505434097,-6.267466367039657,5295502772,23.53771831433793
268034001,53.371374603477335,-6.297595542064679,3780734630,1.9882816707628805
267066010,53.406364996324335,-6.294408741539353,2407147053,10.360965185208931
267048006,53.34030918028903,-6.413608348502961,9006659894,5.7815566850798
268075011,53.38735590084515,-6.1785524160136625,3636871312,6.089832895117822
267051018,53.346046841605904,-6.397217731516215,436623291,19.325371088604015
267099005,53.444185007525874,-6.212919815326401,10733245247,13.313101900530594
267099030,53.4196468785177,-6.153665702401164,253507339,12.603891738196777
267109003,53.350083389806805,-6.400619628973143,8719923209,3.315034365361531
267002007,53.61513643848327,-6.203282122308248,2366243186,26.4138437800403
268130014,53.31044016023083,-6.2576899179985634,258075605,5.592185600213816
267100035,53.347183031493934,-6.420672791364178,8729470704,2.539027066290725
268126006,53.37575048189086,-6.137171298160569,4560142685,26.06667653220307
267069006,53.28546463030005,-6.133693088260684,3841542899,10.069768040972333
267072008,53.2761078605115,-6.127030221831516,11998111276,27.35203539802076
267113003,53.295814107820405,-6.301549565794626,288827093,33.2033338591409
267107002/267112005,53.29401312600772,-6.469683270785195,8098607553,20.8775455177592
267003009,53.60928062132524,-6.180928647558784,2383132283,57.82392439591709
267028029,53.391121253146025,-6.418455854457187,12919646994,1.5823005823418779
268157005,53.38013379579039,-6.248101723409762,5396242624,53.83273341689261
268026012,53.384159596448406,-6.23358053122894,122500892,33.609772745217505
267095002,53.378028098302316,-6.100330522382355,6725253389,47.79605466988758
267105004,53.44387632209981,-6.154462334660662,1487184163,2.3547099676635685
268015010,53.40611724503399,-6.29030691123532,2406494677,22.040482081052097
267100065,53.35786348764574,-6.422553484416159,8773398130,19.4324893788032
268112012,53.31820261685564,-6.206022934174041,10966364657,8.578990694755827
267104017/02,53.529353994029,-6.138340610197535,5205699131,72.8286221498587
267072004,53.27604304299939,-6.141878611662706,480110131,28.638611463867978
267048008,53.33852981429832,-6.4107553766421965,8686012516,16.113179999777348
268029001,53.362532132686596,-6.260246827000226,4938351385,24.423285797702743
267017008,53.29024125189904,-6.157289451729744,26796475,33.87590093144484
267031006,53.38272418396726,-6.386064800331099,13081679068,22.155272753534344
268138018,53.35631724898205,-6.2644579179392235,31054738,31.04894077957867
267002003,53.61164941193228,-6.198160172237669,2366242988,11.072760974468869
268100015,53.33765390584257,-6.277063877320159,4465990374,34.49472235862898
267111007,53.42008621650131,-6.141767450569102,5587090346,21.159983659928834
268042024,53.3629928577557,-6.1813173662777645,3260424009,11.815348346977299
268105006,53.357826337004745,-6.254067446896606,12871154139,34.77892730345794
268051011,53.33350871056478,-6.314692765819238,13727757412,23.26522095130788
267026006/267019011,53.30205492608943,-6.1986197393673015,203895781,48.85253566008944
267154003,53.29908385648507,-6.308005645854948,71640203,9.144799615082162
268084009,53.34687494161074,-6.3127464740950785,4794314971,44.58822133438472
267092006,53.2623404861157,-6.218579736069632,611658593,12.997274049663824
268074001,53.38292433736752,-6.17240016431943,301800392,19.7229947071476
268091011,53.32221568438991,-6.296140056722973,2993737790,4.629348301365919
268132009,53.3227699815567,-6.27391330391081,8910647499,32.72253983553409
267028011,53.399345819775945,-6.40377092512349,18164547,20.558342719093147
268100017,53.33830950585178,-6.273271896172208,5354204875,13.555862618123994
268102006,53.33272290177267,-6.279357304414677,4790997002,12.152333393929549
267028030,53.38995186423887,-6.4176937727662375,12921047494,3.428537988831698
267053015,53.31693230340766,-6.413599835026318,11735447931,39.74408249797187
267095008,53.38894672915443,-6.101997081956602,253240356,18.758315763316944
267033001,53.38193900467986,-6.3741489197462915,12990003444,10.451883969112306
268035010,53.36418070143182,-6.297094491087012,2719351898,16.228463084274637
267020009,53.28725128313826,-6.187542704823303,193321956,9.456933384535473
268099012,53.3393268443567,-6.272734083074581,2374841982,10.05017430938828
267028069,53.393125159841105,-6.4274347931339735,12942156243,8.37326214147392
267108015,53.34904295941599,-6.363112208499445,483714788,21.335866777564593
267125014,53.287966648794296,-6.213833646185352,1419916291,23.35540122895448
268035002,53.36535066570674,-6.2931939207609435,13931705106,14.60982477387966
267140046,53.283396810460395,-6.402924182765175,441400542,16.095932589489045
268040008,53.33649546791799,-6.364074200927465,2775944412,10.256358965483559
268114003,53.32099769350959,-6.227665057265606,8749240828,15.24336151470935
267143025,53.27286505028165,-6.370316824642647,4926571754,6.574434430177785
268058004,53.367077053631775,-6.2406838714893755,247649811,43.04052826728658
267079009,53.286745984276315,-6.231743163397201,5679390092,20.846628863516216
267112007,53.27926724051002,-6.474250522960054,9330391696,23.551728118952983
267083007,53.27748227381802,-6.29929646694142,7797633660,21.351396721968243
268042003,53.35945727596782,-6.190956474717738,5430005237,24.26909436449653
267040035,53.37389907373762,-6.394605569371293,12716205403,11.539387898297557
268048007,53.36548099808527,-6.226181131054126,9536848398,21.007742681885766
268034009,53.36773778374412,-6.295834307716594,3780264965,19.224712607578287
268001001,53.35922040120622,-6.276792907265064,4899889901,8.239150734680292
267028081,53.38530782391963,-6.417820981712719,12955227,19.629458001148738
267158009/03,53.39878058215035,-6.320671024710681,11919707811,27.29148116641661
267103001/01,53.34428456236784,-6.4545364916208285,8830383970,17.957062373496523
267092007,53.262660836240926,-6.221847964140931,611659326,18.66702366623112
268142016,53.33159983725892,-6.26607268334751,2370573233,28.837679587726164
268113008,53.316854950890495,-6.22567583780712,13277707912,44.17001057150211
267084036,53.283187027184546,-6.336999189113781,10724606259,27.52913426295479
267031008,53.38008068124283,-6.393748686777596,12977933921,10.387017897717424
267123019,53.57578195193679,-6.107432856278355,11408264895,26.533673987340194
267028044,53.405495506763,-6.43129677526039,345575391,28.42996538265733
267092044/04,53.257743158314405,-6.215498985050237,10895903393,10.38577108245918
268010008,53.361069569136156,-6.251832343570523,10315826117,69.41151933933705
268060009,53.372576514742896,-6.259699814513825,26496182,1.8429593088258525
267113008,53.291916034026904,-6.29967635290456,290262842,52.887809029508276
267055002,53.30716420301029,-6.244525137258815,257928192,28.835302145314706
268022005,53.38795300283056,-6.22188597391256,95205056,80.88504460466166
268002013,53.35908438946686,-6.278828261342347,791435861,40.76389225649467
268075009,53.39023209424875,-6.1729421152771,4935194582,24.75041749837815
267158018,53.42071873438186,-6.388828369554631,304699344,2.224408313503313
268072006,53.40114521668106,-6.15854017855367,6077478430,5.975954158977423
267085019,53.28091022776659,-6.319697749982106,11349723693,7.012975351248918
268067009,53.38051691698301,-6.289702701485207,4021172500,6.260985433787574
268031007,53.36775126616653,-6.286752097117912,264588161,9.508991665484272
268065010,53.39509904296727,-6.292749134926359,1529834612,25.643603257111767
267011004,53.28495198337955,-6.24901420615706,9538747345,4.768218684316263
268124006,53.38624481952861,-6.161970317720296,4431091466,43.936439769126544
268145011,53.31497564753651,-6.28444187826381,4194410808,10.550313472880939
267099028/02,53.427412383757314,-6.16999892780505,12073694477,9.50168895809004
268025002,53.3797380350848,-6.226979948308427,4358636064,32.010568565516905
267087001,53.27281730821126,-6.168513861159078,14051523422,17.709811681987233
268046005,53.374049885709816,-6.204729854776292,1432596837,27.910660154483494
268106009,53.349786780969524,-6.265373289775519,1204233396,12.910495837529234
267117003,53.29753983132706,-6.279492307295642,11029801780,5.762675389168787
267140019,53.27687832645949,-6.403746112271144,9501236081,20.14362891790402
267049003,53.32570304005188,-6.429521741121834,8856919880,13.24824111574603
267140045,53.28253677027031,-6.408942177192248,598499797,16.220161132268796
267101001,53.3465065008233,-6.447196559297575,4489576425,0.25504429077887775
267147013,53.285921859394946,-6.384126445569276,1423891397,8.193425850871991
267027012,53.39475284644735,-6.371115540137269,12817096150,6.163809789638819
268017015/268017016/268017017,53.3937509485057,-6.262174471259265,3939032473,23.432874043717064
267007020,53.26983866622051,-6.250919629143841,248081908,9.004009233549782
267059007,53.30263264512165,-6.243425851105502,258069197,10.211991547135291
268162006,53.3347432579653,-6.271017818898757,4849701489,10.76887395634336
268049006,53.3641754734293,-6.237441277954822,247176915,21.1593101911318
267142011,53.30467815946945,-6.359629091645913,8545061398,34.81192896106628
268059001,53.3626649271493,-6.247595624211723,1537139666,6.899291439302516
268003014,53.34800916915785,-6.278479920347398,5702870550,9.703555875244707
267092015/01,53.260281266028564,-6.22017559403516,11965383786,10.28238184972659
267023001,53.29002561105435,-6.171248554467367,9405408514,43.72911244199145
267066016,53.41460185503503,-6.29792985088351,12131162109,141.9676451266051
267122001,53.21108304636328,-6.114386503015222,2037016265,16.629792076559113
267028096,53.39962775305777,-6.434628296613043,12726192551,8.327008787829422
268136011,53.31179180950298,-6.279792728009654,247391977,39.406260627216255
267109014,53.35400611396796,-6.380908848398008,10552789376,15.059556602957885
268128001,53.32933183646542,-6.250254532455007,3404167517,21.202795873067323
268082003,53.34907903293147,-6.272767788719358,411503275,28.372243549296233
267040018,53.37657537497852,-6.388863874341808,12960037477,14.868609361790378
268123001,53.40169763805245,-6.214625624399882,291661128,46.474162653200636
267067002,53.29217222440656,-6.132912626978098,12900563867,3.9938459235881103
267028076,53.396609842071875,-6.4344739950189105,1279339989,5.105094118506408
267134007/267134025,53.45507498319007,-6.195241707547786,12613914486,34.58545530116919
267144003,53.29088483559066,-6.362623479075457,12157588192,2.1996599162370165
267131012,53.46674362768448,-6.240300793564596,3389231147,3.9389192425166613
268026003,53.380724434305925,-6.235359327715779,205163732,5.899522535133083
268054012/01,53.32700361115304,-6.30761120617355,12216468168,19.016082000847508
267140025,53.2777683753743,-6.41843899834535,4395572562,4.407877729835017
267125016,53.2857960768692,-6.216035494939903,5621214789,17.16935847510195
267094006/01,53.58343590119919,-6.140221639899745,10678904889,17.427809458131378
267138004,53.28972598633455,-6.4082637707144166,6670240780,26.516214892646904
267050031,53.3249818850944,-6.3800059295832146,438415398,31.94995873106153
267103001/11,53.34617203599397,-6.467291562445226,11725950637,29.488358940094543
267029001,53.38357399979446,-6.407544761036216,13644733344,22.284421689030495
267041015,53.3784519782186,-6.346114594095298,242349796,83.98279895348973
268138009/02,53.35731261530957,-6.259982442912091,6977183098,14.039869895212055
268070004,53.37914564420478,-6.237657608822224,2758274350,13.537523255196273
268092004,53.32141500195176,-6.289668729444225,2488198620,7.95272453311273
268017005,53.394960491188144,-6.252396467622292,3883139200,45.24377393469852
268037005,53.34387793968617,-6.339359030767489,848859161,13.135979917152605
268084010,53.34700668989949,-6.309771098069571,2365007557,0.35506793008932025
267040022,53.373144875112196,-6.3696489938874254,26453107,25.510385160538696
268048002,53.36689897004709,-6.225646325433797,3263291439,13.151951895599982
267140021,53.27653555484792,-6.4197312227468295,8498453329,29.324857198005137
268083008,53.341756730209596,-6.334644341260851,196294115,3.686420670810275
267008001,53.27753102817726,-6.264177153876774,2391054450,11.449221684598168
268162015,53.33297937822493,-6.270852508616827,5359524998,65.59638215131673
267118003,53.51914601735117,-6.10969173039623,9671722732,44.35094741364471
268071026/268071027/268071002/02/01,53.40278053374047,-6.172189364230271,9734125831,24.1401648608664
267009003,53.27715198854624,-6.25366965925003,9543652638,17.617378714927444
268151010,53.337138147314164,-6.293332578848423,2373707671,40.511734441901574
268054009,53.326088932628785,-6.300532431141024,1272386847,30.233121989194718
268129009,53.31349439679841,-6.249956633141387,2479367076,17.804598576168083
268120005,53.400234496619795,-6.200719775290092,6227162142,29.812065981961858
268061006,53.34437132621833,-6.362017002382052,4545925535,39.6638644817116
267028013,53.400236709454,-6.411739087052405,2703264056,10.526208919864956
268005011,53.3542599763794,-6.291397621940379,11930366093,45.57445895732459
268092009,53.32313946076356,-6.285482342198552,96869567,5.61949278662001
268104011/02,53.35569509613175,-6.249427826582185,3968639778,23.15421475998101
268154008,53.32515204455044,-6.336609503933369,10795751443,16.902991995616546
267086008,53.2837921680472,-6.315894962183155,4736433802,26.063932680363205
268128024,53.32624154771339,-6.254502397951884,564502676,20.663542890497382
267026009,53.30360028158499,-6.186239740424364,2435613372,50.16899231805958
267080009,53.27941314525414,-6.243963050147981,6535005166,28.826265267709474
268055005,53.32871135827968,-6.318720718243465,1410014257,38.80287702203805
267130003,53.389378433079294,-6.14867640142625,374376666,11.539050256124165
268133010,53.32881133767203,-6.2630144624582,53457971,23.012544487907096
267001009/02,53.40357300943165,-6.260854175965862,11084673327,12.219522357866706
267123005,53.57975501433141,-6.125987965287622,253394077,18.44673500819257
267117009,53.303719518678676,-6.284596695551505,253132915,20.09749022232621
267112003,53.27814973239706,-6.480269608713904,5907123205,5.110083787384244
268006001,53.37271839735348,-6.325404460514856,462685177,11.283838931213767
268130006,53.31689477286711,-6.256279551603266,4010061014,2.9788517662691367
267158009/01,53.393662651931585,-6.321871203796734,6761013747,17.653553833890427
267021005,53.2954589930493,-6.183748349843358,2295318104,11.853339705891361
268080004,53.36139409247824,-6.265608329445423,11206654391,8.331062783152985
267038016,53.24861874934724,-6.144030415834041,13612048753,27.35711830484142
267095007,53.37002024727778,-6.087479398958464,11916793948,35.50434558265834
267018004,53.29785920520429,-6.163693189724241,12865661957,48.68777696617392
268115016,53.33777596116597,-6.237962074064034,6698006180,6.999397601153268
268162005,53.333552168889355,-6.270675775526749,1426048733,9.691190571691815
267118010,53.52098380272874,-6.077670327720871,12516399058,19.54680572600878
268086004,53.393600258526256,-6.208516099712027,4939797803,17.680779781991163
267103027,53.35038206997748,-6.457806577724131,21454480,45.19682021399016
268054012/02,53.32609162205936,-6.306934980144976,12216468192,25.07164125302437
267055001,53.30581383582323,-6.239956374007212,257926823,25.77107128141892
267095016,53.380933084170934,-6.0666471979591075,255174467,2.5099907926217777
268070020,53.37406239807984,-6.2216741066664305,247321325,29.38126467557707
267014001,53.52359196730745,-6.266122911698995,6241935969,10.349988822735414
267059010,53.30323609403647,-6.235495771147662,260167273,4.872992233429444
267054001/267054003,53.51509980649121,-6.334295655504835,8109061980,738.8515198198422
267105009,53.446089685530815,-6.136642474065839,158374098,59.633691585738
267013006,53.28274032014567,-6.312505870231296,287085411,22.167723027563348
268059003,53.362278776662684,-6.244515870009279,1537165553,19.15213692441382
268129012,53.31233733118191,-6.249531690133599,6041608479,7.083160698892441
268006028,53.37758620999368,-6.3283374890207105,3943761157,9.955835555112484
267122016,53.210624488396284,-6.1105483605882,13712146620,14.517847714757663
268076004,53.388139024813476,-6.192374606686253,6202013057,8.316460972740865
267066006,53.40476812099393,-6.294067826596238,2407305663,5.6847006407379865
267037002,53.25300268903648,-6.140480716181587,12394746074,5.605761072395235
267100045,53.341191180524966,-6.430010849567037,11907733169,7.527890957284735
268097002,53.33499418919872,-6.252298241320741,13241096653,12.287071151482728
268091012,53.320399517429195,-6.300270936946642,746555498,4.886646605271843
267110010,53.432093061466595,-6.131147468411923,253511453,17.905970423039005
267080008,53.281233578746736,-6.24021121344627,12407484412,10.415824457992318
267151008,53.307937726040656,-6.331593321255077,11043785174,46.79574147835171
267040024,53.370567932194255,-6.361106870809034,12593737961,10.469639669549784
267100071,53.35565070995758,-6.415519958137757,11611994057,16.734451850317175
268119018,53.403772516788095,-6.179654766622402,6164200821,23.705082145530582
268013004,53.38912418106448,-6.28419442055333,339639290,17.850266276910844
268129010,53.31266086383462,-6.246966298070343,258075661,6.1104726350591685
268024002,53.381366221124225,-6.217934031333465,9398153538,25.29732854052221
267111002/02,53.41549479984616,-6.146598110663034,10276919672,12.239537624345411
268113017/02,53.31240234899694,-6.204447842328343,5156036469,29.613913527951098
267141002,53.27802743663874,-6.392798655901971,1108880236,29.092811278089073
268002017,53.351448373292456,-6.275133975454546,11242859711,42.450924584496036
268049005,53.3642489350146,-6.238872179054801,4794356372,4.907994741212541
267051017,53.34733630417842,-6.39545835790836,8703317064,16.43752474188798
267100088,53.3511428557311,-6.415942719405714,8747642168,3.023983080781713
268032011,53.35655638132623,-6.291874550669555,2399617601,36.76992303915794
267002048,53.6024334725755,-6.172914972835613,479843822,18.850864857781968
268070017,53.373312472922926,-6.236740841906929,10895994636,15.209275794982247
268049007,53.36646750093869,-6.231261391797819,2592041479,37.283192719405776
268066010,53.38577923166951,-6.31476064620738,8930645997,10.07661706939112
267092008,53.26429587013063,-6.225696174705999,11636081146,25.68369217806037
267120015,53.2278538481722,-6.126061195119272,243754144,25.007905436755262
267063002,53.27884810174264,-6.110110648618593,252412888,42.94809719442081
267028054,53.39879277330859,-6.4170426187386465,12952025615,8.822201890195268
268136017,53.31612888233405,-6.274699000487701,11837886081,41.02680624125507
268137014,53.323436288346805,-6.268115336353357,560602863,17.56066559182279
267034002,53.40952950737296,-6.392713039544169,13372174014,18.194699341852747
267103009,53.35275228859728,-6.464364881390378,8830550422,42.73845761809759
267144005,53.29918020781662,-6.368059508217233,1424006245,5.482890261435375
267104022,53.52635787306964,-6.174534731960955,10689310463,5.324680465320674
268112007,53.32536560481807,-6.209502450876042,8556522053,24.18379838899259
267081006/01,53.292068550788066,-6.249859566316253,247414949,18.702102984149924
268125005,53.38825005273955,-6.156585406789434,4435870003,4.392320502435336
267087004,53.271102581557145,-6.162550495568269,417652878,20.768657129978543
268110003,53.34124918260828,-6.22750817847324,10136406301,12.278802242824376
267119004/01,53.28076615558574,-6.447530754945369,9609539015,25.987406861454613
267030010,53.40027850653145,-6.372888371643445,12811141737,3.0112970429540553
268132004,53.32928713742974,-6.273815134668171,4884427350,17.875930332064687
268151003,53.33472427170476,-6.292093176152513,10700687439,9.521899816937271
267074007,53.280087298764435,-6.137603748137614,480013897,30.66146463520723
268076010,53.38469648328583,-6.201714669035153,2423191674,7.138938659392251
267149007,53.29875956317909,-6.32358373899323,8627335575,15.135494756821256
267092004,53.2577726775232,-6.233052528508522,3414958485,50.41132742265707
268015005/01,53.404797835652744,-6.283040139584282,8497069368,6.965942215990677
268126014,53.380580402288,-6.162797665429241,624539955,43.837224034834584
267143021,53.27423638871002,-6.359820820204435,4932694493,12.64205550555695
267113009,53.29412870995721,-6.29893411550783,1284630819,29.504428637910323
267010003,53.28066409525954,-6.2686083133592145,7794371463,6.711776729880882
267099011/01,53.443326486804814,-6.204433586897938,12646762042,17.030750950838
268080003,53.361383498308925,-6.262023894523457,1432306176,9.354443358955253
267051016,53.342133080003194,-6.396732038984855,8689231385,31.574750285462876
267094006,53.5797512248846,-6.151238439472576,6334895546,9.784806393292465
268026007,53.382513281229464,-6.229563933878082,4892641900,24.762649256766004
267130015,53.38948361850499,-6.135186954922157,257296559,63.64437527371442
267065020,53.49383090539424,-6.139942162702099,253338570,10.27987604405626
267028060,53.3995794135769,-6.421692731332581,12950183237,3.5574129481850933
267134008,53.45483183888425,-6.211865416011861,254494608,8.784186370708747
268137006,53.31825616139438,-6.2761630622214595,5473010553,33.70510071423553
267105005,53.44729639491467,-6.143879886235074,158369501,35.23778143450023
267012001,53.28437581966587,-6.263256586090979,227592481,21.590772068683947
268023004,53.387192755245096,-6.205717314050894,5167182753,20.912554605410158
267058003,53.29998172778319,-6.227165302881286,8950837179,34.36437989232891
267118028,53.53613511338796,-6.097287595149658,12542542938,4.0742476471082325
267115006,53.289230535860305,-6.278821712927301,7773404954,15.808638872523229
268107002,53.35810704368301,-6.238175467645064,8942727282,11.360583690522184
267040006,53.379258436229755,-6.369156374707362,16465240,22.57617426555587
267132026,53.45014193715219,-6.240764969028523,12791255412,3.3029929611274644
267085020,53.28255042036306,-6.328524200326273,278286235,3.0654790431737213
267040005,53.38014209789039,-6.372815313898476,12867410,29.622783186888448
268018001,53.397995896661804,-6.273166516798752,4462619032,33.426960472768776
267083017,53.27941621914942,-6.285455768035007,11077223833,13.799080956948979
268083006,53.34430106263822,-6.329133853382004,2952674737,55.53237929719233
268162011,53.33137484725692,-6.272374179663187,4913145071,8.086244477080331
267113005,53.29097186898028,-6.3105784473476305,7814238606,43.35485687451174
268016004,53.40093071832062,-6.276378860037176,3136728037,7.774877274061624
268129021,53.321578764613506,-6.241700662669183,8896032536,48.61610095974838
268058007,53.37354198811336,-6.250864830021244,6378829509,61.387731248578326
268064005,53.3924056056959,-6.309984483527459,12692159443,24.06599652434918
268069006,53.381918848037536,-6.315525880072183,2375494895,12.778519816979863
267065004,53.48687373613511,-6.1461699874500955,12411441372,13.306336904978462
267045002,53.30597277917963,-6.264120146545084,140405009,60.22135595466665
268124007,53.38451702845757,-6.161612573427746,4431091430,29.480411775276316
268088005,53.39809881427095,-6.2352902714078295,6646353556,37.76964596010075
268128013,53.32325887089327,-6.248701420899122,13689204775,17.586226855241016
267110002,53.43615426063684,-6.134577790439315,301656508,7.199780697445215
268043012,53.366816714351344,-6.196750605296547,9802697932,24.29016373758326
268103010,53.33673678588924,-6.28679622762561,746555666,32.91021826049136
267123026,53.58131829199522,-6.108663670917326,3012108017,13.011202316494277
268136013,53.31516388701649,-6.27408427617023,2770970381,18.3787698342911
268123004,53.4017440416632,-6.207521690094003,6670384106,12.544810204275546
267040042/01,53.369621230787196,-6.388406845282781,2782193254,2.0472597499117384
267051001,53.33195959002751,-6.388771350339327,11048021666,68.76300719700599
268002019,53.350113450763324,-6.280797804539388,810899290,34.06818962735308
267110013,53.43633808866502,-6.130682952426277,3647682709,48.28816529060066
267132035,53.446586391514515,-6.233252775551068,5003209177,5.707033150192375
268106013,53.34693991129167,-6.261716467858308,532695405,8.902521685482327
268153008,53.33810940952494,-6.302099400394872,2386813242,4.9093983641906025
267003001,53.60904477450769,-6.198745176628579,7810797031,5.558476331044538
267031015,53.37926061249098,-6.399331461943183,12157370939,9.850541335990185
268137007,53.31884113122847,-6.272744867115287,12060324911,33.51105276516017
267080003,53.272377650405936,-6.241122466855984,248081981,18.74999705453176
268087008,53.393732388470205,-6.21283783665038,305406095,61.05530928465875
268145004,53.31271872674581,-6.29049354929661,90391664,11.256313138059996
268093009,53.31928125038329,-6.294753096560531,4211441228,21.393653655201717
268005007,53.352191136698984,-6.287296503451497,631824807,52.906718477214255
268137004,53.31871280957865,-6.27119640691775,12060324908,47.45737619859423
267062001,53.27276929729115,-6.122864398939562,252396665,27.444745782249214
268039002,53.33940413456558,-6.366789572008665,320025553,13.242841922469777
267053028,53.31882800023414,-6.398738252674405,8981503309,78.27878679288695
268091014,53.32496457957424,-6.297574554354701,2373662674,30.036705541821853
268128004,53.32731549343948,-6.254109523889739,564502809,26.07766140820312
267062004,53.269966732302535,-6.133372466757844,262305649,23.634919331464328
268147001,53.30267758532967,-6.289903841139623,416974350,35.50459032739755
267107010,53.29788986224667,-6.490700762756004,6095316189,13.06509289262568
268046014,53.37725926155424,-6.201144793031589,1432596971,40.809812504495774
268002001,53.35187849522442,-6.276813966779456,3128351259,23.57837178981812
267105027/267105028,53.455815143542026,-6.154901254845728,6770993930,5.669589490675021
267131003,53.45854956503509,-6.2272740521105066,2987325224,41.241599592257586
267112015/267112008/267119013,53.28044438333081,-6.46348434477815,5907124511,15.066135314711907
267123014,53.57918550102117,-6.107447616363996,3041741348,8.439555695308725
268105011,53.355212261392445,-6.25608595672936,13232989329,23.14294667891111
268081003,53.35947841789391,-6.270890607250231,26866982,2.251963980381614
268026010,53.38249657049511,-6.2244756379736135,1580754567,31.926263562903
267069001/05,53.28435048183779,-6.141786043184384,12960245253,1.376841393061412
268138006,53.35616232240376,-6.2587976144416135,8487468847,29.687039752716263
268126013,53.38144419817211,-6.1731998632415195,243483644,21.784328775384594
267041004,53.37208932313117,-6.347959364613668,2572909745,25.938500658764546
268006005,53.371284148191485,-6.323648748964339,4697233401,41.349914869181944
267009007,53.280309848816565,-6.251516230724785,2445574758,7.477950263071596
267092033,53.2594309915803,-6.199549989574954,13451168920,29.56248987691146
267037004,53.25805518497214,-6.144660491904853,1411048138,7.1632982769824345
268058012,53.367992984327735,-6.252694097969619,6376314290,37.58417696369948
268119012,53.40362665875905,-6.185161335803903,9939191091,40.791771942489994
268071024/06,53.40734302964793,-6.1649614735762315,10276931441,25.763329232285333
267067006,53.28992137686406,-6.132610806034684,432485337,17.06508292435091
267108005,53.35249560288921,-6.373411157162142,848855287,15.78405814542373
268022009,53.38886890718721,-6.21763503203995,26389345,23.610071905187144
267040045,53.375361917432976,-6.400203156708345,12837120699,24.540436806383
267002031,53.613592944777004,-6.196520926605435,2366293401,12.16576279548878
268072013/10,53.40544647831884,-6.155635312596727,7765363074,23.894345614543454
268051002,53.32981473415176,-6.326514224880974,1410014340,27.841050727200177
267124008,53.290986539690266,-6.2131176995205735,8130710359,47.18858902615482
267105012/01,53.442787815546396,-6.148489145945547,2765832735,13.772091739492115
268119001,53.39938722852663,-6.193058299680328,9939191081,25.416914714441194
267025007,53.29987784006338,-6.17657766178697,13175813324,3.8377866552524322
267114011,53.2962228613028,-6.290795670653189,5320451739,31.313683196372725
267119001,53.23997767004431,-6.457665850652647,273220275,132.31992332756957
267150010,53.30760123387397,-6.308597200339992,10148562449,17.534570821146662
268040004,53.332822807752876,-6.37987318168982,844890024,12.049978776943785
267099032,53.42479553351833,-6.177784532838454,13391188475,13.96936394477348
267062002,53.269778013408,-6.127509168426251,480079564,56.8911521506334
268046007,53.37618972382715,-6.203079137320057,339328068,9.132158269140044
267103001/08,53.34077048681134,-6.46898519340748,9789216129,22.12763708856277
267077001/01,53.293671450331104,-6.137150063492933,5951210477,4.00324762425432
268047004,53.37689949445707,-6.213403245241637,3009426671,15.86037569830238
267029004,53.38761772412321,-6.4079378335929045,12912084434,7.975122035784673
267076002,53.27823526314785,-6.1221240369062135,480002842,49.23283909611674
268067008,53.37863562921904,-6.294801421046759,8920967147,9.750970007929137
268108003,53.35244162999992,-6.236985893867645,4773311558,9.942882118064285
267143001/04,53.27068239314745,-6.387385898019012,6981284119,86.5192439855621
268100003,53.337698805726724,-6.286190923807023,912115772,18.31342976336928
267102001,53.373072937548294,-6.443533749728284,15852392,9.134432205928697
267146012,53.28292734071683,-6.362871093167707,9945021622,19.28988661932978
267123016,53.578179468230765,-6.117879361418526,3041741333,55.39024725436371
268110018,53.340146047347545,-6.222614037712139,10104419141,9.872083265270847
267099031,53.43648397504356,-6.178625586176947,254615366,2.6243465002863178
268009010,53.35945481587637,-6.244022863053578,8958064882,6.684659842271735
268138019,53.35666976786893,-6.263758886868393,6347881235,20.262937146321995
267003018,53.61417271834467,-6.1844835536061,2384135251,8.33614476890258
267032010,53.40564025984993,-6.391876292677356,3228470959,20.333093854953685
267074006/02,53.280325137989536,-6.140298180191865,480013876,31.266009481230107
267067011,53.28812187611456,-6.135851192879968,13441837808,15.85208792539799
267100086,53.35300257844629,-6.414570798116979,8747642005,11.897431265495737
267140043,53.285472568386744,-6.399740751832316,6516550812,9.125112455437925
267107003,53.303540600712665,-6.508990239483207,11928602000,141.64974117455853
267157005,53.31111626276135,-6.331376708958897,4698125485,23.81650511210625
267001009/01,53.40489595334383,-6.255512026942058,12817929815,12.815115882547873
267131006,53.46262826192289,-6.235810876937902,254489544,28.545600940541778
268085004,53.33817603285177,-6.321402785285126,2609826786,35.43866169761357
267084033,53.281422501192395,-6.335548557203968,8219993089,13.70332032055712
267005004/02,53.407178436591316,-6.174738718478651,10652929382,8.577551395946783
267085014/02/01/267085014/02,53.27429785565752,-6.313620844213943,13617170690,5.316307511446605
268080011,53.362647090022314,-6.269989003495373,6976911023,46.88669834719947
268040010,53.33679903264251,-6.359118874488459,196360463,10.965039354450036
267132001/04,53.45374147650845,-6.260864443994946,2596132646,35.39681372898564
268040012,53.33712319893578,-6.361806708909019,2775857761,9.84268084411287
267155005,53.315295700145974,-6.329509723956828,10595011565,5.38979879866196
267050021,53.321384995424715,-6.378393487186691,11761817684,9.03754151038958
267085024,53.27475566141055,-6.306059673353209,12336035632,4.8876704942166125
267028107,53.39340064011099,-6.421012507282597,12925476230,24.02795350377364
268015012,53.404537334879905,-6.2904312417256705,3135860711,6.379802016986881
268071028,53.40157993047557,-6.163242490205139,5522720054,11.8687343232105
268136009,53.31336702813124,-6.278957936360856,660263819,37.26730667960119
268015016,53.40146686352564,-6.287749748692544,339241084,68.08481135209325
267156002,53.311044759406556,-6.311899281395313,8630510220,5.953346042439457
268043005,53.36039592420926,-6.2002486178951495,2416481195,16.88273578886143
267122012,53.23263245898003,-6.121631540275531,13395590027,20.428899011810145
267029031,53.388189283889425,-6.394086437795729,13094909154,1.8711849593202037
267050037,53.32556875023463,-6.361931683956184,13568465578,35.39245220242907
267158003,53.4159945517903,-6.386495951945653,10291727393,3.382462573294917
268022013,53.390435196227635,-6.229532198639898,242733610,32.02640154373636
268091008,53.32406288188801,-6.306812294899074,25973647,38.37148985217186
267132001/02,53.44534711859482,-6.2464544381474845,253176820,16.841142444667323
267085022,53.28041515611574,-6.3231481065732185,7856510490,28.859296565986035
267147001,53.284904252461075,-6.391912464480595,4456038127,3.724824407998109
268003017,53.346897591744955,-6.2813903098582795,2377744133,27.64041447374254
268027006,53.376947014995736,-6.278369440607844,649296648,15.23544916376442
268162018,53.33090375619081,-6.27088661378858,11817222508,55.59003879208767
267040030,53.37278331455051,-6.386470674853243,12829867581,8.876186865229007
267140032,53.279940809281165,-6.406260807117051,9503726968,8.228725931431319
268135007,53.31328900643753,-6.2667494701146245,4212377766,42.528986045492246
268076008,53.38600896451791,-6.194927039607627,3009470222,20.565571873897845
267088013,53.25825629591413,-6.1551715930885935,534896031,4.97849924910742
267095018,53.388790914336575,-6.099510309242485,253240377,13.147086957010437
267028023,53.39178758609404,-6.415297475980295,12919317356,35.747202423993954
268048014,53.36780050949831,-6.215997297845561,375809785,5.546525189948514
267046001/267057001,53.29713614858602,-6.249968542116753,13495913669,19.046606162248047
267022003,53.310714112400525,-6.208349374165464,9051330945,9.170661396636666
268071023/02,53.40483912953816,-6.172845419362191,5334535185,5.980114704439846
267120005,53.20934598690841,-6.121628767621764,244223077,10.030314844887545
268047006,53.373840946874516,-6.209997523702362,339328238,26.49759356897231
268128017,53.32790954443455,-6.254762420918687,13474543508,3.0587386054776635
267132028,53.45141662097868,-6.23684923632049,12791411961,16.24455143751063
267123009,53.58170763749603,-6.123053829050041,5058354681,8.839236504448762
267106009,53.45119082321708,-6.163456508743994,253311817,26.447314068306124
267122011,53.235631503123756,-6.1126901540714424,218432047,39.90126173634646
268055007,53.33037517049645,-6.312728701361167,13866837867,22.4230128026459
268109017,53.35280999645159,-6.245901871536955,2601639200,32.28347857417461
268060010,53.37142839785842,-6.2601422682602434,6352548406,5.54264690761285
268023012,53.381877362011444,-6.210224971948126,1432597210,6.7015810362585135
267040016,53.37811904002103,-6.381984642731187,12991968764,3.0028806856843744
267059008,53.30442871410293,-6.243872714946225,260657492,40.51654860893459
268023006,53.3851543652129,-6.205704650852429,26389178,23.332705756062012
267002012,53.61518229043399,-6.198639831438642,4385300517,11.909207530486153
268139003,53.35121234070341,-6.266185812492575,5154415470,5.388881332075809
267001010/02,53.40571216585059,-6.245700322665365,170831448,9.41031003484026
268159005,53.39598147702077,-6.240969199779552,2373089942,29.433222446765214
268127005,53.306164059453195,-6.280550554745731,8297379012,13.594324444752
268028005,53.36853452291835,-6.265012185370677,28247331,6.398250809281547
268104015,53.35433100129078,-6.254730729524445,131034880,28.721024202949067
268055004,53.329664566179275,-6.320761220383618,4411143154,5.754699535153296
268016008/02,53.39975539322154,-6.266289152056812,2407371411,12.66692254233744
267100074,53.352448939570074,-6.418767133015463,8743592895,20.972968635880402
267076008,53.286270301491676,-6.122685939671318,3645724770,21.191238148312333
268117023,53.33240940695354,-6.248636572486029,6088993100,11.34222208253729
268127016,53.30982113674828,-6.2759770811577384,1218889413,29.194645823027248
268088003,53.39402440306512,-6.2285350173847345,2423092469,55.061602954113006
267104005,53.525102326105646,-6.173887708368499,366641066,14.390712152531732
268096005,53.34539020155053,-6.251934173325435,132578414,28.480377489613428
268127010/03,53.31059497078771,-6.270483534424207,8819102602,9.253014857526372
267078013/01,53.27941826604613,-6.21866835888782,13432164878,19.810751237266757
268023008,53.38502563090281,-6.209264325244059,7490417929,17.104631624934658
268108021/02,53.34946084593811,-6.229574251939068,13304629141,30.079126913599723
267130004,53.38932771177983,-6.1461471631596005,257302492,40.71155077736531
267028053,53.40182775411985,-6.430860379308927,10574540508,21.26398302544014
268026001,53.38027931718649,-6.2307940165569375,11948426670,13.44993664129971
267028095,53.38753630972165,-6.427555738939746,25962023,33.38697464451204
268128007,53.32441186894143,-6.250509042025837,12519320714,5.033644124413233
267091001,53.554182081474856,-6.3897752966056185,439751787,155.29413263147075
268012011,53.38487707339789,-6.291984620232147,13735352938,2.1050100556684623
267031017,53.38102018600672,-6.39983634260032,12980733342,21.854553627115184
267134002,53.45081104426986,-6.215706223796916,2381537856,132.37810516978453
267040055,53.37618251748916,-6.391654255888535,12965853777,7.728449431865506
268048015,53.37013356001727,-6.218533347328596,3261985330,240.40928809687395
267128002,53.29443985958289,-6.205152695549999,3052180758,14.243370670325046
267131002,53.458772569387534,-6.225228165007466,38411776,51.67597974015317
267085007,53.27822688753344,-6.319317611900577,286041222,39.61155504705843
267147005,53.28670638236174,-6.375609723495219,12111664354,6.6081563262180305
267118018,53.52464378606307,-6.105256966974733,2455293101,25.038324399892815
268142012,53.33225006163617,-6.267577505986113,3163035662,25.52954995935327
268012001,53.379763715060975,-6.287356193772496,2375574711,4.014517010001167
267028004/02/04,53.388647930406506,-6.4362175190221675,5064257040,5.410519760554909
268005017,53.356534569530936,-6.289620815070171,3130235749,23.967337226816735
267147014,53.28519030624198,-6.386348544123902,6225655675,11.622893596611625
267109015,53.357950388428335,-6.366907295261121,4225762056,62.117833657683285
268079007/02,53.32959462660372,-6.337446929387377,5869735439,8.930010177722945
267151002,53.30787481882261,-6.343478468267537,8622642846,5.236636556789775
268106015,53.34768843584895,-6.261028633670962,411503251,19.943755341196734
267078013/02,53.27977732737358,-6.214607342115801,12777159924,30.779018469780876
268130007,53.319623773138176,-6.257479017424942,2473982673,22.929992658975447
268133017,53.32937845102347,-6.259794321411895,5079710496,32.78639364459142
268096011,53.34369541360422,-6.2454806566110825,12975826049,18.795721037006366
267002042,53.59837969302931,-6.184001313761115,10674387478,35.93006179309202
267028110,53.393097123151456,-6.438166500284865,11880049524,24.30463753917943
268141002,53.339040485799515,-6.262914189343648,133318455,14.195435922490976
267029013/01,53.388014709674955,-6.3972683640426915,32571777,72.43068799441578
267133013,53.47011283251875,-6.230271082748897,255715089,9.691818420780425
268150003,53.33785810967657,-6.29061685396172,358424037,32.740092867482815
268022007,53.38689288708177,-6.216975976284238,1432597595,25.125488192136842
267100043,53.342475314065936,-6.421498419633139,8766446616,0.6012732987917672
268035012,53.36282750332345,-6.299279661898838,2369219354,16.66169564268165
267050018,53.31952674847366,-6.388069088522945,8961155617,6.45872127168083
267040015,53.37934765473934,-6.380892532037668,12992016987,3.0727874655766305
267103001/13,53.34560094809885,-6.473624109957995,11673065743,5.117932305969162
267103001/17,53.34810769765756,-6.473978817271771,10229171319,22.582750131487163
267100011,53.34422776858685,-6.442078761530489,2671701919,20.736571927003713
268104010,53.35485808609081,-6.251239843927938,131037450,8.52971414527756
268106012,53.34680039380284,-6.262864794341255,532695401,23.127579491742328
268002006,53.351284055723546,-6.274231977915253,11748392831,13.67666644384441
268015008,53.40080204788152,-6.282547381247795,8940020941,17.579332108301926
268083003,53.34131508268744,-6.3318364960186795,196269182,5.540342073105615
268030023,53.36353356152435,-6.274430714728456,6976776045,52.18663828056115
268056004,53.32652358589895,-6.323629039100428,1410014066,27.902871452406792
268143014,53.34078540124086,-6.236924467034497,255234993,40.51001794452231
267153002,53.30309732889748,-6.324118717787207,11167492563,4.684400929140897
267055007,53.30712361905197,-6.23879205933294,260167428,44.717128868931106
267131014,53.46190665086928,-6.2384595238923035,6108983560,37.8996527478346
268158016/02,53.38865714805106,-6.25138886143834,5381117121,45.78934079463433
268129017,53.3140258400432,-6.243653109752127,2496300136,40.009292554001014
267132009,53.44406120691091,-6.238067945206429,296433072,7.1592389417047375
267092040/267092049,53.26007132115465,-6.206979040759855,4341696576,11.006611849964296
268127010/02,53.308980443754166,-6.269631373962177,8557675322,13.903319404752107
267100066,53.34867399004938,-6.418642038504293,8729501621,1.9845683301832955
268105008,53.357088487329634,-6.252091008379258,2413658295,13.740832189998704
268012004,53.38345893035752,-6.290861116958074,339624016,9.658898422893122
268096019,53.3463058825595,-6.244140787925474,31015308,42.27091524843107
268128019,53.32996345180567,-6.2588694742733795,59702513,29.93460444479103
268060002,53.37113660505181,-6.255892459742217,1455443094,6.3239525703419694
268084006,53.340854490127654,-6.318628473532902,3928702816,4.987295496292747
267088007,53.26347963443731,-6.1728664351953295,317552001,50.1881748963119
267106010,53.450581874299985,-6.161331262998845,11420725370,7.515528415979726
267004022,53.397655403390964,-6.127319165639041,11631523895,17.069886294263853
267131010,53.46510638373412,-6.238173207835264,5003150350,27.77301759487426
268032001,53.35693890736801,-6.293741596141799,789290763,41.864888626088245
267125013,53.28605944168092,-6.210041446834075,1419944645,22.88633269518096
267040034,53.37476101089174,-6.396804793198329,12716068617,2.675644159936613
268051014,53.33201535318437,-6.323649096956764,364875131,47.43736204327327
267120004,53.21367908440326,-6.154273847039443,400809334,182.11842086046244
267078013/03,53.27883252299625,-6.212632800696074,11293059697,6.815789976017364
267100038,53.34553384319884,-6.424702271479783,11869074794,2.0141827235859187
267027005,53.394359689441906,-6.374470419427966,12816809255,10.395557729136323
267028024,53.38825216353874,-6.412419972307624,12914916018,1.7765450743129125
267055008,53.309383571340604,-6.238750861219207,132204404,36.81550583381802
268025008,53.37694174724007,-6.2206687838680494,82676984,31.329354252430473
267127009,53.28216849580755,-6.208457390022427,5535979075,25.96358022011824
267028082,53.384143531606696,-6.416568204578639,25961971,9.891643076323106
267076001,53.27825675798364,-6.1193915629109705,4960815927,6.450272112131127
267100028,53.347611818497846,-6.43389935001451,2677020869,4.96747882537078
268100004,53.338978275576125,-6.284560891173175,4415580189,12.006389932978307
267040026,53.371486264906395,-6.379066983194252,4752751651,32.449303456265234
267119006/01,53.279204886165665,-6.445444385963518,1001702120,9.080470448373115
268114011,53.329843808633825,-6.229367579980391,4890712525,7.334220674791764
267028010,53.398702659777115,-6.406384509698504,12892167373,12.551943216827421
268048003,53.363331970919354,-6.219846891824619,2601598823,14.295489015097216
267084040,53.28066458719714,-6.344290132033302,103117097,20.959531373479884
267040059/02,53.376469287181536,-6.40222093639249,12979532633,0.9673422206194505
267109007,53.35135910028504,-6.39558718095561,107665398,34.57424291798913
268067004,53.37767568617807,-6.300022080326824,2400844796,12.725713704564631
267144001,53.28812177337365,-6.365632404279717,6425911240,7.257209520097984
268043004,53.360728642070036,-6.205411130697463,13399639259,55.02651841004908
268053001,53.33158137343671,-6.296141770508981,1908255522,28.479972556509647
268148004/04,53.34575218346336,-6.3076199541171984,5733881041,26.864699595181584
267041018,53.37174010958803,-6.335715932190004,5183398245,2.190988182089976
268001003,53.35904791620306,-6.274624920521127,2366320317,19.22229438856097
267078015,53.28015958667816,-6.228470418717589,60940317,49.30864738366201
268080005,53.361826329583536,-6.264380172793902,701150588,19.38954282589883
268117020,53.331213755920075,-6.250762108699841,836786311,15.5570283069815
267100092/01,53.35446446955332,-6.40583556402881,12258744659,10.306705724541663
267050022,53.32259666042761,-6.38080994461284,1269046225,27.385466411259454
267027013,53.391724963570056,-6.368335759284219,12819758584,7.728291812272665
267078011/02,53.27637141650996,-6.2154358024954846,2368405134,2.897847154012201
268140004,53.34054439794462,-6.266246995659654,247416076,18.932348597282303
268006026,53.37605864075558,-6.31808947778521,3943761211,6.049991068250081
267075006,53.29289297679547,-6.146290019912292,679686577,33.91391826810962
268049003,53.36381735654281,-6.2363476142111365,9607391675,13.378023557249923
267092017,53.25945134785988,-6.223163983446598,12720462570,22.99893963998013
267040063,53.37196855536377,-6.366041308383059,255964094,12.676924323395056
267132044,53.457037198161345,-6.241755420227375,1743599626,1.1064134816737745
267031007,53.38150265620873,-6.388801031945948,13081593314,12.779597742128612
268074008,53.38824300111622,-6.1645189185516704,2941843770,13.0465725128601
268100009,53.33932706463537,-6.276649476657776,2364597266,7.77219980439363
267025004,53.29367200107263,-6.171877249991168,2401592852,5.650777853463972
268158003,53.39072227445887,-6.257394772187185,6396843156,2.1079583870862275
267029022,53.394825896681226,-6.398388068776258,12886440409,14.386817824843765
268132011,53.32551958642633,-6.267698405591945,3597482940,2.89398282492254
268003019,53.34719887353737,-6.283119978061095,13444452970,28.312029876013806
267050028,53.32322005272766,-6.376996861360124,2982806360,11.910705945988639
267154002,53.29774389220464,-6.306790689205366,8612706523,18.83431583988688
267021008,53.2993356300914,-6.180637073876405,6083791677,37.127281106639686
268153003,53.340107345687805,-6.3041324008498965,10744392275,10.595296686278147
267085010,53.278098275075656,-6.327432949867384,11099818601,39.34224754629083
268063004,53.3960672669065,-6.313286936968179,2686868910,25.880583463998736
267039006,53.2689319863123,-6.156440369542398,14051432652,46.662231579525844
267020011,53.28866159974365,-6.187695794966097,701760703,24.08889358386393
267078011/01,53.276599365110755,-6.216439320966356,4828944013,33.26969996588447
268080002,53.3619113290718,-6.262383862119022,699457886,1.0824926920771876
268115019,53.33626904533563,-6.235143312784861,10974576611,9.479591589834023
267094003,53.56874873942629,-6.131588963263429,459536448,83.31688033140263
267081008,53.288471544855035,-6.2537076691112645,1432631396,6.817861791734124
267111002/03,53.41727042743477,-6.146925379780078,10276931318,10.985403917626645
267078006,53.2795944593214,-6.225833062673705,60939447,8.859383401587017
267106016,53.44967058148497,-6.180790020845007,253313960,13.640464116611518
268053006,53.33276955305248,-6.2969422524691705,9966420865,6.665326074983834
267026004,53.298610567556295,-6.201453052751734,5281842922,1.6667830063872902
268104017,53.3516009669901,-6.25461611600098,6937110774,23.353287298306288
268056006,53.32652113310243,-6.326270979658458,364875059,14.65093480302463
267002006,53.609957736319664,-6.200783061346725,12676863846,26.041187379162377
267080018,53.278516542006486,-6.234204157555288,3292448481,44.190269678272976
268088010,53.39733001699911,-6.230675459924984,3809343503,14.22957166566831
267148012,53.29745155772249,-6.34096179944968,8626954261,19.782844580783372
268140017,53.34439759519233,-6.268077157122999,8995851515,6.588483600267665
267118024,53.528903803538526,-6.0932696494272225,9388570340,37.6096355688399
267040057,53.368000876002725,-6.354283073751838,255716187,44.48271330853572
268021001,53.38666495838856,-6.2328342063183895,242739599,22.3345501136904
267084009,53.27185476950332,-6.339836707263243,9437764245,19.48167524334999
268049008,53.36638030074362,-6.2291834816413125,4842760285,39.28104887874047
267124001,53.29026986266713,-6.218997773307025,1419916320,31.135900553260097
267083018,53.274712593578855,-6.288622924070711,3469030688,19.500007037934846
267085014/01,53.27592802951572,-6.322939291106602,325842965,40.45821246743436
267133001/02,53.47689770092002,-6.240623398960086,13443948250,21.686803717510994
267040047,53.37301657459908,-6.401517222226068,290797991,8.997391745823137
268096014,53.34490510121702,-6.2498854430834605,3800663432,6.201964229625168
267013017,53.28330456911105,-6.307428686941822,7820667050,30.23475087500653
268054016,53.32544037658097,-6.304603393843795,26414317,18.5638152710945
267086010,53.287836629056905,-6.327481006565665,8079460721,15.342893769382624
267141001,53.274066303371136,-6.38988868874467,9629735822,11.306053186376305
268127001,53.30615504277485,-6.274770561717445,67079499,59.95448673549286
267105017/01,53.43675624943607,-6.148240638855618,11171963068,35.01171762373484
267088010,53.26891061052485,-6.166082743776195,13974664775,3.390097355351464
267122013,53.23197373378012,-6.117809431526983,2394263092,36.87534051926913
267044009,53.28771100770764,-6.2608740738692825,9309780679,39.95316365225929
267019014,53.31141724863044,-6.204201102304373,5764803401,23.776022934006715
268038002,53.3360914283902,-6.376127158271743,2685695336,8.284892272775032
267078001,53.26873419787099,-6.227509156341295,247803248,32.483196279040875
267140009,53.27743800276652,-6.410544853715314,12278308702,19.562847115207617
267103001/15,53.346942108503725,-6.470354796395259,9156412515,9.20656647347301
268112008,53.327313848478965,-6.211229805267207,3227957822,31.386857392612608
268134009,53.3139804131089,-6.262557252120238,2375609784,15.20122364513501
268143026,53.34493496438649,-6.237419951115945,2368551440,17.50171080348205
268003005,53.347992515209626,-6.277473895206551,13703976172,24.105827891483564
268142020,53.331951024714584,-6.258805259582868,4009924045,19.331545397380534
267105001,53.44692568701349,-6.155664775580419,2485147157,32.28006952315636
267038012,53.256126886421164,-6.1498676816128794,13607978225,7.4936388698065
268043008,53.3685293346587,-6.196540177194737,3012552339,44.81995106038725
267133016,53.47139144924692,-6.230866560983423,296510931,17.71954544775343
267059003,53.301711448145866,-6.240906362591563,13439672036,12.954787965626279
267030004,53.395397231489326,-6.384826928068387,876361023,5.545181661638621
268045005,53.371466920503636,-6.196268517987909,4474816339,17.193118001669262
267028004/01,53.392638350136025,-6.442797062845868,4484656199,26.23057722632483
268071006,53.39587042558034,-6.1687025387230685,301827392,32.01022027847419
267125006,53.28805794383333,-6.218351397414287,1419944737,17.813947280136546
267103030,53.35579321915724,-6.451143055583189,13240875365,9.408094769104533
268104002,53.354000354660705,-6.2483458444596405,131037682,7.657096046075929
268006006,53.3692554241139,-6.3165713853344165,11866137863,10.224802771924397
267125003,53.284284939351046,-6.223653932452215,13369946987,14.567939320781754
268006032,53.37767330884336,-6.32603128295203,2955540028,6.978252011584279
267002033,53.61608591197865,-6.212931862252557,8177623402,75.32760143902591
268044001,53.36994957804794,-6.205333786734979,3259960695,8.257449264472786
268047008,53.373696843372116,-6.217192404451499,496215654,7.961026681347105
268046008,53.37574482950958,-6.207639847150102,42503330,23.516649112549818
267111003,53.4227369160376,-6.131872025425862,5247059906,3.630410577913266
267066020,53.40046240024313,-6.291811808672374,923008682,4.0644573554208305
268011001,53.38107444870282,-6.272222068986853,4891651502,6.803154015373797
268117003,53.33493690725765,-6.239464605754974,8676059188,1.8138886308984443
267133007,53.469962697522234,-6.237850970804035,253193178,8.127543262261108
267026003,53.29866963993142,-6.20397431960004,5171529237,3.2351953297092253
267111008,53.42504100837168,-6.135470974202809,5610592813,69.7047911882618
267138018/02,53.29275488596925,-6.393306897105442,11283899342,3.207986746502512
267045004,53.29959618174919,-6.257540487006253,243190183,94.99100429680978
267077007,53.290840064259484,-6.138976193520687,1424141321,32.331301526758466
268083010,53.34221546239536,-6.333952464323625,196269231,10.873373876002955
268011011,53.386635411862606,-6.267964665265035,4894561111,30.518212012469196
268099003,53.34117357677895,-6.2810856862343645,13706174435,19.062072758974317
267004004,53.393939107645465,-6.136338059318232,11681807959,50.36838230689209
268052011,53.329988205537795,-6.304183980325667,13461363573,37.71989769468644
268103003,53.33496957260392,-6.2850752154806155,2369352249,77.33898241986611
267099008,53.442158519855006,-6.212497125903398,3790044985,15.19983237793554
268129022,53.3223881534826,-6.245101781555659,499551745,22.950309254312103
267156005,53.30988917129545,-6.317826554907497,4856458103,17.85185673841873
268160005,53.37537208518013,-6.245314181289117,9955211363,12.131337279049651
268042020,53.365978445601094,-6.189801881927596,8022196958,33.81592547204443
268134006,53.319733022623126,-6.264110061706525,8633616539,28.725809822836265
267132025,53.450822825604,-6.239376136942878,12774955294,9.528208984870421
267085006,53.27148421526215,-6.3195857958125785,9668562561,9.95887632953422
268046004,53.37776626852528,-6.208467019735461,7499333341,9.388696425993471
268119011,53.40347776546301,-6.1826318593349665,305247974,13.371806111637747
268023001,53.388854960295035,-6.211986772216117,9478466908,18.37194648456276
268004007,53.350682750514686,-6.289948834072671,3366952453,31.208446855840776
268110014,53.343399272336185,-6.227538673946765,9338992317,8.408457048283516
267132015,53.44583428441034,-6.242313881005264,940272034,27.238980769629524
267159001,53.24350962735752,-6.276189506378282,7096520429,15.543420105382092
267101014,53.35615265528465,-6.441844135315563,8828538252,23.258608416519856
267065021/01,53.490315838987286,-6.1596955589653435,3004307771,9.837425335727156
267132043,53.45473850487568,-6.2489774709947685,4992350647,34.781290145179106
267020003/267025001,53.2893766791265,-6.176029582544668,10942561772,11.65527442953804
268015002,53.39895818348825,-6.277536759723053,339241281,20.458160235868508
268105009,53.354683427242,-6.25682900974282,3978866945,14.939093394186068
268110015,53.339303566099524,-6.20145721643011,31931869,162.09469735715908
267049017,53.32215013252425,-6.418295836753507,8857701479,22.810531263670207
268061004,53.343719152595874,-6.366750059351721,8733023798,35.28166977958004
268063003,53.397590080568854,-6.311020273651992,12692168408,35.764098445758876
267135011,53.46129440024203,-6.220474776503591,253225306,17.96594503258718
267007002,53.274435009057136,-6.247852332749049,9543962905,24.59950263659754
268119005,53.399659224577384,-6.18627504592262,8079172217,18.519182089874544
267135008,53.45698450953295,-6.217706338545124,254493951,37.707332582107476
267072003,53.27523903570339,-6.140912427914515,480110119,43.022602119333065
267155004,53.314379658223245,-6.329221332077272,2586681413,10.181739154387984
267131007,53.46121852119535,-6.2318348901299245,6108983578,12.439142768504654
268006016,53.37205768249056,-6.310960490402907,3054458096,15.769888509601017
268075006,53.391686769038316,-6.1702174760326125,301830309,34.44483331711771
268095003,53.340732194613985,-6.35326583973677,2952446242,13.780728853273898
268025005,53.38059687534827,-6.224511794586567,26389516,19.82130972140022
267122008,53.228437529935995,-6.121561759405153,243758764,80.8662328366553
267019002,53.30841963532417,-6.19837912526549,2406479472,2.4780350106128943
268086001,53.39620050506055,-6.212473942050848,4939797778,12.538036371766456
268090007,53.32382720899563,-6.3101512441217835,26414288,5.01032356361582
268088009,53.39978619680561,-6.231735251740859,305255477,31.9597718835941
268160002/01,53.37616499261186,-6.246823272440763,6370094262,19.185872073235117
267060005,53.2750069225454,-6.103762587153666,13945117918,23.45333997289317
268069008,53.383538269508456,-6.316758906165574,12762474275,22.67975321156016
268051010,53.334435892641814,-6.314721550931281,13727757364,11.172279397575076
267029010,53.38446192260783,-6.391870379718524,13096348196,4.470702388757955
267040012,53.377577102333,-6.376786069037719,12768035941,11.110159198075207
267143017,53.27415133379769,-6.369500226853915,440136730,12.372704627441326
268120007,53.39738353623045,-6.198679339652481,305241654,34.90641294158399
267133023,53.471450520738344,-6.23639971267933,6516113919,14.435845109138988
267115001,53.28165915113286,-6.27434135994021,7798841899,28.061528017608275
267061001,53.275602864943096,-6.119789295986075,648262323,8.368727231343989
268072012,53.40343044297118,-6.157406209379717,6102967309,38.951196965005
268111008,53.33558358312654,-6.218204974425441,9384607369,24.504442327339994
267050003,53.32856190757144,-6.395064896843883,4324854836,16.46183164603347
268088008,53.40069577661945,-6.229884665175242,305255177,22.865989342782573
268143006,53.34003059158575,-6.244931656252146,12073659651,18.92718305206292
267085011/01,53.2681329072236,-6.318185495684407,1195493589,23.10983212649592
267080023,53.269773418403865,-6.238973154314564,247804951,17.45392779189093
267038002,53.24566057086,-6.1818624696557425,256084830,16.49057420108019
267147018,53.28909991873779,-6.3819783045662435,11264969736,6.0937719738166445
267156008,53.31309222420843,-6.317806441804295,4204789002,9.586195464399394
267035003,53.26911833337348,-6.3658886225319185,9598491919,2.315831409091473
268148002,53.343128006959844,-6.30248829694131,7540906292,35.54230692901725
267050002,53.31713645328149,-6.389125892799648,13805822761,38.458869555060744
268116011,53.3303296835176,-6.2360460306631,13248834259,16.5656309738602
268161011,53.33796364506033,-6.269779345942279,10605160452,4.354945078688227
267112014,53.28079832862478,-6.465726284432111,5907124529,3.0719097163458438
267027015,53.393369733412335,-6.376394845817854,12815479803,13.954113595936132
267086013,53.288292814453236,-6.3139829037671245,8227743148,3.8369566115654083
268120008,53.39500844026585,-6.197977024948634,305245469,38.32168685665734
268143005,53.33784310222357,-6.244740181527999,946515421,22.62479103066747
267140012,53.27866022703845,-6.397146826627189,10062653858,8.85860060993077
268007012,53.36821214125068,-6.3247196920950435,9911661940,22.306240467495787
268101003,53.33636996415331,-6.2807784040946215,4465035108,4.398109224582589
267050024,53.32190813541049,-6.372921696515226,2982806351,4.785077442030684
267028063,53.39789703356636,-6.42465379777572,12947264691,9.605177885051724
268010014,53.35804366166536,-6.249094454913718,736979920,33.678875505368744
268133015,53.32648975677841,-6.259741651723008,564323163,28.490329414766425
268155002,53.32419595978544,-6.319685843412095,364874984,8.004020156610077
267004016,53.39821349860656,-6.141003848774706,255179285,55.44110085525858
268154007,53.32192237348543,-6.33291724617475,13418752515,8.947002279084538
267101004,53.349432366814725,-6.442422697209322,2618718030,10.433915027948485
267107013,53.29629049526317,-6.49478449346578,11929113883,4.8646137240859115
268014010,53.38302813018947,-6.282524699545711,4800065520,24.728377153697473
268006021,53.37746266802212,-6.315126721120179,262894958,3.0284054225166828
267027006,53.396540973347726,-6.3706295333720595,3649221499,36.419539890043986
267084038,53.27947302386306,-6.335542526590453,10740016964,11.055987251600245
267007014,53.27113611354444,-6.254399975859451,248100604,49.72606236986336
268122006,53.401549976274765,-6.19965045228756,305250986,14.603791045658003
267073004,53.27130257157243,-6.141847650507516,4092565124,2.6265240046925022
267039005,53.26725365423705,-6.154694637690217,258837304,14.278254119415651
267084024,53.276993164245226,-6.341160533933594,10731097142,25.853230557521524
267017009,53.293999298610096,-6.161793218200642,107805928,8.444646318885733
267140034,53.28159124130569,-6.404384399595161,9503726806,4.535969568263468
267058002,53.30122298900467,-6.231170263147568,146640948,46.4192028934963
268099006,53.339947737912965,-6.279196569505376,4877134824,21.875917399031547
267004006,53.39900163682328,-6.138038875784495,1487131025,10.237918471103217
268017003,53.39211274805624,-6.254031699946379,2761848603,26.88482112821665
268120004,53.397430727593274,-6.2025368679445085,4469377980,75.74565399104934
268043009,53.368875307073374,-6.200099683721806,2398342322,15.561418818973491
268076001,53.383159392580154,-6.1972981259789295,5564939242,31.407196812269046
268065008,53.39507136745981,-6.302458228115329,4697245423,2.9934376960605817
267116002,53.28244417043063,-6.294323282036403,7773666854,2.3569965008096836
268108015/02,53.34935402229142,-6.239206070261648,717533779,49.77005858865296
267049016,53.32513715490997,-6.409182774584253,8931113152,7.843242886758633
268046006,53.38006475593597,-6.20418386101276,1432597139,11.843470762110936
268038001,53.341287157920526,-6.38046602897617,9423841763,6.838576079693858
268092006,53.323906725309264,-6.292424351417213,2380357255,6.52109585443538
268005010,53.35260033554093,-6.289552036919303,2399638693,22.482176098942137
268043011,53.36057054425991,-6.197036592793214,2418853487,12.48599000127244
268143023,53.34456088847926,-6.23665101796502,13188793030,16.012815467693038
267147022,53.289949872892954,-6.386540892839327,6231340256,22.6675794456841
267028119,53.40060776168185,-6.402382454939327,16344967,21.434350951580978
268024006,53.383398512831086,-6.22094737936966,26389490,26.93700095998112
268041012,53.37627249916545,-6.194080969153635,6770120981,17.742235352091928
267077001/02,53.29457236512497,-6.140212797559771,727301442,14.241313903524139
267092016/01,53.26034058580375,-6.224160601938208,12720462568,14.629966478808592
267100026,53.3405669828227,-6.445405283635639,10245324684,23.164229775933205
267092025,53.25394967862531,-6.212317244030507,12481115267,10.385795856874912
267100017,53.340601811279484,-6.4343252535539674,316825463,16.0860660338923
267100055,53.35109199844421,-6.431151533892722,8783874695,4.606174990636025
267074003,53.277387894939274,-6.143237223276808,701760590,14.158584668778301
268042027,53.368038547492326,-6.192435463651147,2416575586,23.072203800071385
268149004,53.34590958118135,-6.28339063294621,4397272916,39.75086625825787
267103028,53.35057386237972,-6.45927377310271,2872203628,41.04785424397402
267020001,53.290405002657685,-6.178611869858964,9405408372,53.80647547176789
267061005,53.27326591022399,-6.113400064886771,8018544659,39.24194422933854
267095022,53.38957542018723,-6.0688183644943345,6644901613,20.5512235521033
267028080/02,53.386823247426605,-6.414966037259096,12914098738,21.153739665891194
267150006,53.311391142104625,-6.303564534115702,2585187671,13.797973637679897
268138008,53.357138937393366,-6.261644620038796,6977182262,45.36204970763434
267002032,53.61478097339244,-6.193995606750578,247797250,54.53788469326363
268106003,53.34900864397007,-6.2689447582943645,9071686844,47.8456824094827
268134012,53.32169760958305,-6.262523233111009,8880970826,26.885842710359896
268155006,53.321928113812774,-6.3243652752124655,2670213055,37.747013799426554
267131025,53.460837760069765,-6.245773904226996,2107718538,11.022636034430551
267029023,53.396953405856515,-6.398265880354992,12883272046,12.907852035680934
267002009,53.61287720490041,-6.204325953607262,2455293095,4.452917134712293
267028051,53.402955948856416,-6.434408166069267,12782110220,14.419661354607356
267051009,53.34593461429062,-6.391088040485551,8703317171,32.33705543029228
268001007,53.3585459831601,-6.272939570296918,13904119100,18.174071383934724
267158020,53.42155910817927,-6.394480500685094,304699521,11.665232617193325
268048012,53.365316977633825,-6.215313053861959,9688825058,10.588119324422015
268092008/02,53.32147236080211,-6.286971254766863,122814281,4.254033862671924
267133031,53.48855787198505,-6.225116182184165,254609379,153.3722320533139
268059008,53.364327730404895,-6.249506123831217,8954898931,45.99349381368204
267103001/12,53.34598852989361,-6.469224773768351,9158271540,4.760874565698313
268042010,53.365952088100585,-6.193434852802891,241786529,28.997834700382118
267084012,53.27534284500718,-6.3376619750397385,4867374075,39.62837276999226
267140020,53.27883675830188,-6.425260668172069,9919526575,32.37738631138546
267133008,53.46899847730842,-6.232845415839378,9113671823,8.57523206622135
268017018,53.39553311231432,-6.261072321341842,1529891714,43.90250558149874
267088001,53.2567326209297,-6.174237408382404,481234326,23.292119699045312
268081010,53.3551650323044,-6.26854966157618,10557761268,7.485480542855703
267078003,53.270403309580736,-6.220884579470721,635746416,28.721770537656173
267003027,53.60908379577311,-6.190723549948457,479843962,20.001189840057656
267065014,53.48776026294251,-6.153470272925133,12391442603,9.186495929777365
267028028,53.39002569691625,-6.415422446796073,12912646957,6.303148035791119
267040019,53.37620605878183,-6.386003673912331,12966582323,6.740330291029645
267136006,53.28334171509518,-6.348508994270979,4267160644,2.8209652317379836
268117002,53.33604984199941,-6.24140826439927,13013917406,15.805991458054356
268136007,53.31225876651114,-6.276283199201231,8663486950,30.293402093009814
267147003,53.286547277993954,-6.37637843187968,5285265432,11.703647384748807
267065006/01,53.493493459351654,-6.1353143149204055,10267111573,49.547059058273426
267026007,53.299805389474436,-6.197997309790197,690542712,40.79641058381039
267036001,53.262280839076034,-6.139053917825023,1411048308,56.727205395133666
268006023,53.37611953496181,-6.315902264850322,4371272520,13.628295014935945
268076005,53.38985878888968,-6.194688274566384,1529977275,58.73356332522974
268076007,53.38753348603322,-6.195706112919559,301810690,37.77924821768406
267050012,53.3190971224707,-6.385281027547934,7614673842,6.97106943624238
268082006,53.35117695792832,-6.272326766794525,5597784485,19.61667041743435
268104016,53.35389234347558,-6.252347096051969,3821992821,32.86682583160729
268133014,53.32349624194268,-6.262500275815507,8390553659,19.67573883610597
267028004/02/13,53.38690937454684,-6.448660660594401,13556004982,28.669601314251103
268118005,53.34758662700537,-6.2939975926881,1660023203,48.9007253183049
267136002,53.28686018882932,-6.341724327367525,6339626759,4.59561193984199
267100081,53.348033842873576,-6.40942201393894,13173252513,15.230999094624822
268040001,53.33582744114401,-6.368020721403816,3421375346,14.647725701140258
267092026/02,53.257305279504635,-6.1994308059333285,8105797717,35.67161161609527
267028075,53.39535105295718,-6.431437602281852,3518229404,7.391110024705592
268052008,53.3355355268334,-6.308782759482934,4895260196,9.783485519663238
267038007,53.24480876596194,-6.140632553662935,2397254998,2.606549582314056
267119012,53.28196146948118,-6.440766853438104,441847468,27.07746852235909
268009005,53.36023621812833,-6.246402130877358,144841399,39.562482264890534
268085015,53.33869552903785,-6.31208386805907,6189373553,19.273526670035206
267044004,53.289652413176235,-6.268978879676565,46660942,12.31390646050957
268091007,53.31974046733972,-6.303622484879769,25973700,46.56492597165092
268057007,53.34102608229194,-6.341489322187685,5757421407,2.5205424391367086
268070008,53.3778024939735,-6.228551074894911,4358636075,53.36130085072496
268053010,53.32930339421664,-6.2918821496140716,4903175728,32.02794660789914
268091002,53.32367234566024,-6.298753980259267,1410013788,39.140196598954056
268083005,53.340416770303456,-6.336261551678619,196269172,25.835330815080777
267076010,53.28505567949189,-6.11596599694668,694132496,14.288269266332453
268015014/02,53.404128577920666,-6.283836506908606,6383209901,4.93953680938106
267039004,53.26461143571813,-6.150172296985095,480144564,13.42215275470527
268054014,53.32855419735001,-6.299343258136429,4896219748,19.363693410382048
268008014,53.39798717897079,-6.179210696091078,4860582802,7.509187673367123
267073002,53.27437245707711,-6.146850767809796,664127760,16.588458392843698
268022004,53.38736222002913,-6.224860982943777,4524144741,5.342774556899435
267053002,53.31366151817249,-6.395057059670783,11983094405,27.401057669380705
268072010,53.40236851418968,-6.154217863593409,6070559251,24.343650881057734
267050035,53.32270908019286,-6.38424162785679,8946867977,6.773446589209081
268123007,53.39866153619922,-6.211202574295533,295516503,31.70194308926311
267103014,53.337385732415214,-6.455180574200925,2646176847,16.207426824234677
267082002,53.29504303570229,-6.240861793440798,7369758768,21.723870402974512
268006022,53.37681489172565,-6.315917424519078,11836767667,8.795311765639015
267030001,53.394201131942204,-6.378002292293963,12760078633,20.23616605176133
267130008,53.39124982175448,-6.140411459103261,257301601,16.337330635064777
268006034/02,53.37552327674819,-6.310711964375918,11542271545,30.620933382586934
267056007/01,53.3038456672848,-6.213154731899726,8506843819,12.528994719716513
267111002/04,53.41643756613543,-6.149655491049453,6687936861,22.796862707790627
268116006,53.32633890028867,-6.2357967544097015,804635351,12.663375664209536
267041014/01,53.371552917451844,-6.343932157934505,255962881,32.26668948999554
268029003,53.363872224560886,-6.25911045253194,4906958945,18.79536646835754
267028004/02/03,53.39014894637089,-6.44389051880177,4472757422,36.21434921685783
268103009,53.3325762843486,-6.284984408587811,4375856675,29.19363462283479
268150005,53.34019041036925,-6.288775344126978,224036059,40.77372115172107
268048008,53.36487983008877,-6.224981900689018,3262156679,38.718345308303306
267126010,53.2807177157789,-6.194404934712785,4254694942,4.4553413520927405
267038006,53.248477467930265,-6.178854541030248,256084762,4.560870631300131
268138004,53.353199581194666,-6.256762150448162,3575151648,12.157224335084187
267048003,53.32971315163317,-6.401195699362652,10822352554,52.73686901450081
267029016,53.38926652547362,-6.402757020537525,12842692213,3.5119063974122304
267133033,53.468862487226495,-6.220632708327881,12766503659,32.957453120692506
268136015,53.31422738635232,-6.273678974427979,251007630,21.520658830716442
267120012,53.23086315372082,-6.1252632151680455,4308722696,29.96793176011078
268066011,53.38463798350684,-6.313534736789359,2375495048,18.02844369630681
267133026/02,53.47065716291626,-6.2433321427193995,10712141731,27.550567056832573
268043001,53.3635097259753,-6.200247313318773,5429845891,46.320201728208446
267051003/02,53.33492490033236,-6.395783756492309,10171761316,1.700401881100295
268016008/01,53.399356441047885,-6.269994356901118,14003379821,11.732671592588881
267114003,53.29090709456037,-6.29117197185646,1284630786,2.1392139830356656
267092026/04,53.26061369442402,-6.206254018746474,4341697217,18.345320947219314
268121003,53.40354093650045,-6.208363727457586,9939232259,31.24535480572544
268129020,53.31970739514368,-6.241197045745806,8851389496,53.81525047874769
268001006,53.36025947122713,-6.273361770721287,13843848240,45.343751849467324
267025003,53.296102511684204,-6.1771200232418755,10961750639,15.271584163877977
268130009,53.31652367623887,-6.2521055385085,259594876,21.055662840248388
268030003,53.36379136187666,-6.276754120287136,614450739,9.483729212120526
268020007,53.395017121316265,-6.282123598826898,16711973,33.84805191773442
267092009,53.26228700076844,-6.230484671135133,694264896,23.68278648730744
267140055/01,53.28254473209324,-6.422965705290911,4386401584,45.31154852796589
268046009,53.377080517185476,-6.206276297538626,42503367,12.550886181362788
267156007,53.31432155135411,-6.316042835109203,106113376,38.25932257934596
267095024,53.376532514040605,-6.063267647556794,5630506485,1.8674316081058242
268072013/03,53.405499119374994,-6.160223080454174,9595562105,44.67662980522879
267150015,53.302147940787044,-6.300731009679562,2484031256,29.48063966517504
267109004,53.35259644918992,-6.4028126553111395,8721636766,16.123246922552756
268038006,53.340242103150494,-6.37572576309034,13177270346,36.46044517238929
267001009/03,53.42430950541178,-6.25069356101318,13201272390,387.39647160748365
267092026/03,53.258108704995394,-6.20099131591654,6465243793,6.41908681618139
268014003,53.381510466033895,-6.278331644482597,2375515787,14.419734847810554
267140030,53.28177611364541,-6.397325576301762,9576122073,6.768850415882209
267079006,53.288010917018305,-6.2282377362968395,256112314,50.59122247445362
268109007,53.34960229799598,-6.244457859476569,5064276582,19.466561196175398
267103015,53.34720020442546,-6.4528404012389515,11331607115,24.347628389259008
267029011,53.38624834505185,-6.387692320120693,296207805,21.862481670021705
268014008,53.383811249816944,-6.282681171156123,5558630726,6.7708776773310335
268007011,53.36544320960258,-6.316728293077661,6177760890,63.275759919589056
268030004,53.36544152368299,-6.281496079687053,8977413610,5.753388526093529
267088017,53.26069544255906,-6.160626693689939,1281697538,14.724656023984856
267158022,53.42964851870638,-6.383941882968441,13375913544,74.80815719019769
267132021,53.45305758238892,-6.24903662671052,2986597967,0.8203521712263472
268115022,53.33643183086077,-6.2302625169092325,443061982,7.897375620705316
268094014,53.31901304979404,-6.306039411722205,6571075803,36.99605590124464
267092027,53.25514634789478,-6.2164654298369735,13847141111,29.583894112728448
267039003,53.266053617544515,-6.153945530803899,317562764,39.176262200150276
268140012,53.34487670727701,-6.26421606038122,26912107,2.0448104874617163
268107005,53.356388251794364,-6.242371397600796,7491020613,7.0472638717018015
267052002,53.338531519777675,-6.401258207350491,8677851492,34.34655885685237
268043010,53.36778317367727,-6.201670999406798,1095709444,4.885079121900163
267148016,53.29486338329866,-6.343342933804297,8626897931,6.39571864349599
268133005,53.327682977657425,-6.260181748563024,9216803665,29.478712113916984
268151011,53.33746884138839,-6.295170533989843,3133124892,17.406862281732348
268095007,53.3400562145484,-6.349309476667891,2951477066,22.327157011920637
267079014,53.290486475326105,-6.23055693260811,256112258,20.90073032601119
268066001,53.38449072476736,-6.309245480040624,2375495036,3.682985536066236
267049027,53.31959325546021,-6.419554548702542,8934282589,5.7543269240845705
267029027,53.400550649212526,-6.396605869111531,12883783286,2.870044774009455
267043004,53.3010403667569,-6.268382249454647,212614570,42.24703980395096
267142014,53.311341843964534,-6.350236829658,4069935194,2.8012658872265908
268098008,53.34367483556193,-6.2761476148171305,3660383746,21.47184031404356
267019012,53.31003855800821,-6.202881123464111,3226506967,29.35020955768046
268149003,53.346286872683926,-6.283152201387047,10139051118,25.37201824485433
267140022,53.27646776066982,-6.424032280685503,9921268423,1.9721613721400801
268007009,53.36241313125967,-6.311224827389551,2399913731,6.816564761796626
267028100,53.402473351874235,-6.414470550233823,13076099555,19.77381481074766
267132038/01,53.447443763874894,-6.243805503466229,923991372,10.427716214923349
268026004,53.38159058757637,-6.236096223492725,122550191,13.864165026314701
268071005,53.39401304220819,-6.167357112963075,301828345,33.763715981128094
267147027,53.285336311773825,-6.389213904095297,11260960228,27.81572374926472
267007011,53.27399364039109,-6.244939372942858,9543930614,28.316619822427565
268007001,53.370983438821476,-6.331631328579359,464722508,12.959444364690148
267028074,53.39129366330218,-6.423527227702712,2703263803,24.631752733257528
267115003,53.29065603629414,-6.279361140100237,254345508,24.533184066388976
267101019,53.357377280443394,-6.429654942718828,10280896196,17.058357129031112
267098001/01,53.45322161603039,-6.322177623339566,12359600,303.9318437144656
268142005,53.333308043795476,-6.266024727499523,12832454610,11.556601111842337
268052004,53.33521988522931,-6.303800811691506,1271103692,43.595545151125535
267002036,53.587158241216166,-6.18843135237016,2926159744,2.699652923820084
268006036,53.3711557207044,-6.32001992778084,4697231285,31.71910576649975
267103025,53.34967288829352,-6.454285769808885,11728827629,21.495350070486612
267155008,53.311478482538305,-6.324694760765018,8657269684,23.005974104341608
268028011,53.36480681490712,-6.25768598167861,1450564699,8.325115927868255
267085011/02,53.27174501597215,-6.313934721721774,9670712902,25.311124830899573
267019004,53.30358706881409,-6.207134122151653,13685097901,6.043408999916459
268037012,53.352218035405045,-6.351116472541297,4007440893,18.9659588998428
267111004,53.42744890380657,-6.135438910881661,12057234134,15.172998193824705
267020002,53.288545380667465,-6.178776282229671,9403795130,13.420570502716705
267001004,53.4061090231446,-6.2493526405139965,3819463793,6.366938356422499
267100061,53.35433895369366,-6.427880830204857,298494961,29.011602294094725
268115009,53.33883712308968,-6.2338386674072055,13234436509,33.88666366745976
267123021,53.57731156806465,-6.114105281426406,253396282,11.238856431077176
267116005,53.28425225664435,-6.29327414044793,7565975501,20.635158763667558
268099014,53.34256843773918,-6.275096029847108,1426048986,36.59118645016093
267109013,53.3538434740166,-6.376410979005501,320034289,40.795435909086294
268111010,53.3348743155885,-6.220567889215847,688693583,12.798726069135235
267015006,53.25577729159091,-6.130840760389209,13363020664,13.164650913083225
268114002,53.322760836947786,-6.231739903266369,688693309,36.430768861202544
267026001,53.29593428017323,-6.202460645846552,985253659,36.62851463191454
267034001/04,53.41064614122113,-6.405169581070615,13078595627,26.972517580263176
267127001,53.28169077761103,-6.200440499904147,4966722299,19.608206896885825
268064009,53.39350777181912,-6.303712935276032,16711953,32.52805229126642
267132001/01,53.451745002569815,-6.254884164161617,2108904873,149.0239573754328
267153008,53.301334815555606,-6.32541231861081,8626947878,32.70516822387275
267106021,53.454544867449,-6.171729901857214,659995684,20.920634050465996
268022012,53.39219575844762,-6.228817907784729,242733690,14.403858548943985
268079002,53.33202759684901,-6.340575285898661,364875098,18.986857786323277
268021010,53.39051843145442,-6.237652149162019,2516856509,10.858257677394
268105003,53.358408108781504,-6.257474396293461,10797289843,25.797861728075805
268017022,53.3994499652124,-6.259243956348255,11470519228,4.669498620408377
268129013,53.31165928911266,-6.249767817299421,2479366238,11.516919179064102
267053001/02,53.31170077371084,-6.429201448065027,3076812138,169.47068378821666
268105005,53.35729160468735,-6.25566706824875,1415542334,16.507929235086443
268115010,53.33915868153916,-6.235987061550083,13234436520,23.250701933276297
268105014,53.35818377770173,-6.259061507871518,9646595907,26.505199647858728
267013015,53.2851036145293,-6.309154599951006,7814238775,10.303809788176418
268145010,53.315462147059314,-6.282426963929693,4194410802,8.27756534032367
268099020,53.34116204810741,-6.276123999276377,3671800962,7.912179489603065
267059004,53.29865773434982,-6.245100733809584,2461717617,37.350681829614835
267078011/03,53.27710531181189,-6.217914369113472,2367554665,27.0608436667325
268109013,53.35057900911438,-6.24600112066746,111887238,29.707820315334917
268142019,53.332243886389236,-6.2659115342844505,2435024229,14.614114912473445
268134008,53.31914677172145,-6.26348015931146,565063562,6.452332670173271
267025011,53.29928578198109,-6.1685309360840455,4483056879,24.69665347751393
267152007,53.30255731930824,-6.31262031420648,850175091,45.616930691814694
268058018,53.37250225722586,-6.24095891431574,6379009815,11.562987363917738
268006013,53.37413491092985,-6.313713181628625,10180546754,24.161154874354327
268100010,53.339387376344995,-6.278988791056392,912115840,3.1684993161650765
267140053,53.28213035951242,-6.426327923362463,4263153757,16.007594762514238
268015011,53.40469003331207,-6.288028441690808,6381138536,20.483037302557403
268082005,53.352879827413076,-6.271521094300749,4041724829,10.866928474873475
267079005,53.286576552014466,-6.234934586025162,13365000625,8.78600754081898
267051014/02,53.34616520516202,-6.385060036043101,953177209,29.804874130885597
267123023,53.57264209724427,-6.109288284010648,3046354659,5.759832918129545
268071011,53.397395960124925,-6.172525546019995,4892971642,39.8068020525408
267123010,53.578390185937245,-6.1237728856167095,9112896233,5.428569701677219
267138014,53.287981053693585,-6.415858288020484,8514911242,13.118625270203339
267058009/02,53.29928601439905,-6.232292139980781,2396484662,39.74606218880513
267006003,53.27643591094874,-6.396690427147048,11385212503,53.4724631090777
267058006,53.29596856247504,-6.2289925052169925,260214737,17.726716437403848
267053010,53.31200957969902,-6.399733751027562,8988554519,28.608286946589324
268021009,53.39283011753093,-6.237319164422187,122500936,35.067853042871185
267028093,53.40426327370542,-6.407379415516632,6517969,45.841378665870565
267075004,53.29011286287191,-6.146184650398048,648264740,29.120866206916734
268126010,53.37901690640671,-6.171378911220896,108019687,21.868854262147398
268094006,53.31524601664728,-6.310017280535317,10656346976,4.33204948889125
268050004,53.368938053185836,-6.238625881630835,7507414576,17.755114748150827
268121005,53.404879279618335,-6.2109720301097875,305252198,15.121956637753753
268087002,53.39024175541512,-6.211684157933891,11206654432,82.31697520812327
267035014,53.27017230074298,-6.351428570714362,10761858355,8.018518827315134
267143001/02,53.27088189424725,-6.381848604141072,11051624063,22.51431138321667
268108028,53.35110879852333,-6.235997652648363,31095513,11.147888178249913
267066004,53.40617109715203,-6.297607535438847,2407198609,16.35023520851302
267028036,53.40522987536753,-6.421995644538491,345570396,7.199398944646667
268042015,53.365732457377995,-6.179723986037105,2416543642,36.95079771027244
268014005,53.381749152881746,-6.285534564606302,2375574775,12.063587751673603
267110005,53.43073063964312,-6.1323008152100185,11417827766,10.584124020462324
267066005,53.405555576264554,-6.294945172778436,2407146630,7.629460197157248
268003006,53.34675699663749,-6.275936474647982,2369340282,32.37398814726004
267076006,53.287257860016936,-6.120868642443225,2607788735,14.62952639436279
268113001,53.31235871669371,-6.22403161505972,8733529204,14.81508847626628
267029030,53.38676883647605,-6.403672727769697,12638397,17.774324739248883
267100027,53.33950011432272,-6.44955433028535,10200690401,4.000000060709598
267133020,53.47488897853497,-6.238159275351915,294013400,25.458358663708307
268141007,53.338242724392884,-6.265319201098283,3577629911,13.684540316270223
268067001,53.381569868825245,-6.295795806784526,2380292203,23.96652222391288
267134021,53.45588050043319,-6.18595344475766,253315139,55.58976957059428
267065018,53.49413129527617,-6.1429454440690145,11541657154,4.969551067212399
267092058,53.25919654278562,-6.189733978315431,13453171723,9.623185408210125
267039007,53.276811474652,-6.16063641679489,7546073407,9.235192100365698
268005005,53.351872620489345,-6.285831481816077,2399638671,15.562406777455472
268016007,53.40097149130525,-6.271490904763291,4403616259,36.045525239576634
267119003,53.25035332241234,-6.44771119796086,4840965713,150.52633850997566
267125015,53.285474784554516,-6.2131244954038305,1419916267,8.131207122927297
268050006,53.36825578183101,-6.237833023409676,13155146544,18.586549794436618
268109003,53.35216822383838,-6.24266001742796,6432546738,23.43057601161126
267104026,53.529826535198424,-6.163400895586348,5192101062,10.601053155608588
268116009,53.3289868324127,-6.236157626883703,13246855122,30.51487298618893
267075002,53.294693871223394,-6.148941367041823,648318585,6.671245848785368
267101003,53.3577735663673,-6.44826562904169,9421685906,4.911305581972573
267034004,53.407871605218475,-6.394204437264699,12749895590,29.894092378646178
268127006,53.309776395251774,-6.278001530018633,67079552,10.140141369048198
268008005,53.39492014196168,-6.187204022031812,4892942098,22.72074594855528
268128014,53.32310082043113,-6.2469054160275235,8828260397,29.66022198216563
267092016/02,53.26034779505714,-6.222975993821332,2370758982,30.473628386072598
267002020,53.611045957846166,-6.2085470252368875,5380331732,6.0790268534457335
267099012,53.44262511009728,-6.202010530599131,6062523683,13.08597994577898
267036008,53.264994875936,-6.143808541754398,1411048399,22.411618467249465
268071017,53.40074908155757,-6.173442619127345,187761769,21.690690947562423
268144006,53.31629261402763,-6.292216540746854,122827620,44.12719434769683
268091005,53.32276766328737,-6.301910150093411,670986,23.179428468915876
268106019,53.35124867077409,-6.256619296468397,11877130002,28.34395052474379
267150003,53.30539061777253,-6.3145930511024035,8607478343,40.368094386437974
267032011,53.40733012136302,-6.381186935812353,11963633671,9.446221901344682
268110017,53.34064650671468,-6.217303739586073,692434327,12.39589069406901
267042004/267043001,53.297660675013844,-6.270137453461774,11042609038,116.94759673813702
267156011,53.31242587006108,-6.308310859596027,8630510196,1.9853255875896583
267155003,53.31607403947011,-6.321193353026497,4204774705,3.4883128196373168
267040049,53.37304078019679,-6.404279442560902,12728842100,12.951003632250085
268034008,53.36873250290079,-6.300231245385568,2369219556,33.67761464111253
267133001/04,53.49120165379517,-6.258924871078179,13230450898,9.036544368335088
267038004,53.25132178012508,-6.160385120930237,13380678652,63.13548568688289
267032008,53.404427148707825,-6.393184798055282,10673754597,13.416670054002344
267049024,53.3272857077174,-6.428115135874136,8856919745,0.9421125617389171
268042013,53.36541533545393,-6.186611249305267,1426961798,27.680188610284482
268041001,53.37893125961437,-6.188293758052177,1427047543,30.95537107368455
267074002/03,53.27953360685871,-6.145718601283605,6053039369,28.29031544160788
268129011,53.30958882141197,-6.249991558310355,13361266319,10.570425090984049
268006024,53.37693702775674,-6.324756866321733,3943761144,13.776772970710226
268043007,53.36599685986515,-6.201058943668408,5429845873,43.8362783493588
268105010,53.355848749016545,-6.256256853771543,2522661575,50.141361233735296
267002027,53.611939496981606,-6.211383522259941,2366275216,12.875310583266796
268072013/05,53.40841278031933,-6.16104855216699,9394918866,20.46747589419762
268113002,53.312743720319936,-6.226976499415281,4340077692,11.66791257088617
268044003,53.365655629833604,-6.213178580935494,1426961849,11.141074067674362
267035011/05,53.26832374826584,-6.357884191828294,247123968,38.896261498912246
267139003,53.28772643440667,-6.35044270103417,943286607,31.170182723284555
267018002,53.29522695812821,-6.156880114237571,13009235896,14.046280009651968
267029009,53.38534026738247,-6.393674780932502,13096337928,0.7711210483524875
268116002,53.32403117540205,-6.236982972767402,14047306127,10.350035160680472
267013016,53.285095956033054,-6.302090811496528,286035092,31.036313058719664
267083002,53.27452800922775,-6.280402038306124,46563428,110.5216576417401
267065025,53.489944982854524,-6.149103844767259,253337155,21.575227715947957
267092047,53.26114756528065,-6.20940372973513,768004027,22.139222123293802
267003012,53.61064768266695,-6.183392884698418,2384164507,4.6041007851281
268043003,53.362094599950595,-6.206322110693188,3306521972,44.56010017824949
267155007,53.31274333075501,-6.323224590131347,8657333889,38.39976776159398
268052006,53.33275283764894,-6.299597783926139,530577993,21.45311586073883
267135007,53.4564851147146,-6.2149195898001,2367078993,21.58491375572114
268067006,53.378416468171466,-6.289981576595577,5280993960,31.028781310236887
267147012,53.284371004311645,-6.38344027338056,6226092163,6.672038981177236
268069001,53.3812858586298,-6.319356581559273,3732193620,5.542241732968518
268008017/02,53.3997899088289,-6.181971029176033,12595107122,2.6681905234838
268008011,53.39522852345182,-6.178004801017214,301824555,25.51888114984043
267066012,53.40321449833114,-6.297072478242467,12471777001,13.33598324006581
268148001,53.34125663831489,-6.306015513436086,433939074,7.357526724203419
267028006,53.4026427370957,-6.403370007341519,14949619,13.574143236188736
268125001/01,53.38457026336284,-6.1462465553715075,295514379,44.63453129897721
268062009,53.38592475890518,-6.182859822095022,301804325,15.743933222558201
268048009,53.365069522483395,-6.227985878238378,3199793927,2.195131401688667
267158023,53.42354442601951,-6.3884209604356075,2570916799,26.064410712858603
268133001,53.325312993288186,-6.26456332250423,2980286508,27.927512008551425
267003020,53.60334178806453,-6.177896754934084,479843890,18.260709992851947
268074004,53.38808892631591,-6.170587717140662,2941847902,20.137300908695565
267143019,53.27179442723434,-6.37726800728154,9624524711,6.62597623468408
268010010,53.35944919774513,-6.2543824693006655,13309231471,16.660678493628176
268007002,53.370258160965214,-6.328636737257688,1261494720,32.11136454563029
267147011,53.2855130184279,-6.381724816545445,6225063341,28.226946161724015
267002002/03,53.60919128401417,-6.2085140281219156,6229223106,34.759328589100456
267029012,53.386697159160995,-6.388340934551397,13084295751,39.962840820079734
268143024/04,53.34406129119653,-6.23252903677456,9294899466,12.541449981980003
267143018,53.27027500165465,-6.373686375748598,9008466761,6.929350176326792
268005001,53.350277243515734,-6.285380198239328,469313723,15.645686961888588
268078008,53.338571801712035,-6.32550932988664,2894522727,28.762425207284473
267088008,53.264606934125425,-6.1698929365716575,4214471327,39.05486771377155
267030011,53.39983485833752,-6.369799439964927,18238298,18.310898825878855
268007008,53.36662893850846,-6.320839050289778,6176572942,12.02093594838037
267114002,53.29337645781856,-6.289581948556574,7813629425,26.641968085210454
267123004,53.5812859021101,-6.128833012805605,1426131523,8.764799298003696
268061012,53.34832215642692,-6.358044649393276,297387944,20.818560295723486
267140054,53.283352391133484,-6.426076636460775,2120180024,3.0629674590588585
267124009,53.29230497390835,-6.215536636332759,4960767708,28.68981357727143
268028001,53.36633670045283,-6.257148222210064,6370510023,5.753676115076295
267040044,53.374091050746635,-6.400184294471176,12837001214,4.344321280045377
268154006,53.32068334698503,-6.341231448958895,1396001358,67.54238495820758
267044006,53.29125464087508,-6.2622416165211865,2406333383,7.393682078195258
268096007,53.34215114918293,-6.248092008071518,10827085461,15.905628191738474
267147029,53.28473529517139,-6.3780378774816,4352502246,6.227303736988307
267048002,53.33960642195878,-6.418563671261787,3001074284,8.869724933266166
267100015,53.345946654698224,-6.434781294865791,248975496,26.9719914527583
268044004,53.36590199313969,-6.211531320047406,1426961872,32.09348673375345
267111010/02,53.41900890781515,-6.150875334433637,3985799890,3.3067682610252174
267133027,53.46261349707371,-6.227252737900544,2986146510,16.843140467834367
267071003,53.286062796961474,-6.152459624149412,657950351,3.045969213995
267147004,53.2859579715281,-6.375739575581877,12558252119,11.753342180117915
268061002,53.34310884724637,-6.352458486484928,192306725,20.07303169837646
268160011,53.38418008770045,-6.237883794355465,1401680620,10.860540382895998
267115014,53.292052972047344,-6.2784073368855156,11178258923,22.6612227309524
268079003,53.330325825304456,-6.336046066254987,13356500776,11.73119680260981
268134010,53.31515869727928,-6.262539619648556,3115546718,9.643015419588156
268162013,53.33180804686059,-6.268662545919884,4698140936,19.10195580312892
267153004,53.3031230851301,-6.3303653577026235,8627014883,15.209189019603398
268015017,53.405821973002176,-6.2879490262361255,6381722825,1.867813052747395
267049018,53.32288734165109,-6.4205779991298675,8857701522,17.24232136136803
267124004,53.29766833089371,-6.215543757722643,8390500407,12.61749807822787
268159007/02,53.39696000658664,-6.243424756640532,2761831277,34.839053129560085
268132003/01,53.32670669244064,-6.276571046044738,12205524054,11.248183414564242
267050030,53.325910551516955,-6.378043264032252,8949804922,26.551823125759157
267134020,53.4524309560722,-6.187191183477952,253315374,17.39880256750109
267053019,53.31464301196635,-6.40670015893883,3325561580,8.274660230586782
268161005,53.33680344566333,-6.271407669645118,4064133392,7.591820028481298
268016001,53.40375177892961,-6.279362181109511,530807845,29.41437412926456
268104003,53.35213849527896,-6.250643927770455,1836351034,10.759230890374257
267079008,53.28901440674926,-6.225275501682705,12496934062,4.100928650353078
267123022,53.57373992248751,-6.119275213137699,568231597,24.433102769553862
268094012,53.312949962199255,-6.300349554842456,82661810,9.555389434719698
268009012,53.355899262569,-6.246741252270859,336142120,37.02469579394363
268096015,53.34470073478173,-6.246581531084597,3978749605,9.760266857686574
267097018,53.250032572078815,-6.124485232499417,13464991690,13.450296400058955
268042014,53.364199758280144,-6.180614611547371,7500295161,16.57547385333561
268036001,53.36069226159794,-6.29702454924211,11961758383,21.147248274635096
268113016,53.31456941179558,-6.213588566301711,8911954096,29.892071942557575
267131024,53.46185407250104,-6.243644864423762,26472844,1.6178471414830977
267085004,53.27341446478238,-6.32454152696366,10795929032,21.20191887810399
267154004,53.30080966944376,-6.30722871254144,2484031245,26.34057648300555
268104011/01,53.35497296529015,-6.248751144463691,13790152400,55.67206869133474
267017011,53.292120288452146,-6.154429387349795,598194930,13.91984936466261
267029028,53.40012191784691,-6.394546031791576,12883609870,7.1563742816414395
268078002,53.33894717994134,-6.33131289706143,7563217024,123.0166178011278
267127006,53.28560417024808,-6.196815272736578,181285599,27.923792321668465
267080024,53.27054978287646,-6.240709892648082,247804737,25.135048370862958
267052009,53.34383310095869,-6.400328368829298,8699712998,24.202399234619737
268084004,53.344252652791496,-6.318075655721676,292680648,16.20702470319775
268127004,53.308097378710826,-6.265452146589701,10276847622,34.131795800697425
267058001/01,53.29453730216963,-6.226499286422922,11833844382,82.8601489771489
267026005,53.301069253216276,-6.193706571170155,701760728,5.763863094198982
267092043,53.26458920390757,-6.216092189728256,12710296619,19.872521573110802
267002035,53.58591930955467,-6.185337944111891,9413873488,21.246302626549245
268096001,53.343999717020054,-6.254908951618585,540519806,11.040196478989145
268129027,53.32086644997865,-6.239051412464858,13983864245,16.69029986452354
267005001/01,53.4213116684457,-6.17445740215917,9575309211,94.95379338762189
267100083,53.357747749401305,-6.413504405462979,8779260345,3.8799218755577463
268082002,53.353814027175616,-6.271152366373852,5152933613,5.046541154701491
267104007,53.52281195302806,-6.160211718137114,9444718205,21.671663695030606
267097002,53.246229273706035,-6.121356687499068,674100088,11.662243703191551
267126007,53.278246899885026,-6.192227009346478,13726932742,6.099795669766259
267087005,53.269925194849094,-6.163687163768314,1333921854,36.562072442953834
268089009,53.393652392763094,-6.21658285309133,2423092474,32.54443847531516
267132004,53.452823703409,-6.232305982774611,253181917,59.71918384734852
267103004/03,53.347612996319505,-6.463435940918857,10210387164,22.56000953219625
268100006,53.33927755721869,-6.28151277522707,914786444,18.717332741029903
267117002,53.30350936600139,-6.277978939322206,11042609059,9.828997179405054
268006039,53.37774202152499,-6.324255261826543,245807860,24.905124437756342
268021011,53.392567859921506,-6.233816898259542,16712007,11.021886373700848
267083006,53.27925897231909,-6.29927035052937,9671884764,4.625975047376488
267035012,53.24541553883727,-6.310145975670243,2379327169,173.1096005513693
267040048,53.3719974152924,-6.402824501861523,290791711,2.167579380727635
268112004,53.32687823995241,-6.218229390254076,8764059236,6.704511626708855
267031009,53.38208618083417,-6.39581931746848,12981939867,23.96409383980122
268018012/268018015,53.39615347231067,-6.267815309514382,3927243640,2.7553388576110014
267094010,53.56901631627175,-6.106345650834841,1523394179,18.618521078446072
267053023,53.31108988582028,-6.406101672880189,9555196219,11.792646353146248
267039016,53.270827467479215,-6.152872623212611,267124210,18.970362447088643
268136012,53.31124284601191,-6.28178598961165,1499519378,19.856048041542618
267112005/01,53.2784209468689,-6.48590881012361,4867470391,1.560307813180916
267110011,53.433157614933755,-6.124885671225353,3647682701,30.686462321796423
267029024,53.39797325219795,-6.395045610284202,12881401341,2.774045667404392
267092016/03,53.261105849023046,-6.224045005987168,11635890389,2.781153474567045
267096005,53.25542766532477,-6.126146071290949,13463031178,9.030500852450263
267067010,53.290044478990055,-6.134643635810004,597119752,6.79327273672319
267040027,53.37452347044279,-6.387199495693879,12966960508,13.74744743326
267050029,53.32781965462522,-6.38334680190533,4852743966,14.347444638142566
267004012,53.4015134543159,-6.143026815710792,968717633,6.592666813400448
267075001,53.29177403420515,-6.149701818557581,13009343716,9.659054668962062
267084015,53.270780455287294,-6.331341663830243,9442545006,24.479951015216766
268093005,53.31614432230648,-6.295524526001908,4898433740,58.19796351813147
267103004/02,53.34533576039094,-6.466788762840606,8828049910,4.945163775322334
268012005,53.38484536301116,-6.289548012638292,1276534264,25.512345603156366
268129001,53.318026673364834,-6.2382059607860425,2760559814,23.808981341941205
268106004,53.34951499115187,-6.268051580906639,8063466704,23.18890114844241
267067001/267067012,53.293731524348075,-6.132721037892024,335575580,5.205103195810345
268032018,53.35294852407617,-6.297670374213803,6204193903,27.882046144482832
267020018,53.28545827780257,-6.188993662954732,9399302278,8.991001442923123
267118022,53.53269011918279,-6.0941921070752,6780530203,2.453852733572052
267028115,53.39826482543763,-6.437276611241472,12726003403,2.8791603580198517
267041001,53.37805843603875,-6.364488444606738,16465356,23.228831740375835
267147024,53.29162989193478,-6.383736850754259,4485947658,18.35197739857387
268009017,53.3587483131059,-6.242375094509785,247176554,21.160507783686406
267053005,53.31912026931201,-6.41563641167889,11876240526,24.58380808202069
267103023,53.351500746028265,-6.4551075545297305,9015365376,11.905593209270192
268159003,53.3909017599174,-6.242325084423519,2373513260,40.85256896468988
268031010,53.36557726610759,-6.285739117725276,8931357565,11.899927290567867
268026008,53.382965965459285,-6.22757387528272,4892641879,42.42386796176711
268085002,53.33789270736461,-6.321206025729056,2609826917,3.2781528809633738
268045007,53.37034937587551,-6.197775452833285,3490840133,13.501543748509903
268143018/01,53.34489860593457,-6.2394908376043485,3184268454,12.040908906025084
267041011/01,53.376371172815965,-6.350808330499613,12685875753,42.55413760095579
267045003,53.296475077893035,-6.256210567642244,140405215,3.639984523875975
267101015,53.35423733960764,-6.4420736959718985,21519305,22.99291006218983
268110006,53.33899386277864,-6.225658244243988,654062761,10.477116323248095
268043006,53.36191382071455,-6.200714879394714,129978365,64.15542028139137
267007012,53.270990866690305,-6.260722455970784,9546098336,47.35064816653858
267084039,53.28549661061086,-6.33646693555622,9995200870,79.45935864185127
268136003,53.31369212339864,-6.276461000427987,13255085713,5.113172219815034
267154001,53.29740331879614,-6.302597015549136,4842394914,2.2535193372336777
268160003,53.37583483949446,-6.244608240871106,8558506048,12.148613518436592
268051009,53.33548665781234,-6.314926173148178,13356294917,6.885398844635353
268067010,53.38001983819667,-6.291444422639035,2372734220,6.615522144856245
267095005,53.378643354089554,-6.078464482257823,8942514618,71.48694647921646
267150017,53.30824760174791,-6.304035098337964,8660643776,14.478766456466666
268108008/03,53.35324799303736,-6.2307460589604995,2177304014,15.843749866585288
267139004,53.28791070366933,-6.348491518513283,8533719852,23.45507963362969
267150007,53.30961985180219,-6.3045993222943855,8599862109,23.37701156573702
267064005,53.2782871511315,-6.104806904868909,4960815483,16.18779273342588
268160010,53.38570248022733,-6.239715891498819,9832322609,3.323114858954982
267042002/02,53.29297759373209,-6.2664463314789,11114888541,6.165840358068444
267007021,53.26894514983958,-6.252129962347909,248081901,7.07650297817639
267143020,53.27173478873399,-6.374550335114866,9008466814,22.967723442377977
267132003,53.45403627593746,-6.235446158945177,2367031424,15.677201716979797
268081018,53.35585489478057,-6.270041317246365,4781416585,5.939087326977579
268108017/02,53.35264336797542,-6.239422714918265,3634969401,15.97148656596949
267098003,53.45216846667171,-6.291058572044861,6323421199,26.21544117447447
268112003,53.32387500830103,-6.2136173527995435,8757669528,19.733989450992222
267014004/01,53.51842194331357,-6.259715474209721,9672942379,69.12499064441529
267112010,53.280854508068984,-6.474450838125368,9646116159,7.801098650068505
267038003,53.241312874336785,-6.168483780332561,13295438184,17.020977947828897
268115017,53.33701005507767,-6.237517045349139,9601747812,14.995579125036333
267069001/04,53.28369084288626,-6.140730548460259,12509144374,1.6928820009743812
268021007,53.390403264934015,-6.2412341252332935,2375077228,24.347277507400175
268035006,53.36671972246276,-6.295889455411787,15413061,34.664792155926285
267095030,53.38484011280954,-6.063639923656558,253239408,5.513591877271731
267118015,53.523802277540234,-6.0852773917425536,12556362300,22.47581182134897
267093001,53.559063241561084,-6.281907984667544,11541780368,259.2510802138896
267119004/02,53.27928357070858,-6.448837739821041,11649653387,27.84487637573431
267046006,53.29693782227373,-6.2480093232152285,6433689573,6.5412371041898005
267100004,53.34398561276875,-6.450202451412112,9012701478,42.355784051889415
268114001,53.3216333672901,-6.220509938605681,5590812120,53.238986538031895
267130009,53.38980716603354,-6.142741905660528,257306435,8.319856215124853
268066009,53.385599192020905,-6.317477628337747,2375495122,17.877010708192376
267095031,53.38449421935574,-6.054282720467825,2380397777,33.25383796845078
268061009,53.344969791805816,-6.356464286623881,2964375028,77.4892592280182
267078002,53.2677111800859,-6.22519683562164,13102460420,9.39316216504805
267028004/02/05,53.38718947606027,-6.435537867874957,6190352557,21.640442784629503
268086002,53.39581413463253,-6.208477391634681,4939797798,48.691935686615125
268161003,53.341692042180995,-6.27117588585325,5967961084,28.563056797615378
267140050,53.2802226199363,-6.402389735166784,11591274738,0.29889951702193684
268010005,53.35932995348896,-6.257399583620519,479669445,32.223448505957016
267134005,53.45124762023202,-6.201499955915434,12630265763,10.952510504038717
267105011,53.4439802866424,-6.137729688193065,3870813568,16.265389660730353
267097015,53.25083686657874,-6.116752548436098,14015495436,38.75055167830019
267011003,53.282953784442036,-6.2497652891314,230302711,18.203300588006442
268032002,53.35811860654761,-6.292439489413674,4935950136,25.37147340779324
267144002,53.296153938074276,-6.362888991778978,243888691,25.398005843516312
267059001,53.30352346194348,-6.239308064700743,257930255,18.37016021973302
268083001,53.34257091832603,-6.333973362396323,2951477095,31.61348341020547
267051015,53.34409156051167,-6.3845737297144405,13175397852,7.057089994673541
267048001,53.333613085405354,-6.419167397659783,13723229962,3.8054648686070696
268050001,53.367591960199626,-6.232649322374025,243910134,9.16961289367233
268144015,53.32247967933021,-6.280887005041565,585345781,12.006894336882555
267125008,53.28332321017841,-6.214714089770217,185384577,29.789308394760383
267028094,53.38939217229576,-6.4275117957428245,353115871,14.033416468414712
268057001,53.33853506797705,-6.341939011758973,196222358,32.23496683837986
267021009,53.299252971179556,-6.187854676927542,984477528,3.3094838464906053
267036006/01,53.26569339507595,-6.136742564304584,13298256695,27.509502508602235
267065023/01/267065010,53.48726279394871,-6.096387404048764,715050317,237.60668192762407
268123008,53.39922986400575,-6.20771896656002,305245782,38.18467488682146
267118017/02,53.52639991467939,-6.10269622585585,12504980425,18.83126245058839
267074006/01,53.28235350261228,-6.1452966016627055,1351454912,3.9360947030849007
267097014,53.24859887907717,-6.11469909185931,14020902610,7.967641997240147
267151012,53.30884943278256,-6.341439983328968,8622642924,16.395322952602427
268148004/03,53.346826679513185,-6.305317366027123,5733881064,23.418977118005603
268117004,53.33398155606355,-6.242831113656919,8661849756,9.955498180363314
267033006,53.38684418249837,-6.380361229713706,12823455923,5.875561904669029
267149009,53.29905992630686,-6.314283884023291,8612020955,20.07108823340472
267082008,53.2965625814249,-6.237863766836705,260022254,9.494767087570343
267049001,53.32430761361868,-6.443505588737141,5222541516,15.551636746567903
268128018,53.328520130377974,-6.253259849383689,2989604050,16.35260362004583
268004011,53.35281016604317,-6.296449789107682,6201965273,40.86170893338953
267153003,53.30255406329749,-6.32779625937626,10148550921,5.989681931602244
268108010,53.3536688562705,-6.2315919276980996,5602544837,34.113497578505346
268149005,53.34560015110828,-6.284171931741709,3227988046,32.36441744571688
268005016,53.35540431189354,-6.289047955049421,2399657810,10.495108835091681
267058001/02,53.29598460121163,-6.222140457311006,14072621737,2.2833641680031724
267143022,53.27428100066713,-6.362961678233558,1420913459,17.8458896334045
268068002,53.38091181711694,-6.306166724761911,1276542218,14.762247791034659
267043003,53.30128186652231,-6.271270249142736,212614601,38.327771680285224
267108008,53.35201676567616,-6.372759690156324,10309865066,27.54093319279207
267024002,53.28693972519363,-6.164805314470178,658116655,18.102352537986736
267025005,53.30052032767292,-6.171701726378324,1424141485,27.586299475527014
268059005,53.36607714338457,-6.254831918419095,6378526011,49.258612703420795
267123017,53.576066978461654,-6.112121230654351,4163496621,20.694878630615865
268117009,53.33232389544967,-6.242057057257965,13188793000,35.54223704457846
268037010,53.34920993360561,-6.349594164340078,6363690158,42.404794477662925
267009008,53.28120167329785,-6.246992519305741,13048859484,39.85602340863195
267147019,53.288061840199084,-6.381583199470445,6231450020,18.05206363545397
268123006,53.398545387745344,-6.213689900301117,295516509,12.988468692511459
267148003,53.297694248293496,-6.3508234907574606,11025908280,17.58220194929122
268037014,53.349893627636845,-6.346157230410137,4006179052,18.407835085841022
267132031,53.447697170323465,-6.23353685347534,253182788,26.417355912495815
267132029,53.44930608281943,-6.236897615153659,12771754642,6.80332935443214
267148018,53.29925156771425,-6.350543870835786,8623798163,9.484202762881512
267117007,53.29792373000209,-6.283439126619836,2474110723,4.286625587694241
267013011/02,53.28386235975745,-6.296769454985796,13856934593,7.19269485906992
267055003,53.31213036303453,-6.24182268344846,12652243336,4.552924481026484
268030015,53.37119975308449,-6.2859491193698185,12867459,7.127113328998329
267007008,53.273669096982815,-6.254411921825417,9563305055,20.387183027954997
267002029,53.61711633414536,-6.193503542315182,2384198091,17.40433120746925
267026008,53.30578131159856,-6.187679379751699,11507854358,9.88291203956596
268119004,53.39847936301995,-6.188099654793527,7503785086,24.470186216626672
268022015,53.38988544541361,-6.225190544675563,5421162069,17.80582177514447
268087001,53.391399097788806,-6.212702297497457,305405460,47.17634846492579
268118002,53.34697752904792,-6.320514604662062,5606170688,45.68116021954862
268129002,53.319107723697016,-6.23851232884976,5155929162,6.835090369149287
268144012,53.31948286785278,-6.2843230055352635,3647679549,57.759087640417334
267036009,53.26596784277207,-6.140962450434615,1411048434,6.888584741644313
267116004,53.28567343195911,-6.289732611372695,7773666799,34.33633315406604
267040046,53.37418415342161,-6.403640001587115,956568887,2.150747313782234
267091002,53.5638890243497,-6.387203084400359,10686113354,23.113983966677626
268111013,53.33080580335897,-6.217488551293632,8912352497,1.9386897469907753
267144004,53.286669397956885,-6.36502550752989,11571541508,26.271717913710752
267027016/02,53.39370502903719,-6.357952651548916,12812002161,15.978470102347265
268028003,53.367492854822586,-6.25909443909307,6370510047,31.154141051169432
268103004,53.33571985797303,-6.287953116844032,358540413,46.72124234862886
268108026/01,53.34762820302216,-6.233448324984635,10120757387,34.205249020774126
267103001/14,53.34765698939284,-6.4677677157008375,11720916899,16.04349556946132
268080007,53.3609820866284,-6.264426973534834,4890431828,36.36844196767389
268091003,53.32375367522947,-6.304910408348123,1410013756,15.610575131083305
268030010,53.36624701117725,-6.280883154831539,616342187,29.598480045152343
268119003,53.39978731223359,-6.189102950082097,7503785098,6.511391012868152
268058002,53.37072336593271,-6.241742499578823,247417793,9.141506571824833
267084029,53.278817533054415,-6.343604516807382,282730514,2.9077409419291813
268113004,53.315847997561185,-6.235051162415785,2499322728,5.696312620028319
267099015/01,53.44016772226731,-6.218987945571868,1882280912,48.45343601739056
267028087,53.38542753377503,-6.422978611464732,353011116,28.105529994045884
268067011,53.38186783284349,-6.292882634453536,12692137191,8.844810489913565
267007006,53.27377308253341,-6.256263124398778,12198796831,10.210007821954392
268137011,53.32246557655633,-6.271140511242786,8907166767,4.398627129474651
267092036,53.261720813717,-6.202006315426955,2371109677,20.810090534055288
267080017,53.277524877491444,-6.238992658776267,12269969427,0.9954618723294724
267007018,53.27093859524937,-6.246502073984163,2392870746,32.52661638750229
268115005,53.33413789876574,-6.235178941097568,8659081532,9.329493048873898
267040038,53.372718458004414,-6.397051321187972,12836647167,9.291273135558518
268084002,53.33959503889232,-6.323789903521913,1414512072,29.585103736405106
267118019,53.530196432345086,-6.0998532604000175,6780533803,22.745079839304175
267003010,53.611262523958295,-6.186004042408383,10920239237,15.129450211998044
267074002,53.27781434151531,-6.145005221008269,4846317796,18.67772459357702
268140005,53.336975321604385,-6.267400855447116,3203357427,21.89444908906386
267082003,53.295118164,-6.244813223835355,260022359,26.85365638540069
267050025,53.32089534864255,-6.374656378748633,8998976761,28.486837945295537
267085023,53.28266762528788,-6.32503267123068,11349742873,34.52195544004631
268156001,53.31720549120827,-6.31901005845913,4204774696,17.31742027174539
267028090,53.38855765209237,-6.422131437719482,6711711206,20.67628596608244
268132006,53.32220658374483,-6.276444483019876,585345788,34.51201389187208
268150015,53.34284328477979,-6.286487679538171,3594373525,31.625301432603454
267066003,53.405707474108,-6.301088540911859,6329809473,17.028465773880598
267158009/02,53.42833251946459,-6.360323441025239,9973592441,139.332477934485
268095005,53.33939521145143,-6.353563698887489,196401124,65.21836387205497
267118020,53.52869475945761,-6.096076545956005,253485550,12.821475336037517
267057003,53.3050874510629,-6.247121836394544,13449680455,26.444112789971705
268112002,53.3224791582277,-6.20741765094617,690147035,48.147719565764774
268143008,53.342305603144816,-6.242832856368143,3977133335,17.730343579668727
268073008,53.39488425336302,-6.155892684974824,108037063,53.88436282261329
268044009,53.362243998137764,-6.211743894917099,7491576154,45.41145814634955
267152001,53.30512946687205,-6.319212257222699,8612706985,22.01156273749887
267028020,53.39409541896136,-6.417123161927733,12925518213,3.972519519308499
268130003,53.31982098260161,-6.256050972376534,8390553458,39.957805565562914
268012010,53.38194245960213,-6.289284720709376,339617038,56.77751339553788
268149008,53.34450915168504,-6.28308526546471,628884554,27.435880679849156
268064002,53.39539590693931,-6.307477918362811,2686868877,14.262890414274388
268099001,53.341867984955236,-6.280397003729072,298693137,29.979478879473294
267053004,53.31897490319595,-6.41119300949504,8923649488,15.37009895797306
267141010,53.27636107708676,-6.383521558471192,5262665668,23.413803558601366
268144010,53.32003670860535,-6.283006585650763,3647679549,53.277904798706096
267103003/02,53.3539817724876,-6.456814660455503,1695324575,12.820559346399486
267045001,53.3036784401641,-6.2658994291862165,50865852,24.43588959002746
268114010,53.32983204145055,-6.226566738138297,13137917911,83.86801059262731
267101018/267102004,53.3628915730078,-6.425106814210702,5078837135,41.54580479027725
267100031,53.35131388990031,-6.432722924253298,8783896706,8.837260473969202
267048007,53.34014823727239,-6.410381052204781,8686012841,25.662078065372132
267040004,53.36588406642266,-6.397582163867496,11366992999,32.68168203827756
268039001,53.339088584124205,-6.367094700790589,4825289491,45.5967700283708
268135006,53.31429276960455,-6.267670688236689,6412468111,13.357364378457776
268088007,53.401571142100714,-6.232147530939237,603162327,21.57779768341545
268071025,53.40042268845379,-6.164279620787424,6077628613,56.89059684342538
267095033,53.38103915218399,-6.0522386447541345,255764394,57.93831628829728
267015009,53.25915334173375,-6.134153616356905,1411048192,17.7645407021833
267132042,53.45442873856765,-6.231209246992289,58603358,26.409122498573357
267038015,53.247311701865804,-6.1444689960545436,13381955273,13.403474291092087
268108011,53.35700812447567,-6.234593449079303,3209238017,61.969250008071484
267109002,53.352024478610154,-6.3991387079414075,13160571712,36.566282289893216
268014009,53.38307447318786,-6.28153395774851,2375515803,37.70748038994843
267003021,53.60453003296123,-6.178848795307202,479844245,41.483494547865405
268061003,53.34509123176205,-6.364948085924557,297388001,12.643826612278769
268021008,53.39170857608849,-6.237260190199242,242783742,52.499169792474
267127002,53.2813449413467,-6.197861087933021,190767259,48.75739057515453
267028041,53.403829043035955,-6.436302813152222,12788176762,2.8603567512565777
268077010,53.38109704837025,-6.184345971957538,1427047579,28.698256545274386
268081009,53.356256093082536,-6.271554249456932,12738760198,8.534339879766135
267127008,53.28370026928688,-6.196574019963973,3267279278,68.58930975000918
267040001,53.37521724256804,-6.40568373138453,5154336036,13.36141690691746
267019001,53.31020649192584,-6.205971647597863,3227845455,19.78259050693449
267112013,53.28254932447312,-6.4671640937952946,4260065852,26.57697705411306
267065027/267065031,53.49166083062868,-6.102040038058962,253983265,111.80457863404037
268041009,53.375664873157056,-6.1772275475837946,135686100,38.12581501952611
267097011,53.25102568930565,-6.121976643481679,13464593295,8.766067284803393
267028117,53.39435662485809,-6.442729261403408,950977420,8.929129615677803
268148012,53.34306151161458,-6.292286801287659,3124957079,28.03239098102261
268142001,53.33053625755748,-6.2683213275210745,12696444232,26.572014753577154
267095012,53.38557541850579,-6.070613322344358,253241662,46.96603761674881
267123027,53.58154003412187,-6.114930317826043,13525602941,18.076285104759027
268007005,53.362852912463325,-6.308506862106841,4382235957,9.438604869041244
267134014,53.44682694137756,-6.184278943382215,253312647,8.160464709202936
268045003,53.37444077472601,-6.196568228260172,4906943494,34.63273628564599
267028088,53.38650374256077,-6.422072699744584,353113889,6.562002619496411
267084020,53.26998575668039,-6.3282103234572595,9434513449,4.0254636719692
268109010,53.349565165165885,-6.241487231378898,5064276594,8.275165435541888
268031014,53.364727569212825,-6.288880122466705,264588150,18.96383569784218
267144013,53.30145502427282,-6.369403832505492,8570238157,39.43789847051781
268077003,53.379746935845375,-6.193978492649865,12140823031,28.845125888991983
268073005,53.393354843179935,-6.159542854754275,4893019663,11.72452012887945
267025008,53.295894337208495,-6.179326078731555,3733416000,61.93155468429513
268020004,53.39308529863797,-6.282432377971064,7488137858,9.064137571872868
268131008,53.32212810263506,-6.258805981871203,563895169,10.867254018640606
267092042,53.26260238884771,-6.213295122161525,12710296580,27.494001278068698
267144009,53.304938615003245,-6.369620864058811,440118868,18.15667826460885
267146008,53.282832529212676,-6.365718564347827,9464710976,35.35819436628147
267133004,53.46608486845833,-6.234961507428835,2986146734,22.569240689929956
268022002,53.3852056182267,-6.218432530424301,5421563186,7.504334797566329
267088012,53.26709546482637,-6.174940132284784,13647469561,33.31864389313339
268016002,53.40279465223147,-6.2747832149964085,4693897768,17.813821846973344
268156005,53.31920744980558,-6.322865277702561,2763710405,18.300118110136477
268087007,53.39264343352017,-6.211018014014681,2516833444,42.85777074972528
268030006,53.36200587221249,-6.278753818555271,4889112254,18.52165542395901
268104008,53.353010428546284,-6.251395353091464,131037494,6.404131102630166
268071009,53.39801280536262,-6.1673455538779915,49395794,17.989450454665395
267001001,53.4047306605601,-6.246767145332608,3819434007,6.397009864005233
268021004,53.38937397280822,-6.234569257766322,8592301840,21.812542898323063
268067003,53.379571886250886,-6.30122556005168,2375494649,39.52397729979974
268120001,53.4007226292727,-6.20404193603062,305241877,21.24903893011268
267086011,53.285755507723316,-6.325749292841048,8075903378,31.72256686215755
268012003,53.38297309674132,-6.287395560722962,339617057,31.949654349246938
268017020,53.39708193837327,-6.262253189066761,11290217555,15.902041897429058
267152003,53.30043809291951,-6.316855113261807,8612706762,4.871051282650822
267103008,53.34927019326759,-6.468452672467817,26446631,43.11484363105916
267120001,53.23199950188274,-6.161259691085191,10703096888,157.0921310517117
268102005,53.332774082072405,-6.27819259257475,2434542151,29.670051114343707
268095002,53.34101108712102,-6.354231734916849,196401062,26.55541898546138
267027004,53.38871997679403,-6.3778389074890525,6042956993,104.58601890721667
267100016,53.34161058415185,-6.435766324117634,12804881955,12.51755066219835
267099014,53.44610391330644,-6.2082960319202725,10738213172,33.078221653032124
267085017,53.279413222314226,-6.320544198230905,11349723671,25.729240022520937
267131013,53.45954622963717,-6.238242736186016,254487384,5.941854517343483
267004003,53.39256647911048,-6.140651044300694,2437707249,10.55746665453023
268119017,53.40415457707289,-6.181098056148141,252650721,38.89946800835641
268143027,53.34273986150855,-6.234800450398855,8092047088,40.98536523066779
268132002,53.32602612172839,-6.274614975125975,4884429438,30.29283071039272
268041007,53.372365419501904,-6.180252030524382,2402697472,89.05988072747981
267074005,53.2813712743947,-6.1484902561213906,4960557289,3.924022801772074
268018010/268018011,53.39368175164748,-6.268069813113064,4783851359,10.845055052670888
267040036,53.37320939724535,-6.391322039986894,6206727438,23.23352064508954
268113005,53.31578864473887,-6.233157254002961,5721061670,15.460884695248824
267100003,53.33387597050572,-6.4414034955333594,2103212434,127.00789798144329
267005005/02,53.40961563931716,-6.1767408222466536,821808547,19.28128127291954
268133011,53.32789450600369,-6.264093230898886,2983557895,4.933821809535586
267096012,53.267263364464604,-6.118393104354481,336221329,18.232154326387715
268138003,53.353876967902835,-6.257346325317141,3575151645,23.310011692987953
267109006,53.34872621538536,-6.40026453709266,8719923348,21.872314310307583
267107009,53.29624380808197,-6.473956189079889,4835935692,34.02000106360956
268083011,53.341571151015714,-6.327851332994326,5760547139,10.24446254251967
268116014,53.327715696154755,-6.231712109812254,8526371063,1.8733819364737836
268159009,53.39460743204782,-6.2485565761488475,6152800381,14.218653777172863
268159004,53.3917932648046,-6.244019731213375,3889456412,49.81163587894121
267070005,53.2843841702705,-6.15651696917331,319029826,34.67849151883234
267140015,53.27729430347777,-6.415729941782493,441403004,34.72596790502385
267115008,53.28752124021956,-6.280790271055111,7773412227,19.433892979252867
268137003,53.31994631056966,-6.269379242719832,564540054,63.588688985534176
268045006,53.37119811545731,-6.1998499862238035,4893614151,5.476032164946913
268097004,53.338947956231515,-6.249954201956026,6007637185,9.65024862533955
268145012,53.31487407041696,-6.29382543926964,90399052,4.4133556250135895
267020008,53.28668775518952,-6.183892245665689,193313078,20.486608777656937
268109014,53.35105176590291,-6.247523391256131,1025224311,24.955568554875818
267151005,53.30691595366154,-6.335753641970383,8622642610,3.2411370419787593
267084002,53.274378411212254,-6.347986641506122,9470125025,14.701024807153907
268143009,53.338849707648606,-6.241842175437589,6095328037,11.015280383546623
268136014,53.31306468196401,-6.274332897301133,2958830800,9.718626453318464
267100085,53.35357755762453,-6.41696049190927,8743592927,9.129784312263768
268112005,53.32692516311137,-6.215918489103364,4894670529,13.483577444823947
268071004,53.393975603437966,-6.170031399945982,4892983455,17.744841833362333
268006017,53.37389221695988,-6.309499027387527,16054040,18.349465440550414
267138023,53.293436018094496,-6.389505226913814,6673487478,23.814084394214518
268004010,53.3491884129918,-6.292196227710477,5394214293,40.29889684647913
268038003,53.33579187274759,-6.382286144531787,2775959359,92.51249451500729
268053003,53.329112472111014,-6.286576725649325,1208286703,24.376187165051938
267145006,53.28544960549949,-6.354457497150992,967958797,22.490919352776018
267067005,53.2886889852425,-6.131206510507305,659567964,13.678002495312194
267015001,53.25473999265872,-6.129196060511532,13539044668,11.93316292179904
267028047,53.40154777895883,-6.424421336613904,12784360410,7.265633803566122
268126007,53.376305156211416,-6.167449076508736,2601615457,13.354254673368448
268113006,53.31631242040869,-6.231718206543266,414605912,56.13714711757306
268108001,53.355441180911114,-6.23095349671271,267594379,34.67456054221159
268148008,53.342183101998415,-6.296660171717628,9998567486,20.135245846419387
268003009,53.34828876959827,-6.280985504695777,13912463924,28.949985172942036
268162010,53.33047144339017,-6.272864615654399,12844867692,29.7074263871159
267095023,53.37270477047465,-6.061498101312751,10024512979,22.215835488993235
267085026/01,53.276677849637025,-6.305380867211645,13822322572,13.482938206939195
267065015,53.4882922151618,-6.1442151075935945,2926161254,4.026838027743163
268108029/01,53.349827348347645,-6.233961676690318,11278404248,31.729468852296996
268145009,53.3108463836965,-6.284223439826733,96782594,9.996280758006765
267051012,53.33785428570194,-6.38843541783039,10816799151,38.82347973924752
267002008,53.61599726575067,-6.200406020403881,247794166,22.620809209129888
267100052,53.3458794485619,-6.430896435566489,252237477,13.19634207012353
267041009,53.37845663527646,-6.355611657916187,13098421672,19.965772565544622
267118025,53.525730482781356,-6.094516884646241,14045474380,16.09236882433798
267075003,53.29173986713993,-6.144603528280042,26795837,15.018890658878357
268113012,53.31991620082446,-6.212549157172216,2496325976,20.96528645176582
267126004,53.2763221520364,-6.1953181824545105,158307995,29.180726869637017
268032007,53.35908888658094,-6.288560061097565,2399617668,47.27042557053633
268020001,53.39092369807714,-6.282626357060356,12283746,39.252738496260385
268039009,53.340951844986435,-6.364776381359173,320023071,10.838247884719086
267029006,53.38780683712502,-6.404945716962297,12909556695,7.680135829936141
267065011,53.489410995218485,-6.162044899922834,5305454682,13.332412338721866
268150013,53.340094214114366,-6.2868632240059075,224036036,10.671062054727559
267137005,53.29760240413499,-6.3836768037001645,4453018852,62.662418637200446
267143007,53.27000039599357,-6.370671596567884,9008464902,18.956331460701886
268092001,53.328859575445534,-6.2794965658537665,4232896580,9.438653389911247
267132038/03,53.44912241929192,-6.243970836668737,2986705565,39.337661388852815
268062004,53.38838293724118,-6.187070609682943,301804966,47.17888839357785
267013001,53.28068987075348,-6.314743617819522,10138723539,23.776404204419137
267058008,53.2986080127791,-6.2206274223763325,12753176854,57.106758284311155
267133019,53.474975317710445,-6.235881389969624,294013263,12.899137217152564
268004004,53.35041373545318,-6.292887750832548,2399638656,18.905730311868467
268144002,53.31804345098419,-6.281511113798541,2280550225,13.451163530208204
267051011,53.34317373847177,-6.389460984384035,8691263338,5.0465565741022695
267092019,53.26825698026896,-6.216544491536029,3498845394,41.802293306481594
268006020,53.37608077252166,-6.333354813260754,1472125202,4.505919648845064
267005004/01,53.4083469694214,-6.174686457860844,5334535834,38.61610944211606
268060005,53.37566375525301,-6.253721731144738,5591375265,2.336809449802697
267123006,53.58373898689129,-6.131299223996944,1426131904,31.27966652334393
267050036,53.32417834850073,-6.383709752565429,11867659928,31.776567420478727
268025001,53.37868698963495,-6.227529191225788,9595988761,13.737133536400663
268070022/02,53.371659234395125,-6.234244068915248,13112619110,4.1260634419749325
267085002,53.27395188431152,-6.329509033104295,10771359401,21.933916078411592
267140011,53.277397923051154,-6.407077059694345,9501236235,27.27758105353087
267080019,53.275761065991766,-6.233288766066261,2370968926,13.826885944573188
267140047,53.282744185853055,-6.403608618637367,9481712991,11.619718923988765
268064012,53.389624413706656,-6.303668780861518,5581566335,22.39336953707736
268124001/01,53.38078772935891,-6.15540566514595,3828519394,14.460332673618268
267105014/01,53.4430758947852,-6.133839497664207,3870813415,15.833802610513478
267092038,53.26424522926719,-6.205801269045883,135525001,26.053455864744052
267083015,53.27765034422303,-6.291204986697796,4860999112,32.27770280189948
268160008,53.38279459949605,-6.238965724953713,247958832,25.17183853731685
267062005,53.26906322268064,-6.132091469321837,262305648,90.05907199995619
267002005,53.61092433562035,-6.202457350727242,2366275134,3.1267678982333775
267150013,53.30475009677439,-6.3061035903610865,8660643584,31.242257412045067
267080005,53.26847026753909,-6.246541846592078,247804788,22.333324042204087
268007004,53.36502218690496,-6.310814998495567,9016096722,5.2276300281862715
267134019,53.45155660755817,-6.186188159409003,5565524255,24.677317010518998
268002007,53.35038062142906,-6.2753451687201265,5306040127,8.542914476873095
267133021,53.47424919558984,-6.237587306083728,12695446686,20.74399875725797
267158017,53.421455932504394,-6.3902906941022914,2986176060,13.517851775960937
268142013,53.3316227202447,-6.267531715668888,12844867648,15.830516676057808
267053031,53.32137767281579,-6.40097300503536,797844399,5.155027829964489
267056004,53.303428243217446,-6.228912948544264,336431567,57.66125620652997
267088009,53.26598462577043,-6.182627370355527,8916366006,51.436506711858605
268110016,53.339128065574606,-6.219338130715011,255237703,22.872202172634726
267013009,53.28107184359221,-6.30553437822149,8215550075,9.648651905904831
268072009,53.40116437700777,-6.153815909000047,968117375,20.700550778945065
267041011/02,53.374207222866815,-6.342672425061836,7552749480,86.90372970639012
267040011,53.37596387633924,-6.378218572135938,12974683489,22.610168463964953
267032013,53.40379575577734,-6.388297750359082,3014728844,10.97689723294128
268075003,53.387700700586876,-6.175501545863082,5591294297,13.574762224694762
268158007,53.38896292848026,-6.247772291531801,1259427227,17.750322993164364
267064006,53.28034855056703,-6.102648264306881,480187676,9.010933867619238
268114012,53.331186205665794,-6.227775954708126,13130527816,43.382525546899345
267065007,53.48813686418706,-6.141722691023888,12056316424,20.01420942325581
267012002,53.283327105402385,-6.259295160905985,7037188727,9.28740172398746
267029033,53.38821273127419,-6.392390518437693,13094909115,17.60048538838864
267052013,53.34575024409506,-6.399108242121033,11037883843,15.376561319655611
267100033,53.34882687522787,-6.43309360101801,2677020890,27.690083131646833
267108010,53.348986480389975,-6.371337380342011,10313552103,10.880575254351937
268083002,53.340618541339516,-6.331795611543244,2951477072,13.404385251544449
267076007,53.285773734614175,-6.1203805059541345,718457128,27.396985363982896
268061008,53.34331746651536,-6.35819902137125,297388123,44.71306185921765
268160007,53.383007651884796,-6.241129848938122,247958820,12.354327072806369
268002002,53.353096227424054,-6.282520767686676,10198038294,5.859315110446187
267123002,53.58292216424067,-6.132015177149423,1426131816,6.851790881946439
267100073,53.350584938790114,-6.426367264984228,10275874658,1.7458125162400657
267115010,53.287933176984495,-6.274591671616072,11112449465,4.717149655733343
268130004,53.31806360879266,-6.25707924182656,2473982565,41.335591258453135
268110019,53.338839601273705,-6.222150638990815,31093631,16.003609210206797
267097012,53.248006924929236,-6.120836902222636,1411182214,31.694267970834986
268101006,53.33361106991133,-6.281796073227542,2748503053,37.96063332877119
267145010,53.279625391076436,-6.357376356311572,4906671779,7.5221459751566515
267028012,53.400193665340446,-6.407523383154086,12896545195,1.2092078976258083
267158012/03,53.422846174100535,-6.366988388224773,9978426546,27.896863402119962
267030002,53.39508706231544,-6.380872025775238,12757902336,1.3995663778864968
267041002,53.37511886191432,-6.361402463622443,12698901379,13.467971785417975
267106002,53.45223028019448,-6.179569577289508,253314377,48.628550581775954
267030006,53.39956203521655,-6.381638771425772,12752058685,1.2681144680736063
267116015,53.29655927066971,-6.286157985403899,1284630782,28.011073843402766
268094005,53.31709188786034,-6.308267483949133,4898462089,34.028396175734734
268108020,53.3487765694546,-6.230470538363916,4043214036,39.18721261585528
268065012,53.392604861463724,-6.294607516523469,5570930742,30.108836320342483
268060007,53.37400459439181,-6.25929954953928,6352547582,37.816620011407146
267095029,53.383142794432494,-6.065752927461344,9585927626,14.95603133069972
267050008,53.327516009302045,-6.38937832411672,8951456880,17.42937383782572
268154001,53.31830884124621,-6.33715982764998,8699271402,7.496515767119581
267119009,53.28089890438667,-6.450043950561153,11650696462,13.98947282109508
267041014/02,53.371704367589274,-6.339941157871332,13006313542,28.926410483911866
268099018,53.341416162038364,-6.272858804149179,280000999,6.999005418127865
267133022,53.47288137061319,-6.235399830139179,267708268,21.967299217202697
268155003,53.323353874898835,-6.322346751614806,8671840138,14.061428409060003
268053007,53.33030954909086,-6.2865905890783855,12290882389,10.183853856856553
267032009,53.40491784989828,-6.388660939165851,12837288946,3.277240098729707
267084007,53.27152098032108,-6.335912579579174,287395983,6.931584242423483
267134006,53.45351330962492,-6.205930101587282,12621505570,6.606743179054684
268026002,53.380710145117696,-6.233266501374959,4892641834,23.92690638627465
267100022,53.3381551296906,-6.441086586905393,1262250828,31.702116435396675
268084008,53.34254870580935,-6.312455376984266,2136737704,23.715190477429278
267049020,53.32619496987538,-6.414573616295737,12003153157,20.190565355450282
268071014,53.39908335377614,-6.164873455667225,2401015151,18.31019501674595
267005004/03,53.40800769576617,-6.1724603095927115,4793204204,22.21951291745749
267035013,53.270852390075184,-6.348831949588934,10761858384,26.048867067276813
267138016,53.291517126801985,-6.399766605150428,8490680935,3.205978064723712
268108026/02,53.35119997479802,-6.21255726707484,4230267778,59.97954920429593
268132024,53.323474203048725,-6.2714473806881745,4723328495,36.371327700407676
267137003,53.29810114843811,-6.382342792339137,8569706903,13.00556920259853
267040043,53.376942408362424,-6.397787732821759,12977222733,10.134708235928443
267007010,53.276435036171684,-6.24542110805881,9543963010,6.411957875094266
267032005,53.402214246746865,-6.393463908262757,12840332245,14.353855027415472
267099024,53.44317870266453,-6.199024110064823,360859767,10.520143243549274
267147025/03,53.287219195887104,-6.371032302407065,12793855553,22.030642984348212
267158011/02,53.41713484924976,-6.394429586564346,10262576661,42.26873536199746
268006025,53.37748470103861,-6.317317810023793,3943761198,12.602700253754671
267122014,53.23444580236812,-6.117900579296357,13314504235,11.687584218705613
267105021,53.4374779431262,-6.141587596242877,253514111,6.684619122883
267035002,53.25489673133208,-6.3439788229435194,10857963721,76.13811841094703
267157006,53.31108769673127,-6.329600218220419,4698125479,13.346726258267719
268036007/01,53.35640976400399,-6.300020574615107,11691284120,9.503584403311255
268061013,53.34392546826905,-6.350648815839236,9211896661,20.56887423424196
268002018,53.35115310041578,-6.276177165448089,5306037490,21.949084597115384
267115013,53.292112093162125,-6.277519776297582,11178258918,3.787634119765141
268150016,53.34111928374504,-6.282824881944843,4877120215,15.020994276683131
268078006,53.33896980924333,-6.322604897222322,5096143941,19.121465934288043
268057010,53.34033935680761,-6.34715935885806,196244441,20.881723588767812
268075001,53.38359636487617,-6.178451606813953,301805838,25.65213046054903
267138020,53.28684082351484,-6.4103071991804725,6670306513,4.5425532176560175
267152008,53.30224514201054,-6.315880248502494,8612018703,13.907467906610446
268027009,53.37379126053935,-6.276951069578929,315821321,15.589076889164042
268116007,53.325238273208804,-6.233580420040421,11772737939,16.72820696421891
267140044,53.28481721420451,-6.416303589367395,8641824954,21.09751177968131
268111004,53.33587771933716,-6.224501911339755,248896632,14.06690944016191
267063005,53.2823899766662,-6.105897657307728,11508003369,41.312610955168175
268087005,53.38842027317904,-6.202375269599192,4847674574,41.11456356975343
267103024,53.35020772498679,-6.451382308393245,248086091,7.875670551238566
268114005,53.324149893244595,-6.22488727324871,688693392,48.71594769607846
267051008,53.34410770792627,-6.396307975154645,8691262830,32.23513699356579
268040011,53.33752473613909,-6.366523248141059,320027260,9.664017998436448
267132016,53.446877421707114,-6.250213336645112,253176533,23.62591147031489
268158004,53.3899750185657,-6.259170692461963,266999893,14.43380971007754
268092003,53.32647783363883,-6.288058407256053,12216218882,10.181234552844536
268055009,53.33063330970305,-6.317132758000496,14021947533,13.419419818691416
267084001,53.27647570935154,-6.350135249285443,8301397067,16.012607871196902
267122006,53.2300960871377,-6.11595418371622,11262868730,69.04277631443703
268148010,53.344563636057316,-6.293916015559801,10711120926,8.97627393434536
267065030,53.489951657140985,-6.11452809551579,12399611048,6.776296831990362
268113014,53.31792260134134,-6.20854244667956,4894625276,8.85675647743117
267028007,53.40170812987799,-6.404944652251764,12894580105,28.077529954268186
267084035,53.28391528451696,-6.332476554444925,10721820144,45.618158949907865
267003002,53.6118340030003,-6.193295619722565,247795339,30.91843993361113
267100009,53.33766082949712,-6.444255864977822,10253754242,8.851975531483951
268073004,53.392972347944365,-6.161005579617483,301796425,6.156123823381491
268145015,53.31330716413686,-6.2955741274484724,9569904316,1.9611391550975765
267120016,53.24047441822245,-6.131068906110938,1657411753,12.789268736503578
267050013,53.31906630649596,-6.37491810658418,2982806316,22.36455957141552
267049029,53.32215391146752,-6.4114101790655464,7608596457,15.331748510949849
268049010,53.364478886521376,-6.234044456386123,3201315210,12.868926718646536
267121001,53.24315962814273,-6.114496009042035,13607767693,10.118277773266353
267007016,53.272538354686965,-6.250440379755812,8629064792,17.058025462624617
268110009,53.342393035794785,-6.228529336765064,336175859,9.699873124618609
267028009,53.39775478788826,-6.404680237282652,717063452,32.707683781701995
268024001,53.37980855797341,-6.212512986389603,247645359,31.244730762716415
268153012,53.342421723880406,-6.292385202128402,3089005870,23.78521345140667
267053008,53.31372872729755,-6.404423793062525,8988554446,29.10556916529273
268017014,53.396866428938644,-6.259721161954236,2424875156,33.466297614395245
268071024/04,53.406538003820266,-6.167399399524296,10276931445,23.76516673104343
267020006,53.28626725551865,-6.178896019285546,193302999,27.81025209229223
267079012,53.28958104933916,-6.237129217155025,13477873547,8.957525037525482
267003008,53.60737587526688,-6.176267492691687,2383129734,12.063806793796424
267140028,53.27997774909251,-6.396509175881738,9481680718,7.777936186432213
267042002/01,53.295008592286784,-6.266583934205275,10888496721,20.895489714790536
268132016,53.32934117880273,-6.269692468132807,4855284629,7.526202730228097
268138010,53.35657728287828,-6.260164643184482,6157615911,17.25962589004058
268117015,53.32960418587481,-6.243978869906046,8669561247,46.36522957642856
268047007,53.37384619162603,-6.20703604507931,3009456722,8.182177361271545
267079001,53.28736737766261,-6.239529507939878,13364661212,17.413615667043295
268141003,53.341973062482445,-6.2621651756008045,11085983327,24.32832895099687
268046003,53.37961100138344,-6.208250766139747,3009426684,46.25075060564087
268062010,53.38311704202448,-6.181606802416141,3469266778,10.656669163999776
268106017,53.35173705692089,-6.258534057159978,6592996726,10.78249233903049
267158025,53.432399571328276,-6.374574121942762,248817804,24.515435598650097
267151009,53.3049408776356,-6.331111058973826,8657299969,22.711960099212007
267034005,53.40674422418043,-6.395291422296241,12749895595,1.837575332524683
268130011,53.31300205485802,-6.2567362802189574,2582434886,15.692578472089322
267131008,53.460247269682,-6.234865299370133,4686839473,13.624088928761644
267085015,53.27895226709119,-6.327147099397518,10712736584,15.01026682775972
268022014,53.38621037903873,-6.227898033544956,2526639615,17.489610777994013
268110001,53.3382030737989,-6.224662550294197,690284052,16.999094693112163
267051007,53.338479864883794,-6.396582864891628,8674508290,2.476808091975459
267089006,53.27601574847176,-6.171951141508248,1514321479,18.35688990987518
268042023,53.36359045097052,-6.186174674001207,241047659,42.336288521009166
268006040/02,53.37653283947445,-6.329308227080786,11289779546,5.750573142719261
267100013,53.347307957051854,-6.44022025971465,9015365549,10.602700455140752
267002018,53.61615154888313,-6.207929697010521,2366243305,23.62627889468201
268029002,53.363183067654774,-6.26256697778445,701150931,26.55768051467496
267052003,53.33865757978605,-6.405546952906455,8681308382,10.826320514220086
267106019,53.455119434389374,-6.176842163138335,13713651796,19.851531639143168
267137006,53.29667825154455,-6.385268567712412,4874041252,3.1483775888975383
268026009,53.38501051875546,-6.229496641869881,26389868,35.17794371367113
268060012,53.373685758624106,-6.263202042880504,3074541072,20.661963365596225
267104025,53.52809129941753,-6.159844785428694,253321672,13.611577546108322
267100012,53.345479022764785,-6.441708362790757,9020727924,6.845566333192436
267050023,53.32017355046095,-6.377121508383181,8998976750,14.045612443817754
267053017,53.31817112672713,-6.39414401231423,8978171271,55.255980164230685
268009013,53.35710253169357,-6.246294453131261,13089153777,27.589948311413785
268080013,53.36115542812982,-6.262788530329589,19080485,7.849087182532332
268080015,53.35961051246514,-6.263178823427415,699457895,15.249406989924449
268027013,53.37432056989896,-6.267782077276281,541012232,12.83143798745521
267019007,53.30163398785199,-6.205477853779307,12986622439,40.40012497292126
267118021,53.53093292211877,-6.095878739949099,13351308515,11.39938248691411
267158007,53.41888817982757,-6.3866197790352475,634987972,6.681986087228196
267130010,53.390227400384866,-6.140172127395367,257305656,9.016752066079638
267105020,53.45128768058939,-6.153095215057036,3517495183,12.148863498561331
267017010,53.2941056820061,-6.163812836616185,13002658212,18.741003035121864
268064006,53.391103921672546,-6.309639276697365,2686899149,33.703377657180035
268108012,53.3568344516885,-6.237474390137661,2381205139,8.082430431383495
268129006,53.31694923944787,-6.2473255915251515,8766416191,11.263576342597146
267001006,53.40579105741733,-6.251252048191517,1727143367,8.808849795135266
268137008,53.32098204934838,-6.277525315000907,8912197414,15.902604518243956
268109016,53.35445835859642,-6.245620439217996,10204133784,40.3158166740995
268032014,53.360727990471794,-6.2811177290482565,5298760827,41.39788426739883
267085026/03,53.278211611665924,-6.306303644423729,6033862574,31.890659625269464
267096001,53.26366506495424,-6.128773965372461,11229561600,83.5991823189485
267047001,53.30824148858236,-6.3688442839844495,8557905235,44.87238266028273
267150004,53.30424784224074,-6.303080623037715,8660643647,9.20906422353349
267040054,53.37675184846523,-6.393953630143251,12977682256,2.5199404477014995
267100054,53.33940652646585,-6.42716148780846,10896986884,15.33336558006251
267028070,53.39263931521582,-6.4300009486979945,12752899123,40.911267680140824
267022002,53.307181921851104,-6.212656397101608,1302022071,19.630679484471926
267140049,53.281286640038076,-6.395182885786923,9577651031,16.9531691680385
267092053,53.26367866314904,-6.197694197853824,13450231194,24.508963244924537
268072013/01/268072013/01,53.40461722886115,-6.1526106785266395,4793225818,53.68198113291715
268134007,53.31987356957604,-6.2626173948766795,537203676,26.884431042961133
267028004/02/07,53.39015405769244,-6.435327527322821,12732144598,6.466082372750734
268072013/07,53.40762801970075,-6.156817250649583,1528658103,5.545073821444532
267025009,53.29745516643911,-6.174620855174157,1029631506,26.154344122818515
268139001/268139013,53.352589584921276,-6.266444884049564,4571260266,18.90696574709947
268096018,53.3453425868767,-6.24517096525782,3979498080,34.30242379898066
267020007,53.288071920580975,-6.182722848486803,9403737187,2.149010006899235
268070013,53.37670745774345,-6.23208865785348,3428788729,25.95975772353772
267084027,53.27295973461271,-6.344310808810912,9611289432,20.213786545289683
268056005,53.32751574572361,-6.324471291098062,1410014143,29.83828452697135
268145005,53.3126289336212,-6.283319103905857,5526210602,14.518173129452183
267024007,53.28269236086748,-6.161028963763561,4960302527,28.459476550828082
267006001,53.244072542366155,-6.404574850554078,5316380114,64.11996600084132
267094006/02,53.58390028397889,-6.135605027366552,2399382805,29.593504744798665
268032017,53.35400013871606,-6.2960788588956245,6204396368,24.104750906635054
267044001,53.29221732610528,-6.273867168901344,7700144140,18.03513994023333
267003026,53.60865192126594,-6.186215060244666,4988287243,15.957075753908068
267102003,53.36323383294775,-6.454033632232073,6910128344,6.754899305263127
268031005,53.365069008183724,-6.284220908589773,2400869876,24.996980688523227
268121001,53.404524710216926,-6.2068944194438185,822723172,9.276512059554232
267103031,53.35541232594069,-6.455525377481984,10258189543,3.9433434104202867
268162016,53.33398264128966,-6.269072810459076,13525132113,32.760417557060634
268096017,53.346453041040014,-6.246360922210402,11599631494,9.763070350011532
267107004/03,53.29646606884971,-6.497971395364136,11897759518,18.822383606607517
267028061,53.399104008939204,-6.423538134750569,12950291069,12.977977876788424
267095025,53.37905694113565,-6.059302273242521,253238678,29.777614931296426
268114004,53.325836345710094,-6.229042616849695,718888949,53.07272406737218
267103029,53.3499563370187,-6.461238856765523,2872203616,14.173267388707435
267134004,53.452566798373496,-6.201363674584728,8239356727,17.536501438435753
267002043/03,53.59849057839666,-6.179106501858004,4926629743,17.74950536231792
267040025/01,53.373679134009045,-6.374374110565494,12800195011,25.097489030342302
267103016/01,53.347840765781385,-6.45875328580588,9007340277,12.043242977991742
268098005,53.34569668406827,-6.279482019036317,1408753903,44.517774194805355
267044011,53.29324544582293,-6.259487426354915,8615514599,35.521402094931446
268019005,53.39326992206304,-6.275409632607222,12867357,17.026571596312984
268161008,53.34100744728754,-6.270318516291167,389356,16.93662869202513
267028104,53.39313138840923,-6.43263721411479,12944395144,6.424426810584194
267086007,53.28577106761615,-6.315978753636736,8073007710,29.93643883353686
268062001,53.38926348261766,-6.189797187063632,4935194932,17.04250231865283
268126008,53.37625210308459,-6.167709129321534,2601615460,23.351832994722947
268016016/268016017,53.39985803404969,-6.264831092093725,12140783094,2.938204330318265
268081016,53.35595173742388,-6.266121849182074,6223603968,26.39627305547954
267142008,53.30388337264989,-6.353044422281708,8541849001,32.57375895850747
268065007,53.39362248372043,-6.30231850657247,4697245415,16.73013746174026
267095009,53.3873492223403,-6.095605414170711,49572989,51.76200151603698
267123020,53.573393396407006,-6.103658552314544,5809556925,3.191966024865514
268162003,53.334430885201385,-6.273000050580303,2421668781,5.44819210946312
267142009,53.30081180748118,-6.353994066228228,8534141894,2.2988457970842373
267100070,53.358099563916035,-6.418191487708713,8773398155,23.537451793425582
267138022,53.29137098607579,-6.397133253798698,9988827653,0.5130406465751818
268068005,53.38176414753804,-6.305705511872339,1276543008,4.4081878787517335
267034001/05,53.4139254898261,-6.412444952717937,10284186163,69.68677438144616
267148006,53.29042787537017,-6.349046691685499,8522735229,13.484987327644497
267052010,53.34533739948489,-6.40194553350002,10157511842,15.397087892691546
267041012,53.37819963973028,-6.359495987841438,13097927354,4.863696081852841
268157007,53.381894832330374,-6.248158318978848,6378950165,12.84455167136423
267066009/01,53.40630638978705,-6.270910442902521,2371420255,11.469606601882607
268112014,53.330174616528986,-6.212262041760608,256892243,9.839087908831626
268082004,53.34942585231066,-6.2734026990297735,9825396972,9.035809979730692
267032003,53.400162195319396,-6.387297196357507,243487223,20.81959348818212
267028033,53.40481003563362,-6.4135604696320625,13072626898,28.501357346832087
268064010,53.39263587267663,-6.30607650846231,12867304,16.10457857156758
268077005,53.381588499427934,-6.197374159119317,4870667011,17.36609051719928
267027017,53.390932140935845,-6.321538971795948,11549093605,16.168150828315675
268080016,53.35896066943757,-6.264061892007173,699457892,24.54751109215604
267100006/01,53.33801555189833,-6.45203810549595,254005470,8.124680895334986
267080012,53.28599967620421,-6.2441405212972665,243189068,7.159221748116865
267100051,53.347275224270305,-6.429815707025327,1264145628,25.8647955766469
267041013,53.3798239550839,-6.362237252078055,12682485752,9.563145055742925
268080014,53.36025647028549,-6.261345476055101,6935167523,23.317275182347654
267002046,53.60182820374578,-6.169911242636191,479843819,30.747508079573
267045007,53.30570251459622,-6.259609986646938,140404737,5.889344129739236
268162017,53.33194490944135,-6.270976493972313,12682489194,24.23238375073261
268135010,53.31653362325853,-6.266408184474212,564125902,10.036683680993637
267030012,53.40379194554872,-6.367700027848129,917120617,19.95220526565692
267110009,53.43297672884416,-6.128913408909638,253511189,51.395267515141725
268108024,53.35444968436828,-6.236986892237758,11697075456,12.510424402449035
267139007,53.28905520049349,-6.336682865837928,6188054792,8.647396559077782
267128005,53.290771517378175,-6.19901623938749,241277207,33.56813639624185
267028035,53.40553157360981,-6.417428175201321,345572696,11.016569823150308
267105023,53.45397801586892,-6.154168372303253,254605717,7.197583448879367
267146005,53.28123008935547,-6.375296287070429,4881201906,20.070752646875142
267111005,53.42795066430877,-6.145065555072643,7223729471,57.40383621451455
267049010,53.325994712791996,-6.403187204120265,8899423174,25.01494370808196
268127009,53.31192891112215,-6.272645247648533,3112922390,37.24703618956561
268005006,53.3517538415632,-6.288005008378622,16157118,60.99243445104126
268057003,53.338567608818416,-6.3441022567386085,2951477047,31.607957882678775
267147006,53.288798157399206,-6.374851311578039,6548669426,10.144139061295697
268105002,53.358337873736794,-6.2561852866310455,2522177373,9.877581504261746
268099002,53.34051363189087,-6.280268612194821,890800341,3.7661940238890343
267023007,53.28604815706735,-6.172065341844366,247968649,37.37943591852574
268008008,53.3950127447264,-6.18245135594701,301817295,35.246173579261246
267158024,53.42879640380943,-6.375586998152998,248817709,15.386731122243964
267067007,53.28846575119574,-6.133749360012178,432485339,28.137130985836507
267049021,53.328299679308515,-6.412782581790499,8875791863,25.444747647246054
267114007,53.29759658038791,-6.295115883283902,8275210118,18.696126540371818
267044010,53.290302311412745,-6.258196822611315,247414987,13.382564289684064
267053020,53.30918124068139,-6.407075909501142,9556553938,13.444154664172505
267086005,53.29085353906425,-6.317166578793456,2582282592,48.002596553200114
267099010,53.444504023237556,-6.2032680866241146,253515813,22.25445687122031
268110007,53.33979253192576,-6.225342085805865,10949988042,12.40106703726002
267125004,53.281160317885345,-6.214160782836433,12155948172,57.32175347248377
267020010,53.28987517232597,-6.189131922453069,11884134792,13.285753972291339
268111005,53.32953350392055,-6.2209456135994525,4894692802,55.56846064330801
267028114,53.39627225993805,-6.439016322113751,6341487685,20.73253376484621
268128010,53.328032033852196,-6.247302616544909,4689354115,21.568329885630508
268156006,53.31840500700692,-6.328982630652068,1445223008,44.562894894813496
268108015/01,53.349304244695276,-6.238452191814005,566889788,44.72614739136821
267146014,53.283417205608316,-6.37665343610149,2463427009,0.814878143102185
267007013,53.27116825783537,-6.257561876672152,9546098406,21.744587278840132
268003001,53.348872214368534,-6.278971674930069,4970167326,5.411662024194631
267140051,53.27980015802657,-6.400191675342472,4511368796,3.4806788520471454
267028078,53.40102329520579,-6.436375864526726,12779238458,20.025095246719133
267005003,53.415284197035604,-6.156983983290299,394879443,18.78439979491023
268143024/01,53.34263964111167,-6.230063993731053,223879861,25.515981532379506
268126001,53.379253122486936,-6.159567181241311,243485680,15.904647638713229
268006033,53.3778720862371,-6.312279282647442,2760661749,4.096512398752432
268070005,53.37820589371135,-6.234147562274414,1706682932,32.83698867138492
267003024,53.61022239481626,-6.1924739144272,3280546326,20.30917950356563
267078024,53.2779916569307,-6.215317180375241,13432542033,14.550869094140314
268044006,53.36465339071054,-6.210284922454877,2393840293,41.52303064988211
267132036,53.44520155421768,-6.232822181162848,300735111,22.80105411386272
268149007,53.34386771615007,-6.281788010938877,2369340262,3.02291582999997
267084021,53.26892058504489,-6.32902302272914,9434505967,6.7155591975514906
267084018,53.27406686126432,-6.3339525978162765,9442669996,13.10105288567908
267150012,53.30926427448764,-6.310748252185943,13100359155,18.153015922178326
267101009,53.35658168183506,-6.435404310121634,6089379774,26.241635285493018
268002014,53.350226766567864,-6.2769367212645895,13234436624,38.46584314170291
268085010/01,53.34092301709245,-6.3097577006927015,6196929783,20.453740201907568
268023011,53.38474326125889,-6.211527378841026,9419054724,21.842503919887225
267056002,53.31078864560858,-6.23396986322273,10044779979,39.12484204534445
267125011,53.288303892167264,-6.2094356443694885,8130710455,84.04295668794668
268094008,53.31723502460661,-6.303551722593883,269235575,28.66863179555874
267088016,53.263190396205374,-6.155406192007757,404004068,7.220167867572584
267040040,53.37018876229039,-6.3960080341097605,12830926817,5.089951754921301
267096004,53.25502922538917,-6.121760553199481,13326756226,12.2496081845423
267120003,53.23865333273777,-6.137622044278853,1360746672,3.59562767499739
267022001,53.31066004111822,-6.215917902702735,5286048442,32.34226475900111
268089011,53.396745063747694,-6.220250292671733,13228202,44.206775500094395
267002024,53.614308629555616,-6.208403934976924,2366243138,2.2320063076546424
268148011,53.34318992367582,-6.296435257382015,10711188259,16.737711579357004
267039011,53.27730109076617,-6.150771022048375,480013986,22.216961319040294
268085010/02,53.34109682553269,-6.31307149420918,335717395,22.549298259003166
267040041,53.36903175934855,-6.39275547599583,26452950,35.34951178605025
267108011,53.34732464818091,-6.370089960995981,10313572189,23.934308770562485
267105022,53.43612882160907,-6.139428304306561,253514508,39.31709114146999
267125007,53.285979506598764,-6.218895674544174,1519165099,16.89212842700452
268068006,53.38431335182742,-6.3068914083949865,3790819607,0.7099131631746672
267132027,53.45255272786703,-6.240950733643251,5043314231,12.651269483073213
268126004,53.37879228215191,-6.166235764611678,243484814,38.86008320809783
268106010,53.35067653580938,-6.26253030299222,1204233410,26.800412341375374
267105025,53.45258169357179,-6.154133155874856,3512000994,1.5704471515736271
268145014,53.31188251683577,-6.29530859236628,4904503730,10.662099828856057
267050011,53.3180321553581,-6.3868795251786,8998937986,23.42685991912602
267092037,53.26159073140024,-6.20332250432034,392911575,14.06521061312568
267125012,53.28630183171329,-6.209552164458879,1419944676,37.19280682789419
267078009,53.280957111497024,-6.22352002209905,60939427,77.44694920842488
268125004,53.38918345085209,-6.157315534710285,2422107554,34.25469936106658
268085018,53.33720717188764,-6.310816337454117,6189373539,17.390598633268397
268066008,53.38735511786935,-6.317441392487633,333099181,31.572104593884927
267121002,53.23984387539602,-6.114425839605341,13655033537,6.205841802912782
268075005,53.38895908099757,-6.172254301867106,4935194577,8.641654133218843
267002023,53.61398202826191,-6.206227777484104,2366243103,3.6150894397406126
267112005/02,53.275950888289614,-6.481789148394525,17955726,37.105238654567295
267106008,53.45305741063534,-6.159599423436964,943865203,21.248604506094846
267104004,53.52370432649904,-6.173192831770407,10589394383,24.74764045218206
268035001,53.362649490673505,-6.295788997659448,2369219338,31.019758184222162
267099007,53.443500134814435,-6.208672362638826,2367643587,12.540362672885951
268031004,53.36391589218391,-6.283357986799454,5300258843,15.950308135294906
267004001,53.39260854092967,-6.132428141327267,257290131,19.009723843311342
267021013/267026008,53.30179214883238,-6.1783263324868996,6373163335,6.873295734047749
268073010,53.391613619532556,-6.162298363953261,5426458664,22.706237550686726
267086009,53.28897959759169,-6.315400526002305,8232377199,19.465522881047296
268142021,53.33246464640259,-6.255442764034285,849020265,16.379870124234543
267033003,53.3841506546949,-6.375007014487449,13069272113,50.62996213086017
268117017,53.33036464422602,-6.245210128197934,8669582224,34.54609085521668
268032010,53.35719650639993,-6.289956811521061,4634871139,27.086038156828238
267028050,53.40178741375476,-6.4126504487031815,12888193109,4.499922404015148
268030016,53.36167002400301,-6.278873695404743,4889112254,20.313695316840285
268008002,53.39193628101913,-6.186973210000629,4835872593,32.71623729057705
267074006/04,53.28039035959005,-6.143254849509512,6071682547,35.727595734456216
268087004,53.38954793330193,-6.2076607499643375,291661893,41.44426555075742
267009002,53.27813225826409,-6.249231703562756,8764722171,39.66946336050765
267117011,53.30180116387799,-6.278138563633572,253133012,21.52206094231889
268070015,53.37891246864189,-6.238000451898672,2758274350,30.007169332949296
267021002,53.291720517783496,-6.182821149054583,3745575125,11.207931737456258
268018016,53.3921847879031,-6.265342944227365,4145737560,35.97278970806417
268128006,53.32674237329238,-6.251719116258839,12525167835,17.646117771676987
267134017,53.450971121768916,-6.199283498374849,254611123,22.695626758383597
268002009,53.35233786534856,-6.281504912742962,11541726006,51.9100945010163
268108009,53.35406508801772,-6.232873955513623,330940506,52.68542974112842
267018006,53.297371793479364,-6.162500508828658,732395593,46.529923151573215
268089005,53.39282679639824,-6.220914893866941,9949400451,18.494186814427245
268090003,53.32090611673962,-6.312850521307895,4898447530,4.822813400969276
267148017,53.297532499785056,-6.343856933718183,8519233293,7.3400200969484555
267109010,53.34799838745114,-6.384205834785868,9029795662,9.089090277237602
268044007,53.36436286718929,-6.206784258679273,241777591,4.043344444518777
268018005,53.39633585786622,-6.272577752619085,1813017098,18.205448762608736
267027001,53.38373304949523,-6.365988108591082,249338163,5.851560201212787
268035003,53.3639800745729,-6.292790064604675,13759641383,17.11068780036968
267133011,53.46768580868003,-6.224256086311761,4652653483,23.291539109402738
268039007,53.339439585741744,-6.363837525264934,320025541,25.73654201290619
267027016/01,53.392527257331714,-6.367178816558884,12819816325,3.7915257005586906
267158021,53.423227729588895,-6.393396310854559,2986176092,22.92733840699146
268060001,53.36867401111015,-6.256844626219303,1696918569,19.420634591407342
267144015,53.30008113069393,-6.370536636802256,8570238091,14.182799480948763
267053012,53.31473336964012,-6.3994983434701815,8981503168,9.994388661698151
268154010,53.326682420462895,-6.3320438492051965,4596871759,17.235530611522332
267002017,53.61650522665784,-6.198978882936925,2366243356,11.75849251179917
267056006/02,53.30432108701697,-6.2220737566078155,10745925246,5.70056554169424
267002041/02,53.58576718130063,-6.171127666380011,641808471,72.40790209272342
268006014,53.36983378495471,-6.3136499360052305,2399920988,36.995962793308266
268098006,53.3443417668738,-6.273880601831442,635060748,22.135958883949645
267157009,53.31501343922022,-6.331924843282042,4829380157,14.136474134451012
267126002,53.27666992989835,-6.197365846910789,185671312,9.184124105619928
268072002,53.398963988446866,-6.158739109663485,301841837,36.990612449175856
268057005,53.340022257724115,-6.339683795157108,695052235,26.876271394278266
267058007,53.29622590443145,-6.231497661170106,146630997,10.522865712951038
268108017/03,53.35025662560031,-6.2393838449951975,2800563659,20.38414112533705
267099021,53.43231281763935,-6.185718606829936,822931038,256.7907778600279
267135002,53.45186681180947,-6.222750801497088,10737886307,3.8344445169871944
268049001,53.36573472796852,-6.235142644143623,11825073314,17.538182208710317
268127018,53.3123100287561,-6.260917583148685,8611724179,27.24259065192451
267130012,53.38817249339723,-6.13659285442049,5177364839,7.6238079333886795
267132022,53.45431303266081,-6.244810547411659,12394364151,4.883101512522004
267084010,53.27341137876025,-6.336712663066108,9437764424,26.06464387489884
267049033,53.329000212331664,-6.421641281384507,4868765162,8.358914005670144
268139006,53.349578811886005,-6.269982401961177,2515675796,7.573421404328539
267131005,53.45831141749088,-6.232111451075892,26472402,16.81665570508956
267040020,53.37703479467631,-6.385417679524616,12985798109,3.6770965770412576
268093002,53.315757606410465,-6.298334677733601,4213222389,15.608035461920386
267146002,53.277603696254644,-6.368032097704145,9461771662,23.884469328171384
268091010,53.32247435384929,-6.297904489727616,746555605,36.87794674368972
267092003,53.26508653853626,-6.248961146838962,11900943118,21.610383417818635
267158016,53.420248582602326,-6.386348709352916,25965411,11.7645297344292
267052006,53.342386097662896,-6.403655831800643,8699713039,22.78849431788151
267007019,53.272839193117754,-6.247468717306937,9543962965,31.512812329527016
267066021,53.40147454574284,-6.29395633913757,2433060439,17.43530915341947
267131021,53.462605748170866,-6.252141672082392,38411873,5.209420275106198
268051003,53.33088702373995,-6.322074485459612,13892216455,6.9303094685782645
267040031,53.372320053801324,-6.382248144670478,12827888606,15.22248547069067
268142002,53.33085131672685,-6.2619757515313665,5658872382,9.44464047602362
267067008,53.29071273915854,-6.136305802162301,10947665927,6.056366651345983
267067003,53.29403705720828,-6.128301738833157,945443957,2.8975761527009
267143002,53.275948684256946,-6.375793322515939,9624549782,23.74644491225045
267088002,53.26042773424315,-6.180023359683143,11004369379,14.832244726127001
267049019,53.32181082311921,-6.421490080440855,9650459577,10.964405697669223
268035007,53.36608370692926,-6.294338966971654,15413045,10.903586840729089
267004015,53.39909235573685,-6.143296873071342,4488237763,12.736229640873978
267150001,53.30683252207301,-6.312378966278452,81624523,4.284051063421117
268116010,53.33166219608431,-6.236434234175197,11243382666,19.343084871695105
267140003,53.2779622554088,-6.423716677604423,9921234785,12.71298099845218
267133030,53.474917917675086,-6.23351417411417,7366888627,16.811852077682314
267049038,53.32588907641712,-6.423419532467455,1979383757,6.13918500622342
267047006,53.31498820498803,-6.365335127525256,2587668619,41.999832251651235
268006031,53.376116564485926,-6.33248765417179,1472129482,9.159902111094066
268099009,53.33974885802855,-6.274710037827626,8872812166,30.962238257934693
267110012,53.42898999243738,-6.130731296610437,253511904,5.5867834280050905
267026010,53.30202195758938,-6.186595252850261,925666468,73.94355479896699
267096003,53.25836139790217,-6.1243505946460965,5652243812,31.788909396055523
267028014,53.39929442892416,-6.411266575808909,12735251917,4.974143841267592
267103011,53.35473098811347,-6.47337593319529,11700697878,1.2061827903837692
267109012,53.353352750756436,-6.383172005703446,320034355,18.151649668097228
268158014,53.38580876253491,-6.246231369501689,298536716,77.75954697782514
268071018,53.39947422527288,-6.1768755164918385,187762110,18.483050537544564
267072009,53.273584431316394,-6.136022911938336,8709155400,7.0155200571319725
268132019,53.32485930684837,-6.268108142364764,12747991568,42.367359843259834
268005013,53.35361250038064,-6.287363917653087,1396426599,6.481719477894414
267027014,53.39251241400244,-6.377440966559691,879095493,8.741784664156468
268024005,53.38272131486185,-6.222550151156306,26389480,61.219145331185345
268012009,53.38254537538622,-6.290842629299439,4021255041,28.36261449561066
268061005,53.34482689957664,-6.367533116398923,297388015,40.492658957924995
268085005,53.34014866153892,-6.312306793372541,2861487078,6.346475560757607
267055005,53.309889826874155,-6.242825043938133,12652243359,5.966099010126584
268135016,53.320773959914746,-6.2669285709508005,564453093,5.9464341625637624
267132030,53.44677402868008,-6.235904590797778,253182802,10.52445382402381
267092008/01,53.264418428025046,-6.220782603558774,4805765443,69.53032537119294
268144001,53.31671031272967,-6.282400634464539,12001626729,6.808159097255209
268042011,53.3684310414526,-6.187824047090206,2401609736,20.176182489590367
268082012,53.35186045768028,-6.269736338963399,4224663970,25.098509270541136
268102007,53.33009688981226,-6.277662838987779,2477945992,28.46956268175598
268050007,53.366858590451066,-6.236294941899995,3637351813,1.9266643404933688
267002030,53.61800327790056,-6.198770504869443,2366243488,17.294735767527083
267095011,53.38417973923119,-6.099100675682701,6645311299,7.066858784081137
268028012,53.365698782027685,-6.258093055421763,6370571203,8.701996059654123
267103001/10,53.34278494338408,-6.471749231542874,10217275479,11.748656466619247
267119013/03,53.28804935691492,-6.435258905786148,11191245651,13.530644438152782
267116007,53.28959534756593,-6.284826330630211,254345402,5.413846887933809
267130020,53.39062194029373,-6.124483209726619,2422099474,12.192189314071479
268112015,53.331166005255895,-6.210400065886636,3227958975,18.603825547150112
267101011,53.35899165325224,-6.435071271178997,21519346,20.891688625225576
267103021,53.351340817271776,-6.463104160122311,2872203633,22.337189022441354
268142009,53.335340349421735,-6.25995204009193,6384129732,6.7198994747085035
267036002,53.26952910473922,-6.142265667923211,5652325543,27.291242630223337
267084025,53.278467437587295,-6.3476440221476285,10743668980,5.851856223400244
267147025/01,53.28854581149013,-6.376832064911305,6543301273,5.645543555403866
267108013,53.35279106224702,-6.363549052363108,5333589928,5.825201355336648
267156003,53.31262549846506,-6.313082288665696,122586476,34.615715575610125
268017009,53.39733217538177,-6.2548391340567955,2373040923,11.51193208120648
267028105,53.39229683082477,-6.4341840416150236,11880018263,21.342637298754287
268121002,53.40513441491288,-6.219393874614331,822791548,51.10532002484731
268116004,53.323161676364286,-6.236576917669133,14054786492,5.650136986737996
268147003,53.30788938422962,-6.285312293073216,255315675,34.378966342300586
268072013/04,53.40862201498334,-6.162618098519368,11159884600,37.39544492697868
267113007,53.290466633521774,-6.300626149521887,13689276848,13.884882201753587
268101008,53.33510277921783,-6.276752313438609,4729825826,20.58491660841956
268122004,53.400158851545406,-6.196124495388175,2752694897,7.523450268112561
267052008,53.34531926495369,-6.40521896115893,13186193219,12.827718106490542
268116012,53.33249490473805,-6.228990690923779,4890712483,62.85548426836969
267066002,53.40289339260104,-6.292257379645027,5558247290,39.21783084564712
268081006,53.35772310057462,-6.266341178959183,6223634367,31.625424267755395
267115007,53.28818242429871,-6.279004474475937,7773412271,38.355687338052746
268069009,53.38285592118199,-6.313087159712103,1230024645,25.63858104837995
267135006/267135010,53.45759212796035,-6.221368999902073,13713290849,29.958928168653237
267007003,53.272994353865684,-6.252875998853993,248082501,33.71408876845433
268130010,53.314022826175254,-6.254615184945303,43551251,26.50838792821299
268020002,53.391953385806225,-6.283018134395093,6068997575,83.2809414678629
268053008,53.33121698482676,-6.290919296307461,2008926198,34.18664795980904
268006027,53.378818841450766,-6.327236960099511,14070124565,15.641466397576957
267066011,53.40699306524554,-6.293189076372483,3137577712,31.61561130635469
267112011,53.28050665499793,-6.470954981345351,2677143215,15.835647554752175
268006038/04,53.37816253127535,-6.322290793360081,11836770592,2.993077586348267
268108023,53.353319360487475,-6.23401374529152,330940569,44.92645533823486
268031001,53.362252059520344,-6.281222341166568,12428301,25.29918154689758
268075002,53.3839966337714,-6.176492161805513,2423069858,33.49875601263798
267049012,53.32842604047528,-6.4030199272969766,8898814523,25.714390139782168
267028067,53.3945853956957,-6.428928557682614,12930518031,4.103549073099885
268036004,53.35939391172533,-6.302114391291238,9110156246,31.85114079544961
267035010,53.2721371663181,-6.353517683581438,10759648399,2.3217997252799125
267083012,53.279601111534156,-6.288483205389783,776658299,23.21873207424243
268007010,53.36379688076183,-6.312251990945833,1667301947,29.99739021672207
268096003,53.346849803046524,-6.253472568804228,10031983251,14.887707553841434
267071001,53.28769316577257,-6.152286651074618,667334606,22.58692770142352
267120011,53.22678581563503,-6.125792314463369,5655615615,8.61095500908718
268027007,53.37319184884967,-6.270100942117353,568520115,3.7723256473527127
267018007,53.29590113450123,-6.161326414487062,385021677,35.39588587321567
267140008,53.27500464403764,-6.40783558617476,9595688921,13.794251098045086
268080006,53.36066645025466,-6.2649615335541045,699457883,10.466603562179037
267148010,53.29238393962811,-6.3375739784574545,10804755281,21.65384673513628
267140035,53.28307475374934,-6.427805261139432,6656233399,5.205560737636252
267143015,53.27635560033788,-6.370218859885768,10124418110,48.67335212860062
268144008,53.31910154447594,-6.287459208583661,12213743600,8.590159118484793
267028055,53.39775793457975,-6.4179033948422335,12953994832,2.2968107500569612
267141008,53.27428642670302,-6.381858144277809,9622568725,20.689970617103256
268115021,53.336836566069714,-6.227932311433497,8722887509,4.463014627140086
267028004/02/01,53.38840564398878,-6.431477815738777,5247466652,2.614450104636532
267049026,53.32022170541618,-6.415976812034991,8934236913,28.882311109504847
267066001,53.433704640791206,-6.300853670956056,6328467204,101.01380832249657
268066006,53.38872656063632,-6.317416569260587,2375495252,13.470213519847833
268052007,53.33284016141305,-6.303079642901176,13105989721,26.2308375712661
268104012,53.35619208841891,-6.250632322669201,10289971957,17.250029803945992
267034001/03,53.40898379279234,-6.3998820529241085,4850246357,6.198145881105667
267115002,53.285297045873676,-6.276777763761151,7715058097,22.267374477435755
267105024,53.453335370148174,-6.15383440066891,254605448,11.764695643776554
268068001,53.38205152594281,-6.3101809727364735,2372746804,22.83702296421697
268031012,53.36138102749764,-6.28582521356999,6106803165,12.511910109323287
267146003,53.27841552466282,-6.371065070014251,9461811769,19.51435925470178
268006018,53.36880425267084,-6.308804805515376,9057998103,22.947321060415327
267160004,53.39908918468105,-6.2379582427391504,6099498391,16.68691583547749
268046010,53.381629559923226,-6.206394083633888,339328195,22.694555472488187
267043002,53.30043862020341,-6.265514698191218,230303163,15.816534535094533
267014003/01,53.51617321847506,-6.266942158466405,11423370894,29.09523249124832
267100023,53.34384063832374,-6.447042786593746,4854786890,21.787636596293176
267028057,53.39613830561236,-6.419378023842312,12925861870,6.020634194597379
268162009,53.33157230524095,-6.2743937923615825,2371613065,16.0697135202277
267103022,53.35211276002542,-6.458027577124706,9015365220,17.903212129084302
267118008,53.523805936292504,-6.1044199161823895,5515218137,22.344539400875885
268006009,53.372962709464815,-6.316854812998699,2399921048,39.939840452791515
267099023,53.44598129232703,-6.1946788082000115,1560032947,29.31688093499979
267121004,53.23820540769377,-6.121897169864862,5650653487,15.42774131395887
268095009,53.34055440876267,-6.351650162384107,3179678920,4.106476927983018
267088015,53.25881679769522,-6.166586092470432,317554110,22.572375280234322
267100021,53.338042318461135,-6.438604500731306,10201863511,28.042622040548665
267042001,53.29648444026616,-6.274219436598981,13395695306,202.49500779061162
268157012,53.381603962781334,-6.248360640396419,28240749,25.527594813976307
268146001,53.30964959394251,-6.294647616842623,2377422605,15.638963394625886
268109005,53.35034932962351,-6.242876844024593,111887327,16.30873024184549
268125006,53.38871084822834,-6.15522052761051,4435870019,20.506087509823413
267040039,53.37153945198838,-6.399628923144065,12833215502,1.7052621060623565
267049009,53.327698048150225,-6.398629787167557,8898814473,25.7714710264621
267100058,53.34893885896996,-6.428701416035434,8758558415,16.590523946309904
267140016,53.27736168665175,-6.413703079324551,4406981126,23.81986791742921
267140014,53.27968963418493,-6.4087352762483345,5305480288,5.930796959249581
268065013,53.39743270427558,-6.300168874152068,5619650357,15.722203496199405
267101013,53.352535769373475,-6.445218985976149,11572027354,23.607321399600078
268102001,53.331812380689975,-6.2803865623081165,2374666483,15.270514304345356
268113013,53.31925051380566,-6.21024744913402,8734630127,34.21786503768276
267142004,53.30684592932019,-6.361542301002391,440103515,24.128140302918517
268126012,53.381551415954554,-6.168002544860875,301843576,31.97827185059761
268077004,53.37896990170299,-6.191989438352875,1427047548,36.903467602339575
268042006,53.36046433279159,-6.187241574467399,1426961083,38.12686856667482
268046013,53.37558486302697,-6.199735680709835,3009394248,4.597186188028424
267100049,53.33861564049082,-6.423371871119592,11606543800,13.748550179198233
267140005,53.27825901805669,-6.415562711373036,9923051785,17.247596673292612
268006037,53.36957611920728,-6.320333424706922,2958484455,16.648589996155412
267028031,53.39043601687943,-6.420879065277008,12919488234,9.903611473539986
267085016,53.280368041521314,-6.326787902263242,11349552890,16.1397288311941
267070001,53.28263308769702,-6.157859212080276,4960362088,21.224758915650437
267072007,53.275255956846905,-6.130873067098752,8758232628,42.963973688766536
268117005,53.33369487843703,-6.238320130618251,461626114,34.38072505789429
267104011,53.51778137076801,-6.167303168294575,10689600079,17.61539595401231
268007007,53.36785898149615,-6.320524118082642,3048154980,20.0323403888244
268063008,53.390680458778945,-6.315103265130342,2686926438,9.182876847257047
267104019,53.529613891426486,-6.170575101533039,8014711457,3.572528505942005
267158012/04,53.424715470079654,-6.381719124710419,9044412914,3.755620769413703
268085001/01,53.33774665440717,-6.32048641219202,2894532452,12.250503171666013
267092015/02,53.261553193162975,-6.221374492415092,6358057273,11.549781354449749
268132022,53.32717811790649,-6.274186008694211,8191121855,19.37523197084153
267100078,53.34617924436866,-6.415666585321451,3001440318,19.899969731536647
267077008,53.29627007506527,-6.140545913755308,31906775,7.660181163140474
268110008,53.34208607546331,-6.221852654991509,909041926,28.122540452042113
267152006,53.301686860538574,-6.322171712793347,8639033708,10.12862757552394
267154008,53.29981347807778,-6.296606245450177,4860939819,46.949667753279286
268071021,53.40138893529201,-6.16760409948103,301623864,23.872646610174613
268065005,53.39274476581224,-6.292118638555469,16711966,27.71684058792523
268085011,53.33776556157069,-6.318936756060283,12150536071,14.948366932996338
268135003,53.316176617563286,-6.26915974167692,8614841483,10.065492846782362
267061004,53.275418002785194,-6.1165624144121145,480079704,6.979265638428046
268087006,53.39017366410966,-6.202856337505386,12110111639,46.280333717496
268027008,53.377179915391075,-6.26921248731775,3055031217,7.474184831938587
268049004,53.36156863466437,-6.230347218283424,314504504,23.19673713925897
268006019,53.36974628477457,-6.323230272080298,2958484454,44.07602008568968
267105003,53.44837600981653,-6.146437188620778,6017654331,32.456879096007704
267106004,53.45056578734656,-6.177474718479594,12592995557,50.7417045572045
268010007,53.35856502336434,-6.253857451814289,1540699139,11.541771389131073
267003019,53.614786750467054,-6.1888534342411665,2384121888,4.619801819397109
267128006,53.29659099341024,-6.208123834731518,8120614335,33.393873740757684
267063007,53.28014228687327,-6.107875811885231,480187660,52.00631520247713
268010011,53.362393261912935,-6.25826043458035,9830721990,20.156768156198794
267049011,53.32780612090071,-6.402126591880269,8899474516,16.722594832804347
268078004,53.33588582579444,-6.325758802207251,7392111049,10.161748645824785
267115011,53.28422778934253,-6.273955726283603,11078667654,21.692615446803238
267125010,53.28304518891801,-6.210630709616187,185350179,15.340803916488591
267094007,53.55754564264255,-6.095331910582939,7209731961,31.434922999178447
268057011,53.33969031181449,-6.347771424861287,2955929605,22.728544553611638
268119015/268119016,53.40584249901238,-6.179831807966048,298919526,29.234423006997133
267148007,53.29023669207064,-6.345485083721135,8522735384,24.0762237196729
267123011,53.579510673584586,-6.121149951074372,253394981,29.38364030963495
267100068,53.35152362388749,-6.420527067726377,8743592981,19.136568606593187
267106013,53.448346379333344,-6.173266061990576,253312220,25.641164161271142
268100001,53.34020093231183,-6.282393725051355,10653135969,7.769901341423727
267142005,53.30814898026818,-6.361870916406197,8551934809,19.484952654688353
268132027,53.32405354931661,-6.2694709775738735,4897922807,37.73357968034536
268082008,53.34960799604214,-6.27409700381115,621545498,8.57695613570966
268129008,53.31308217572825,-6.248654814607842,2479367126,12.114730926504093
268047001,53.375789696573634,-6.216038886519332,241003242,20.408424949087184
267074004,53.27896084708296,-6.140107359598848,8521962752,20.373706806344014
268129026,53.31571388025532,-6.238116530913238,3974588366,11.151628328677578
267073006,53.27010634001766,-6.136013533844018,7578681526,20.407827128040196
267119008,53.28066237151756,-6.4516930750532415,11654506630,14.48162669549829
268112017,53.32898677413818,-6.2167906990972215,3227957845,19.12345200205018
268114017,53.3270596236243,-6.220791148319988,8764130497,11.971473648736666
267053013,53.316184694615174,-6.402401153444596,3197072585,22.43747206367274
267065016,53.489679560761374,-6.152772765408212,12712884858,8.878644103891531
267028092,53.40376402481692,-6.410898526544756,13074070146,2.893527568388102
268151008,53.33636548014284,-6.293062343789319,13858027923,26.42654767662784
267013011/01,53.28305178079739,-6.299590515382906,286033599,34.7225929465006
267116014,53.287243941740115,-6.287222202236609,2068145900,18.113983054497805
268157011,53.387636837160734,-6.263812407465262,5337558030,21.090048783322768
267022007,53.306384771570286,-6.208285103161706,2407229567,22.602023033222963
267107008,53.30371078996425,-6.497358975610235,9290690586,107.54727291326017
267028032,53.4047245696892,-6.410872587403564,13074072287,12.439408406783114
267103003/01,53.34406464159411,-6.480311872380277,3281659226,161.36887206503314
268124001/02,53.38177330581204,-6.155010604967424,8914804858,13.963033292344416
267133010,53.466540423079095,-6.22900887688215,26472621,40.17327744475614
267118007,53.52002092361692,-6.08819141649062,12542966974,29.224983151288654
267088019,53.26582246631724,-6.1634776675645915,481194665,22.533688349088955
268073011,53.39176322143374,-6.165758810182394,3650706749,48.61273296335561
268150006,53.3416400991926,-6.289771224006393,13103567280,3.567435129627863
267053030,53.32014931925143,-6.4104990657437115,8923649279,14.508124337081728
267028058,53.39596411457938,-6.421395693993868,12927883047,23.272108472874173
267028004/03,53.39139185871114,-6.441964937833362,874398879,8.661120029096429
267158012/06,53.424272971746625,-6.376889155446731,10282177418,9.32180395498074
268017012,53.39557284676072,-6.257601166508644,9408834646,5.102139132856405
268027005,53.37732694260368,-6.281770289192269,305413792,22.41418054486113
268124008,53.38541806537204,-6.157675775788445,4431091441,9.975606734588444
267003028,53.60744945131036,-6.190523065537758,10920043576,17.822654034553825
267010008,53.28215513490183,-6.264200259683874,247390910,7.371637257275056
268112001,53.32123993498989,-6.208123121754178,8718459521,39.26702763604101
267108002,53.349441878804775,-6.37138297416144,1257101966,16.903910569424
268096009,53.344443535820446,-6.2479289881957545,3977179422,24.195369737838043
267138002/01,53.29422786088101,-6.411771100624388,13347714300,52.3305654950727
267039010,53.2786528454307,-6.155777676038314,5787046736,5.150305570198887
267101007,53.35444005743889,-6.436880118342346,8828538579,44.75580308119616
268150001,53.335226968025445,-6.290836515305936,3133124795,37.76852383292005
268135008,53.31547721647961,-6.268131652054169,8300914813,14.795707780203035
267157007,53.311190458297716,-6.33498844895429,8633054630,8.680096819660868
267132002,53.45653203847415,-6.261719736223508,300738968,13.874425823947716
267137002,53.29885247610958,-6.380499158574575,4874041303,24.271987415475927
267099033,53.44436912193458,-6.199008683277195,6018353588,19.170450768698792
267053011,53.313493617105316,-6.401078739248341,8988554489,28.619539572597585
268078012,53.33697063166538,-6.327097180037273,7392125695,73.32871654387051
267024001,53.28912720569793,-6.166421015225868,658116675,32.20503560792893
267028091,53.388463745308016,-6.424662814369044,353115356,34.654288713261096
268011005,53.38702315665788,-6.27032809709095,4264983838,21.663865722739533
268119013/268119014,53.40492139635369,-6.179396868232439,297567440,51.5261118195269
267099006,53.444364641194916,-6.207885578649955,2365684195,44.47899312276793
268158012,53.38501849614853,-6.245077366265225,2374889708,8.579115324688173
268135004,53.317807539333735,-6.269032199494867,12051608188,8.496038081359847
268148003,53.34125737182619,-6.3017066011298395,3124514444,15.169649539978389
267150018,53.30691282627089,-6.303308817227221,4852675610,13.97335162666234
268115014,53.337852920496246,-6.232330901918651,1115719694,5.387552266230015
267138006,53.28891172346749,-6.4064520168144385,6670240809,8.999088960563943
267051003/03,53.33508255112424,-6.399215649042088,436633024,3.2621279109543186
268129007,53.313373881055895,-6.251713446243434,12177917466,15.946311599338918
268051008,53.333713676362954,-6.3186939847881725,364875174,12.641628970464701
267158005,53.41686313662359,-6.384232690222757,247483898,4.5270360320799705
267140041,53.284123224648056,-6.407994380624746,9498877066,21.483759625617214
268079005,53.331848024803286,-6.332808701214418,11179593640,38.60260009267766
267101017,53.357687654992176,-6.44516487736345,2572909601,15.015458287356575
268157006,53.38300486293011,-6.249532037153575,6378950158,10.9179823403683
267095010,53.38434095489055,-6.0942617661113365,49572923,12.9750758056478
267080010,53.281011578041685,-6.244099812736848,38980512,17.083167147140646
267118001,53.51465385470549,-6.116611775767197,9728003234,7.366987745919585
267100053,53.341969107278416,-6.418101579839965,3001074682,8.222244950643136
268099015,53.34127982175925,-6.274032337351527,10693005357,12.345381308441917
267099011/02,53.441271504643815,-6.204668563381983,12599775451,1.5130752752289671
267106005,53.444847236160356,-6.166254155196592,5250067807,25.62060110721343
267065013,53.48695754948206,-6.152517533221765,9791099514,20.27018595906158
268078003,53.335495222855705,-6.331224859628705,4658435479,31.477567337510678
268129014,53.319655724211735,-6.246706171718828,8384777227,39.84247670982353
268054005,53.32355264513696,-6.315025949357867,2992744414,33.67433715796849
267151010,53.30589967305649,-6.327907487963483,8633054768,11.584712893816082
268010001,53.360162220519825,-6.259749281825082,6935165762,13.21680290910324
267118011,53.51972844122746,-6.081630707601803,4365164490,18.906423289289318
267002034/267002002,53.61037817728524,-6.206404111152079,5987046307,5.244198642016667
268056010,53.3267153385721,-6.320053081506592,1410014086,12.537501532291765
267117001,53.29906522035507,-6.287766632938059,2474110507,42.340858555246385
267040050,53.374218873752156,-6.369909155647133,26453081,37.440815502559026
267108012,53.34688408409513,-6.366226670634283,147049696,41.7895739323645
268009007,53.36017591170129,-6.240421597780807,8962998751,12.8883097710434
267084030,53.278983510279936,-6.339661184672574,10731099954,7.305511231234062
267147030/02/267137004,53.29900685727969,-6.37778070554829,440121566,8.580544493421428
267108014,53.35165057113741,-6.363354729089983,848699019,22.23095258778025
267021011,53.29772489917753,-6.189208743273163,11074268594,25.7771722330564
268001005,53.3572099928077,-6.2734641318516315,13904175207,14.804847262942895
268139011,53.35272333426986,-6.265104413966347,13398439558,32.29300408122684
268142006,53.33549260082673,-6.2669051264785915,12832459903,17.18163029250189
268056007,53.32487858735741,-6.3258205579351365,1410013956,25.97743350564736
267008006,53.27839636905422,-6.258838820428245,248516915,39.09876402900077
268128009,53.32743243677318,-6.246670387953316,1260858711,25.254141195056583
268004014/268004015,53.35370385455637,-6.295090221057425,972197996,31.22350265363144
268153006,53.340009833375504,-6.306265796743901,2761359916,52.66516662757568
268094004,53.315633034255754,-6.305188072441686,4904502719,38.641498965729
268098010,53.344557499942525,-6.277453185637,4397272904,32.93266918208082
267138001/02,53.28626915055877,-6.419254613211073,6750946890,2.8480711932115095
267124005,53.29588489901389,-6.215509125216328,5048491381,10.001650677857837
268140008,53.34057481928894,-6.269536698510126,13726263206,5.578380362254195
267100091,53.35468836776684,-6.408274336265558,4836028867,16.609737789936005
268132007,53.32236292118704,-6.27819038908861,585345784,24.85708959201156
268131003,53.322737216948646,-6.255709164549135,11817429121,4.651115897126646
268154004,53.321730034841494,-6.3356604266873,4381839613,17.69025614364545
268071026/268071027/268071002/02/02,53.40280207200129,-6.1640845609051675,4072345666,12.501091518685708
268066007,53.38664708552205,-6.319510581424551,798843307,13.672253328212761
267030003,53.39651156279939,-6.380640143580864,12755468407,2.0407056449360024
267050034,53.32733887727535,-6.379206136777641,4870985831,3.851270777056365
268066002,53.386899536074026,-6.308813458049305,3796280071,61.206229084778506
267132038/02,53.44875962653786,-6.242206776863244,5825365405,18.486269587886795
267100007,53.33735546369819,-6.43440011654938,597694518,47.705715331683116
268160002/02,53.37794522633192,-6.245398378267883,2519340959,19.583263019473286
268022011,53.392346340451894,-6.2270556234569225,242733700,6.082799377985989
267002039,53.58338551309854,-6.181277369476279,10674387264,59.973008181923376
267007009,53.270396248437436,-6.257389280953883,12327594091,25.54155990383863
268036008,53.36109410167567,-6.3024981079539675,7995865944,73.51706140394496
267097006,53.24792267188899,-6.134686843036667,13945022967,15.970394670914747
267105014/02,53.444530421529485,-6.134189702862055,1708092935,11.496713367546468
267158004,53.41781323906336,-6.388128910412605,6356399790,24.63152870761303
268082011,53.34937626193938,-6.271338992252355,635148537,5.25371662660543
267019008,53.30062305760627,-6.203220701377665,1420096743,6.888171524093982
267051006,53.33967109982292,-6.398043232709676,8674508165,21.464766187934508
267125002,53.28699416794466,-6.223061183680756,1519196010,13.398402152098157
268158011,53.38552289530843,-6.244207301817834,6378950085,33.61526371094859
267145001,53.27965894041306,-6.352542364811202,982965386,4.496057235393609
268015009,53.40532181432916,-6.2906268460546775,3135862448,13.510064418243838
268030008,53.36326371612757,-6.271819839741961,1427522277,15.803831658191267
267028049,53.4022639463108,-6.420587065318197,25961828,4.464284672833705
267151004,53.30708800132825,-6.339627369543505,4069914260,47.46117868742465
268110010,53.34234872436667,-6.226757579355165,690284032,15.402455422513322
267028025,53.38994163053916,-6.411976234630809,12917887456,2.8904593394179052
267004021,53.392464287088174,-6.121570433481957,1487177415,8.828877319063986
267100019,53.33881107209438,-6.434165028487268,10199731534,4.044479892502299
267043006,53.2992906861351,-6.262519162137818,11034513463,9.644716610570638
268042019,53.36353461789084,-6.194487064309886,2771943366,10.416430875360712
268115006,53.341499084104754,-6.235171463301105,14031978595,14.093170997508183
268162007,53.335688258925565,-6.2713714311160285,4469411018,11.666906453043534
267123003,53.58097653664308,-6.130248014728381,479986280,30.651036406215944
267112008/02,53.277827742792724,-6.469125380176881,9330391818,19.75737264618804
268068008,53.38295824252165,-6.306011011866217,8042970976,8.125817879403588
268075010,53.39046394027041,-6.1776163028006845,301802141,4.660320812290536
267134023,53.45406293138254,-6.186681577080529,3797229610,1.8919596250580981
267111006,53.41969373919687,-6.147367110097367,3087418073,16.35758646747784
267090003,53.27379799234976,-6.181077496705054,13149735489,35.792524453824164
268126005,53.376877483750306,-6.161905097664477,243485103,35.32820245638081
267053006,53.3185368139058,-6.414855732590772,4868783546,59.01561845380425
268020009,53.39713918604464,-6.28905867510575,52202414,20.664521209242253
268032012,53.36015993565036,-6.283466942752793,15413088,43.12236692152144
267023003,53.284365629142975,-6.172161566723789,3472735157,30.0622007184556
268042007,53.36071516704836,-6.183850454937738,1426961229,30.737237226416788
268096006,53.340912701451316,-6.247993745306438,3972513382,31.451232602776326
268160006,53.382498276667796,-6.241957144742486,2375593259,14.710444156799069
268081017,53.35637975396031,-6.269006707725889,6217214332,26.078914094769367
267140018,53.27586363744866,-6.402282551539634,9501236061,25.961304891513816
268159007/01,53.395770837958445,-6.2444294627022865,12754229761,14.846160855924492
267035011/01,53.26998245614683,-6.344220545514684,10778237444,44.18752246368611
268083004,53.340811726901556,-6.334174243506975,196269175,6.970796881873266
267147026,53.293306584721826,-6.386431015384295,11302932514,1.9363340335736967
267104027,53.52808662113632,-6.164771630446715,5825389327,18.21961191342456
268022003,53.385856128727674,-6.222874540587366,5421563183,48.234294439700655
267143011,53.27389581157797,-6.365773410493366,10124592035,27.07566468624093
267142002,53.308271682229815,-6.364907907686248,8555229546,14.451310487629605
268157010,53.38586917277147,-6.263563450567936,3895050805,37.08098397595792
267028046,53.40312672401111,-6.4229906524785205,25961862,20.349087293861537
267122017,53.21220988554679,-6.107728218736236,10299475695,19.290147007785308
267108003,53.353112958528335,-6.375104064928645,4687322689,42.43664818592138
267092055/03,53.271832676600845,-6.203007549327193,2368308820,11.893256456522371
268117013,53.32832682550137,-6.243619714228937,13191865302,45.15119703630535
268085009,53.34054109577931,-6.317082383335594,6188736393,17.018888533808898
268132020,53.325149693769454,-6.273485567629884,746555592,18.95067711727044
268014007,53.38021152945071,-6.278695184490825,2375574727,28.097352649936692
267002004,53.611188986551866,-6.200302239512501,929935243,12.004570615606362
267116013,53.294926941534634,-6.283699487769448,8270061729,84.83133538490766
268108008/01,53.3520075187725,-6.231438211528719,12121901528,64.47831113375919
267028016,53.397583673780545,-6.412476384680574,12741161454,10.074526086499526
267017004/267018005,53.294805217403656,-6.167162001950876,634656772,7.552821155295734
267027011,53.393484092112814,-6.372914761750161,26624337,13.974145262969811
268003012,53.3482217127718,-6.287669953713606,9448495257,37.081915628783086
268129015,53.320506152135465,-6.247803903542013,8376341717,13.545299477398123
267140024,53.275686784306,-6.415814861704827,4485931478,8.315410806339917
267151006,53.30495128972744,-6.342720934773824,2700232976,36.93564840281919
268075008,53.3911545144674,-6.173380677960432,9810435318,7.701676261950775
267084022,53.26919358782267,-6.337064320469472,9447654130,5.705828407413191
267066019/01,53.40213336191195,-6.302435874709313,2682644536,21.80393560768034
268058014,53.3686079503231,-6.250728710724414,280123262,13.319719114268793
267138007,53.287119742171285,-6.40376201523644,8635139787,25.203446347927102
267143004,53.27525188611337,-6.3768102492638645,9627352221,27.571879246710875
268072008,53.40112553667569,-6.151784979438954,1528655636,7.21349292649449
267032001,53.400747137058815,-6.383316442916018,12878797134,2.3074985652660662
267019003,53.307197676676886,-6.202992553949044,2607498330,8.877785153409208
268150014,53.34126675910778,-6.285482957204946,2372266795,36.714004089269686
268036002,53.35942589559836,-6.295876665683703,2399584257,56.224855360018154
267109009,53.34708870969928,-6.380944085233193,11093482139,3.1407366909331715
267079004,53.2857341337222,-6.235113495719554,13366476288,6.467301100404542
267049022,53.32029521038739,-6.424500178477554,6917202628,15.243491498097706
267008007,53.28076720259501,-6.259289324706353,12308313855,12.506668873853606
268014006,53.37879250014358,-6.279055157009232,305412427,8.542568840118502
268030022,53.364095322677336,-6.27396897670291,1427527140,45.552686802439425
268043002,53.36492668654221,-6.1995827005305735,12017472054,38.28474836373415
267052012,53.34735527960249,-6.400049136441668,8719944322,25.716272559415575
268151012,53.33793595128532,-6.293647751979067,349176528,13.914817785388168
267095032,53.381261641037575,-6.062357010462721,9404762943,26.03612692367407
268104013,53.352263948973274,-6.251128004923467,3142939616,22.40920608541277
268094003,53.31568181124217,-6.30243808511477,269235578,5.058248954061092
267033004,53.38433221815946,-6.381313519123163,12714464152,15.540286786380056
267012006,53.28695673002076,-6.259170826792845,9535298461,35.950385809483684
267065023/03,53.495833280505956,-6.144157556461785,10265078462,19.375012783175602
267049030,53.32226917332209,-6.416002112934967,11795443731,5.4448519174381245
267121003,53.235485209907004,-6.120453566219058,2004573322,14.484302215421957
268129023,53.32319760751275,-6.241824398432333,12756522712,23.761434222288123
267086001,53.283989101170846,-6.321838499318956,7850331179,24.98471949461101
267100001,53.33621420485832,-6.452310047116233,10200883055,6.713462707148387
268070003,53.37774935237207,-6.239469355770083,6386076388,7.979588349071891
268157002,53.38085767392992,-6.255481908944371,6303224736,116.28958654680477
268037004,53.34376598113904,-6.338911545060154,2627332689,21.170448819652336
268102010,53.334327369140865,-6.275326122820985,10609112847,21.58845587427518
268112011,53.32381821651445,-6.207745277820439,428957672,15.276837708835055
267100005,53.342149218866126,-6.450955053317371,8796702970,15.611565605678335
268082009,53.34855960761952,-6.274071517138732,621545482,25.506839950151
267116008,53.28769604629475,-6.284598422828407,7798841986,2.2062703677754407
268029007,53.363721522535585,-6.265291346765185,1421429079,22.444297127335297
268019006,53.39418189694055,-6.275376685199372,339246721,64.50090744838971
268059002,53.36354671923466,-6.246794453214051,249085647,9.845230418237726
268108007,53.354636448381434,-6.238441238587351,4773311560,17.038600437332615
268145013,53.31133443993917,-6.290518049205872,4207770497,3.3226507549235067
267092056/02,53.240638217394526,-6.183785541715707,14048980812,233.90481322545816
267143003,53.27425158905647,-6.377496913283314,9627352272,26.506329162214215
268094002,53.31786935714957,-6.31484160628613,4896168379,34.22191504095842
267058010,53.29810773187188,-6.232904659086087,260214653,16.38804096293108
268143029,53.342624090597035,-6.23622482551872,12804264320,42.35263490869125
267052001,53.33671066341299,-6.402712460252427,11056556752,13.402797272987032
268138017,53.35330349979586,-6.257493390137902,3575151668,13.578941866498791
267103004/04,53.34707929952065,-6.461967404226276,11709497285,15.09797814040521
267041016,53.372665492376605,-6.33464458456353,13952298113,13.805191020906118
268035005,53.366409756627654,-6.2980013171958165,264586660,16.099584022625514
268118003,53.34791317567838,-6.3030356908409075,2391540648,45.51491249221206
267032002,53.40185213511152,-6.385556707650959,12879281588,2.9737526265590057
268155007,53.32351687376434,-6.32542544525345,2030004152,40.5229212563687
267098001/02,53.4519539819828,-6.280814534331224,60139146,9.907773300167165
267158019,53.42198158733683,-6.3925134220667665,9732098722,27.9590545572423
268058003,53.37119308026963,-6.24030212219476,60001709,19.575040667018374
267158010,53.41900860896795,-6.3926194438031585,637792615,16.79376262252124
267100002,53.33653812238101,-6.449488709695119,9755853099,5.144506533460156
267097001,53.2433061681459,-6.128807608673824,761139215,47.49975672733125
267028077/01,53.39817952599933,-6.43296139781335,1091458863,12.81969197294932
268102009,53.332979892031936,-6.276713280512934,1426048721,12.151748104992494
267086003,53.28823077060749,-6.322064691747298,775509659,28.729302237974995
267138001/05,53.284514059076315,-6.430011987704032,9902889001,9.069681372006002
267110007,53.435098423252384,-6.127758733525054,253510703,36.49794730622132
267118002,53.512209524732626,-6.113635539277982,9730823966,34.217929325777625
268111011,53.332629541553466,-6.218291543181257,3227846987,2.3367275862296872
268132023,53.32799224196772,-6.275433503598312,2380689111,26.916451216667998
267118009,53.523210122453605,-6.096485434768822,12527588664,36.040398663127434
267100024,53.342193777375215,-6.448409725451564,8793316035,11.02205175835109
267129008,53.293007282297886,-6.1945628336701635,2122603482,4.6562723467541325
267092002,53.2513451375686,-6.222577965675824,81390009,58.54767673616871
268017002/268017019,53.393005565474304,-6.258003848967755,3882445414,22.80840376339092
267028002,53.38202152101663,-6.412350734870604,5560626652,47.20498436779082
267132014,53.44598103079116,-6.2444339547871435,4077571981,8.738688397557903
267092010,53.25623024402469,-6.219145662214927,13046763924,4.303503341556815
267028097,53.40599337497653,-6.427730624476864,392106170,17.317491337063938
268065002,53.390581919598326,-6.292250777630645,339635743,58.04364707284843
267084034,53.28291992284741,-6.3320636921598545,10101829245,19.0441955021728
268128023,53.32559589635405,-6.252982072810334,5245010411,6.999696406861169
267069005,53.2858534907086,-6.135690251448392,479963147,8.130995212853879
267148002,53.2940182443671,-6.351498629084187,4427603557,45.50144698468897
267074002/01,53.27858683416009,-6.146134358846807,7419874923,10.56857747701257
267024006,53.28066520211863,-6.16300089167628,257531137,7.600750433838184
267130018,53.38974003638431,-6.128938117912452,257298899,47.35213167890431
268031003,53.363006713528485,-6.284160399213149,16054386,35.004400017894206
268017007,53.39595387434421,-6.253168093941195,3883139225,9.468263917913864
267107001,53.28565930264255,-6.519957143308255,14190318,90.14965463544193
267008008,53.275258120737575,-6.2599029249408655,7788435891,38.18752140598185
268084003,53.34199877338359,-6.319792987795015,2893532815,7.374911537173395
267130005,53.38974682521158,-6.144678891725521,257303187,37.12041572596796
267100082,53.34141782347588,-6.415167959307248,13100302665,5.382770894325874
267073003,53.272099039745775,-6.138956910138122,480100491,7.188047645380949
267040042/02,53.36870003623553,-6.38215296574122,6644167657,7.610396756607051
267118005,53.52450189259777,-6.111083302185416,11429171965,17.792625687521635
268154009,53.32610911689324,-6.332178776815259,4586517695,11.79751431849335
268008004,53.393342195941685,-6.189464467750344,2438128053,13.742069639762358
268006008,53.37128785907702,-6.314127649100275,2399921024,19.02133956971584
267062003,53.27327745339874,-6.126858299165257,294903137,23.795346153217807
268132026,53.324515432329335,-6.2666250278703535,11167487287,9.029810316159095
268021002,53.388131706870865,-6.232858393497448,8595011637,18.773314707934745
267093003,53.58128533478854,-6.281586240811785,843683873,130.7958388946072
268036010,53.360830746257264,-6.3073487616011175,9036368864,23.076444133948733
267046004/267057001,53.300386764894654,-6.247765981956791,258069177,21.536533384713135
268099017,53.34256447956559,-6.272862628199007,2385329727,14.103259163170048
268052001,53.328337219968766,-6.309698198257364,13901490875,15.485631986794349
268115023,53.33549217734725,-6.229658996486457,2366161690,49.90529640960975
268034006,53.369099170871515,-6.294635724281019,9032450675,45.90877053860148
268138002/01,53.35524322592302,-6.258113789471732,6146071346,31.33442810089685
267028005,53.40423277127129,-6.404447317825421,2868654262,15.507603003138321
267030008,53.39643211312452,-6.375663197582147,12815005175,19.524140004402362
267089005,53.277612727112846,-6.171364877603576,3245058223,31.22102181544995
268074006,53.38615691934652,-6.165944372275384,4431091471,25.84714378447844
267002041/01,53.5972157056795,-6.174294307092577,391036976,29.63171157987293
267129005,53.28834053574924,-6.192864122925413,181285607,39.95939511179823
267145008,53.28219798948025,-6.352754906129804,4100848259,20.443244179740745
267126005,53.280241220476,-6.193234952470327,12513799384,3.9930156663675747
267084005,53.270119613979574,-6.337641434127455,4867382328,14.27024140367773
267143023,53.27587037231744,-6.358589713642593,10124308356,38.666658217302725
267050026,53.32463743445982,-6.377584569031101,8946868079,18.370182553506705
268100008,53.33753721189997,-6.280144423047183,1426048820,8.04933999196379
268088001,53.395134616768715,-6.236458772468175,13371932684,11.923337014669235
268010012,53.36131199833163,-6.257210046405021,6378526000,20.78662435301925
268101002,53.33523581904152,-6.280171674634399,358472581,15.430940696546127
267138001/01,53.288045939238835,-6.430304443380142,1420971452,19.142289372298258
267114010,53.29594577255563,-6.288919814512773,7813629314,21.58912363249527
267043005,53.29712625878055,-6.262111727209291,212614500,41.23780368366884
268126003,53.37750524902197,-6.166226290020617,1427047502,38.32689033221137
268054001,53.32674850003645,-6.311282856915175,2993737772,4.955290444210489
268100007,53.33880652188258,-6.280488063763013,746555588,21.640904257085325
268133003,53.32638988997868,-6.264397805689609,4897386671,32.40963315261645
267065028,53.50506064959845,-6.1217273100982075,802562084,2.24885151097952
267128001,53.29286161905255,-6.2088497420132605,11846570600,11.520698020234219
267024005,53.28566997688299,-6.164641508166274,4960393648,22.660791055427847
268059006,53.36274520530453,-6.250146667442567,241895329,7.41187589383309
268002020,53.35037831291922,-6.2805514936188125,693895810,17.284738756548304
267121005,53.238286491882434,-6.118942100394449,1411316105,2.403276612698508
267123029,53.57944886513571,-6.114253938239167,254623870,6.481775633134486
268012007,53.386158471727455,-6.290070848070749,13180691867,32.86520896420038
268005003,53.350939979632905,-6.283293270062096,1396434057,22.868591116800154
267002037,53.59194018490002,-6.186555216563737,257315767,5.953245340056954
267133024,53.473107259114165,-6.238246918773964,12593995806,10.519278092908946
267103013,53.33654491682605,-6.4563130848935995,3313359455,7.185393917913912
268071001,53.39893895865577,-6.178317150275502,966738704,25.32994236050811
268054010,53.32746119380598,-6.301429086004134,2315607566,14.836370736005213
268105012,53.3562561186893,-6.255397208359139,2522661578,8.962106487790958
268075007,53.39208534690669,-6.177220725565738,301829321,26.777421345402797
267156010,53.31150624997412,-6.316978614450743,4204789011,19.197216402459787
268133009,53.32922467391393,-6.264032448926491,252311731,26.064516716154163
268019001,53.39021925991374,-6.2719175928008335,5591395073,18.399457564322564
268117010,53.33194401232256,-6.239156237660361,13147443501,30.938116093275998
267077006,53.289089796270936,-6.141039190000185,717399189,34.93126598471783
267046002,53.2981947680727,-6.252450156183621,11035870134,15.861492110067559
267160001,53.40767067673095,-6.233455869990618,2443612643,15.83051027075135
267052011,53.34725876440009,-6.403972431577536,8719941003,22.986994395000405
267097008,53.24549864606751,-6.123537938573182,14020614305,6.820385089412667
268058016/01,53.365844348558795,-6.24758703220457,6378973164,4.6645088120886316
267028080/01,53.38723847309035,-6.417419240754067,8279690330,27.642121447042967
267092030/01,53.2592939027895,-6.203762893653025,13448839023,21.523188991332084
268055001,53.32811499911547,-6.313491508237473,4748008381,13.903997755374037
268002005,53.357832088756616,-6.279969753134469,1660023096,31.51777951064085
267146006,53.281528945553674,-6.367170039763025,9464710876,11.410872323151747
267013012,53.28870373465493,-6.304178353960578,7820666885,4.876689881063565
268127015,53.310816660203,-6.277836266911083,3113246802,54.00131927434279
267076005,53.28682753793064,-6.1170705543538375,8402819875,23.676912669496858
267013003,53.28047873882872,-6.310438873489182,7732511133,24.1606467550132
267123024,53.57337078755869,-6.11337513733393,12658305660,14.396628538612488
267040014,53.37934489555167,-6.3783116561266135,12769785481,4.348224120331969
268097003,53.336345480973286,-6.253635802370165,4738754976,2.805310643469246
268143020,53.34362231454892,-6.23952960658692,7168553922,18.510401014204714
267068010,53.282242877563405,-6.129344225411289,480002844,41.832751444319086
267040033,53.37484019721451,-6.392921377078629,12966211867,1.7902743769961031
267002014,53.61605494943472,-6.195128408218296,8177442894,13.411738104730153
267148011,53.2925184206222,-6.344969677383876,440726383,33.15823633933086
267100032,53.34964923995697,-6.436739817206362,1264105392,17.67203583342632
268131002,53.32571825809631,-6.257191633468118,4951752754,10.332819580206879
267148004,53.28897846563631,-6.3544480404985455,2671282460,55.50870498481755
268072004,53.39945940521921,-6.151137178519365,2941539912,1.7361096940674163
267092001/02,53.22141950195601,-6.222097713487534,91408741,6.549658205928945
267035004,53.26874259198127,-6.370187013138249,9604477135,3.2408715445112417
267132045,53.45514191061217,-6.240429116985738,253183643,37.35263516075713
268154005,53.322400492469875,-6.3379879956641,5841692219,24.34076494535823
267152005,53.302451161178396,-6.319716632384892,8627358288,15.86890305556157
267053001/01,53.31676359399114,-6.4218169653579436,13751685139,7.787694675950548
268023002,53.387925323711535,-6.213245352277616,26389301,14.950854421984529
268145001,53.313542379716274,-6.291178857008611,12979684067,14.061021257077405
268082007,53.3506752379102,-6.273512444799394,665668861,17.061118733784603
268058008,53.3716445538148,-6.246827068463109,3648633159,31.557768497952377
267065023/02,53.49421538387753,-6.146657433661893,5038840809,10.33107270456913
268071029,53.40077756450996,-6.163209527042458,5522720068,42.98486708002587
268137002,53.32041276053648,-6.275266024547299,4982560202,21.477117793126627
268140011,53.344119113495694,-6.269401528674685,305307160,20.38112950023623
267092044/03,53.25984126223422,-6.216410411436268,6216972480,9.230161964506278
267077010,53.2946094709831,-6.1356302371241735,11229797010,16.021658027280665
267028048,53.40093709948076,-6.420633029792249,12724544758,23.263671103321595
268060013,53.37733516960871,-6.263808957345286,4894741101,14.641437166163664
267143012,53.270285267683136,-6.368780503533603,6624453389,14.217500450237134
267099018,53.44180424334006,-6.208407725947889,3790044982,20.441494580660123
268127014,53.30788792401372,-6.280913981557393,2790271850,22.81312578288645
268153002,53.33872932085757,-6.306933247133544,4444957302,7.722768572943182
267100020,53.338187307120926,-6.435888893470711,8849429474,7.4557097819111275
268072014,53.397594952906665,-6.152217810531566,49397371,41.00302488038817
267068005,53.28758382471283,-6.129799741851586,9583979466,14.399243781652578
268124005,53.38378994697807,-6.161945591000683,32435477,25.142162839583413
268031006,53.36561640608446,-6.283464975471602,2400869887,23.661177022838455
267130016,53.39119135784993,-6.132550698201391,257296688,95.5890743044926
267100029,53.34262152368486,-6.433272597073101,3010089997,11.196240679012382
267084019,53.27552546127929,-6.333684584655694,9437764468,6.187147869575028
268068009,53.38225811625613,-6.307969247647478,469849120,10.094267261868403
268041010,53.37635350340406,-6.174867516130291,241132990,58.814524195058
268050005,53.368320754516894,-6.235686100414197,1610330949,27.95134555234377
267088006,53.26362319039935,-6.179044782256025,11510003587,49.57521806100447
268033004,53.37183078898296,-6.3025414750944195,2369219709,59.318323343311384
267134013,53.448021502874035,-6.185562446132444,253312786,14.199958654748684
267080021,53.269775150963035,-6.2320865071108855,2370551454,17.79530183228613
268009003,53.36137763632159,-6.24636901902686,6370761533,3.580536268379188
267083016,53.27739524668082,-6.293718248659515,7797341761,7.0366480936209514
268085014,53.33858845662889,-6.31359785422321,2373223778,6.427356302458789
268069004,53.37955317168288,-6.314400981940332,2400844995,12.11906387358958
267031003,53.37911886329561,-6.3899927147604565,12983414955,43.259631254993
268144004,53.315518977339586,-6.2875103730104,12959300045,9.044850510831841
268003002,53.34945196010294,-6.278570800904414,6988023647,12.401162638836531
267104009,53.523839601200685,-6.164414157828393,97019803,23.82691579309339
268137009,53.32156829345223,-6.274335309253277,684995636,25.69660770973355
267051002,53.33672348292524,-6.39790954022202,8718709793,14.079070168393645
268085001/03,53.33750023690157,-6.319654854369813,12150536068,9.580722648983967
268119007,53.40153568996911,-6.189812782939613,2752694914,15.746280056708764
267103001/04,53.338387035873744,-6.46475619764271,9780315383,18.989729748379492
267126011,53.28096813180332,-6.192427661459263,4758734364,8.921479353192296
267090001,53.276683550810546,-6.1850865356281775,614656315,20.90176692261076
268032009,53.358838767243704,-6.291386672515064,4935950147,14.289135752734968
268069007,53.383531404606856,-6.3201910889753,2686926190,22.894055299455836
268161010,53.336942765277925,-6.27017495891089,2454609669,29.991355702237712
267024004,53.28810673997629,-6.164012634210566,658115992,19.41867976693711
268037002,53.3469267007234,-6.350094918835029,12793767486,12.754378147722413
267061002,53.27240120920709,-6.119716840496324,480079660,1.7798505988986106
267160002,53.402516371991325,-6.236257643750667,248037654,13.577003917379637
268142023,53.33111477551873,-6.260170740891256,8392300525,34.72172445627744
267131018,53.46288064070844,-6.246357699534312,53470613,35.72580169813253
268136008,53.31554172962763,-6.280572010379587,10897690492,22.997768008791038
267004018,53.39335839584675,-6.127410287151872,257286994,30.506200921139
268130005,53.31915148417454,-6.2546701673400085,563887686,16.916906762140442
267065029,53.4987515219419,-6.114209664460315,12415332925,32.84887256837598
268117022,53.33155760993369,-6.247378981901907,6089168348,10.388384292550029
268117012,53.32984809520397,-6.240569478670332,13785551011,22.702845618165735
268120009,53.39560281167737,-6.193432311713205,2438129198,52.750936712184085
267132020,53.451628981140935,-6.246171367843555,253179603,23.24346955432367
268136006,53.31621124890365,-6.278142552055264,2696353648,12.443746529501457
267097020,53.25120980312686,-6.126607978899715,11218257309,12.33055802529027
268128020,53.32899810905131,-6.257426629318717,4222394789,19.31587752357154
268015004,53.39792215185075,-6.276093475743477,2407397957,17.593153701645733
268059007,53.36458106674354,-6.25282871325281,280379061,10.462548668354401
267003025,53.61044491164646,-6.187729876151608,2384152307,29.98843460696649
267092044/01,53.26226170362081,-6.215874559129734,12710296639,6.402126167845311
267050020,53.3242386639228,-6.38195858610481,8949804629,16.065037048787236
268156002,53.31734297783067,-6.324119057347556,2763710371,30.87686514124939
268132017,53.3289140273779,-6.265361790370386,4897796305,29.573488805648495
268065009,53.396396871328044,-6.2908198661964985,52199957,21.800541473860754
268013008,53.383507615322,-6.277764673116792,4891651431,16.7871592439085
268042001,53.361362548413645,-6.193989662563704,410715194,36.39285768578832
267114013,53.294833453556,-6.294467013093437,14052128860,21.99150009687738
267040061,53.367338900412584,-6.362227953166127,3811565661,1.2200349658864829
267028099,53.40084345085666,-6.41783252763424,16544651,6.0278081046074234
267002013,53.61486890240841,-6.197514888434419,4385300502,14.206091807975383
268143028,53.34218280996319,-6.233345848952108,13234864187,25.765431617590643
268117001,53.33544181982834,-6.24166092354373,13480083374,26.511992368943353
267132006,53.44529716870479,-6.235680274756618,12609366854,9.81134678574936
268090002,53.32012671120277,-6.313441901258129,26414214,8.48480631172124
268025007,53.380068232142115,-6.225672183303688,4892641883,27.637039793326867
268061010,53.34714850813327,-6.357819023638208,297387949,33.48343136746403
267084013,53.27225419383053,-6.330923187654226,11073669568,2.0479135954567194
267123028,53.58021525571074,-6.11173682407145,6281316535,13.589022615477216
267133028,53.46534696958916,-6.230212141125353,26472647,32.3394023518426
267148001,53.29019878683369,-6.353626938169526,8522735308,17.99303546496386
267096011,53.26903856034066,-6.117117864106626,480079600,13.101022292919756
267012004,53.283875492560284,-6.260611858820403,7037167063,4.549774937910814
268130013,53.30918251488851,-6.256811167483803,2423624417,20.188077608704358
267050006,53.32435542413288,-6.392903753658844,8989972661,3.3088647088499066
268035008,53.36500725703157,-6.295767025785229,2369219448,63.44258963006483
267037005,53.25018093544201,-6.135660557143194,14019893675,5.9656133300655
267110003,53.43472909835466,-6.133746787093289,253510775,37.17462870158048
267155006,53.31391377792148,-6.321424141031579,4858282735,15.322546078756094
267051003/01,53.3336927277793,-6.397593881241282,10171771742,43.83589750387742
267148009,53.29071708201221,-6.335952491032578,8511530451,6.495578700206989
268015014/01,53.4053904620754,-6.284953447108707,2494582411,4.5369457455336315
267100008,53.33601608751791,-6.442473475304949,10199991864,24.65782106488894
267007015,53.271031971972555,-6.251439216718513,9554715330,4.844155508576382
268143011,53.34356786004159,-6.242816833217035,872550493,16.44823666445576
268077008,53.38237028376093,-6.191973392548387,26384666,40.953937301599666
268108005,53.356144065832964,-6.235195497619626,330940545,20.3161301491297
267004013,53.39961085916285,-6.146832146700706,314502404,33.8408049023759
267079007,53.29114483129568,-6.232105462679359,256112283,11.16092237835674
268089003,53.395051722680876,-6.222120880542637,2423092520,51.608226788310084
267101002,53.34961048743716,-6.447328442893351,4489576505,20.791735073741147
268115003,53.3404337140831,-6.233071686872406,5436094730,16.801163272561926
267140042,53.28465405027052,-6.410216792719072,9498837114,20.297118249548753
267146011,53.27937422355038,-6.359850349027475,11450628862,14.728753895785479
267085005/267085009,53.271454403850164,-6.325180343940772,292410998,8.763502134249762
267053007,53.31802449243221,-6.414287547192197,8923649397,41.247334749072174
267156009,53.31133863095029,-6.319960812663326,4204789023,6.655996769609018
267082001,53.293180038652444,-6.242756292215165,256073925,7.117552588498883
267147007,53.285031797443125,-6.376321623640928,12558252197,27.58720889813606
268145007,53.312467740242326,-6.286640484350533,5526233246,0.1932147501865536
267135004,53.46319499966871,-6.215761999392468,255416377,28.198027619504856
268076002,53.38464302512492,-6.190294359388749,1427047646,66.82945346313237
267111010/03,53.41843457173935,-6.147552477029528,13931847073,0.8642164083722852
267114006,53.292081970356364,-6.296576687701275,1284630562,2.336071999268837
268071023/04,53.40522214095342,-6.1759299947149415,12760677017,19.95441639249987
267132001/05,53.449333193909794,-6.251096286240784,6749358676,25.991849625950792
268070012,53.37469447019912,-6.222666908152485,2758274183,17.470455248385807
267133029,53.46498617171373,-6.227312645806975,2986146528,25.909853500860315
267029035,53.38775069191926,-6.38887927527953,13096028295,17.215868733332655
267035001,53.21505512691861,-6.344458436249062,2598864931,451.67184063524877
268017010,53.395428901049584,-6.255518655999233,2424873933,7.987389489750485
267028106,53.39167312162487,-6.434253460743264,11880018239,18.21143060956825
268095004,53.3394140381688,-6.354515402956485,192308488,36.09004381436011
268008009,53.393052238532526,-6.17945769184473,4892956240,30.04148746531646
268048006,53.369774485519656,-6.210783320364239,1699406003,82.90890593811952
267103001/16,53.34742173698077,-6.471651410118192,11690933472,1.4519678713776938
268094010,53.31424927600535,-6.305907211529564,4898455688,32.93503107822359
268127008,53.31105011657497,-6.272176147954953,8297765160,13.507929858666714
267065005,53.485389751748684,-6.146589821266878,253339415,22.46674805346751
267092014,53.26059818568664,-6.218543701626984,280431603,14.816199081414547
267117010,53.300523276920664,-6.285797699198262,2474110580,47.81538355612117
267051013,53.3374327825876,-6.392585196686753,3292810278,6.556679271486379
268071002,53.40480138137391,-6.171184762632766,6071968121,45.21806220277515
268071010,53.39787258297272,-6.170438103574021,187761519,47.319018628986775
268115011,53.33877322103832,-6.23515095245537,13234436516,29.73028260078409
267028039,53.40138320787184,-6.438763417143238,7177404061,20.923633274627647
268117018,53.32969572675596,-6.246478111101243,9732504486,7.888776974736879
267013008,53.28116744088623,-6.299822300366838,8215454099,30.707513357330754
268092008/03,53.3213796461338,-6.285060160798042,12806034585,1.4119795305768714
267057005,53.302876640443586,-6.247229796184971,13439603401,6.484865882497464
268112016,53.329942721201164,-6.210824026816525,428957685,9.53872690732486
267134010/267134011,53.46659338645499,-6.209366841805778,9578004353,83.10421923883929
267126006,53.27868537042726,-6.189814530471372,158709919,39.321821408169704
268101005,53.33598257495251,-6.282852292205891,2742541294,4.6065402204186965
268070001,53.374079109322516,-6.2408483367186145,6378829672,10.877558959095019
268132012,53.32734108486276,-6.269748550147509,10817104887,87.00562453518944
268005015,53.355214050824664,-6.292625385214517,2399584155,33.446204724201806
268006029,53.37770115455347,-6.3310119182002484,245807840,14.187629250932789
267031001,53.38040239181908,-6.38407558892033,13083931816,2.4507388111281014
267100077,53.34440795385898,-6.414703194875232,11897667555,3.734682553096118
267141003,53.27557241967388,-6.391915833193646,9629735657,55.564204420197996
267084016,53.269952210345785,-6.332379336204733,11114103419,3.0061436659253817
268162001,53.33350447830107,-6.273863873045822,4858081768,30.683922894286532
267059005,53.29896333852777,-6.240837674524548,5149666987,118.31111030705068
267130017,53.38995898785191,-6.132409363029226,12860200756,74.50557324158908
267028052,53.40106061034017,-6.432892929318572,12778217260,1.620987734740686
268047011,53.372931894410655,-6.209509689499216,241003256,2.860077257862878
267103001/07,53.34005823940999,-6.4681766154452625,10249332292,10.302786149554688
268109009/268109018,53.34813710502765,-6.242183417949728,5267884634,14.815732207175547
267028089,53.387515425037954,-6.420002158002008,12955252,22.172035123009888
268158017,53.38826109550982,-6.256751482235294,5388335438,13.291360604449183
267094006/03,53.58574471513261,-6.139088939902581,4264152297,15.250336807367193
268092005,53.32017218274821,-6.289431918414393,122614708,25.857268982277038
267104001,53.5189054777384,-6.223582038469463,11425554519,164.06023335775708
267079013,53.28950643886259,-6.229362722976519,256112268,25.46791867533874
268099016,53.34128274706598,-6.279542014577572,10656297074,9.892488621427846
267031016,53.3820102571609,-6.400169021328405,1272240230,0.9725752452555745
268081007,53.358103275972894,-6.268448599232267,6217539841,23.608148924162943
268113015,53.318826419302745,-6.214399049586126,8496751096,7.028048990648965
268115015,53.33986366524035,-6.230425582419076,255235000,20.190084861673576
267138002/03,53.2959759280303,-6.421630142826024,6982634614,29.372192524219702
267104018,53.52526108371943,-6.1673892168091236,10712531175,4.114488070411594
268118007,53.34773104200926,-6.306956992767075,11295587637,7.235673396601203
267085003,53.27327490341614,-6.322039125303883,9670780185,35.42958960464812
268145008,53.31070219706739,-6.286961720256142,3563871829,13.145222813168509
268144005,53.316609871469815,-6.2874475038374005,4194418314,30.735751539075263
267049025,53.32939949971512,-6.426456220012612,11833521986,5.408445747172228
267150016,53.303128592064006,-6.304728347335875,1500360781,56.95294608565203
268049009,53.36489364969197,-6.231633648151935,8623278777,20.09409606181649
268118006,53.34721559747126,-6.295578300363895,4161475233,51.8720392499223
268156011,53.31895344185002,-6.316463251684556,8694163664,17.171106156157755
267153007,53.299621803266945,-6.330692593295825,8618091792,15.488536983580646
267100036,53.3488136839034,-6.422535634251085,10939902658,9.616781410666967
267052004,53.340163485631,-6.405058166412091,8681308434,16.776693256700256
268120003,53.39818584434593,-6.205518215016543,4057378954,44.045449004281636
268077002,53.3796263270275,-6.196794519456037,26384754,28.147959229480456
268070016,53.37549213253028,-6.233003230614809,3428783056,9.672644268965934
268151004,53.33434296037284,-6.2914473802526905,4218636554,8.730982391400502
267116006,53.28736489862278,-6.290227839379059,7799535523,40.27765236845067
268134003,53.316565479353144,-6.26233614665039,4211639635,20.65833470647337
268056011,53.32635702046587,-6.32837176117231,364875063,41.766997986496555
268136005,53.317471850795606,-6.279294234079813,4544313997,24.357412182562808
268089008,53.3929181532328,-6.215681017901633,2516833460,60.53032143568007
268151005,53.335641183755385,-6.293525451773874,8575560357,3.3942635747083094
268068003,53.37941926440106,-6.308949110975367,3739628523,16.105895210588216
268006002,53.37280078798544,-6.328167159821452,462683764,31.93883983686876
267019006,53.30349217407886,-6.203873228702279,5283739020,27.319463417836086
268051004,53.333376609979794,-6.3265805745217225,4426065301,15.636613475607664
267029021,53.394123612144014,-6.402367883244525,12873322796,5.962359077638858
268011007,53.38489272238623,-6.274749441675397,305411686,26.821836304257648
268056003,53.325356451937154,-6.322930695333418,4895330489,21.217017152741064
268032015,53.35992904908883,-6.280519700291129,13361732657,3.903215944836842
268159002,53.390223013370885,-6.247175113189943,5414758353,4.245224858214115
267069001/08,53.286383794254085,-6.140557840328217,11974236243,5.107309825301841
267158012/02,53.426135806677934,-6.374078850316474,13374120557,19.94584910488496
268136004,53.31696096496694,-6.274622011371416,2371878845,37.794431853656654
268067005,53.381552670568425,-6.300205158105136,527838192,24.38651065759237
268039010,53.340551418067975,-6.3596461573388465,4938221197,48.435045813616746
268025006,53.37797237563276,-6.220825825247362,4892641884,24.91918190929248
268076009,53.38617405373219,-6.198587788773604,6202677751,26.697588423726856
268084001,53.34079534009844,-6.323697809332805,1414486395,34.716774362560656
268114014,53.322237736911,-6.215567031395947,8755842494,9.564705288702589
267150008,53.30398856678356,-6.309059481756604,8607900608,4.620480458758676
267083011,53.28107762684053,-6.290882730782855,11077223893,25.11521763876235
267102004,53.36181337439394,-6.45052419220098,2870063973,15.164522159161374
267104006,53.52522918870355,-6.177281119706047,97013029,11.877891453149665
267140027,53.28137163909501,-6.428948520637495,9911624888,10.43324277598836
267097004,53.24447652288568,-6.119421679532034,14023172206,7.920908180106182
267011005,53.287562770868156,-6.25021227522642,9537832422,34.13267029606034
267131001,53.467714972266336,-6.262215122820698,5755765465,184.239174636877
267104008,53.52330475845332,-6.162393156624632,5721165621,19.763095942617618
267092055/01,53.26556379335671,-6.191068949579425,8909717827,67.57099940329788
267116003,53.283216626532926,-6.2896926797162545,6298298353,10.297662891998053
267065024,53.490730283121614,-6.14407649223167,10267146342,26.34645641840863
267096009,53.26759518665764,-6.124469142002828,653542729,17.3960598311122
268127002,53.30754184568551,-6.262221724697136,7501522988,0.494644173198171
268133002,53.324010968351665,-6.263883567257971,2371748432,3.709906160422797
268030024/268030025,53.3621852470726,-6.278053267832208,18896440,22.1845333616213
268143015,53.34059062670451,-6.24230967602561,11183713522,3.7615719995513905
268093004,53.318100089412944,-6.297856017710916,269233869,34.46230347676199
268060008,53.3731254335341,-6.258497483026535,6352548394,23.91283436687035
267020017,53.283313760525374,-6.191712465121975,1514093873,28.97351746340957
268143021,53.34261938018721,-6.236879391002436,12804264320,37.63213729039129
267138001/07,53.28775963207777,-6.426340458301461,6750944603,8.000679836495687
267110014,53.43738566527556,-6.128995862618686,11015857702,41.6511622550871
267058009/01,53.29879385409627,-6.231035713445314,2386796932,10.908464491403183
268115020,53.335401470385676,-6.234036181948206,428959227,15.389593399854386
268143024/02,53.34441643810121,-6.235764562352603,11599631496,38.55496799290077
268056009,53.32795595225015,-6.327592790335398,4384607655,4.250277841344532
268041011,53.377486236178434,-6.174121681656763,241135378,66.47296389526001
267080007,53.28087712468852,-6.242487111781669,2392908039,38.65904657312826
267138001/03,53.28562413466151,-6.42371718281188,12716901215,9.326777820922755
268104004/268104005,53.35300101050065,-6.254317016877421,11645489308,6.253361898877333
267036007,53.26398179856462,-6.140394041038642,1411048378,10.567968529617177
267090004,53.27365973925051,-6.188738535508002,481234476,12.829583895971147
268013006,53.38646646753351,-6.285474043809095,3005570701,20.764979239415425
268139004,53.35211352764925,-6.267949546000976,11530760889,24.57772806825113
268114008,53.327759577038385,-6.224910947522486,8755169115,18.946062886426848
268032016,53.354953621173884,-6.2952997876323,4743415883,28.014176064937864
267053018,53.314454354400915,-6.407291875907724,9865840276,4.42753892559843
268117006,53.33256002006277,-6.236634033398812,13189821543,32.261355046712616
268158013,53.38581944207005,-6.248410663761404,298538036,19.61980669521322
267002019,53.61262008505986,-6.207397194446773,2366275259,14.64382341558691
268107001,53.35944831084275,-6.237805564751328,7491020623,29.135034073167333
267082010,53.294372600874794,-6.239813515968894,260022392,50.199288109565956
267021010,53.29916210374468,-6.18458995696939,183666871,17.804981850648613
267052005,53.34193678221678,-6.400761838311139,8689231309,35.050230544696724
267142006,53.29963203055628,-6.359896163326669,4878124550,5.550407698634685
267099009,53.446321407072794,-6.20219002380704,253515547,13.8230226358812
268140013,53.344678615493436,-6.266026636227232,434149496,15.885253600522464
267132034,53.451217908441826,-6.232150368743138,2987438320,21.106532057263326
267141009,53.27908877056333,-6.389218228528277,443324661,16.19542139330533
268140009,53.33964185280035,-6.268230106369292,3562601809,37.806199473887645
267126009,53.27701296992325,-6.189626427954176,158709971,37.435508355531965
267040002,53.373688685658664,-6.40672194297938,6239647351,24.073446666203406
267134012,53.45952976813457,-6.208213854947676,11364540056,13.576338160884314
268011010,53.383163068198336,-6.271856316916771,4891651478,51.981121208808574
268072011,53.40218412527228,-6.152251568715177,6070559255,36.92203405671712
268146006,53.30751623737904,-6.291128858352504,90366437,107.89713134523716
268091013,53.320728549926216,-6.302984301071292,11841365466,50.93373408450894
268028002,53.366845967868656,-6.259878556779602,6370510038,7.82027666208721
267087002,53.27520514371359,-6.167835235573657,4581496495,26.30281963555408
268135005,53.31316858533152,-6.271297883494854,2958855246,26.550883832548397
267016001,53.6003753390292,-6.241794257993609,19080342,305.23359821063315
268008016,53.3911571256302,-6.189442549261686,301816526,13.16709484922885
267092013,53.25849751308002,-6.2195328609538425,603799846,32.85631776359048
267030005,53.3977763364878,-6.383935859877914,12878675216,15.997391675852608
268060011,53.370945837126726,-6.260459910992205,26496144,10.137786411559423
267138021,53.291742848330315,-6.39575342748928,9988827682,12.739959554910667
267090005,53.26942991031469,-6.183204455368946,319488380,42.10722601890525
267143014,53.27294954714408,-6.365074132103819,4932695226,24.020707675542745
268050008,53.36655339706405,-6.238612743307993,4794342754,47.09993895952144
267056005/03,53.3034309715856,-6.2194911893466065,10177802175,14.984116138165927
267103001/05,53.33865120685155,-6.466602839756741,5656951187,26.74657906082645
267112001,53.252213090614454,-6.492005856145782,7124660836,271.102609500937
267029002,53.385596360374414,-6.409071433907745,12923357189,3.5870583747649283
267147015,53.28748499289562,-6.387036739373149,11159606254,3.8893581479923323
267150014,53.30093081320641,-6.300925738768472,8669987876,42.845911820092056
267100047,53.34362009397475,-6.430749633556224,247330575,7.530756247642301
267156004,53.309020206894864,-6.316335765814793,55457257,45.1547825529089
267002026,53.61294712876389,-6.209907691371831,10673999356,15.844139432360558
267029017,53.39173945133093,-6.401479695764446,5546461152,6.887995372044402
268138001,53.35437567480064,-6.257943148699706,3978871173,34.765028107395835
267065009,53.48418604687085,-6.1484902889450845,253339206,21.94827343648998
268051007,53.33214105439212,-6.319403367733772,364875114,13.13942416567246
268006038/03,53.377641710739184,-6.320168092023127,9510970411,11.270550545272492
268071020,53.401118673399765,-6.172717713218375,8908361239,6.600595727727029
268010013,53.36156772937108,-6.25540752542313,1506481638,19.151244639988548
268040007,53.33614131312744,-6.357520016990444,196360273,10.955392311526598
267028038,53.40283718544909,-6.438703199671059,6833215668,22.512055337400273
26701100,53.28629361798446,-6.248156201703645,9537829067,39.66601661089753
268092008/01,53.3226847110008,-6.288123043677266,3423545144,7.082541137955688
267039012,53.27590086480325,-6.148201560747908,8328793254,24.917670247458332
268148009,53.341775277624706,-6.297774495798974,11226626554,23.289043387976363
268036009,53.36151450916494,-6.301829790806129,13103815293,51.314547229900306
267031010,53.38086473423343,-6.40424227326627,25974257,36.5766901972745
268081011,53.35609682357393,-6.267335308079017,2523754088,5.246192267368017
267122015,53.23337452848913,-6.118766612018844,218904211,18.490110524071703
267103020,53.353922299577455,-6.461578217823783,8830535251,35.207847913587514
268056001,53.329210360255246,-6.323638849075466,252322901,65.50857641609761
267112006,53.277818389997954,-6.477183935872758,5994369600,11.185025902279456
268036003,53.36026406215539,-6.30405166435401,377095062,35.246676343263864
267158014,53.421581634246344,-6.386444882242277,2990170593,7.237251969399493
267120017,53.23505442671411,-6.127599469828044,12378460522,23.01171947811766
267155002,53.314672596252436,-6.323458416607313,8588329206,20.7328354857636
267040042/03,53.368209962928276,-6.383265976355065,5582753641,23.890994821713516
268104007,53.352553498873064,-6.253126252899135,131037709,7.358030190597482
268051005,53.33229867236954,-6.325765958034334,13856999876,3.6112063606793305
268142007,53.33563171997085,-6.264310945325657,133287064,8.343603609635908
268010006,53.36036070331541,-6.2582576682526225,699457870,8.222021947765723
267134016,53.45297693968267,-6.19854848680134,11363037625,17.850384029820994
268131009,53.32283976785477,-6.252135761158059,8593585621,18.539249092774032
268022008,53.387489731254036,-6.218628327700555,12040093658,36.31340479736836
268053009,53.32983663303566,-6.2939646004495895,2373975816,77.63542161870365
268108029/02,53.349464800450065,-6.232043602986509,9122356827,5.2643286155857245
267099002,53.44656326296794,-6.210019054115451,2367643598,8.922170343312285
268105001,53.35671433273532,-6.251382183794215,10288509687,7.710402197677588
268099004,53.34263214854182,-6.28049820958547,298693141,30.088878278779646
268054004,53.32202062829472,-6.317649239660325,364875038,7.708160834648681
267040003,53.37731977715213,-6.404874198072331,956527854,51.640858676833346
267056001,53.307620291237285,-6.2246453902086465,10826928975,7.102308277407101
267095019/267095021,53.40054667412699,-6.072217913854205,370327598,655.0650072149974
268085017,53.336770111022844,-6.313116335867821,6190170633,23.3751504376902
267039013/02,53.26954508661838,-6.146893896720096,7277503526,13.323403348417076
268033001,53.36833283416356,-6.302794501618354,14653160,52.68233468037479
268151007,53.33592794946344,-6.29475318518664,9181606901,4.4770992874584135
268030007,53.36174829710884,-6.271664316786149,1427521499,12.77465362100887
268020008,53.39577382118038,-6.285225373339278,59931806,43.65371729068276
267155009,53.31210007879351,-6.326742446051185,4858003468,20.99160954423181
267108001,53.346352596170746,-6.374535897611925,11730535140,7.010181507455124
268086005,53.39243282418724,-6.200739250437247,5977082252,89.30882129787317
267121010,53.23765794678303,-6.114416484850067,11407341512,18.04440976781791
268019003,53.39138240607872,-6.272916698899346,76770678,48.42931432900359
267050017,53.32148188732428,-6.385668786283269,8955445986,27.755527766818073
267127007,53.28763911346461,-6.1976301702806635,1520326704,27.865889073008344
268154002,53.3175455031161,-6.335152534544854,6250063694,29.969466208130388
268112006,53.326002771888504,-6.212840036652175,1289135499,3.8070804788796067
268042012,53.36736877262251,-6.183929390082281,2416575583,22.84049172805903
268008010,53.39370651226936,-6.176169353169741,9733429030,23.55542650072554
268103001,53.33391324252397,-6.288710845792415,2434933343,5.032168456548262
268057006,53.34099733830994,-6.345301575251663,196244542,7.50042588593836
267148013,53.29641931591296,-6.345266887868791,8626954238,17.233445179391772
267004024,53.39753344417862,-6.131002342685334,187689614,16.713729237143458
268006030,53.37407472302109,-6.331412089511402,16054189,19.11734818113385
267111001,53.411871107143874,-6.122775085711493,4736074240,200.38101077445938
268048013,53.365031382164126,-6.21766565483447,3328318410,6.65521765703132
267092032,53.258232965224344,-6.193435190725499,412300616,58.29111482639632
267072005,53.27806316973524,-6.1337141904446035,13324234387,28.006781324696338
268021005,53.38840677135854,-6.239573070758977,242783741,18.20596796073189
267147023,53.28995092942754,-6.374680205586756,12519988891,22.19794314668158
267027003,53.38496578787411,-6.371217640161247,12279041282,4.288482449734176
267095028,53.38595305456416,-6.065934108156201,9581726251,29.2969271582394
267138002/02,53.300505153366565,-6.414931796109517,279572533,31.668343918718676
268030020,53.3615639909332,-6.277250837627863,747096236,23.60609061588584
267015008,53.258338110400075,-6.135742028952169,1411048137,37.68769342435604
268144011,53.32086728164887,-6.281639460493721,91564853,4.820594404880509
268146005,53.3093318028725,-6.287783442417986,2746496428,7.892977047812158
267100067,53.34796660351976,-6.4180448437041235,3001440786,26.95214797840724
267093002,53.58146809893696,-6.287532593778189,12721868492,32.98901983802887
268065003,53.391994581634144,-6.290840922556545,52199852,37.186278420907016
267040059/01,53.37782596096193,-6.401381105576839,12979522240,10.23321399500609
267003014,53.60617804863594,-6.166404512489183,560619002,7.798358270955673
267097010,53.246346382113074,-6.126038971589105,244349000,17.826209242340823
267037001,53.25841580797248,-6.139517400736507,4092470317,19.146375154254024
267123030,53.57673198247976,-6.1041797463250385,5058354626,23.745862997938545
268069002,53.381268559151955,-6.312588268314201,1230024593,19.28939216297907
268063006,53.394481658552216,-6.3146342512886635,2686868859,5.8226268097521485
267103001/18,53.346974937448024,-6.476918509973458,10229171336,26.115068568465837
267133018,53.47363373397728,-6.232236251170468,296518845,20.33088577135335
268026006,53.38210263715553,-6.232140358296453,2375593742,32.632682656939146
268058009,53.37215396397814,-6.250724022999863,1400142759,16.882038285720206
267069002,53.284515826686594,-6.144640538461971,8882678907,38.1970235076773
267147017,53.289080916911814,-6.384516508427311,11554213631,8.381628259915265
267020015,53.28148747273592,-6.18766666506352,3623839231,22.46485108314756
267138001/06,53.285706656177624,-6.431242260214915,6750944642,14.679400184380485
267097021,53.25003581498223,-6.128064064393966,13363022331,7.152270211029811
267002016,53.61611732056891,-6.204525311303896,2366243342,22.208246162208408
268162004,53.33289379826788,-6.2720337479398,1426048719,38.585223429761875
267100090,53.354988950992286,-6.410592035830038,11611960290,3.9838817809680793
268030001,53.36256499526425,-6.278414093290099,4889112248,39.35340539937178
268004005,53.35035461287358,-6.295511131557436,325713096,15.134152725665777
267060001,53.26866568220709,-6.107675327341687,265615814,7.51690013107214
268078001,53.3355763756325,-6.339535682568437,429347168,27.2470514393599
267007001,53.27608862442305,-6.248057407983574,9543930593,10.571625124899194
268055002,53.32807835289469,-6.31732771887389,13892696892,45.784358715564295
267096002,53.25280539905272,-6.126355459194432,13530231548,1.3084380649794938
268074012,53.38905400409016,-6.16224737309549,2423266431,23.07720970843236
268114007,53.32775485914934,-6.222448997674919,8905359950,15.448454235193378
268128022,53.33021858685375,-6.255642522931882,1250706373,26.659097883453562
268109008,53.35052851252197,-6.247481281840123,1025224375,17.313585687743696
267136003,53.28558249846174,-6.343950167624523,440701619,13.772163420843855
267133003,53.46482655060138,-6.232576524701436,26472658,40.65858176225134
267002015,53.617127477487074,-6.205091965398299,2366243439,5.891046429482076
267029007,53.39552754637733,-6.403309425043977,4833115974,16.479199373598103
267124002,53.29168659622384,-6.223748590729358,12753113685,11.606993973586315
267069001/06,53.28468629817775,-6.142154801911148,12556790884,7.4832348348122215
268066003,53.38879786945874,-6.314039628446814,8948751673,11.173223558991804
267115015,53.29277066130961,-6.280297271518377,2465687918,16.63411457913185
268110011,53.343905602600955,-6.224993765310146,1359298433,26.4475304633962
267068011,53.280841296950264,-6.132715414175865,480002765,27.74106949574139
267070003,53.28249761357994,-6.157185025176245,319029820,11.838412553331755
267153005,53.30027293283533,-6.328005924524239,1802929688,39.1695888882596
268111002,53.334463325910605,-6.223012517806169,4894695838,17.990756792390787
268146007,53.30568254762679,-6.296480346980491,1326676687,31.49116577104601
268104006,53.35179448232992,-6.253950246715881,6937110778,22.240248889201734
267024003,53.29059734992461,-6.163174460911247,634656751,40.384638925641724
267099001,53.44644749767232,-6.206610966279244,661182869,32.67690832500672
268108014,53.34926928159587,-6.237893155247211,7491098067,19.74048186024954
268152009,53.33535222845109,-6.297811844684329,5755229833,32.86200172331139
267070007,53.2831749695481,-6.149749417096397,7604517291,27.757742185714953
267091004,53.56658618823907,-6.3774424865573245,1510836631,76.99228439308385
267100048,53.34408100889792,-6.428301980516778,12044682289,7.730897089081128
268157003,53.38221380084088,-6.26266571401052,1534456535,48.27371762353534
268119002,53.399314432094314,-6.191005761495817,374587286,22.56603260521931
267131015,53.46373858657539,-6.242709973682976,300120398,26.876492801669876
268042022,53.36477627815511,-6.184167572067329,1426961762,14.90286887333584
267124010,53.292860395570315,-6.213747717592044,12017463739,60.1502835316935
267130006,53.38662049208288,-6.142309561962611,257304270,18.375850149992672
268079008,53.331644730380276,-6.331343461949537,364875080,42.91543337952798
268096008,53.34533136844826,-6.25091626243631,3800663498,15.726512040620348
267065021/02,53.491100203062985,-6.160569803956909,5305454710,21.09342316606899
268111014,53.33092177616182,-6.2215225507893495,654085452,19.811758573945017
268037003,53.34672902116787,-6.33888073630434,901532,24.950639738613962
268028007,53.367598100934124,-6.268395950095181,11802247823,55.983283716335585
267149003,53.29494207402938,-6.319879469411494,6178641109,11.73141714172833
268034002,53.370670348952274,-6.293760788633504,6792384354,15.087842136671915
267138013/02,53.28776661189716,-6.3929607351632445,443679512,49.90987544074104
268039006,53.341582467293215,-6.368242637525903,4835708128,10.460813940901016
267153001,53.29617711636957,-6.330246019482898,2584874863,81.21139559213167
267084037,53.28169290620001,-6.332100418468796,10100650616,38.85450720283945
267118029,53.535758915511295,-6.092414071769898,1426297565,25.264167201030205
267056006/01,53.30418436637829,-6.223414823863087,12124092279,21.960478312154
268103002,53.33213036961229,-6.289473950124334,2038533941,21.11614235353487
267020014,53.28142999070377,-6.184160128001332,193747920,20.03322263444316
267081001,53.288767154751866,-6.2486524758503315,208925515,20.976983403509347
267146007,53.279770265745725,-6.366185152605394,9464710848,7.6635832387796
268047005,53.37536133333815,-6.209899532942065,42503305,6.941042700321498
267146013,53.28298808791572,-6.360874551144963,440688014,16.22112449292606
267082007,53.2972302262735,-6.234570033371952,132217993,53.58255829725708
267127004,53.2867127734482,-6.201595711929085,146658654,29.338937700149657
268134013,53.32203266938352,-6.260857417944833,9588688395,4.972683303922295
268058016/02,53.366602346752714,-6.244199661316885,1672696445,11.662224972526223
267088018,53.262697286072495,-6.161529297527452,403881158,17.1333481700977
268106011,53.34656952368735,-6.264476316980983,532751154,21.65546356604598
268034004,53.36801106405543,-6.298659399423113,2369219547,15.585585855352651
267157002,53.310263835920566,-6.338383591750563,1424006673,9.52787289310241
267049008,53.32518463657883,-6.397763617797748,10761186147,7.142263884500394
267151007,53.3046563750481,-6.32447512985906,54859738,13.701618165279825
268030027,53.367715122324974,-6.277590145013388,6543044042,24.20809724958361
268042028,53.36836265619125,-6.191100724572845,3522104987,0.8158270156889679
268013001,53.38944300713943,-6.282321677838134,3005645648,23.596224206128078
267050015,53.323539070564614,-6.389973798012037,8951456811,29.961865700231748
268042004,53.36037162045521,-6.190037161984874,241790116,4.9556065473729705
267131009,53.46316751042929,-6.2342928611434125,12593946679,10.931332707509052
267104010/02,53.52118308146907,-6.1646401587734045,10594944511,16.772932950355504
268006038/02,53.37666354052666,-6.321579296937947,12282132031,1.5110079517700756
268016011/268016012/268016013,53.39833318911718,-6.2663047857266125,4359234303,13.39246734440665
267078017,53.275601943771754,-6.22440156046588,11987652971,3.2767547192689603
268125001/02,53.38305418099608,-6.148690772832739,8914846571,17.258336577505176
267053026,53.31665064364158,-6.404770607528669,9866430157,5.141609149046978
268157001,53.37832918118666,-6.255593832905481,6370130814,47.09995759901718
267047003,53.310209430024685,-6.366547324016979,8557904891,26.62250186805868
268150007,53.34247307419615,-6.289857852378772,2406953578,45.179062488370704
267145012,53.28092412132276,-6.350343854302571,4921047837,12.286001835806921
268072005,53.39982971863983,-6.1538490861116895,968109471,10.30567672899192
267081004,53.28980347999548,-6.249652008184585,208925432,18.163066232933776
267049028,53.323550882937646,-6.405607534335258,14019118074,7.039203231634571
267106003,53.450559175907614,-6.183523033723122,4064181392,12.193096158262419
268009009,53.360107926878236,-6.243012567791082,701151019,25.71169332518836
267038013,53.25736790128779,-6.151542150878055,534895545,21.019468677574505
268071022/02,53.40621449173696,-6.176848830358222,10652938142,31.689689778846088
268018003/268018004/268018009,53.39489294334374,-6.272876844311667,2407397062,39.280288997055116
267011001,53.28435145719053,-6.251957425156432,239677069,24.00064166284117
267103017,53.338120892310776,-6.460761988225752,2640122488,24.058950378779624
267073001,53.27366611011793,-6.144088813407271,7591496620,10.727657878151769
267091003,53.554001726923254,-6.36046157805673,253490657,76.2207281438369
268150004,53.33997629663669,-6.290410339627984,3131145730,49.94583998499934
267100014,53.344639042286005,-6.43375508071333,248975532,19.77979037236586
268074009,53.38997070248966,-6.159507579684447,301832565,7.522051124499207
267145007,53.283176322180324,-6.355707322112411,9890798418,7.644049587225672
267028017,53.39372007468084,-6.410309118760206,12901444175,11.212601874267229
267103001/06,53.33873848682068,-6.46832276676185,9786611351,2.6131728756291515
267100030,53.343130012455575,-6.43548129742942,597687378,10.02188676937359
267143013,53.27163762702525,-6.365336941325657,1420913409,92.88779781438359
268065004,53.39337247227393,-6.28876061939066,5414223029,6.4697724764084485
267094004,53.54705255006662,-6.100504819881184,5205647257,12.227294844137937
267029025,53.396174189144496,-6.395990267898937,12884013203,1.984151108600961
267085011/04,53.27159599119732,-6.3170617030673855,9668562403,12.697573462684879
268070018,53.37428771247741,-6.238125883994615,3468190697,14.993619941609143
268075004,53.388735356237746,-6.175248344105848,301801698,20.675811266093294
267002010,53.61393570765508,-6.201494300657323,433637840,15.36280822389625
268120002,53.39910228101883,-6.200622031750202,5564561122,20.465147086803107
267116001,53.28993305615507,-6.289315142602017,7805023418,16.496489541299542
268092002,53.32970718771691,-6.282728097056535,4698094618,23.221044604216814
268093010,53.320724294717344,-6.29431479513869,75681230,38.37329991895077
267123025/01,53.57108455411108,-6.11333473450205,253397192,11.797181286399162
267151011,53.308363901765624,-6.325963954258158,8633054706,39.263166575930434
267147002,53.283214389637784,-6.387524329897024,6226093105,20.222288324675297
268042009,53.36228543615284,-6.187748363889609,1095730889,4.893068389606093
268006007,53.371679609825215,-6.3176287496419725,16054007,37.81846574717742
268127003,53.30640026455518,-6.2705183598505485,2479264920,19.96675852036737
268109002,53.35144624870015,-6.240891510645151,581596516,14.206609997705979
268140010,53.34363086630648,-6.268840071786312,6214288550,15.745230571478265
267133006,53.468370794372525,-6.238333142243949,296473746,5.448445908730826
267028071,53.391182260513126,-6.4287137339711595,169350289,24.28488854347976
267045005,53.301534207787086,-6.26243225779521,9123194096,29.471914383131033
268100013,53.338530337558566,-6.274540782600358,4352655824,28.27267593209311
268110020,53.34317393572231,-6.219287443147183,8761089846,13.097900863866245
268124004,53.38280984482374,-6.16253476662342,2699878904,33.031181568829055
267147016,53.28840355041891,-6.383694605542228,6231340303,25.131617554444787
267092018,53.259900906969094,-6.221922608654698,2370751491,38.61033667254428
268135009,53.31605030617438,-6.2705870262983305,565005266,44.89893244630902
268041013,53.37712632685895,-6.190950502660336,1427047503,18.82753996619714
268099011,53.33992074023635,-6.273363596496933,6233178778,6.453859617124298
267040007,53.37764307690128,-6.370261367407831,16465223,34.368812491326025
268101004,53.33414875900409,-6.279026022507964,1426048759,13.776780499409575
267004002,53.394749137102984,-6.141310405744348,6436333124,13.802789001321427
267118030,53.53396948446488,-6.093336412833258,1426297497,4.827901294114596
267076011,53.28214643899762,-6.1224029480037565,9780129526,66.44160276423142
268069005,53.382124631142204,-6.318884736851687,2686926134,11.279520551473377
267080015,53.28770803871145,-6.2451666568507616,243189169,26.800729698252933
267119002,53.26731449197066,-6.457505134959319,2880198510,133.55388935464873
267080028,53.28311152659978,-6.236398041099379,5631279001,21.593924670685233
267110004,53.433267449936864,-6.134513176816346,253511574,24.23622200680497
267031014,53.3831709513939,-6.389499303866459,13076500498,15.414216613115174
267029036,53.388531615422764,-6.385211325041548,13094023394,5.272640220349273
267050001,53.3199656417856,-6.391314815920661,8978171163,25.739257748001027
268128012/02,53.325576528582566,-6.243140525251277,5417187898,18.140539610552565
268081014,53.35348055099983,-6.26848701287854,810892697,13.784137763162343
268071024/02,53.406150827769416,-6.171512354824515,968130468,10.41163009742185
268027011,53.36778467245541,-6.272199013697647,6935294717,13.387552366240822
267115017,53.28257110269295,-6.276841370638903,7773440259,17.10625891593223
267004008,53.394460211910896,-6.147858058407747,11415444517,21.93054925502735
267029034,53.40015233463535,-6.39961603231281,16344999,30.876363890872685
268006034/01,53.37614759586202,-6.313480666401783,249199834,8.562835063998621
268114013,53.331967913327496,-6.228006906749567,713264555,27.326030503262547
268109004,53.351287494208776,-6.2433236590896755,13639059056,9.237148261671242
267061003,53.27183981757994,-6.11616237247191,1411222444,9.870676878397198
267149004,53.29768944330368,-6.3176165149819274,11023211666,18.115106714759136
268028010,53.365666012386164,-6.260376032347549,9550748331,52.52336819745743
267088004,53.26342696018243,-6.166768865198604,13634921165,0.6332514151400626
268113010,53.31931128465705,-6.220168076562098,11931767443,7.635531940208302
267017012,53.29331076400147,-6.157965291493687,742609141,15.831997281545512
268142010,53.330392299061955,-6.266601531330778,4452043650,10.84004450209967
267103026,53.34967121595295,-6.455468420399917,9015365424,23.216665403462812
268081013,53.35412040282156,-6.268423483259251,4889078014,26.830564904673
267123018,53.577983298024435,-6.108994589016619,3041752842,12.933548838950962
267003023,53.60406176638289,-6.172889831517003,479843893,15.594725693273833
267031002,53.38009485358627,-6.386871132555003,12986094815,13.834914158135714
268005014,53.35519484442826,-6.290790434827192,2399617570,12.795747378254928
268051012,53.33324618274203,-6.314694803353006,252319642,36.947024273044754
267008005,53.277590615767096,-6.257281397005158,7788435960,2.9421284547893665
267028018,53.39538954987501,-6.408716623473651,12899220474,17.689547057143507
267042003,53.29550613995544,-6.264743847966377,8615551784,10.180593797143123
268011009,53.38670379769213,-6.277820336732931,305410314,21.77106491771915
267094001/267094002/267094005,53.54953022785367,-6.173513474149211,799247387,15.051305989163117
268009004,53.360602518694876,-6.245217011243719,144841404,22.32694374261222
267064002,53.2765216065282,-6.099877075413369,2984206812,40.9313255597546
268157004,53.37780478042976,-6.256106910936525,6370130813,48.824156216030296
267012005,53.28619201004519,-6.255291017379436,9535435063,16.73643295893068
268117007,53.332917235128505,-6.239955699379509,461626084,37.448333537735245
267083013,53.2791916583038,-6.2914776641052015,8442765008,6.705414262362464
268138015,53.35427241866169,-6.261797928631156,6977210538,67.52599491825686
268143031,53.342319653938915,-6.231526751805547,5371453251,21.223752470213345
267068008,53.28410983866188,-6.125677610478568,480002909,24.447367521014325
268127017,53.31185528886614,-6.263961257544529,684995635,18.220396249310145
267003005,53.607734772800974,-6.195955964224961,2366275002,3.2759794380469422
267100059,53.357632541704575,-6.427228573579154,8828537935,28.027789149910806
267132033,53.450552632945474,-6.234262931734655,2987438310,17.06769333364057
267100069,53.35047168211815,-6.418598364956097,243727907,9.28754225231167
267009004,53.27632575059254,-6.252430429938256,9543652461,30.62262685030597
267049014,53.32778590551091,-6.410118209322794,8931107583,7.520466083385112
267051010,53.344022057760725,-6.391986115854568,8691263391,22.228257715069873
267049023,53.32119644165058,-6.426590551559785,8857701335,14.052667789428039
268030002,53.36328897419684,-6.279047763938435,614649684,7.280719021127295
268125002,53.38637791344164,-6.149363883548809,295514385,63.16852741931352
268107003,53.357679275374096,-6.239755139530856,3157211245,3.588865328114086
267075009,53.29570505458034,-6.146052703096733,162935902,33.487057750543826
267120014,53.22731092095691,-6.134246070567964,252307848,71.53631023669574
267004019,53.39472283138021,-6.127726905050441,10840318325,37.204278035423364
268002010,53.35133693860433,-6.281369888878048,11817040460,64.21723888993236
267102002,53.36327779557097,-6.447732265995153,360058186,21.92488980195535
267143010,53.2757155339211,-6.364438508223144,12634119824,40.176864355878465
267117008,53.29593157627045,-6.280396896200924,247723928,6.293182827172897
267078007,53.273643460374835,-6.22711373760584,1280101921,19.430055637846337
268099005,53.34073605325542,-6.279062539588666,890800359,7.964476322000457
268123005,53.400331500759634,-6.213285052762821,2401021665,31.08326848548941
268128008,53.3270262429666,-6.244347364732197,5167772742,44.00814186396808
268091001,53.32449283782546,-6.299907352707356,4898433755,31.36235986753084
267092012,53.25769497310861,-6.219069574616942,10944778797,39.14026875563996
268131004,53.322915432194776,-6.257201200143443,8390553336,27.53687507010423
267083005,53.27580507030074,-6.300543256221351,10106872204,16.43526106943628
268006003,53.37465947126235,-6.325149849022905,2787761959,47.15836985634233
268162002,53.33259050425441,-6.273937628733777,3008717079,11.311525900237145
267109005/01,53.35603951569061,-6.393712430297183,4222204,3.2864760453567747
268156003,53.317620209861246,-6.328613825719867,2581809835,26.58361848438036
267005001/02,53.417196021991124,-6.19917153589829,630922359,225.27096685506925
268132005,53.32875823791184,-6.275022358658094,4897928233,11.381534984977447
267086002,53.28616629363103,-6.3212185045041025,8295235431,17.79812058098695
267132019,53.45118103587059,-6.247873830278561,58605745,33.76675551267211
268006012,53.37199086204326,-6.31492500436578,377113874,37.8032362299269
267107005/02,53.31125077470983,-6.5147131044888535,6854379368,184.32213768122855
267031005,53.38331050562427,-6.383229487991018,5948558371,35.479752311383564
268037015,53.349062932813034,-6.345859775052099,5902226706,8.550532458884486
267104012,53.522132765476925,-6.172302029048864,366637701,25.07173126923865
267129003,53.29114810551972,-6.196050842082353,2462027316,46.602536292424695
268095006,53.33756406025644,-6.350270291478926,192308524,54.98585476697381
268111003,53.33712065674214,-6.224009456352337,690284045,11.829184650172678
268116003,53.32744798562411,-6.238235854044107,1260861242,39.30734255672531
268058011/02,53.363850769450266,-6.242045902621502,11178145446,41.28594794424508
267031018,53.384761703135176,-6.386229970167239,13084572604,5.510914080487981
267085021,53.280055369980104,-6.329835322821199,10712792354,16.845696980671562
268144003,53.317499249798566,-6.2890121020132,9027166908,7.238253684474967
267025001/267025011,53.292370937856,-6.178095630702169,194571152,26.25683512171293
267097017,53.24819722964833,-6.124951217336924,13539065072,2.193121594805688
267049034,53.32668676361876,-6.4185960171097705,8881360127,2.1509939220437797
267092034,53.260540293500505,-6.198205541770693,13451478117,19.019087722141276
268064008,53.38899298764375,-6.3091266842890255,528733675,15.357596574055124
268041004,53.376035814709844,-6.186116559634201,243096475,13.875700928476652
267061006,53.2746914424753,-6.111874008024744,1411222533,22.412298486255786
268047003,53.37563456082484,-6.213127244371372,339328227,40.97001052885666
267007005,53.273229091663666,-6.257352918653013,9563205731,3.089519196710323
268104001,53.3504826305275,-6.25229298265287,7567683622,29.350636906091623
268006035,53.37721308577633,-6.312389500033823,262895013,15.624185606923243
267069001/02,53.28279631661458,-6.141893887171062,12572430920,30.10863885880542
267028056,53.39752666625217,-6.419380172399645,12952160065,22.72628588052698
268108006,53.355501158612476,-6.233828437739053,9873366919,33.206349797560904
267150011,53.311638390784736,-6.305381447738417,8630016557,38.318622759188635
268030018,53.361075389482124,-6.27536047336599,6205642476,28.33517186473095
268125008,53.387255799175634,-6.1553971347008485,2422099446,43.80697926095306
267092023,53.252378805348464,-6.2102094284261895,608680436,14.056706558645853
268034005,53.36933605540977,-6.298855311444395,9032542847,30.646896110667228
267154005,53.29988419148913,-6.30354203343419,8669991435,3.0415283487675713
267100064,53.35569165486651,-6.420654547904294,8769862476,10.465457199708302
268090004,53.32249004041317,-6.310241770418591,1410013229,6.854953320315045
268008013,53.3973159876692,-6.176845651746961,4860582779,21.151443450499393
268138011,53.35575728831126,-6.26289180755631,31054790,8.117831658716751
267145003,53.28141941087399,-6.357521998192768,4932688344,7.277509418431354
267066015,53.40103709534113,-6.2954353303249215,3194014856,14.915758934312432
267059006,53.296936307037555,-6.244610290102533,4403818287,41.95161725706904
267100010,53.338417143202214,-6.447298873723153,458422210,9.386262171966251
267097007,53.243682322886386,-6.122829032771023,701966952,15.100192921253422
267050005,53.322228946774274,-6.3927653005037,8989952176,4.927762755743393
268056008,53.328034327830274,-6.329929177195279,252322952,24.082277734728482
268071023/01,53.40382821435985,-6.172895585104745,9889401815,41.09846078289661
267065022,53.492742590931094,-6.138768794079402,253338477,47.936775939862734
267119013/02,53.28627826283959,-6.435421579228386,11879009291,3.445012598363435
268138012,53.35464628323594,-6.259829265582315,13853354868,19.16157795359993
268092007,53.324300142856295,-6.288549477126762,2771150069,27.475275950213756
267106020,53.45385811111327,-6.179845801402711,253314382,7.563019993312518
267132011,53.44052997556558,-6.240126518130156,6814791248,326.8533601499104
267158012/07,53.411864348846684,-6.35841988785561,12306011795,42.56042890021579
268060014,53.37698875390434,-6.261331927068874,4894741103,15.31548642076724
268118001,53.35774326168168,-6.3288469050074925,886347759,14.511480621263942
267037006,53.25309925118463,-6.132377507776815,13478241429,16.18147819031211
267095004,53.36539895967169,-6.065481980149615,12174772131,33.200169350438365
267138008,53.28716785112337,-6.399263724630769,6518313858,21.64718305518185
268156009,53.32021819451814,-6.3184262348641145,2763710448,16.449536186913292
268095001,53.3344391364145,-6.350838380221545,7501376201,49.83483165145673
267104017/01,53.53142129956064,-6.163738553468496,10690427450,5.550720054184483
267066019/03,53.404425206039065,-6.302801586631255,11366819204,3.729818933303613
267100050,53.34608619566121,-6.427045479628864,8805067393,18.51862409309422
268129019,53.316198700119635,-6.240500134375289,8653244217,30.33125126534792
267109005/02,53.356325033924435,-6.375061517933999,6089469294,6.480434783675595
267027002,53.38656648740947,-6.3370799104852376,2966092206,69.07545372754376
268088012,53.39743054405487,-6.227022853056183,6043090839,14.216542149519178
268096013,53.346619305450474,-6.249961571362476,2363242913,36.08817818446201
268105004,53.35676777007767,-6.257678517335157,1267038316,14.178995602241693
267134009,53.464198809442564,-6.210217846340928,254495520,31.842064355838417
268039008,53.34038560275389,-6.363268844804443,320023074,32.50152657055946
268135015,53.31980525493249,-6.266076899210848,564574268,7.415337002492345
268100014,53.33832200317991,-6.2797954006072665,8872735566,17.44096392337653
267123015,53.57684914582235,-6.120117774441776,392610053,24.973705664154288
267051005,53.34060889738896,-6.391002368302217,2648340544,119.84372725891664
267020019,53.283909230916656,-6.184658303372303,193296694,58.12774159829204
267078010,53.281469336127614,-6.232239947221692,38914745,42.160130308437495
267066014,53.40308200107795,-6.301016913351149,923631827,9.977566269369623
267131020,53.46300635006954,-6.2492700626377395,2985742525,29.288155007017217
268010009,53.35942594768631,-6.255837183589185,479669457,32.93857027231579
267011002,53.28444423012141,-6.254010208126029,9535422580,4.663982272845649
267035007,53.26722794007245,-6.370875683468494,9606418569,12.56827960726214
268114006,53.325807483288415,-6.222120545665171,8818874077,30.039790162274834
267124007,53.28961287234766,-6.212032481638781,8125164438,46.49010531952105
267053027,53.31532437926438,-6.40577851255883,3197072547,41.325929264544605
268064007,53.389944637041545,-6.31021315977305,2686926400,34.406712333271145
267135005,53.45884282067164,-6.215288222453503,11364502631,4.371297650055646
267099013,53.441568408281256,-6.200583076016834,11093253192,27.39018816588453
267003013,53.612311645071436,-6.184184380813299,4347954568,33.97331728887533
268132025,53.32490219317918,-6.269906527843396,3754895897,15.79008055060922
268088006,53.39953308808996,-6.2335757647231205,12849612135,31.71913408426655
268080008,53.36025854160628,-6.262227971041172,28246387,28.222575457625435
267132017,53.44745088870219,-6.2488361863466615,11907794226,4.09498031046526
267031011,53.37858002017853,-6.395782484055581,12977864151,17.50774929685169
268116001,53.326566271146675,-6.24185988494135,8584419604,7.688987215653589
267049036,53.32851979116048,-6.416895011205855,8873650789,18.41391973914614
268135011,53.317577682805016,-6.266453202017151,60955840,13.9729238690706
267083001,53.26714549830345,-6.298308971489396,1615711813,6.308724300543703
267068007,53.285367476687824,-6.126537596643842,480002893,51.396605761010626
268065011,53.39428292145173,-6.292953983519279,1529834598,40.35881572243002
267081006/03,53.292790292412754,-6.2494602996201545,13507029117,3.4208572975288734
267053014,53.31643670800452,-6.399576045935382,8984152174,39.191564253214466
267065001/03,53.48098809471779,-6.177986279016113,6276274492,109.91377550904735
267034001/02,53.40533212383572,-6.3967497314939585,4850246397,32.50875227854388
268067013,53.3868538475101,-6.3022751343614845,13277777785,17.58822200454048
267114012,53.29575385545411,-6.294678525512393,4858893416,21.547926508542936
268031008,53.36666803390322,-6.286925447132687,264588149,6.796464100896864
268091009,53.322348340383286,-6.304785900576888,1410013262,21.42737795990276
267125001,53.28766163366635,-6.221161345438901,1419944725,35.699558808221155
267088014,53.25655470683079,-6.1606755171180785,1345724528,59.273714029371995
267085026/02,53.27880294658177,-6.302695290033207,12288364192,15.321986040541436
267121008,53.2359085849691,-6.124396541395376,243751834,11.452059508978529
268115018,53.33469950885283,-6.234323765014805,289889595,15.252290921324116
268122001,53.40232209954378,-6.2029841349745825,305251182,8.338607015514597
268137012,53.32327859590355,-6.266675332594963,8878407258,14.798549594788492
268003010,53.349306312415955,-6.280752224746187,4675836828,20.690837080260728
267004017,53.392179996119694,-6.127312297186285,257287263,42.32374780389924
267038008,53.24668200457234,-6.143061906184491,538860210,20.68233318236405
267115016,53.29206249319843,-6.2764110414365275,11178258915,65.08506221397055
267106018,53.453855320055276,-6.181314428778942,253314780,37.59041805678216
267039013/01,53.273849299101165,-6.150231727457726,13817991330,13.457449212418831
267065002,53.48776250759284,-6.15562377043727,13388346597,23.283130905710227
267089004,53.278337598118576,-6.166262036770873,9631976366,14.734464627826222
267129004,53.29454516240769,-6.1945818024979955,11074313735,29.07463302809504
267034006,53.40847227479697,-6.3973112758769615,9416475284,21.92221143298806
267015005,53.260923833950066,-6.135353916225224,1411048261,27.862347396829794
267120002,53.22480584512325,-6.144671049002614,11900907260,8.178400954342361
267147009,53.28628793487738,-6.379510738956079,6233171608,46.772735023196724
268027004,53.376693323551976,-6.277508865636977,2986381153,0.443921899107245
268054006,53.32489907848776,-6.313105243938381,26414340,28.14080402544762
268090006,53.324252098883406,-6.309942156405285,26414289,15.310419742525701
268061001,53.34364924963507,-6.354184636526509,192306711,28.111025577910837
267111009,53.4223614049599,-6.1372440677568685,9123977563,6.406716506740275
268017023,53.40051340891089,-6.26272479802548,4371617325,12.016761373372127
268155001,53.31881557162092,-6.33043970312069,6875537044,32.044081847339086
267147030/01,53.2940630991199,-6.376777637788578,11660301377,58.538540344851334
268021006,53.38933492037211,-6.238384921015319,12973962762,83.98139804143169
267004014,53.399488803971146,-6.149054865377115,11093070716,30.732842256058788
268067015,53.38413903297785,-6.29821624271023,527838294,91.2564470250253
268003015,53.346958402922915,-6.2793538572372,514897346,2.7285376663225684
267016002,53.617977783120715,-6.234188680471441,2414582554,46.50149661469989
268134004,53.3183659254092,-6.261140090626584,10075533295,13.33695070440572
267113002,53.29270762330727,-6.30307766797798,7818295148,27.68684415631748
268073001,53.39130476105517,-6.158365537819772,1487176014,34.76082159918355
267002025,53.60604685525327,-6.189102199916729,5005519103,22.481747157265733
268108008/02,53.35353669353495,-6.228991257582329,4637257960,18.267295640711623
267121009,53.240006585514415,-6.124210054004454,7314620010,45.86864731719241
267101006,53.35404140775862,-6.4339674363229005,8828538197,17.30986872151322
268108017/01,53.35018082582436,-6.237952145939278,386921321,27.08209129672521
267019013,53.30986829632316,-6.199831635214773,9428475576,36.84226214063113
267068003,53.28735662241306,-6.126702379090091,12922366019,8.252817205121609
268077009,53.38134220415605,-6.190512450403849,5555397012,25.98971226764596
267005001/03,53.40839137953066,-6.18302299961714,12794448988,20.920267562537713
267125009,53.28229718283781,-6.2123643901982515,950302792,31.833798879863263
267144006,53.30326526265927,-6.375893488642343,4874640687,17.33429626171299
267040052,53.37136353702635,-6.368807760232397,4783634337,16.528839649747127
267109017,53.35480526206054,-6.3779849463755784,10552789416,26.315501350409985
268003008,53.34813960010281,-6.279454515153206,3810551628,28.04800060079992
267105026,53.4534819138597,-6.155414452511714,13671960895,6.373398239260999
268143007,53.34134608505318,-6.244031547702634,6009565503,15.621660309830485
268047010,53.37393855693258,-6.2133142009684805,13228209,10.700447303505655
267080020,53.2710557416503,-6.231549039597128,2370551516,9.71831638885735
267035011/04,53.26861564325837,-6.3456642822160525,9446062994,46.512064622924846
267127010,53.28489087939595,-6.206349560058862,4634375728,52.60625975265749
267149001,53.297486842099644,-6.32150752385856,11077259147,26.675742406034786
267138012,53.289270099045034,-6.397309479510288,6291106836,9.818552220002504
267022006,53.308241651909285,-6.2108748857644835,167166758,36.07500957426702
268159008,53.39537834807266,-6.251305435795088,3883138938,16.057393146102072
267020013,53.27974475306881,-6.1860772331521625,11818285466,18.153660948729627
268017008,53.398575831514066,-6.253982501579841,1529915199,13.681178084217322
267079003,53.28668473898918,-6.236482074338254,13365245867,1.980212071326829
267038001,53.25029914948223,-6.180955096731735,13254905879,21.059484439474108
267092039,53.26335832998411,-6.208910758756892,135520626,14.614590497142107
268040009,53.33693491209888,-6.356698161482236,196360538,1.929675422958384
267028113,53.39710085187127,-6.440236442470815,6341487691,9.970059230598391
268109012,53.348809505515504,-6.248968999448185,12905904525,31.34930046893629
267112009,53.27940483960537,-6.469890912018625,4454332427,5.236864814469622
268052003,53.33395419731591,-6.304309923305295,1271103689,11.561713368242714
268079004,53.33353422981661,-6.330532340879938,11179658624,17.986701132190785
267004023,53.39883050344766,-6.130422425052776,187689580,41.820289888258145
268097001,53.33954778849618,-6.256888013005959,3796687437,17.69577556640991
268082013,53.35168766968138,-6.270788381262392,4224663977,3.436359680256653
268048004,53.370809958905404,-6.210069842449037,2400349638,11.42679100725898
268158016/03,53.388033780384134,-6.254537163428258,2721816757,9.527794982670756
268112009,53.32058901972593,-6.209207553409209,8721240443,0.7010639569344747
268036007/02,53.35832811403771,-6.298283296680375,2399584231,53.20071840108543
268031009,53.366119369518884,-6.2884062971277155,2400869890,22.93490464848056
268080009,53.36050156801807,-6.263207169652624,4890409486,30.105050761070178
267100087,53.35115855768283,-6.413228253865923,8747642118,6.86344312563375
268141004,53.33996555886796,-6.264862107760929,135109549,23.09986627377551
267138001/04,53.284506533057964,-6.42706193191588,11053852897,12.18297279917662
267132010,53.44495244442659,-6.240197070526306,296448898,32.82063604296444
268095008,53.34017485950218,-6.349768797440116,2951477066,11.765373785662863
267083020,53.27456098741417,-6.284246502821565,7797327717,16.79264477243286
267120013,53.23155366883451,-6.129664807139089,243751814,22.030589226322455
268150008,53.34284131957458,-6.290713380212208,9128280400,25.374479755330057
267132008,53.44395624791172,-6.233788434678873,11357199498,7.3492793817400415
267134018,53.45174017638202,-6.198756764503952,4770302396,6.207005622532934
267028042,53.40404328924512,-6.432143464845337,12790169945,13.600204775760922
268008001,53.391284085540455,-6.188552767810934,301816537,21.55077937128079
267133009,53.46762332320768,-6.230431007964526,14185461,13.648814544970246
268113017/03,53.31483667604607,-6.206501823172608,984315815,23.532620584604548
267066007,53.40410696168412,-6.293298031427258,3194043676,29.221169560258485
267084004,53.27114833544984,-6.343064646329069,4867365749,14.90290385233766
268127012,53.312119342786175,-6.26701130324764,255425800,18.28712301451263
267138009,53.28862780187124,-6.4016787296526445,10993162734,24.9754690671831
267107011,53.29659875660248,-6.491584041797166,9382864801,2.392674135171604
268126002,53.37781995046286,-6.161418716929562,243484825,26.32232062943461
267157010,53.31321962401419,-6.33715485502089,10676647097,13.68613366541746
268160009,53.386844286117295,-6.236284980646994,26389997,7.226439953660333
268148005,53.344138743832254,-6.297792529651057,6419040087,4.005989364687912
267064001,53.272968201724446,-6.091079608785386,2587702749,87.49208013750092
268085008/02,53.336915121062944,-6.316232636060173,6192445132,14.775183215720734
267100044,53.343085324615856,-6.425104479515561,440071974,26.5402440778814
268069003,53.38022440289163,-6.319647287164755,2583580792,7.404523217622706
268012012,53.38778713928473,-6.2964226732743,2375578370,5.821773508077168
267120010,53.225576273555916,-6.127396306245634,243754161,28.090532773337713
268006038/05,53.37647417515313,-6.324184646251468,12282132023,12.33118700051774
268060006,53.37585201530888,-6.258297153180306,11540397603,59.86748375767517
268065014,53.39142063938856,-6.299376459966705,339253046,14.140338834985211
268091004,53.324452792890206,-6.303571730836941,13018251449,8.795070908270231
267147028,53.283521795446624,-6.389678371880571,6226093013,1.6941572744599291
268055006,53.33126556324211,-6.312707027835932,364875168,7.865615657524536
268055010,53.332520078285604,-6.314346375476996,13866999588,21.79098561364407
268040002,53.335334867316746,-6.371062882470868,2775883086,11.017677694517873
267121007,53.239785127219676,-6.127129697556083,11248339312,20.916954199420395
268084007,53.34308959999446,-6.3098455418368005,5618864345,23.45495106110873
267003006,53.60153920472959,-6.164863371636777,6335106214,68.36280231945071
267070004,53.28257825370729,-6.154014444640089,12729579818,18.757243909554735
268132015,53.329376804735766,-6.265835858227306,252311734,23.03083356437101
268135017,53.3202862856151,-6.265594651387444,564453082,25.577153627147183
267099027,53.44202577259649,-6.177519910867116,13698105829,21.74926942407094
267050019,53.32586376369567,-6.385367470461046,8951456847,66.41223591814172
267068006,53.288585330911104,-6.128119374599296,431495949,21.10631258622267
268013002,53.3897797570444,-6.2892857961331705,2375578404,43.69880055949825
268073002,53.39268368797331,-6.15634254965589,4893017188,15.061169655079246
268108016,53.35540786017672,-6.241077432670952,2647800134,20.62554954441492
267105012/03,53.44221356631146,-6.139272249118726,6874143599,17.205091411123423
267032004,53.40017614496637,-6.390784258181983,477746442,44.00964728463013
268058013,53.367046101596415,-6.249934305728916,248739525,4.925566723413073
268006004,53.373102556011396,-6.32100551277949,8997224634,18.157662750683016
267118026,53.53734820158487,-6.096313413426368,12550955484,16.00796187478028
268058005,53.36583487818522,-6.241187147978197,1672788152,44.963275972927455
268032005,53.35997583695291,-6.284937050838322,16054395,19.53319521276351
267111002/01,53.41199748557719,-6.142750709445213,13256238641,69.5032664169481
267060004,53.27134846501426,-6.096530654199077,480165749,19.65003587052322
268040003/01,53.33236524771301,-6.376500146857042,3755180276,1.7044652971905787
268002008,53.35517036952063,-6.280887679007634,12537398205,7.185577113566184
268122007,53.40536597142149,-6.197363822054247,8050183576,22.522185544844426
267041007,53.374441983689316,-6.357367647531423,12698739603,13.107487555489932
267001010/03,53.404252723168554,-6.252064978004885,4794382397,11.047967683143815
268024003,53.37866650752407,-6.216517469247796,243915069,16.81324122114315
267020012,53.28333929934061,-6.180735552888307,193300474,26.664173463929743
267106007,53.45158431053174,-6.166975682878943,10822980250,34.926869914990355
267001007,53.40664650669048,-6.251556999218838,2371407116,27.904249665665965
267100025,53.342336297324636,-6.443479611180844,295896848,19.059309520198212
268115012,53.338455842194975,-6.2345737432153605,13234436512,12.850430399931405
268021012,53.39215262500996,-6.231624286006397,242784626,63.460361458069755
268062005,53.387386521283396,-6.182010943189596,3636871315,31.18029591065633
267132032,53.448396955213504,-6.235685075885526,1142143597,23.06997097750526
268005009,53.35329054211746,-6.2888749261449135,1100940537,12.52201509147735
268146002,53.31057707582092,-6.300180400230732,75656398,21.295767150400888
267080026,53.27050472310296,-6.239113254957461,3382687480,1.1268274288933737
268005012,53.35433063094632,-6.287738446861494,3133786192,45.58654729255272
268089007,53.39419024905803,-6.218877959438144,1432597866,39.953925643205864
267092011,53.258321643454984,-6.221404191050592,1307974101,11.93462322765128
267028004/02/08,53.39098296218732,-6.436012842523038,5064257110,20.59388122901704
267103010,53.35125222919168,-6.466501997196172,26446667,59.12605982592544
268017013,53.39883616338899,-6.261820705453011,5140902808,19.4605341242165
268094013,53.31858912547324,-6.31062051928828,26414234,11.4787234398524
267115004,53.292650911958724,-6.280094024833719,2465687943,11.982050345378372
268158016/01,53.389740942139035,-6.253246417153588,5381135660,6.775196051009466
268055003,53.327595026608456,-6.31549150833376,11841365450,44.895251466812
267053025,53.311700678574034,-6.403209210203124,9561555833,36.42573539040283
267132037,53.450376914349,-6.227886897292592,5043110551,72.6680165900766
268038005,53.33745659451379,-6.379944326515068,696250064,9.03550001508605
268072001,53.39736447478143,-6.159438149810236,2941539659,7.913401858853258
267089002,53.28095805036058,-6.16982154894412,1514322462,10.48265475805845
268098004,53.34582442574914,-6.280297578753659,8676602133,23.023943939135947
267033005,53.384760100151745,-6.379135642271288,12760538645,2.8702317671406297
267100079,53.34686532703023,-6.413799884412514,3001440760,6.607146185294991
268100005,53.337191539213194,-6.283488103135753,4382812445,42.405860290485165
268108018/268108019,53.3498474457957,-6.238093111597674,9309836237,34.50244337680934
267092035,53.261583901289725,-6.199991699177184,135533250,34.337721987707276
268143022,53.34574873781895,-6.236451476997954,13872344931,17.559394553659686
268096020,53.343023993569524,-6.246974441118264,2272726650,17.527760176428675
267158015,53.42049196992354,-6.392118097995892,637792675,11.819791692992805
267069007,53.28299379060046,-6.135811807300839,10684352585,34.75976396061143
267004011/03,53.40447874685476,-6.137853241042063,6669988014,16.707890544684858
267127005,53.28652560973703,-6.203541293596348,146661930,39.28037547598518
267007004,53.27381084521711,-6.259054597947473,9546092478,11.330969412538849
267150005,53.30486861673337,-6.3013192037894585,8651350520,25.641289899689884
267123001,53.581932702119595,-6.1335520780868515,12644687298,5.005054444741479
267004026,53.394865988580925,-6.132711348890373,257290658,15.647925347645154
267041006,53.372521574445045,-6.355342726243735,12791901266,7.090839639688724
267158012/05,53.422947582050774,-6.374182226279059,13278541055,21.113642660452513
267021004/267026005,53.294029453336975,-6.188085207765272,634651881,4.570145072886707
267049006,53.329238379729304,-6.430359918872498,12012576614,12.943035459691831
268144009,53.31975161139942,-6.279918227856702,2987644667,17.916196238996342
267118012,53.52108509561776,-6.08202942103387,12512081991,8.485832747594461
267038009,53.245667351220106,-6.142804691661024,2397319925,13.747151675346858
267138010,53.290229435789804,-6.402702892815691,1423891615,6.282983367576642
267008004,53.27635174200924,-6.258855635739601,7788435801,34.533399321796914
267097013,53.24878539107637,-6.122296654872428,674712982,32.19745125007176
267039008,53.27183086063021,-6.157906952086358,319091378,44.33078663640916
267095006,53.375952670231065,-6.097319417267301,5588873890,38.220518587421765
268042017,53.36340652176903,-6.162520766659828,12513952366,164.8354699735149
267151001,53.30648187824046,-6.323923327622168,8622642553,13.43022042651682
267103018,53.338384879575266,-6.458000433045698,9757765283,17.521531761053183
268063002,53.39885712959681,-6.309908738304496,18896299,23.748123650912518
267081002,53.29410886323866,-6.2548799616524295,247414926,2.7614352115953644
267103007,53.350895308347674,-6.47088616261191,8830550513,2.151292595226791
268092010,53.32626656221579,-6.283037148940505,12216153009,7.364937191682746
267133012,53.46953072515347,-6.228923588943739,254488722,17.74506879841535
267098006,53.488853296056504,-6.288012734562527,254343995,185.96054644999197
267097016,53.25150971034581,-6.1242020997276025,1507520379,49.31204383040811
268096012,53.34437713067404,-6.244521872498128,3978749600,16.0037506750196
267158011/01,53.41980555251902,-6.397015400414605,304699388,1.9072845105624545
267120009,53.21841468476915,-6.128252124017057,1540808415,48.72005983933185
267080014,53.28596380380475,-6.240846707028648,13367974328,15.428267078132631
267158006,53.418423488426974,-6.3840824401938265,247483887,4.283427283380572
268133006,53.32425919250373,-6.259020126596512,5245064882,18.326948460755972
267146004,53.27756239872384,-6.359469824404323,4880294085,22.249970350246233
267144010,53.30329070617735,-6.3686359198371045,8562098397,8.783571611274324
267095014,53.38372808724741,-6.068127542022061,6600708196,18.415006350718546
267003017,53.60701253079456,-6.181961148031904,560618910,25.547689427421304
268098007,53.345361616034765,-6.278685941467982,4397272910,4.678842654271736
267059002,53.30467742634179,-6.239127549668437,257930468,46.97265331201259
267140038,53.28402988014256,-6.3970529738325,443325628,71.04367035045051
268135014,53.319075400185895,-6.266249327676854,12194422250,15.605039064791997
268079001,53.329460376790315,-6.346722387268422,3264197159,21.17560265615811
268030011,53.365158031549626,-6.276954141801783,746901448,27.43581433335189
267010002,53.28079429434708,-6.271630329141215,7794371401,19.005962313290897
268099007,53.341436709181394,-6.2780046641426175,10743377352,4.51044633365804
268070014,53.375655355016285,-6.229126637289656,3428570258,14.1267039120717
267040021,53.37691690708939,-6.366822217675185,12796035505,7.813022809961376
267004007,53.39742144042258,-6.139688862936879,255179281,55.533440275449415
268070006,53.37763342901747,-6.235746793346833,2758274299,7.07354258718608
267147010,53.286207290449084,-6.380775025611018,6233171453,1.9819988582997934
267076013,53.282897667648776,-6.115719351252166,480216755,18.40715112883517
268079006,53.33237759601908,-6.33464270970297,4835268607,7.234251046561865
268116005,53.32174962267136,-6.233931171789603,5473339664,7.5554930313600455
268092012,53.322846011275054,-6.282340126626604,2610011419,12.531314864364072
267001009,53.40113137109585,-6.25705567651506,293726742,3.202478268878503
268003016,53.347297042572414,-6.284388399270564,8397032886,34.98888694294125
267023005,53.28457319177472,-6.175848689054872,1514322870,18.82339054210937
268036012,53.362278648775685,-6.305765455374829,13048131286,44.33522830115482
267028085,53.38569823182781,-6.413610694558059,12921869218,2.2063026152181635
267001003,53.40669608017157,-6.248166801004141,294001403,2.9562663617840186
268071003,53.39287312222232,-6.171938165114334,2438128044,20.926422045846635
268103007,53.33624088250857,-6.287952217063026,13103548481,24.486294342422614
267097005,53.2475721458092,-6.131053213653594,14020384189,6.368642480936885
267145009,53.279938172400605,-6.355597875645216,4921036563,4.1531177348388315
268150010,53.337298105972785,-6.292054160194255,882292518,18.33734714922025
267140026,53.28051634187249,-6.4253951261178655,3234986446,7.969759002196592
268052010,53.32896554343549,-6.311971672195887,13901302668,14.685253516068187
268074013,53.384400149576884,-6.16988611726143,301799610,36.52437608597023
267136007,53.28419566973314,-6.35107884269668,4100846486,23.238107746258315
268124002,53.38240670056302,-6.155883103131289,32435504,10.598246609411365
267040058,53.37722573419373,-6.40292326683181,6178823077,11.469840811919
268051006,53.33407340713011,-6.321688550913834,10982693224,90.1372947056072
267145004,53.28184589993878,-6.35525476131563,4932687913,19.78498513544624
267140031,53.2805021818542,-6.392322345292114,9579018576,22.809712976826003
268106008,53.34637342260943,-6.266929962174839,528397836,24.864647264346793
268018014/268018017,53.392462918118035,-6.268946173383364,2407410666,12.562273595253556
267119010,53.290711258397785,-6.439225015311146,11981838323,3.0634865539851988
268004009,53.34840243349326,-6.292621107394995,6202265496,25.332651194800004
267080001,53.26643721934045,-6.236277913636429,3205946168,4.99203776332164
267063003,53.28084830080435,-6.112578699096766,11508365453,26.630551473823267
268035011,53.36500384282251,-6.302973186799187,2348395977,30.127922226529883
268036006,53.35934488684198,-6.299559768299016,2399601635,3.3775791915047915
268152006,53.333836993289125,-6.293016619275446,2372266903,59.0792347186688
267094011,53.570955894482374,-6.105974431117315,12620100284,22.050274980192707
267126003,53.27413828891589,-6.198058626004495,185664004,5.987872434587426
268121004,53.4049908417404,-6.214155908524262,9947404404,38.350752102268515
268089006,53.393868963553125,-6.217849151120636,1432597866,38.403116312876854
267134024,53.4570820155947,-6.183203038415294,253315067,76.67655650006743
267118006,53.521636112706055,-6.108808303680136,12492092419,34.50016567966881
268053005,53.32970015265081,-6.289502517560246,4897928389,22.31260570884349
267100046,53.34244977924526,-6.4293012139827,9018019881,19.780702258777392
268110004,53.34129075125696,-6.224894838379374,2761886988,18.298710901000515
267048005,53.33917134936294,-6.415471837140779,8996563010,13.050131856842528
267128007,53.299666537807134,-6.210301895186995,8130232035,22.17702456020215
267113010,53.294213772970416,-6.307613456626212,8246229904,6.147551770223512
268016014,53.401286116421424,-6.26956878424562,6221821091,36.77924150085059
268062007,53.385134720291326,-6.1864219352595144,3636870967,31.402124308772546
267031013,53.381956621780944,-6.391971076011661,13077968510,0.2515488286252371
268002004,53.356486680500005,-6.286871130507888,2940557034,3.6750771711120445
268009014/268009015,53.35962094840758,-6.2484003812086755,249084549,10.401878763851643
268113007,53.31595343803639,-6.229352171449617,181310544,15.26623846592114
268090005,53.321792352332864,-6.3082104227883296,2373662613,40.18503579066308
267028064,53.396279685130025,-6.425208494381586,12945404621,2.5996434570992992
267050014,53.31475850593063,-6.388003374950408,10934614313,35.88386264461771
268055008,53.33164729746043,-6.3135797271016045,364875164,13.785926679991114
267015007,53.25662183117707,-6.132843601139037,14018392519,5.150495034883652
267085011/03,53.27253960127106,-6.316956876017067,9668562435,28.065941080009697
268035009,53.36614764387584,-6.2996453143985836,2399923004,8.627530305508662
267116009,53.29120364213012,-6.284842185146343,254345631,4.040768758398409
267107012,53.29448960535004,-6.490971613695002,9374863233,2.3740579479429273
267028083,53.38415210006644,-6.411982457708629,12921439615,20.14893659404033
268152010,53.33471130949408,-6.295263726164183,10738079272,14.197817662549179
267035006,53.26698155428887,-6.367507282212996,9606418677,25.448844860154804
267040056,53.37003678229437,-6.354917072427928,255716149,25.615249455983328
267028065,53.39663471363684,-6.427538454979579,12729440499,24.140145789963185
268028006,53.36682457503735,-6.264504859935379,6367812019,22.295891221300938
267069001/01,53.287452057235,-6.141467695548922,5210534693,4.621188685710852
267084028,53.27750384237198,-6.335095466271193,443975077,25.617996464788586
267077004,53.29316620157017,-6.140096335894393,2571324938,19.92632366883079
267015002,53.25236804298161,-6.130091664833209,13463024004,3.6922770078983813
268077001,53.38009254917138,-6.199423914434637,3639288058,18.943327113121548
268041006,53.37618257752476,-6.182113728023971,243096487,37.59916794164341
267039002,53.26622502122756,-6.1503346319725996,317558757,37.47615656916284
268028009,53.36954612917019,-6.267519452523981,1419501243,15.598576848652064
267100084,53.358056676211504,-6.410768987947049,243233403,14.82267696581595
268071019,53.40053001234523,-6.175925285397247,9960444120,2.1847096329253617
267113006,53.2894804910908,-6.301668121405247,13685106915,36.62881495985748
267033002,53.38232659108182,-6.377813654261069,12991674285,0.8582324393256209
268009002,53.357444704695446,-6.24444245050464,7491006106,29.114736388422084
267040010,53.37563178685813,-6.375761001083977,12798405774,1.4955057957797844
267002040,53.58409892726676,-6.188597308188681,11408670735,15.173961115653729
